scenario,compound_id,compound,rel_log2,abs_log2,fe_cmax_rel,fe_cmax_abs,fe_auc_rel,fe_auc_abs,delta_tmax,time_within_2fold,cmax_within_2fold,auc_within_2fold,time_within_3fold,cmax_within_3fold,auc_within_3fold,time_within_5fold,cmax_within_5fold,auc_within_5fold,time_within_10fold,cmax_within_10fold,auc_within_10fold,auc_obs,auc_pred,cmax_obs,cmax_pred,n_points,t_last,rmse_log10,rmse_log10_timeweighted,n_curves,n_points_profile,log_NRMSE,n_curves_nrmse
v0_run0,52,alprazolam,0.05791647487256638,0.10118623566468632,-0.191359855063901,0.191359855063901,0.0919469554345,0.0919469554345,0.0,1.0,1.0,1.0,1.0,1.0,1.0,1.0,1.0,1.0,1.0,1.0,1.0,0.254573200464216,0.2713260385898019,0.022606383,0.019798214483233753,14,36.0,0.034208039295908245,0.03345706201738059,1,14,0.03333048320606856,1.0
v0_run0,172,bufuralol,0.6913658393525123,0.6913658393525123,0.19921582446029057,0.19921582446029057,0.5823880738107642,0.5823880738107642,0.0,0.8333333333333334,1.0,1.0,0.9166666666666666,1.0,1.0,1.0,1.0,1.0,1.0,1.0,1.0,0.5471630593866508,0.8192813118200626,0.1437539797,0.1650402281594392,12,11.92053727,0.24076720985711442,0.2734552950506246,1,12,0.1809086705673016,1.0
v0_run0,177,buprenorphine,-0.503832484097448,0.7808459270376195,-1.0697497546229207,1.0697497546229207,-0.3794905027815012,0.3794905027815012,0.0,0.6470588235294118,0.0,1.0,0.9411764705882353,1.0,1.0,1.0,1.0,1.0,1.0,1.0,1.0,0.014715862756878443,0.011312216399234512,0.0376450345,0.017934155684054844,17,10.015224,0.27909632243778965,0.348325858111517,1,17,0.13631946287941368,1.0
v0_run0,184,caffeine,0.5400675396277276,0.5400675396277276,0.32922806567074486,0.32922806567074486,0.5220488954750938,0.5220488954750938,-0.18925379999999997,1.0,1.0,1.0,1.0,1.0,1.0,1.0,1.0,1.0,1.0,1.0,1.0,50.74318919440893,72.86687352002963,10.2637363,12.89475243633604,15,15.0,0.17053165989525382,0.18081434776413413,1,15,0.1613633362608103,1.0
v0_run0,295,clarithromycin,0.0007231064633195834,0.34071362776226194,-0.6076479672250726,0.6076479672250726,-0.029771150866020935,0.029771150866020935,0.0,0.8181818181818182,1.0,1.0,1.0,1.0,1.0,1.0,1.0,1.0,1.0,1.0,1.0,7.701858391247965,7.544553105891295,2.7763496,1.8220231344850388,11,14.0940325,0.16574677457537207,0.11282859567380825,1,11,0.08923914470152851,1.0
v0_run0,308,clozapine,0.8671031944123885,1.1101353414734094,-1.400780843776714,1.400780843776714,1.2113330009673102,1.2113330009673102,0.0,0.3076923076923077,0.0,0.0,0.9230769230769231,1.0,1.0,1.0,1.0,1.0,1.0,1.0,1.0,0.5500453545747218,1.2736381792022167,0.5216177963,0.19754923338898062,13,24.0641711,0.3568675433863859,0.3688560141689962,1,13,0.1821162626527625,1.0
v0_run0,323,crizotinib,-0.232592060856999,0.3357527382018086,-1.0284528266022679,1.0284528266022679,-0.1958605366208446,0.1958605366208446,-1.2857143,0.9166666666666666,0.0,1.0,0.9166666666666666,1.0,1.0,1.0,1.0,1.0,1.0,1.0,1.0,0.8501868444551584,0.7422573111603905,0.15942480699999997,0.0781557166966957,12,72.0,0.18023272871109416,0.08049159994684445,1,12,0.10684250470476776,1.0
v0_run0,332,dabigatran,0.021399704836203542,0.21667452303707907,-0.007279247367770468,0.007279247367770468,0.1345153396909967,0.1345153396909967,0.0,0.9411764705882353,1.0,1.0,1.0,1.0,1.0,1.0,1.0,1.0,1.0,1.0,1.0,0.30551708662960075,0.3353734327287109,0.1720203393,0.1711545811992498,17,6.0230326,0.10498845683776341,0.08895513292539328,1,17,0.12113526716591318,1.0
v0_run0,366,desipramine,-0.3840125518064063,0.6690773176147865,-1.0680902310234757,1.0680902310234757,0.19382089870227281,0.19382089870227281,0.7575758,0.75,0.0,1.0,0.9166666666666666,1.0,1.0,0.9166666666666666,1.0,1.0,0.9166666666666666,1.0,1.0,0.22006510473871538,0.25170803956026205,0.0182833469,0.008720241285198601,12,48.7012987,0.3870300148103767,0.18028770288404836,1,12,0.3538457878488119,1.0
v0_run0,394,digoxin,-1.5247445352391427,1.5247445352391427,-1.2261598642639355,1.2261598642639355,-1.5188914098358541,1.5188914098358541,0.0,0.0,0.0,0.0,0.4375,1.0,1.0,1.0,1.0,1.0,1.0,1.0,1.0,0.020127290211065848,0.007023497531551512,0.008280167494,0.0035393884008787977,16,8.0521739,0.46491538576425173,0.44036349210058506,1,16,0.5668369913320167,1.0
v0_run0,413,docetaxel,0.8343889397039154,1.1798701973449943,-1.4507749070058866,1.4507749070058866,-0.2058378242262301,0.2058378242262301,0.0,0.4666666666666667,0.0,1.0,0.7,1.0,1.0,0.9,1.0,1.0,1.0,1.0,1.0,2.7107492448853554,2.3503145336170626,4.3087272,1.5762396008223758,60,25.1339286,0.4318902945069371,0.31153505359338374,1,60,0.16728703634365255,1.0
v0_run0,471,erythromycin,-1.3178171815647153,1.3299444253028738,-0.3594296127347494,0.3594296127347494,-0.7529180846245402,0.7529180846245402,0.0,0.5,1.0,1.0,0.625,1.0,1.0,0.75,1.0,1.0,0.875,1.0,1.0,32.282514771018896,19.156511764415786,7.521071200000001,5.862469621638049,8,24.2332407,0.5947834038976255,0.8530908620522161,1,8,0.3762597834547091,1.0
v0_run0,488,etoricoxib,0.49680656763017694,0.6537324003911696,-0.4550724516986551,0.4550724516986551,0.6412027999684968,0.6412027999684968,0.0,0.8888888888888888,1.0,1.0,0.8888888888888888,1.0,1.0,0.8888888888888888,1.0,1.0,0.9444444444444444,1.0,1.0,6.773188953653525,10.563661286064725,0.4528159333,0.3303172405942224,18,120.1395275,0.39204161669628107,0.5677153052184172,1,18,0.20586286513879284,1.0
v0_run0,637,imipramine,-0.1493740118574106,0.5316245342995368,-0.5839903897143973,0.5839903897143973,-0.2578683437255543,0.2578683437255543,0.0,0.8888888888888888,1.0,1.0,1.0,1.0,1.0,1.0,1.0,1.0,1.0,1.0,1.0,0.7281455970623832,0.6089647040199093,0.07719373084999999,0.05149717516614209,9,71.1702225,0.1864617933185092,0.19835620864794964,1,9,0.10316921853397572,1.0
v0_run0,674,itraconazole,-0.8917745369705143,1.7364002033806556,-0.22169001532410065,0.22169001532410065,-0.09330016116776878,0.09330016116776878,0.0,0.5714285714285714,1.0,1.0,0.6428571428571429,1.0,1.0,0.7857142857142857,1.0,1.0,0.8571428571428571,1.0,1.0,4.150849720506162,3.8909071134109965,0.6176304512,0.5296553405259381,14,96.1674919,0.7536580748250291,0.9934567303634076,1,14,0.3772454217567435,1.0
v0_run0,703,lansoprazole,1.593606706727856,1.593606706727856,0.8422976970088444,0.8422976970088444,1.4713206460621249,1.4713206460621249,-0.05542730000000001,0.17647058823529413,1.0,0.0,0.6470588235294118,1.0,1.0,0.7647058823529411,1.0,1.0,1.0,1.0,1.0,0.5117131351179542,1.4188556459557868,0.6484342762,1.1625799683536242,17,10.0046189,0.5182277897640729,0.7074142090416797,1,17,0.2081436176240131,1.0
v0_run0,739,lorazepam,0.3058395130763426,0.306551578805941,0.35442460350784927,0.35442460350784927,0.14954752244602085,0.14954752244602085,-0.1002012,1.0,1.0,1.0,1.0,1.0,1.0,1.0,1.0,1.0,1.0,1.0,1.0,0.40043145682016623,0.4441671925662364,0.0573052854,0.07326340795837225,20,36.0387728,0.11951134160211851,0.04459149987826743,1,20,0.11170567981256262,1.0
v0_run0,781,metformin,0.11204157263769152,0.25967362406453454,-0.24418420498081284,0.24418420498081284,0.07547981241010714,0.07547981241010714,0.0,1.0,1.0,1.0,1.0,1.0,1.0,1.0,1.0,1.0,1.0,1.0,1.0,13.189963868584305,13.898415579913413,15.168519700000001,12.806676219875246,16,10.0631579,0.08967354426978864,0.0959760015327594,1,16,0.03667316731500582,1.0
v0_run0,787,methotrexate,-3.2922522406893506,3.2922522406893506,-1.2840259398798581,1.2840259398798581,-1.4107713001003674,1.4107713001003674,0.0,0.2727272727272727,0.0,0.0,0.5454545454545454,1.0,1.0,0.6363636363636364,1.0,1.0,0.6363636363636364,1.0,1.0,20.47419572343811,7.700561120383286,6.316439228999999,2.593832926777638,11,47.7628032,1.3331855726850927,1.6808684822285345,1,11,0.5596082195671054,1.0
v0_run0,800,metoprolol,0.5204521117859423,0.561139584670519,-0.18309362798059547,0.18309362798059547,0.67269758043083,0.67269758043083,0.0,1.0,1.0,1.0,1.0,1.0,1.0,1.0,1.0,1.0,1.0,1.0,1.0,0.24560395936420584,0.3915051808113589,0.1197309591,0.10546049061211145,9,7.9054946,0.1807022301447268,0.20641186968632422,1,9,0.19207262204067307,1.0
v0_run0,811,midazolam,0.14137673894101982,0.19900698297183692,-0.1186861175518294,0.1186861175518294,0.09603628673171599,0.09603628673171599,0.0,1.0,1.0,1.0,1.0,1.0,1.0,1.0,1.0,1.0,1.0,1.0,1.0,0.37447824625770515,0.4002546602753611,0.29451071489999997,0.2712520433838801,13,8.0265859,0.08666112036061022,0.11012858668584861,1,13,0.05147040385426817,1.0
v0_run0,832,montelukast,0.3574510320175327,1.5500093575537972,-0.13414497172214387,0.13414497172214387,-0.38238642627865616,0.38238642627865616,-0.09469699999999999,0.7333333333333333,1.0,1.0,0.8666666666666667,1.0,1.0,0.9333333333333333,1.0,1.0,0.9333333333333333,1.0,1.0,3.839306190379591,2.945391064014848,2.132955034,1.9435693412646595,15,24.0056818,1.131241579258581,0.42689563881693166,1,15,0.2625858960315004,1.0
v0_run0,875,nifedipine,0.2996820176756016,0.32480618452835525,0.8470086139306942,0.8470086139306942,0.3791944630561242,0.3791944630561242,0.0,1.0,1.0,1.0,1.0,1.0,1.0,1.0,1.0,1.0,1.0,1.0,1.0,0.05898050107331079,0.07671095074802027,0.0476470588,0.08570597436969704,15,6.0015407,0.12839140431072885,0.0883672523403777,1,15,0.10551253899516436,1.0
v0_run0,907,ondansetron,-0.8520243689800779,0.8838666317106694,-1.033923215601173,1.033923215601173,-0.9705410034175315,0.9705410034175315,0.0,0.64,0.0,1.0,0.96,1.0,1.0,1.0,1.0,1.0,1.0,1.0,1.0,0.41813582166913305,0.21338084030671609,0.0762296104,0.03722903670275467,25,24.1352048,0.2719333066470592,0.2658776598481636,3,25,0.20202680376366897,3.0
v0_run0,938,paroxetine,0.5418396488298164,0.7838363382609898,-1.2359856691770592,1.2359856691770592,0.8054084434236517,0.8054084434236517,0.3077496,0.7894736842105263,0.0,1.0,1.0,1.0,1.0,1.0,1.0,1.0,1.0,1.0,1.0,0.2828853345142974,0.4943818671032892,0.0618727473,0.026268219675528535,19,48.1057269,0.24882313345487247,0.26594408237504774,1,19,0.18904724544719806,1.0
v0_run0,963,phenacetin,0.7355440836859664,0.821450941914507,-0.34362743291416215,0.34362743291416215,0.7274062186476543,0.7274062186476543,0.0,0.75,1.0,1.0,0.875,1.0,1.0,1.0,1.0,1.0,1.0,1.0,1.0,2.7213263832731838,4.505590558051267,3.0408374,2.396354326242332,8,4.0,0.28622727285879807,0.32029014440420417,1,8,0.2183852381286856,1.0
v0_run0,967,phenobarbital,0.07039016215842307,0.1462502571555211,-0.31035982017697455,0.31035982017697455,0.1632500691901916,0.1632500691901916,0.0,1.0,1.0,1.0,1.0,1.0,1.0,1.0,1.0,1.0,1.0,1.0,1.0,37.540425208462935,42.03802992905883,4.6355674,3.738309760612982,11,12.0574059,0.05108839448724575,0.05433283379780599,1,11,,
v0_run0,973,phenytoin,0.18839507901061883,0.22887594411939186,-0.28379893642455833,0.28379893642455833,0.2323221912087898,0.2323221912087898,0.0,0.9333333333333333,1.0,1.0,1.0,1.0,1.0,1.0,1.0,1.0,1.0,1.0,1.0,158.74480934462585,186.48138318078966,12.8070086,10.519999242700163,15,71.7333333,0.057590167324843566,0.054557332418405005,2,14,0.13252321388121324,2.0
v0_run0,1001,posaconazole,1.8813686415010278,1.8813686415010278,2.0097237837266344,2.0097237837266344,1.821828506958753,1.821828506958753,0.0,0.0,0.0,0.0,0.0,0.0,0.0,1.0,1.0,1.0,1.0,1.0,1.0,7.762516750876694,27.442746754822675,1.407604015,5.66849331544189,6,12.0281251,0.5682894629620673,0.5399238744750282,1,6,1.18932290919691,1.0
v0_run0,1009,pravastatin,-0.7060555229973852,0.8425201493206568,-0.7019596834984229,0.7019596834984229,-0.10889350565993218,0.10889350565993218,0.0,0.75,1.0,1.0,0.75,1.0,1.0,0.875,1.0,1.0,1.0,1.0,1.0,0.12122247080319816,0.11240947518296154,0.453551388,0.2788146437936969,8,3.004386,0.3774060198009203,0.45662685675440295,1,8,0.18750638998700792,1.0
v0_run0,1018,probenecid,0.26619303671093214,0.26619303671093214,0.15244426902585836,0.15244426902585836,0.28311444967987215,0.28311444967987215,0.0,1.0,1.0,1.0,1.0,1.0,1.0,1.0,1.0,1.0,1.0,1.0,1.0,1945.3443060381455,2367.1316906261995,324.0866189,360.20637735157965,7,12.1084296,0.08287334574905707,0.08732167188935577,1,7,0.157761168180865,1.0
v0_run0,1041,quinidine,-0.18332749938399756,0.2585707503754355,0.22539143458246363,0.22539143458246363,-0.13938018931591623,0.13938018931591623,0.12578619999999985,1.0,1.0,1.0,1.0,1.0,1.0,1.0,1.0,1.0,1.0,1.0,1.0,20.740280773015634,18.830290220446336,2.120436695,2.4789906790492977,18,30.0,0.10177941936836428,0.11444151821358026,1,18,0.07455022262794077,1.0
v0_run0,1094,rosiglitazone,0.009992975990315654,0.5891805051173419,0.6305974820968828,0.6305974820968828,-0.04080998639453932,0.04080998639453932,-0.5825302,0.7777777777777778,1.0,1.0,0.7777777777777778,1.0,1.0,1.0,1.0,1.0,1.0,1.0,1.0,0.7188448946114305,0.6987956013573061,0.1438160644,0.22265689948587727,9,21.3592233,0.2784168081733851,0.31682677556322564,1,9,0.2111470960754835,1.0
v0_run0,1095,rosuvastatin,-0.3094137408268769,0.6283654021703043,0.16894233646419066,0.16894233646419066,0.09380933754831736,0.09380933754831736,0.6469003,0.7631578947368421,1.0,1.0,0.868421052631579,1.0,1.0,1.0,1.0,1.0,1.0,1.0,1.0,0.1502357232508874,0.16032920405505569,0.0380556987,0.042783509916222914,38,53.9083558,0.2535185387017692,0.19323376818372265,1,38,0.10070252054592324,1.0
v0_run0,1197,tenofovir,-0.17761489983828238,0.3467473697650066,-0.586577872000767,0.586577872000767,-0.2745848638541193,0.2745848638541193,0.0,1.0,1.0,1.0,1.0,1.0,1.0,1.0,1.0,1.0,1.0,1.0,1.0,14.934893124565443,12.346499374037498,10.1276014,6.744178647766427,11,24.0326136,0.11621461988851166,0.10834985756696276,1,11,0.05224965180480328,1.0
v0_run0,1245,tolbutamide,0.5895263453866686,0.7407051147202088,-0.310395758578083,0.310395758578083,0.4362484905508334,0.4362484905508334,0.49817980000000006,0.7142857142857143,1.0,1.0,0.8571428571428571,1.0,1.0,1.0,1.0,1.0,1.0,1.0,1.0,1520.694467619264,2057.6231960658038,258.6528094,208.58293110431796,14,36.2214984,0.3004466350846947,0.364716673961196,1,14,0.15373070725656088,1.0
v0_run0,1293,valsartan,-1.5180986140742216,1.5180986140742216,-2.4629664807125535,2.4629664807125535,-1.5185907260572753,1.5185907260572753,0.0,0.16666666666666666,0.0,0.0,0.6666666666666666,0.0,1.0,0.9166666666666666,0.0,1.0,1.0,1.0,1.0,24.503815553595214,8.55248566812324,16.3876281,2.972277203098184,12,10.0987013,0.48329067128542885,0.3702501227208159,1,12,0.30114639177815883,1.0
v0_run0,1300,verapamil,0.5965929437385509,0.6372761236735696,0.7410430507373416,0.7410430507373416,0.642913275427521,0.642913275427521,0.0,0.7666666666666667,1.0,1.0,1.0,1.0,1.0,1.0,1.0,1.0,1.0,1.0,1.0,0.16347496291317132,0.255262740801185,0.1105149674,0.18471292528830466,30,16.0,0.23638948776945837,0.27572361091428504,1,30,0.1412206936514886,1.0
v0_run0,1319,voriconazole,-0.09666484986761799,0.2729787129939347,0.07759305286556546,0.07759305286556546,-0.008832777596011622,0.008832777596011622,0.4973415,0.9375,1.0,1.0,1.0,1.0,1.0,1.0,1.0,1.0,1.0,1.0,1.0,5.999341809232273,5.962723560066038,2.2311450049999997,2.3544291870741914,16,24.0588957,0.12108185931282776,0.08893254836202859,1,16,0.06654154988741967,1.0
v0_run0,1323,warfarin,0.46455747495014005,0.743416204534035,-0.8602093198872969,0.8602093198872969,0.2595058402730834,0.2595058402730834,0.0,0.8125,1.0,1.0,0.875,1.0,1.0,0.875,1.0,1.0,1.0,1.0,1.0,171.4338774380634,205.21811302183352,9.3113811,5.129384961144978,16,104.1666667,0.33360258862816156,0.3488569533244268,1,16,0.21830230453181407,1.0
v0_run0,1341,zidovudine,0.4211292870085406,0.49421829171130355,0.37723150271169675,0.37723150271169675,0.5195494596178936,0.5195494596178936,-0.06967260000000008,1.0,1.0,1.0,1.0,1.0,1.0,1.0,1.0,1.0,1.0,1.0,1.0,2.0883092929601093,2.993607048201847,1.224554889,1.5905094513588318,17,8.0175991,0.17428873591251193,0.16637532153128884,2,17,0.11847544362259355,2.0
v1_run0,52,alprazolam,0.22565313508886245,0.2367200773755391,-0.07746859600673657,0.07746859600673657,0.302069370712756,0.302069370712756,0.0,1.0,1.0,1.0,1.0,1.0,1.0,1.0,1.0,1.0,1.0,1.0,1.0,0.254573200464216,0.3138662538109526,0.022606383,0.02142450073136875,14,36.0,0.08201900249522888,0.11477437190061417,1,14,0.07991492764604938,1.0
v1_run0,172,bufuralol,0.3210684645324533,0.3221791679539785,-0.006664220529151211,0.006664220529151211,0.20842689570145193,0.20842689570145193,0.0,1.0,1.0,1.0,1.0,1.0,1.0,1.0,1.0,1.0,1.0,1.0,1.0,0.5471630593866508,0.6322073151814364,0.1437539797,0.1430914703395455,12,11.92053727,0.12008018469876501,0.11904084472145901,1,12,0.09022635012559083,1.0
v1_run0,177,buprenorphine,-0.26694597172756407,0.9669804676084766,-3.1051217340493995,3.1051217340493995,0.09493577783365614,0.09493577783365614,0.0,0.6470588235294118,0.0,1.0,0.8235294117647058,0.0,1.0,0.9411764705882353,0.0,1.0,1.0,1.0,1.0,0.014715862756878443,0.015716804304585944,0.0376450345,0.004374948220854505,17,10.015224,0.3730003787410977,0.2531491362733266,1,17,0.1821851711970806,1.0
v1_run0,184,caffeine,0.21631844906686162,0.25439620534639734,-0.06508719364379274,0.06508719364379274,0.23097420298630625,0.23097420298630625,-0.18925379999999997,1.0,1.0,1.0,1.0,1.0,1.0,1.0,1.0,1.0,1.0,1.0,1.0,50.74318919440893,59.5535866634185,10.2637363,9.81097768293559,15,15.0,0.09101110387563027,0.11566636215849328,1,15,0.08611805788538855,1.0
v1_run0,295,clarithromycin,0.3590574852215056,0.5385598764371216,-0.18613886620878253,0.18613886620878253,0.2692016328803249,0.2692016328803249,0.0,0.9090909090909091,1.0,1.0,0.9090909090909091,1.0,1.0,1.0,1.0,1.0,1.0,1.0,1.0,7.701858391247965,9.281823284156946,2.7763496,2.4402862329459234,11,14.0940325,0.20306661367530793,0.18950566855543613,1,11,0.10933238953364721,1.0
v1_run0,308,clozapine,1.4671734717893323,1.6385637791300747,-1.1140369977148257,1.1140369977148257,2.0056135062385216,2.0056135062385216,0.0,0.15384615384615385,0.0,0.0,0.46153846153846156,1.0,0.0,0.8461538461538461,1.0,1.0,1.0,1.0,1.0,0.5500453545747218,2.2087589701893937,0.5216177963,0.24098712882474554,13,24.0641711,0.53555598710967,0.6860514726170357,1,13,0.27330435793686964,1.0
v1_run0,323,crizotinib,0.6431672628359552,1.3028870257664897,-1.344290710540886,1.344290710540886,1.6409771538543076,1.6409771538543076,142.2,0.6428571428571429,0.0,0.0,0.7142857142857143,1.0,0.0,0.8571428571428571,1.0,1.0,0.9285714285714286,1.0,1.0,0.9967098838586336,3.108508866560043,0.15942480699999997,0.06278907326471883,14,144.2571429,0.5734342526303312,0.8129804107367202,1,14,0.27360505426231163,1.0
v1_run0,332,dabigatran,-0.467447074225912,0.8495805233094738,-0.8836118564819647,0.8836118564819647,0.3041357096094761,0.3041357096094761,0.0,0.7777777777777778,1.0,1.0,0.8888888888888888,1.0,1.0,0.8888888888888888,1.0,1.0,1.0,1.0,1.0,0.3089290698071213,0.38142815577934364,0.1720203393,0.09323653530038722,18,6.0230326,0.3429337429582152,0.23509375909107177,1,18,0.3956755992484303,1.0
v1_run0,366,desipramine,0.04254893881070798,0.6747371236788234,-0.39650847467675676,0.39650847467675676,0.3615184434777374,0.3615184434777374,0.7575758,0.9166666666666666,1.0,1.0,0.9166666666666666,1.0,1.0,0.9166666666666666,1.0,1.0,0.9166666666666666,1.0,1.0,0.22006510473871538,0.2827346776342012,0.0182833469,0.01388976042762366,12,48.7012987,0.31933810223044856,0.13226736617348278,1,12,0.29195782768744566,1.0
v1_run0,394,digoxin,-0.7081583934974178,0.8092149690226407,-2.027013501489783,2.027013501489783,-0.5447301430274128,0.5447301430274128,0.0,0.6875,0.0,1.0,0.875,0.0,1.0,1.0,1.0,1.0,1.0,1.0,1.0,0.020127290211065848,0.013797652283856302,0.008280167494,0.0020316423460491765,16,8.0521739,0.3023984714405951,0.2142978126966927,1,16,0.36869212115450667,1.0
v1_run0,413,docetaxel,1.6595542940911183,2.1459125237658734,-2.01469921339771,2.01469921339771,0.41757140999105646,0.41757140999105646,0.44642859999999995,0.2,0.0,1.0,0.35,0.0,1.0,0.5666666666666667,1.0,1.0,0.8166666666666667,1.0,1.0,2.7107492448853554,3.620686020558725,4.3087272,1.0662624197633652,60,25.1339286,0.7327987614180479,0.5766109054835477,1,60,0.2838399811088034,1.0
v1_run0,471,erythromycin,-0.5893381603095598,0.7450090864517873,-0.49230895609561287,0.49230895609561287,-0.41212861696249636,0.41212861696249636,0.0,0.75,1.0,1.0,0.875,1.0,1.0,1.0,1.0,1.0,1.0,1.0,1.0,32.282514771018896,24.26075335509999,7.521071200000001,5.346627614613373,8,24.2332407,0.30724629670170184,0.44029363237971963,1,8,0.19436390508996373,1.0
v1_run0,488,etoricoxib,0.7606529938968437,0.894057147117264,-0.6655498986382522,0.6655498986382522,1.0027087757710142,1.0027087757710142,0.0,0.8888888888888888,1.0,0.0,0.8888888888888888,1.0,1.0,0.8888888888888888,1.0,1.0,0.9444444444444444,1.0,1.0,6.773188953653525,13.571836211972151,0.4528159333,0.28547706093781905,18,120.1395275,0.46196832729040516,0.6684675457164889,1,18,0.24258170410784485,1.0
v1_run0,637,imipramine,0.4758799022805187,0.543647410813908,-0.3049537884002518,0.3049537884002518,0.37102651877204657,0.37102651877204657,0.0,0.8888888888888888,1.0,1.0,0.8888888888888888,1.0,1.0,1.0,1.0,1.0,1.0,1.0,1.0,0.7281455970623832,0.9416908251075214,0.07719373084999999,0.062485866083007685,9,71.1702225,0.21900409174230373,0.2605132408407136,1,9,0.12117485624629436,1.0
v1_run0,674,itraconazole,0.34582283233413147,1.0706314758387268,-1.4624510212961734,1.4624510212961734,0.6809451413833051,0.6809451413833051,0.0,0.6428571428571429,0.0,1.0,0.8571428571428571,1.0,1.0,0.9285714285714286,1.0,1.0,0.9285714285714286,1.0,1.0,4.150849720506162,6.654599502383702,0.6176304512,0.2241233345671131,14,96.1674919,0.412044992074592,0.48640814633168794,1,14,0.20625014447569115,1.0
v1_run0,703,lansoprazole,1.1071442901752686,1.1071442901752686,0.4956798985945678,0.4956798985945678,1.0441514054779553,1.0441514054779553,-0.05542730000000001,0.35294117647058826,1.0,0.0,0.8823529411764706,1.0,1.0,1.0,1.0,1.0,1.0,1.0,1.0,0.5117131351179542,1.0552307979716937,0.6484342762,0.9142826560800862,17,10.0046189,0.34648449135680376,0.40424644421790984,1,17,0.1391637748999407,1.0
v1_run0,739,lorazepam,-0.0621223703915614,0.20036725365724148,-1.082198549583672,1.082198549583672,0.0356169595539021,0.0356169595539021,-0.1002012,0.9,0.0,1.0,1.0,1.0,1.0,1.0,1.0,1.0,1.0,1.0,1.0,0.40043145682016623,0.41044026594178706,0.0573052854,0.02706577424885321,20,36.0387728,0.1078065457327783,0.03618736136072543,1,20,0.1007653609932419,1.0
v1_run0,781,metformin,0.751254691877794,0.7842955467702374,-0.18306869613864152,0.18306869613864152,0.5590455850165156,0.5590455850165156,0.0,0.6875,1.0,1.0,1.0,1.0,1.0,1.0,1.0,1.0,1.0,1.0,1.0,13.189963868584305,19.432697753087407,15.168519700000001,13.360848242129284,16,10.0631579,0.2719774085797324,0.31364325702667617,1,16,0.11122871402002336,1.0
v1_run0,787,methotrexate,-1.2239762213406609,1.2239762213406609,-1.0768914412398531,1.0768914412398531,-0.8620464567716074,0.8620464567716074,0.0,0.45454545454545453,0.0,1.0,0.6363636363636364,1.0,1.0,0.9090909090909091,1.0,1.0,1.0,1.0,1.0,20.47419572343811,11.26432077650659,6.316439228999999,2.994302660754071,11,47.7628032,0.4141856171878902,0.49790326170071547,1,11,0.17385552360726475,1.0
v1_run0,800,metoprolol,0.5739943073322796,0.5739943073322796,0.06836958825588267,0.06836958825588267,0.720121730966571,0.720121730966571,0.0,1.0,1.0,1.0,1.0,1.0,1.0,1.0,1.0,1.0,1.0,1.0,1.0,0.24560395936420584,0.40458856619735606,0.1197309591,0.12554162859912485,9,7.9054946,0.18797237824026797,0.20465989498657164,1,9,0.19980023229880992,1.0
v1_run0,811,midazolam,0.46393138101148046,0.7600487083173045,-0.7211310860459111,0.7211310860459111,0.48769070878606474,0.48769070878606474,0.0,0.7692307692307693,1.0,1.0,0.9230769230769231,1.0,1.0,1.0,1.0,1.0,1.0,1.0,1.0,0.37447824625770515,0.5250928760047081,0.29451071489999997,0.17865657840984972,13,8.0265859,0.2805502728543612,0.35846536414941277,1,13,0.1666264616145267,1.0
v1_run0,832,montelukast,0.44206428947627363,1.2999966078267764,-1.5251973138822927,1.5251973138822927,-0.2821565842949834,0.2821565842949834,-0.09469699999999999,0.7333333333333333,0.0,1.0,0.9333333333333333,1.0,1.0,0.9333333333333333,1.0,1.0,0.9333333333333333,1.0,1.0,3.839306190379591,3.157294941443014,2.132955034,0.7410569064882634,15,24.0056818,1.0156088587439354,0.19078890948537117,1,15,0.2357450142219769,1.0
v1_run0,875,nifedipine,0.4141205621656795,0.4141205621656795,0.07101094743360416,0.07101094743360416,0.44240249394850134,0.44240249394850134,0.0,1.0,1.0,1.0,1.0,1.0,1.0,1.0,1.0,1.0,1.0,1.0,1.0,0.05898050107331079,0.08014655853679559,0.0476470588,0.05005097274910596,15,6.0015407,0.1432103707738999,0.12838486601181134,1,15,0.11769082137479489,1.0
v1_run0,907,ondansetron,-0.1140428469676823,0.3760443004441579,-0.2407775353375356,0.2407775353375356,-0.2534728004182365,0.2534728004182365,0.0,0.96,1.0,1.0,1.0,1.0,1.0,1.0,1.0,1.0,1.0,1.0,1.0,0.41813582166913305,0.3507635518484093,0.0762296104,0.06451228723181292,25,24.1352048,0.1351450017451086,0.14964258155250487,3,25,0.09461762435512334,3.0
v1_run0,938,paroxetine,0.01327144011009408,0.48930126040932814,-1.5815252810753704,1.5815252810753704,0.13437197551163993,0.13437197551163993,0.3077496,0.9473684210526315,0.0,1.0,0.9473684210526315,1.0,1.0,1.0,1.0,1.0,1.0,1.0,1.0,0.2828853345142974,0.310499159086475,0.0618727473,0.020673444936298926,19,48.1057269,0.18352873361235666,0.1386326855776196,1,19,0.1394388096801343,1.0
v1_run0,963,phenacetin,0.20443074330562888,0.2618056364135034,-0.22949957243149816,0.22949957243149816,0.22256119113443576,0.22256119113443576,0.0,1.0,1.0,1.0,1.0,1.0,1.0,1.0,1.0,1.0,1.0,1.0,1.0,2.7213263832731838,3.1752522070966585,3.0408374,2.5936235615165204,8,4.0,0.0936473688247889,0.08565962824806889,1,8,0.07145092337519975,1.0
v1_run0,967,phenobarbital,0.2551557293453446,0.27761213720522765,-0.12351024322935689,0.12351024322935689,0.3464610447362167,0.3464610447362167,0.0,1.0,1.0,1.0,1.0,1.0,1.0,1.0,1.0,1.0,1.0,1.0,1.0,37.540425208462935,47.73032090034955,4.6355674,4.255225814725047,11,12.0574059,0.08956118814672175,0.10720926505301423,1,11,,
v1_run0,973,phenytoin,0.5267908349396602,0.538074777687937,-0.08462957061207611,0.08462957061207611,0.550107689984239,0.550107689984239,0.0,0.9333333333333333,1.0,1.0,1.0,1.0,1.0,1.0,1.0,1.0,1.0,1.0,1.0,158.74480934462585,232.43335400934345,12.8070086,12.077350267021567,15,71.7333333,0.13631590478319017,0.1482747999840942,2,14,0.3028237716694948,2.0
v1_run0,1001,posaconazole,1.1403094480365727,1.1403094480365727,0.8593558276647141,0.8593558276647141,1.3244162939483155,1.3244162939483155,0.609375,0.16666666666666666,1.0,0.0,1.0,1.0,1.0,1.0,1.0,1.0,1.0,1.0,1.0,7.762516750876694,19.439790558180704,1.407604015,2.553714709277768,6,12.0281251,0.3618540652130025,0.40982092812195814,1,6,0.7572924672942293,1.0
v1_run0,1009,pravastatin,0.7172914987153287,0.8689377876710829,-0.6065851558230165,0.6065851558230165,0.6834330041752229,0.6834330041752229,0.0,0.5,1.0,1.0,1.0,1.0,1.0,1.0,1.0,1.0,1.0,1.0,1.0,0.12122247080319816,0.19467804037993103,0.453551388,0.2978695940381627,8,3.004386,0.2812940200814541,0.31404592225586664,1,8,0.13975512700679438,1.0
v1_run0,1018,probenecid,0.01958605106483628,0.06531397416127253,-0.0703402986847467,0.0703402986847467,0.0365805181726405,0.0365805181726405,0.0,1.0,1.0,1.0,1.0,1.0,1.0,1.0,1.0,1.0,1.0,1.0,1.0,1945.3443060381455,1995.3004999459558,324.0866189,308.6644123759127,7,12.1084296,0.02299358652862427,0.023491606627115223,1,7,0.0437715533098872,1.0
v1_run0,1041,quinidine,-0.09092165637570676,0.45674901975381693,-0.20533802441185742,0.20533802441185742,-0.004966997543181971,0.004966997543181971,0.12578619999999985,0.8333333333333334,1.0,1.0,1.0,1.0,1.0,1.0,1.0,1.0,1.0,1.0,1.0,20.740280773015634,20.66899766215085,2.120436695,1.8391299067184956,18,30.0,0.1780301264188845,0.18162169161264896,1,18,0.13040146663612845,1.0
v1_run0,1094,rosiglitazone,0.41045359997328723,0.41045359997328723,0.2556532519239274,0.2556532519239274,0.3113573310045147,0.3113573310045147,-0.5825302,0.8888888888888888,1.0,1.0,1.0,1.0,1.0,1.0,1.0,1.0,1.0,1.0,1.0,0.7188448946114305,0.8919963733446655,0.1438160644,0.1716985775412811,9,21.3592233,0.17992024068612844,0.11155955278215296,1,9,0.13644878912059033,1.0
v1_run0,1095,rosuvastatin,0.6401837377432869,1.2653042812196182,-0.03814578474234392,0.03814578474234392,0.485737196697584,0.485737196697584,1.0781671,0.3157894736842105,1.0,1.0,0.5789473684210527,1.0,1.0,0.9473684210526315,1.0,1.0,0.9736842105263158,1.0,1.0,0.1502357232508874,0.2103752660851759,0.0380556987,0.03706266759390898,38,53.9083558,0.441175120792942,0.5687888121191621,1,38,0.1752433841466102,1.0
v1_run0,1197,tenofovir,0.35140577104965587,0.9039216823159794,-1.4909629044188728,1.4909629044188728,0.22349095790446707,0.22349095790446707,0.0,0.5454545454545454,0.0,1.0,1.0,1.0,1.0,1.0,1.0,1.0,1.0,1.0,1.0,14.934893124565443,17.437314524829898,10.1276014,3.603147521023142,11,24.0326136,0.31061516766199815,0.34791825507880636,1,11,0.13965139989443237,1.0
v1_run0,1245,tolbutamide,0.612079997193388,0.7986896366053926,-0.44501531349352125,0.44501531349352125,0.49345797679818126,0.49345797679818126,0.49817980000000006,0.6428571428571429,1.0,1.0,0.8571428571428571,1.0,1.0,1.0,1.0,1.0,1.0,1.0,1.0,1520.694467619264,2140.856799387847,258.6528094,190.00028047029278,14,36.2214984,0.3137428407668439,0.3792371345029685,1,14,0.1605340289272106,1.0
v1_run0,1293,valsartan,-1.8077577213750622,1.8077577213750622,-3.4213071228127765,3.4213071228127765,-1.717761530061165,1.717761530061165,0.0,0.25,0.0,0.0,0.4166666666666667,0.0,0.0,0.6666666666666666,0.0,1.0,0.9166666666666666,0.0,1.0,24.503815553595214,7.44965170930784,16.3876281,1.5296780370898837,12,10.0987013,0.6261480233388029,0.4074962593563253,1,12,0.39016316504926507,1.0
v1_run0,1300,verapamil,1.0353273476496612,1.0505075404043773,-0.227702891320743,0.227702891320743,1.1227354328494554,1.1227354328494554,0.0,0.5333333333333333,1.0,0.0,0.7666666666666667,1.0,1.0,1.0,1.0,1.0,1.0,1.0,1.0,0.16347496291317132,0.3559822059713272,0.1105149674,0.09437907130029331,30,16.0,0.3583011402293142,0.39106721365839736,1,30,0.2140515470326279,1.0
v1_run0,1319,voriconazole,-0.031244782861455545,0.8583140913366667,-0.745869185779008,0.745869185779008,0.17900202306936225,0.17900202306936225,0.7460123000000001,0.625,1.0,1.0,0.875,1.0,1.0,0.9375,1.0,1.0,1.0,1.0,1.0,5.999341809232273,6.791857799730964,2.2311450049999997,1.3304507381264834,16,24.0588957,0.32330711169672377,0.21701567975184272,1,16,0.17767613104076213,1.0
v1_run0,1323,warfarin,0.4700984872832195,0.7869855436737117,-0.9973453945011803,0.9973453945011803,0.27879796168130533,0.27879796168130533,0.0,0.75,1.0,1.0,0.875,1.0,1.0,0.875,1.0,1.0,1.0,1.0,1.0,171.4338774380634,207.98077739263044,9.3113811,4.664265057336039,16,104.1666667,0.33785988297851893,0.3499584151401314,1,16,0.22108818569531183,1.0
v1_run0,1341,zidovudine,0.3882200960777913,0.5514729581587428,-0.1772303224009425,0.1772303224009425,0.3284716180569811,0.3284716180569811,-0.06967260000000008,0.8823529411764706,1.0,1.0,1.0,1.0,1.0,1.0,1.0,1.0,1.0,1.0,1.0,2.0883092929601093,2.622253240980542,1.224554889,1.0829954034845881,17,8.0175991,0.18766709858666514,0.21685373704034527,2,17,0.1280902741630569,2.0
s1_run1,52,alprazolam,0.2257177694159131,0.2367673438054412,-0.07734702072669707,0.07734702072669707,0.30209380198574526,0.30209380198574526,0.0,1.0,1.0,1.0,1.0,1.0,1.0,1.0,1.0,1.0,1.0,1.0,1.0,0.254573200464216,0.31387156901398583,0.022606383,0.021426306240747664,14,36.0,0.08202720987154574,0.11476957698346148,1,14,0.079922924474401,1.0
s1_run1,172,bufuralol,0.30298076202181473,0.30656034871443333,-0.02147752015571173,0.02147752015571173,0.18795940612883222,0.18795940612883222,0.0,1.0,1.0,1.0,1.0,1.0,1.0,1.0,1.0,1.0,1.0,1.0,1.0,0.5471630593866508,0.6233015234728642,0.1437539797,0.14162975333686154,12,11.92053727,0.11596561058345445,0.11373639581256396,1,12,0.08713472426178148,1.0
s1_run1,177,buprenorphine,-0.21182287417964588,1.0096822521624145,-3.103609913335945,3.103609913335945,0.17116942716845437,0.17116942716845437,0.0,0.5882352941176471,0.0,1.0,0.7647058823529411,0.0,1.0,0.9411764705882353,0.0,1.0,1.0,1.0,1.0,0.014715862756878443,0.0165696319095674,0.0376450345,0.004379535194461746,17,10.015224,0.3813678779640275,0.27978344757696494,1,17,0.18627212221725375,1.0
s1_run1,184,caffeine,0.21669694900853642,0.2545502133274795,-0.06425268343580584,0.06425268343580584,0.23114325425999527,0.23114325425999527,-0.18925379999999997,1.0,1.0,1.0,1.0,1.0,1.0,1.0,1.0,1.0,1.0,1.0,1.0,50.74318919440893,59.56056540754953,10.2637363,9.816654370796337,15,15.0,0.09103468619279763,0.11562025849199123,1,15,0.08614037234228894,1.0
s1_run1,295,clarithromycin,0.3590894361035611,0.5375036405914627,-0.18338763001373884,0.18338763001373884,0.26945273460336266,0.26945273460336266,0.0,0.9090909090909091,1.0,1.0,0.9090909090909091,1.0,1.0,1.0,1.0,1.0,1.0,1.0,1.0,7.701858391247965,9.283438930286863,2.7763496,2.444944327236177,11,14.0940325,0.20269695781816524,0.1891234783483354,1,11,0.10913336440866463,1.0
s1_run1,308,clozapine,1.4669372451763285,1.6384018539964678,-1.1145199573309061,1.1145199573309061,2.0055539701748826,2.0055539701748826,0.0,0.15384615384615385,0.0,0.0,0.46153846153846156,1.0,0.0,0.8461538461538461,1.0,1.0,1.0,1.0,1.0,0.5500453545747218,2.2086678226512206,0.5216177963,0.2409064689700247,13,24.0641711,0.5355292304120074,0.6860794489009473,1,13,0.2732907034875661,1.0
s1_run1,323,crizotinib,0.6481498135385179,1.3068416774017106,-1.3535174169284323,1.3535174169284323,1.6397010626813575,1.6397010626813575,142.2,0.6428571428571429,0.0,0.0,0.7142857142857143,1.0,0.0,0.8571428571428571,1.0,1.0,0.9285714285714286,1.0,1.0,0.9967098838586336,3.105760547059634,0.15942480699999997,0.06238878927730901,14,144.2571429,0.5733189603091251,0.8123072764880793,1,14,0.27355004436073194,1.0
s1_run1,332,dabigatran,-0.4688592397051026,0.8503234065371429,-0.8854608548983991,0.8854608548983991,0.30327772880701054,0.30327772880701054,0.0,0.7777777777777778,1.0,1.0,0.8888888888888888,1.0,1.0,0.8888888888888888,1.0,1.0,1.0,1.0,1.0,0.3089290698071213,0.3812013852326405,0.1720203393,0.09311711728355275,18,6.0230326,0.343192978243841,0.2350753871660891,1,18,0.3959747038979218,1.0
s1_run1,366,desipramine,0.04351209377750568,0.6756935367708498,-0.396338360469957,0.396338360469957,0.36331923365099084,0.36331923365099084,0.7575758,0.9166666666666666,1.0,1.0,0.9166666666666666,1.0,1.0,0.9166666666666666,1.0,1.0,0.9166666666666666,1.0,1.0,0.22006510473871538,0.28308781097705077,0.0182833469,0.013891398323937704,12,48.7012987,0.31945941355199237,0.13290112805995222,1,12,0.2920687376905566,1.0
s1_run1,394,digoxin,-0.7077054656586699,0.808937126560547,-2.0264668659949607,2.0264668659949607,-0.5443076403784886,0.5443076403784886,0.0,0.6875,0.0,1.0,0.875,0.0,1.0,1.0,1.0,1.0,1.0,1.0,1.0,0.020127290211065848,0.013801693608021862,0.008280167494,0.002032412278855948,16,8.0521739,0.30228789645431625,0.21421883662277658,1,16,0.3685573052407768,1.0
s1_run1,413,docetaxel,1.6942154394757512,2.1613019983831667,-2.007591522527138,2.007591522527138,0.44374939833520965,0.44374939833520965,0.44642859999999995,0.2,0.0,1.0,0.3333333333333333,0.0,1.0,0.5666666666666667,1.0,1.0,0.7666666666666667,1.0,1.0,2.7107492448853554,3.6869837620686687,4.3087272,1.0715285106261065,60,25.1339286,0.7392552712629055,0.5819395756181052,1,60,0.28634082544544887,1.0
s1_run1,471,erythromycin,-0.5898751880994535,0.7454346509376271,-0.49086453217069254,0.49086453217069254,-0.4122309902041457,0.4122309902041457,0.0,0.75,1.0,1.0,0.875,1.0,1.0,1.0,1.0,1.0,1.0,1.0,1.0,32.282514771018896,24.25903187982082,7.521071200000001,5.351983330091386,8,24.2332407,0.30748844087723126,0.44067662850991746,1,8,0.1945170854148559,1.0
s1_run1,488,etoricoxib,0.758575662942602,0.8919705425739752,-0.6655189269418035,0.6655189269418035,0.996266818432619,0.996266818432619,0.0,0.8888888888888888,1.0,1.0,0.8888888888888888,1.0,1.0,0.8888888888888888,1.0,1.0,0.9444444444444444,1.0,1.0,6.773188953653525,13.51137001355038,0.4528159333,0.28548318960918145,18,120.1395275,0.46047036954494713,0.6659775789598072,1,18,0.2417951195713982,1.0
s1_run1,637,imipramine,0.48117801433778085,0.5464094761945728,-0.29354157835556405,0.29354157835556405,0.376545616530195,0.376545616530195,0.0,0.8888888888888888,1.0,1.0,0.8888888888888888,1.0,1.0,1.0,1.0,1.0,1.0,1.0,1.0,0.7281455970623832,0.9453002071944155,0.07719373084999999,0.06298211074960407,9,71.1702225,0.2195819456749803,0.2609983370855981,1,9,0.12149458254303327,1.0
s1_run1,674,itraconazole,0.3447085734701183,1.069752752378114,-1.462722867536623,1.462722867536623,0.6794070979663651,0.6794070979663651,0.0,0.6428571428571429,0.0,1.0,0.8571428571428571,1.0,1.0,0.9285714285714286,1.0,1.0,0.9285714285714286,1.0,1.0,4.150849720506162,6.647508877647451,0.6176304512,0.22408110710787593,14,96.1674919,0.41175479217480015,0.4859167539150867,1,14,0.20610488419487197,1.0
s1_run1,703,lansoprazole,1.107162999915905,1.107162999915905,0.4917544150171507,0.4917544150171507,1.043958259054085,1.043958259054085,-0.05542730000000001,0.35294117647058826,1.0,0.0,0.8823529411764706,1.0,1.0,1.0,1.0,1.0,1.0,1.0,1.0,0.5117131351179542,1.0550895342904456,0.6484342762,0.9117983311532152,17,10.0046189,0.3466399590338821,0.4050744592239966,1,17,0.13922621772020208,1.0
s1_run1,739,lorazepam,-0.06277827286381252,0.20007677539535246,-1.0832904770824472,1.0832904770824472,0.035387087016328846,0.035387087016328846,-0.1002012,0.9,0.0,1.0,1.0,1.0,1.0,1.0,1.0,1.0,1.0,1.0,1.0,0.40043145682016623,0.41037487344606804,0.0573052854,0.027045296822233052,20,36.0387728,0.10787625689355929,0.03612634495775542,1,20,0.10083051909875032,1.0
s1_run1,781,metformin,0.7522364171468348,0.7864635366761045,-0.18808544135525995,0.18808544135525995,0.5590868144203438,0.5590868144203438,0.0,0.625,1.0,1.0,1.0,1.0,1.0,1.0,1.0,1.0,1.0,1.0,1.0,13.189963868584305,19.43325310953411,15.168519700000001,13.314468678215572,16,10.0631579,0.2727339029893584,0.3145800454402144,1,16,0.11153809229076077,1.0
s1_run1,787,methotrexate,-1.22412131324486,1.22412131324486,-1.0765142539911259,1.0765142539911259,-0.8621103486541041,0.8621103486541041,0.0,0.45454545454545453,0.0,1.0,0.6363636363636364,1.0,1.0,0.9090909090909091,1.0,1.0,1.0,1.0,1.0,20.47419572343811,11.263821930456084,6.316439228999999,2.995085612385361,11,47.7628032,0.41424922349487875,0.49800827652744684,1,11,0.17388222252520713,1.0
s1_run1,800,metoprolol,0.5861212390997528,0.5861212390997528,0.06913673033857062,0.06913673033857062,0.7340170362272119,0.7340170362272119,0.0,1.0,1.0,1.0,1.0,1.0,1.0,1.0,1.0,1.0,1.0,1.0,1.0,0.24560395936420584,0.40850418395057037,0.1197309591,0.1256084021540546,9,7.9054946,0.1915347128378884,0.2092863288438523,1,9,0.20358672096695282,1.0
s1_run1,811,midazolam,0.4618441977039683,0.7604624638256541,-0.7241585431706979,0.7241585431706979,0.4857010420735274,0.4857010420735274,0.0,0.7692307692307693,1.0,1.0,0.9230769230769231,1.0,1.0,1.0,1.0,1.0,1.0,1.0,1.0,0.37447824625770515,0.5243692028187044,0.29451071489999997,0.17828206542781885,13,8.0265859,0.2805831774445402,0.3583867818914273,1,13,0.1666460045484067,1.0
s1_run1,832,montelukast,0.44209410996461423,1.2999046603991689,-1.5248179640842252,1.5248179640842252,-0.28216811429762,0.28216811429762,-0.09469699999999999,0.7333333333333333,0.0,1.0,0.9333333333333333,1.0,1.0,0.9333333333333333,1.0,1.0,0.9333333333333333,1.0,1.0,3.839306190379591,3.1572697084779735,2.132955034,0.7412517894972567,15,24.0056818,1.0156275431707078,0.19079547918417877,1,15,0.23574935128581528,1.0
s1_run1,875,nifedipine,0.40661424718880423,0.40661424718880423,0.06508450316034989,0.06508450316034989,0.43432284226689216,0.43432284226689216,0.0,1.0,1.0,1.0,1.0,1.0,1.0,1.0,1.0,1.0,1.0,1.0,1.0,0.05898050107331079,0.07969896125856216,0.0476470588,0.049845790174400516,15,6.0015407,0.14084225467911915,0.12626517701007972,1,15,0.11574469466065045,1.0
s1_run1,907,ondansetron,-0.11399840046075503,0.3760035887654125,-0.24066623473815676,0.24066623473815676,-0.2534027665858489,0.2534027665858489,0.0,0.96,1.0,1.0,1.0,1.0,1.0,1.0,1.0,1.0,1.0,1.0,1.0,0.41813582166913305,0.3507805796410872,0.0762296104,0.06451726439816473,25,24.1352048,0.135133935948987,0.14963492810224122,3,25,0.09460959102287882,3.0
s1_run1,938,paroxetine,0.07341491989904936,0.5118023503344405,-1.5759876575962826,1.5759876575962826,0.2231409917235688,0.2231409917235688,0.3077496,0.9473684210526315,0.0,1.0,0.9473684210526315,1.0,1.0,1.0,1.0,1.0,1.0,1.0,1.0,0.2828853345142974,0.33020417868633994,0.0618727473,0.020752950129640207,19,48.1057269,0.18683018712486119,0.13213441638940965,1,19,0.14194714033189082,1.0
s1_run1,963,phenacetin,0.2506158978460181,0.3052855835285596,-0.21867874273016583,0.21867874273016583,0.2659806343447586,0.2659806343447586,0.0,1.0,1.0,1.0,1.0,1.0,1.0,1.0,1.0,1.0,1.0,1.0,1.0,2.7213263832731838,3.2722673673457465,3.0408374,2.613149983976718,8,4.0,0.10514860673500397,0.09941442492632667,1,8,0.08022611993390105,1.0
s1_run1,967,phenobarbital,0.2551711303693835,0.2776245454285339,-0.12349378282532726,0.12349378282532726,0.34647533104846995,0.34647533104846995,0.0,1.0,1.0,1.0,1.0,1.0,1.0,1.0,1.0,1.0,1.0,1.0,1.0,37.540425208462935,47.73079355300671,4.6355674,4.255274364927092,11,12.0574059,0.08956503058217459,0.10721343139271464,1,11,,
s1_run1,973,phenytoin,0.5283001280635072,0.5397637790411692,-0.08597738233246494,0.08597738233246494,0.5518726628948806,0.5518726628948806,0.0,0.9333333333333333,1.0,1.0,1.0,1.0,1.0,1.0,1.0,1.0,1.0,1.0,1.0,158.74480934462585,232.71788372917226,12.8070086,12.06607249005788,15,71.7333333,0.13628454453110872,0.14826544989153406,2,14,0.30280243055386424,2.0
s1_run1,1001,posaconazole,1.137248875623629,1.137248875623629,0.8567649158970306,0.8567649158970306,1.320889595375319,1.320889595375319,0.609375,0.16666666666666666,1.0,0.0,1.0,1.0,1.0,1.0,1.0,1.0,1.0,1.0,1.0,7.762516750876694,19.392327614292068,1.407604015,2.5491326516190242,6,12.0281251,0.3609111516469564,0.40874796420806553,1,6,0.7553191266314516,1.0
s1_run1,1009,pravastatin,0.6305369432158338,0.7882247532742456,-0.6307512402336471,0.6307512402336471,0.6115414634779676,0.6115414634779676,0.0,0.625,1.0,1.0,1.0,1.0,1.0,1.0,1.0,1.0,1.0,1.0,1.0,0.12122247080319816,0.18521470140946641,0.453551388,0.2929216401699497,8,3.004386,0.25486153703125425,0.28012552502468135,1,8,0.12662269346015897,1.0
s1_run1,1018,probenecid,0.01929667080786473,0.0653988404951443,-0.07189023710847102,0.07189023710847102,0.03630027525642024,0.03630027525642024,0.0,1.0,1.0,1.0,1.0,1.0,1.0,1.0,1.0,1.0,1.0,1.0,1.0,1945.3443060381455,1994.9129512892036,324.0866189,308.33298132196654,7,12.1084296,0.02300635908276214,0.02346315218096102,1,7,0.043795867678315684,1.0
s1_run1,1041,quinidine,-0.09103868110951922,0.45692798970580434,-0.20562217209883055,0.20562217209883055,-0.0050240391071505585,0.0050240391071505585,0.12578619999999985,0.8333333333333334,1.0,1.0,1.0,1.0,1.0,1.0,1.0,1.0,1.0,1.0,1.0,20.740280773015634,20.668180463358595,2.120436695,1.8387677144086276,18,30.0,0.1780806703413214,0.1816608552564111,1,18,0.13043848846916253,1.0
s1_run1,1094,rosiglitazone,0.41019728779903963,0.41019728779903963,0.25376389219809625,0.25376389219809625,0.3112570136672529,0.3112570136672529,-0.5825302,0.8888888888888888,1.0,1.0,1.0,1.0,1.0,1.0,1.0,1.0,1.0,1.0,1.0,0.7188448946114305,0.8919343508191271,0.1438160644,0.1714738675070584,9,21.3592233,0.17975881842484684,0.11164830218659214,1,9,0.13632636891925565,1.0
s1_run1,1095,rosuvastatin,0.6508390016978365,1.2713551647892667,-0.03285550183906681,0.03285550183906681,0.4940879228629045,0.4940879228629045,1.0781671,0.3157894736842105,1.0,1.0,0.5789473684210527,1.0,1.0,0.9473684210526315,1.0,1.0,0.9736842105263158,1.0,1.0,0.1502357232508874,0.21159650855195547,0.0380556987,0.037198823831750924,38,53.9083558,0.4429512233993866,0.5679423072250217,1,38,0.17594888682950297,1.0
s1_run1,1197,tenofovir,0.3511164677460953,0.9050982742927064,-1.4938834427519727,1.4938834427519727,0.22349557371473952,0.22349557371473952,0.0,0.5454545454545454,0.0,1.0,1.0,1.0,1.0,1.0,1.0,1.0,1.0,1.0,1.0,14.934893124565443,17.43737031448882,10.1276014,3.5958608207689253,11,24.0326136,0.3110328326898966,0.34840124796273547,1,11,0.13983918050499303,1.0
s1_run1,1245,tolbutamide,0.6118293021906867,0.7989908727177604,-0.44532913669351154,0.44532913669351154,0.4934062343565282,0.4934062343565282,0.49817980000000006,0.6428571428571429,1.0,1.0,0.8571428571428571,1.0,1.0,1.0,1.0,1.0,1.0,1.0,1.0,1520.694467619264,2140.7800186625605,258.6528094,189.95895502752765,14,36.2214984,0.31386746711910085,0.37929520591568894,1,14,0.16059779698129406,1.0
s1_run1,1293,valsartan,-1.808159547106807,1.808159547106807,-3.4223263835569195,3.4223263835569195,-1.7180116263877137,1.7180116263877137,0.0,0.25,0.0,0.0,0.4166666666666667,0.0,0.0,0.6666666666666666,0.0,1.0,0.9166666666666666,0.0,1.0,24.503815553595214,7.448360397566318,16.3876281,1.5285977047291301,12,10.0987013,0.6263192077173252,0.40758273013804824,1,12,0.39026983286013683,1.0
s1_run1,1300,verapamil,1.07564609028177,1.090806787130503,-0.2274104527309946,0.2274104527309946,1.1721565763770145,1.1721565763770145,0.0,0.4666666666666667,1.0,0.0,0.7333333333333333,1.0,1.0,1.0,1.0,1.0,1.0,1.0,1.0,0.16347496291317132,0.36838805235223615,0.1105149674,0.09439820415874854,30,16.0,0.37010860736920953,0.4118970087435023,1,30,0.2211054085029374,1.0
s1_run1,1319,voriconazole,-0.034099409192239166,0.8581491853012417,-0.7505856597805363,0.7505856597805363,0.17573548177904372,0.17573548177904372,0.7460123000000001,0.625,1.0,1.0,0.875,1.0,1.0,0.9375,1.0,1.0,1.0,1.0,1.0,5.999341809232273,6.776497113177767,2.2311450049999997,1.3261083164088918,16,24.0588957,0.32344548059882655,0.21667272410747115,1,16,0.1777521728297997,1.0
s1_run1,1323,warfarin,0.5534007004723204,0.8703644339392456,-0.9974783633320582,0.9974783633320582,0.3612075900996341,0.3612075900996341,0.0,0.6875,1.0,1.0,0.875,1.0,1.0,0.875,1.0,1.0,0.9375,1.0,1.0,171.4338774380634,220.20692239300072,9.3113811,4.663835185967653,16,104.1666667,0.38444909466635724,0.40198542938987974,1,16,0.2515751561939486,1.0
s1_run1,1341,zidovudine,0.40737211276236124,0.5665711612694203,-0.16790446691567,0.16790446691567,0.34562211991321534,0.34562211991321534,-0.06967260000000008,0.8823529411764706,1.0,1.0,1.0,1.0,1.0,1.0,1.0,1.0,1.0,1.0,1.0,2.0883092929601093,2.6536121460034736,1.224554889,1.0900187677396016,17,8.0175991,0.1934290700187936,0.22430799459541922,2,17,0.13197871584650842,2.0
s1_run2,52,alprazolam,0.22571769282999501,0.23676726721952313,-0.07734702072669707,0.07734702072669707,0.30209372678141533,0.30209372678141533,0.0,1.0,1.0,1.0,1.0,1.0,1.0,1.0,1.0,1.0,1.0,1.0,1.0,0.254573200464216,0.3138715526525929,0.022606383,0.021426306240747664,14,36.0,0.08202716087092005,0.11476949031682629,1,14,0.07992287673081308,1.0
s1_run2,172,bufuralol,0.30298075232587324,0.3065603390104577,-0.021477520107506694,0.021477520107506694,0.1879594031576045,0.1879594031576045,0.0,1.0,1.0,1.0,1.0,1.0,1.0,1.0,1.0,1.0,1.0,1.0,1.0,0.5471630593866508,0.6233015221891758,0.1437539797,0.14162975334159383,12,11.92053727,0.115965605033167,0.11373638721213324,1,12,0.08713472009138334,1.0
s1_run2,177,buprenorphine,-0.21182287520269238,1.009682251139354,-3.1036099133359443,3.1036099133359443,0.17116942655223968,0.17116942655223968,0.0,0.5882352941176471,0.0,1.0,0.7647058823529411,0.0,1.0,0.9411764705882353,0.0,1.0,1.0,1.0,1.0,0.014715862756878443,0.016569631902490053,0.0376450345,0.004379535194461747,17,10.015224,0.38136787778646636,0.2797834465272533,1,17,0.1862721221305273,1.0
s1_run2,184,caffeine,0.216696949669406,0.2545502139883501,-0.06425268343580534,0.06425268343580534,0.23114326003362512,0.23114326003362512,-0.18925379999999997,1.0,1.0,1.0,1.0,1.0,1.0,1.0,1.0,1.0,1.0,1.0,1.0,50.74318919440893,59.56056564590944,10.2637363,9.816654370796341,15,15.0,0.0910346855881966,0.11562026135009984,1,15,0.0861403717701932,1.0
s1_run2,295,clarithromycin,0.35908943217123074,0.5375036366591325,-0.18338763001373884,0.18338763001373884,0.26945273393614927,0.26945273393614927,0.0,0.9090909090909091,1.0,1.0,0.9090909090909091,1.0,1.0,1.0,1.0,1.0,1.0,1.0,1.0,7.701858391247965,9.283438925993485,2.7763496,2.444944327236177,11,14.0940325,0.20269695528738577,0.1891234758715481,1,11,0.10913336304607645,1.0
s1_run2,308,clozapine,1.4669371858643636,1.6384017946845026,-1.1145199573309061,1.1145199573309061,2.005553862424633,2.005553862424633,0.0,0.15384615384615385,0.0,0.0,0.46153846153846156,1.0,0.0,0.8461538461538461,1.0,1.0,1.0,1.0,1.0,0.5500453545747218,2.2086676576929354,0.5216177963,0.2409064689700247,13,24.0641711,0.5355292075471451,0.6860794147037815,1,13,0.273290691819194,1.0
s1_run2,323,crizotinib,0.6481083675093438,1.3068002311789375,-1.3537947370773487,1.3537947370773487,1.639531693151666,1.639531693151666,142.2,0.6428571428571429,0.0,0.0,0.7142857142857143,1.0,0.0,0.8571428571428571,1.0,1.0,0.9285714285714286,1.0,1.0,0.9967098838586336,3.1053959583471418,0.15942480699999997,0.06237679782724219,14,144.2571429,0.5732940498588471,0.8122609283721351,1,14,0.2735381587346663,1.0
s1_run2,332,dabigatran,-0.4688592397051706,0.8503234065370749,-0.8854608548983991,0.8854608548983991,0.30327772880685994,0.30327772880685994,0.0,0.7777777777777778,1.0,1.0,0.8888888888888888,1.0,1.0,0.8888888888888888,1.0,1.0,1.0,1.0,1.0,0.3089290698071213,0.3812013852326007,0.1720203393,0.09311711728355275,18,6.0230326,0.34319297824382544,0.23507538716601994,1,18,0.39597470389790385,1.0
s1_run2,366,desipramine,0.04351214363093691,0.675693586624281,-0.3963383604699568,0.3963383604699568,0.363319277677128,0.363319277677128,0.7575758,0.9166666666666666,1.0,1.0,0.9166666666666666,1.0,1.0,0.9166666666666666,1.0,1.0,0.9166666666666666,1.0,1.0,0.22006510473871538,0.2830878196159264,0.0182833469,0.013891398323937706,12,48.7012987,0.31945942055953075,0.13290115759325866,1,12,0.2920687440972637,1.0
s1_run2,394,digoxin,-0.7077054656586701,0.8089371265605471,-2.0264668659949607,2.0264668659949607,-0.5443076403784886,0.5443076403784886,0.0,0.6875,0.0,1.0,0.875,0.0,1.0,1.0,1.0,1.0,1.0,1.0,1.0,0.020127290211065848,0.01380169360802186,0.008280167494,0.002032412278855948,16,8.0521739,0.30228789645431625,0.21421883662277658,1,16,0.3685573052407768,1.0
s1_run2,413,docetaxel,1.6942154327127876,2.16130199974224,-2.0075915225272682,2.0075915225272682,0.44374939270566194,0.44374939270566194,0.44642859999999995,0.2,0.0,1.0,0.3333333333333333,0.0,1.0,0.5666666666666667,1.0,1.0,0.7666666666666667,1.0,1.0,2.7107492448853554,3.6869837476816705,4.3087272,1.07152851062601,60,25.1339286,0.7392552711881047,0.5819395725977804,1,60,0.2863408254164758,1.0
s1_run2,471,erythromycin,-0.5898750929417573,0.745434557004399,-0.49086453217069254,0.49086453217069254,-0.4122309628028325,0.4122309628028325,0.0,0.75,1.0,1.0,0.875,1.0,1.0,1.0,1.0,1.0,1.0,1.0,1.0,32.282514771018896,24.259032340576084,7.521071200000001,5.351983330091386,8,24.2332407,0.30748838295851805,0.440676542568936,1,8,0.1945170487754972,1.0
s1_run2,488,etoricoxib,0.7584871633381727,0.8918820429695463,-0.6655189269418035,0.6655189269418035,0.9959934820391007,0.9959934820391007,0.0,0.8888888888888888,1.0,1.0,0.8888888888888888,1.0,1.0,0.8888888888888888,1.0,1.0,0.9444444444444444,1.0,1.0,6.773188953653525,13.508810360115614,0.4528159333,0.28548318960918145,18,120.1395275,0.460406633989501,0.6658716648976243,1,18,0.24176165173661598,1.0
s1_run2,637,imipramine,0.48117801433719504,0.546409476193987,-0.29354157835556405,0.29354157835556405,0.37654561652989155,0.37654561652989155,0.0,0.8888888888888888,1.0,1.0,0.8888888888888888,1.0,1.0,1.0,1.0,1.0,1.0,1.0,1.0,0.7281455970623832,0.9453002071942167,0.07719373084999999,0.06298211074960407,9,71.1702225,0.21958194567452938,0.2609983370850026,1,9,0.12149458254278378,1.0
s1_run2,674,itraconazole,0.3447936543588454,1.0698378332672827,-1.4627228675366226,1.4627228675366226,0.6795478349972429,0.6795478349972429,0.0,0.6428571428571429,0.0,1.0,0.8571428571428571,1.0,1.0,0.9285714285714286,1.0,1.0,0.9285714285714286,1.0,1.0,4.150849720506162,6.648157383582049,0.6176304512,0.224081107107876,14,96.1674919,0.4118086371870981,0.4860047740751243,1,14,0.2061318364495513,1.0
s1_run2,703,lansoprazole,1.1071629999436388,1.1071629999436388,0.4917544150171507,0.4917544150171507,1.0439582590737457,1.0439582590737457,-0.05542730000000001,0.35294117647058826,1.0,0.0,0.8823529411764706,1.0,1.0,1.0,1.0,1.0,1.0,1.0,1.0,0.5117131351179542,1.055089534304824,0.6484342762,0.9117983311532152,17,10.0046189,0.3466399590448009,0.4050744592400546,1,17,0.13922621772458754,1.0
s1_run2,739,lorazepam,-0.06277824627595503,0.20007677344014768,-1.0832904770824472,1.0832904770824472,0.035387146609600295,0.035387146609600295,-0.1002012,0.9,0.0,1.0,1.0,1.0,1.0,1.0,1.0,1.0,1.0,1.0,1.0,0.40043145682016623,0.41037489039738556,0.0573052854,0.027045296822233052,20,36.0387728,0.10787625615968764,0.03612633752811747,1,20,0.10083051841281014,1.0
s1_run2,781,metformin,0.752236410503123,0.7864635300323928,-0.18808544135526067,0.18808544135526067,0.5590868080884688,0.5590868080884688,0.0,0.625,1.0,1.0,1.0,1.0,1.0,1.0,1.0,1.0,1.0,1.0,1.0,13.189963868584305,19.433253024243093,15.168519700000001,13.314468678215565,16,10.0631579,0.27273389990570845,0.31458004245718724,1,16,0.11153809102966183,1.0
s1_run2,787,methotrexate,-1.224121313384642,1.224121313384642,-1.0765142539911259,1.0765142539911259,-0.8621103488436898,0.8621103488436898,0.0,0.45454545454545453,0.0,1.0,0.6363636363636364,1.0,1.0,0.9090909090909091,1.0,1.0,1.0,1.0,1.0,20.47419572343811,11.263821928975897,6.316439228999999,2.995085612385361,11,47.7628032,0.414249223536864,0.4980082766489245,1,11,0.17388222254283056,1.0
s1_run2,800,metoprolol,0.586121246393454,0.586121246393454,0.06913673033857001,0.06913673033857001,0.7340170444857658,0.7340170444857658,0.0,1.0,1.0,1.0,1.0,1.0,1.0,1.0,1.0,1.0,1.0,1.0,1.0,0.24560395936420584,0.40850418628900903,0.1197309591,0.12560840215405455,9,7.9054946,0.19153471481978337,0.20928633196595764,1,9,0.2035867230735553,1.0
s1_run2,811,midazolam,0.46184419739690274,0.7604624635185886,-0.7241585431706979,0.7241585431706979,0.4857010416917328,0.4857010416917328,0.0,0.7692307692307693,1.0,1.0,0.9230769230769231,1.0,1.0,1.0,1.0,1.0,1.0,1.0,1.0,0.37447824625770515,0.5243692026799354,0.29451071489999997,0.17828206542781885,13,8.0265859,0.2805831773236701,0.35838678173304767,1,13,0.16664600447661865,1.0
s1_run2,832,montelukast,0.44209417416713886,1.299904596429843,-1.5248179640842252,1.5248179640842252,-0.28216809351303923,0.28216809351303923,-0.09469699999999999,0.7333333333333333,0.0,1.0,0.9333333333333333,1.0,1.0,0.9333333333333333,1.0,1.0,0.9333333333333333,1.0,1.0,3.839306190379591,3.1572697539640435,2.132955034,0.7412517894972567,15,24.0056818,1.015627540647456,0.19079544554634942,1,15,0.23574935070011338,1.0
s1_run2,875,nifedipine,0.40661424681144476,0.40661424681144476,0.06508450316034989,0.06508450316034989,0.43432284210519084,0.43432284210519084,0.0,1.0,1.0,1.0,1.0,1.0,1.0,1.0,1.0,1.0,1.0,1.0,1.0,0.05898050107331079,0.07969896124962927,0.0476470588,0.049845790174400516,15,6.0015407,0.14084225467667186,0.126265176984539,1,15,0.11574469465863925,1.0
s1_run2,907,ondansetron,-0.11399833792101809,0.3760036053665946,-0.2406662347366653,0.2406662347366653,-0.2534027483287936,0.2534027483287936,0.0,0.96,1.0,1.0,1.0,1.0,1.0,1.0,1.0,1.0,1.0,1.0,1.0,0.41813582166913305,0.3507805840801546,0.0762296104,0.06451726439823142,25,24.1352048,0.13513394206181498,0.14963493293481958,3,25,0.09460959271509088,3.0
s1_run2,938,paroxetine,0.07341491018520223,0.5118023495591948,-1.5759876575962826,1.5759876575962826,0.22314098196072568,0.22314098196072568,0.3077496,0.9473684210526315,0.0,1.0,0.9473684210526315,1.0,1.0,1.0,1.0,1.0,1.0,1.0,1.0,0.2828853345142974,0.3302041764518195,0.0618727473,0.020752950129640207,19,48.1057269,0.1868301876942148,0.13213442217239452,1,19,0.14194714076446607,1.0
s1_run2,963,phenacetin,0.25061590125000943,0.3052855869325478,-0.21867874273015372,0.21867874273015372,0.26598063591019155,0.26598063591019155,0.0,1.0,1.0,1.0,1.0,1.0,1.0,1.0,1.0,1.0,1.0,1.0,1.0,2.7213263832731838,3.2722673708964036,3.0408374,2.6131499839767396,8,4.0,0.10514860796832438,0.09941442645992508,1,8,0.08022612087489794,1.0
s1_run2,967,phenobarbital,0.25517113016752957,0.27762454522668006,-0.12349378282532726,0.12349378282532726,0.34647533068913505,0.34647533068913505,0.0,1.0,1.0,1.0,1.0,1.0,1.0,1.0,1.0,1.0,1.0,1.0,1.0,37.540425208462935,47.73079354111831,4.6355674,4.255274364927092,11,12.0574059,0.08956503050936147,0.10721343127969929,1,11,,
s1_run2,973,phenytoin,0.5334641650910606,0.5449278160687226,-0.08597738233246494,0.08597738233246494,0.5565154593605396,0.5565154593605396,0.0,0.9333333333333333,1.0,1.0,1.0,1.0,1.0,1.0,1.0,1.0,1.0,1.0,1.0,158.74480934462585,233.4680091147643,12.8070086,12.06607249005788,15,71.7333333,0.1362846222968799,0.1482655192175274,2,14,0.3028026247152217,2.0
s1_run2,1001,posaconazole,1.1400007948972146,1.1400007948972146,0.8590981319108685,0.8590981319108685,1.3240587955407976,1.3240587955407976,0.609375,0.16666666666666666,1.0,0.0,1.0,1.0,1.0,1.0,1.0,1.0,1.0,1.0,1.0,7.762516750876694,19.434973994057636,1.407604015,2.55325860272139,6,12.0281251,0.3617587046688262,0.40971192667070133,1,6,0.7570928956195563,1.0
s1_run2,1009,pravastatin,0.6305369432158338,0.7882247532742456,-0.6307512402336471,0.6307512402336471,0.6115414634779676,0.6115414634779676,0.0,0.625,1.0,1.0,1.0,1.0,1.0,1.0,1.0,1.0,1.0,1.0,1.0,0.12122247080319816,0.18521470140946641,0.453551388,0.2929216401699497,8,3.004386,0.25486153703125425,0.28012552502468135,1,8,0.12662269346015897,1.0
s1_run2,1018,probenecid,0.019296670711101666,0.06539884059183056,-0.07189023710847102,0.07189023710847102,0.036300275221220306,0.036300275221220306,0.0,1.0,1.0,1.0,1.0,1.0,1.0,1.0,1.0,1.0,1.0,1.0,1.0,1945.3443060381455,1994.9129512405302,324.0866189,308.33298132196654,7,12.1084296,0.023006359089011025,0.02346315218485415,1,7,0.04379586769021132,1.0
s1_run2,1041,quinidine,-0.09103868636537701,0.4569279844496963,-0.20562217209883055,0.20562217209883055,-0.005024026299713175,0.005024026299713175,0.12578619999999985,0.8333333333333334,1.0,1.0,1.0,1.0,1.0,1.0,1.0,1.0,1.0,1.0,1.0,20.740280773015634,20.668180646839108,2.120436695,1.8387677144086276,18,30.0,0.17808066478666212,0.18166084951668374,1,18,0.13043848440054936,1.0
s1_run2,1094,rosiglitazone,0.4101972911273457,0.4101972911273457,0.25376389219809514,0.25376389219809514,0.31125701587524285,0.31125701587524285,-0.5825302,0.8888888888888888,1.0,1.0,1.0,1.0,1.0,1.0,1.0,1.0,1.0,1.0,1.0,0.7188448946114305,0.8919343521841987,0.1438160644,0.1714738675070583,9,21.3592233,0.17975881862316057,0.11164830292518445,1,9,0.13632636906965379,1.0
s1_run2,1095,rosuvastatin,0.6508390016978365,1.2713551647892667,-0.03285550183906681,0.03285550183906681,0.4940879228629045,0.4940879228629045,1.0781671,0.3157894736842105,1.0,1.0,0.5789473684210527,1.0,1.0,0.9473684210526315,1.0,1.0,0.9736842105263158,1.0,1.0,0.1502357232508874,0.21159650855195547,0.0380556987,0.037198823831750924,38,53.9083558,0.4429512233993866,0.5679423072250217,1,38,0.17594888682950297,1.0
s1_run2,1197,tenofovir,0.35111649443477416,0.9050983009813854,-1.4938834427519727,1.4938834427519727,0.22349558896574476,0.22349558896574476,0.0,0.5454545454545454,0.0,1.0,1.0,1.0,1.0,1.0,1.0,1.0,1.0,1.0,1.0,14.934893124565443,17.4373704988226,10.1276014,3.5958608207689253,11,24.0326136,0.31103283602615855,0.34840125655154613,1,11,0.1398391820049637,1.0
s1_run2,1245,tolbutamide,0.6118293702952187,0.7989909408222926,-0.44532913669351154,0.44532913669351154,0.4934063456826376,0.4934063456826376,0.49817980000000006,0.6428571428571429,1.0,1.0,0.8571428571428571,1.0,1.0,1.0,1.0,1.0,1.0,1.0,1.0,1520.694467619264,2140.780183856668,258.6528094,189.95895502752765,14,36.2214984,0.3138674803855723,0.37929524560289984,1,14,0.16059780376940147,1.0
s1_run2,1293,valsartan,-1.8081595471068006,1.8081595471068006,-3.4223263835569195,3.4223263835569195,-1.718011626387711,1.718011626387711,0.0,0.25,0.0,0.0,0.4166666666666667,0.0,0.0,0.6666666666666666,0.0,1.0,0.9166666666666666,0.0,1.0,24.503815553595214,7.448360397566331,16.3876281,1.5285977047291301,12,10.0987013,0.626319207717325,0.40758273013804813,1,12,0.3902698328601367,1.0
s1_run2,1300,verapamil,1.0756460970220334,1.0908067938707664,-0.22741045273099725,0.22741045273099725,1.172156582717018,1.172156582717018,0.0,0.4666666666666667,1.0,0.0,0.7333333333333333,1.0,1.0,1.0,1.0,1.0,1.0,1.0,1.0,0.16347496291317132,0.36838805397113783,0.1105149674,0.09439820415874838,30,16.0,0.37010860874373913,0.4118970145709498,1,30,0.22110540932409076,1.0
s1_run2,1319,voriconazole,-0.03172291079287273,0.8582042847705866,-0.7465138105014344,0.7465138105014344,0.17843825905879915,0.17843825905879915,0.7460123000000001,0.625,1.0,1.0,0.875,1.0,1.0,0.9375,1.0,1.0,1.0,1.0,1.0,5.999341809232273,6.789204254214828,2.2311450049999997,1.329856399173061,16,24.0588957,0.3233021196551438,0.21693145501500724,1,16,0.17767338762250182,1.0
s1_run2,1323,warfarin,0.5447755979958998,0.8617393307183119,-0.9974783633320582,0.9974783633320582,0.3520221248079656,0.3520221248079656,0.0,0.75,1.0,1.0,0.875,1.0,1.0,0.875,1.0,1.0,1.0,1.0,1.0,171.4338774380634,218.80934530540378,9.3113811,4.663835185967653,16,104.1666667,0.37964973368630556,0.396629569021916,1,16,0.24843455837504758,1.0
s1_run2,1341,zidovudine,0.4073721160135412,0.5665711644831205,-0.16790446690471647,0.16790446690471647,0.3456221229248427,0.3456221229248427,-0.06967260000000008,0.8823529411764706,1.0,1.0,1.0,1.0,1.0,1.0,1.0,1.0,1.0,1.0,1.0,2.0883092929601093,2.653612151542892,1.224554889,1.0900187677478774,17,8.0175991,0.1934290721648557,0.22430799843749363,2,17,0.1319787173094598,2.0
s1_run3,52,alprazolam,-0.029361654805438016,0.23056243299138496,-0.4578687535846842,0.4578687535846842,0.14897971952645522,0.14897971952645522,0.0,1.0,1.0,1.0,1.0,1.0,1.0,1.0,1.0,1.0,1.0,1.0,1.0,0.254573200464216,0.2822669605646052,0.022606383,0.016458825936363542,14,36.0,0.0879695072251266,0.11667187428975824,1,14,0.08571278107611167,1.0
s1_run3,172,bufuralol,0.069894674194578,0.4407066554104684,-0.563470266454905,0.563470266454905,-0.008239928234078072,0.008239928234078072,0.0,0.9166666666666666,1.0,1.0,1.0,1.0,1.0,1.0,1.0,1.0,1.0,1.0,1.0,0.5471630593866508,0.5440468544089582,0.1437539797,0.0972743695404542,12,11.92053727,0.17373686779877087,0.19152857896681408,1,12,0.13054313251648925,1.0
s1_run3,177,buprenorphine,-0.02168324814291102,0.8736690982219655,-2.7162804747532574,2.7162804747532574,0.2910779745972794,0.2910779745972794,0.0,0.5882352941176471,0.0,1.0,0.8235294117647058,0.0,1.0,0.9411764705882353,0.0,1.0,1.0,1.0,1.0,0.014715862756878443,0.018005655239034562,0.0376450345,0.005728300598517159,17,10.015224,0.3311349793610352,0.2653125617071598,1,17,0.16173678725968793,1.0
s1_run3,184,caffeine,-0.16366129907667043,0.40533719827994436,-0.6757522026064299,0.6757522026064299,-0.028802943951848195,0.028802943951848195,-0.18925379999999997,1.0,1.0,1.0,1.0,1.0,1.0,1.0,1.0,1.0,1.0,1.0,1.0,50.74318919440893,49.74016354950324,10.2637363,6.42515786720969,15,15.0,0.13793140939130702,0.1349138951530362,1,15,0.13051577876042483,1.0
s1_run3,295,clarithromycin,0.1988435281405472,0.8127457616206537,-0.994605273582737,0.994605273582737,0.03905909075695408,0.03905909075695408,0.0,0.7272727272727273,1.0,1.0,0.8181818181818182,1.0,1.0,0.9090909090909091,1.0,1.0,1.0,1.0,1.0,7.701858391247965,7.913224504954141,2.7763496,1.39337537402796,11,14.0940325,0.321889178681999,0.288620119813904,1,11,0.17330723368735332,1.0
s1_run3,308,clozapine,0.08980597857880797,1.1265423994365404,-2.9243143010390504,2.9243143010390504,1.056258829825506,1.056258829825506,0.0,0.46153846153846156,0.0,0.0,0.6923076923076923,0.0,1.0,0.8461538461538461,0.0,1.0,1.0,1.0,1.0,0.5500453545747218,1.1438368721810337,0.5216177963,0.06871413418687358,13,24.0641711,0.42772359468290905,0.5236695985143388,1,13,0.2182754468867959,1.0
s1_run3,323,crizotinib,1.35592968704049,1.5506014365130476,0.24737244567881073,0.24737244567881073,2.8017418050452245,2.8017418050452245,142.2,0.5,1.0,0.0,0.8571428571428571,1.0,0.0,0.8571428571428571,1.0,0.0,0.8571428571428571,1.0,1.0,0.9967098838586336,6.949876518867864,0.15942480699999997,0.1892441338240615,14,144.2571429,0.707853762061821,1.0605839983445828,1,14,0.3377411901893457,1.0
s1_run3,332,dabigatran,-0.0017186626810035811,0.7346405604606627,-0.3212785106083323,0.3212785106083323,0.6525231215598457,0.6525231215598457,0.0,0.8333333333333334,1.0,1.0,0.8888888888888888,1.0,1.0,0.9444444444444444,1.0,1.0,1.0,1.0,1.0,0.3089290698071213,0.48561020995027904,0.1720203393,0.1376782481516197,18,6.0230326,0.29626395743421785,0.28124793960645145,1,18,0.3418281848916186,1.0
s1_run3,366,desipramine,0.5679111460947114,1.020327170242193,0.4904147313329697,0.4904147313329697,0.6216751004132515,0.6216751004132515,0.7575758,0.4166666666666667,1.0,1.0,0.9166666666666666,1.0,1.0,0.9166666666666666,1.0,1.0,1.0,1.0,1.0,0.22006510473871538,0.33860552145327166,0.0182833469,0.025685335563510655,12,48.7012987,0.353805367164848,0.18291781008172375,1,12,0.32346984497034736,1.0
s1_run3,394,digoxin,1.1323936090613267,1.1323936090613267,0.29076530981696297,0.29076530981696297,1.180752799537506,1.180752799537506,0.0,0.3125,1.0,0.0,0.9375,1.0,1.0,1.0,1.0,1.0,1.0,1.0,1.0,0.020127290211065848,0.045627567763879905,0.008280167494,0.010129038033819551,16,8.0521739,0.35915126251311624,0.40308030165981934,1,16,0.43788660756273856,1.0
s1_run3,413,docetaxel,1.8715253612834692,2.2115602574559743,-2.5483250303125753,2.5483250303125753,0.43702201981235067,0.43702201981235067,0.44642859999999995,0.2,0.0,1.0,0.3333333333333333,0.0,1.0,0.48333333333333334,0.0,1.0,0.7666666666666667,1.0,1.0,2.7107492448853554,3.6698311457759445,4.3087272,0.7365915382358419,60,25.1339286,0.7552476081867016,0.6524544345368288,1,60,0.29253524722852053,1.0
s1_run3,471,erythromycin,-0.4370565308472103,0.5151217292332427,-1.6642200298840462,1.6642200298840462,-0.5008320465107808,0.5008320465107808,1.9366408000000002,0.875,0.0,1.0,0.875,0.0,1.0,1.0,1.0,1.0,1.0,1.0,1.0,32.282514771018896,22.814023765694547,7.521071200000001,2.3730099087824548,8,24.2332407,0.23233051480986894,0.15784071756953846,1,8,0.14697220638545017,1.0
s1_run3,488,etoricoxib,1.0338633083028448,1.038492503510137,0.08655936653655592,0.08655936653655592,1.4737247869072807,1.4737247869072807,0.0,0.8888888888888888,1.0,0.0,0.8888888888888888,1.0,1.0,0.8888888888888888,1.0,1.0,0.8888888888888888,1.0,1.0,6.773188953653525,18.81172223912064,0.4528159333,0.480815728330199,18,120.1395275,0.5502048852894861,0.7950649252255713,1,18,0.2889151285864721,1.0
s1_run3,637,imipramine,0.34051990690747486,0.44184824133760725,0.1508191641343452,0.1508191641343452,0.29683170410365295,0.29683170410365295,0.0,0.8888888888888888,1.0,1.0,1.0,1.0,1.0,1.0,1.0,1.0,1.0,1.0,1.0,0.7281455970623832,0.8944858491366466,0.07719373084999999,0.08570045420413103,9,71.1702225,0.180897605309103,0.20606218695871262,1,9,0.10009055604505515,1.0
s1_run3,674,itraconazole,0.655710125844287,1.1263489474999415,0.35566936079919614,0.35566936079919614,0.9211616059803025,0.9211616059803025,0.0,0.42857142857142855,1.0,1.0,0.8571428571428571,1.0,1.0,0.9285714285714286,1.0,1.0,0.9285714285714286,1.0,1.0,4.150849720506162,7.860212449217024,0.6176304512,0.7903070318307643,14,96.1674919,0.44908961657683305,0.5321125060912564,1,14,0.22479292330468806,1.0
s1_run3,703,lansoprazole,0.9635963820188786,1.107914634588247,-0.6854503974782065,0.6854503974782065,0.947177965631581,0.947177965631581,-0.05542730000000001,0.5882352941176471,1.0,1.0,0.7058823529411765,1.0,1.0,0.8235294117647058,1.0,1.0,1.0,1.0,1.0,0.5117131351179542,0.9866327878437581,0.6484342762,0.40320400138492624,17,10.0046189,0.45342231096409363,0.7292776482438679,1,17,0.18211481896498155,1.0
s1_run3,739,lorazepam,0.1666507883310758,0.3533989479570997,-0.7498658944995302,0.7498658944995302,0.1594047100647498,0.1594047100647498,-0.1002012,1.0,1.0,1.0,1.0,1.0,1.0,1.0,1.0,1.0,1.0,1.0,1.0,0.40043145682016623,0.44721234796642045,0.0573052854,0.03407709404640213,20,36.0387728,0.1175477277441996,0.07040941591724643,1,20,0.1098703157546604,1.0
s1_run3,781,metformin,0.8723681614507108,1.1603734746647016,-0.8315975044817164,0.8315975044817164,0.49132259288324864,0.49132259288324864,0.0,0.5,1.0,1.0,0.75,1.0,1.0,0.9375,1.0,1.0,1.0,1.0,1.0,13.189963868584305,18.54156738754205,15.168519700000001,8.523292776174989,16,10.0631579,0.407776996436536,0.4717065285196133,1,16,0.16676572939434753,1.0
s1_run3,787,methotrexate,-1.221259846989533,1.221259846989533,-1.0797688738256876,1.0797688738256876,-0.8617350942043918,0.8617350942043918,0.0,0.45454545454545453,0.0,1.0,0.6363636363636364,1.0,1.0,0.9090909090909091,1.0,1.0,1.0,1.0,1.0,20.47419572343811,11.266752105536154,6.316439228999999,2.9883365228172254,11,47.7628032,0.41286640891392495,0.4959049945916847,1,11,0.17330178239632063,1.0
s1_run3,800,metoprolol,0.6083795085202409,0.6083795085202409,0.12889276999362134,0.12889276999362134,0.7559502864411786,0.7559502864411786,0.0,1.0,1.0,1.0,1.0,1.0,1.0,1.0,1.0,1.0,1.0,1.0,1.0,0.24560395936420584,0.4147621100275667,0.1197309591,0.13092031796618378,9,7.9054946,0.1979396509780503,0.21333964247280207,1,9,0.2103946793502219,1.0
s1_run3,811,midazolam,0.37083183486062044,0.8218692474958185,-0.9425268910858322,0.9425268910858322,0.41447488000816196,0.41447488000816196,0.0,0.7692307692307693,1.0,1.0,0.8461538461538461,1.0,1.0,1.0,1.0,1.0,1.0,1.0,1.0,0.37447824625770515,0.49910964862248786,0.29451071489999997,0.15324003199665162,13,8.0265859,0.29833485798394616,0.3707186565556207,1,13,0.17718921195967938,1.0
s1_run3,832,montelukast,0.14743719455016804,1.8306434410774237,-2.5665172928485878,2.5665172928485878,-0.4646130040877647,0.4646130040877647,-0.09469699999999999,0.6,0.0,1.0,0.6666666666666666,0.0,1.0,0.8,0.0,1.0,0.9333333333333333,1.0,1.0,3.839306190379591,2.782212506596393,2.132955034,0.3600667430928754,15,24.0056818,0.9969554945995327,0.2927324659054883,1,15,0.2314151606984969,1.0
s1_run3,875,nifedipine,0.35209523588576647,0.40535335883308327,-0.3438101851155126,0.3438101851155126,0.3461443215077652,0.3461443215077652,0.0,1.0,1.0,1.0,1.0,1.0,1.0,1.0,1.0,1.0,1.0,1.0,1.0,0.05898050107331079,0.07497358560125228,0.0476470588,0.03754385974202448,15,6.0015407,0.13257476224072492,0.1370774360309576,1,15,0.10895043827735608,1.0
s1_run3,907,ondansetron,-0.09231856515804016,0.3811901910067554,-0.27812851941679206,0.27812851941679206,-0.2468264751712424,0.2468264751712424,0.0,0.96,1.0,1.0,1.0,1.0,1.0,1.0,1.0,1.0,1.0,1.0,1.0,0.41813582166913305,0.3523832059162144,0.0762296104,0.06286351678233267,25,24.1352048,0.1370638246479229,0.15070639214852372,3,25,0.0950994370289066,3.0
s1_run3,938,paroxetine,0.40082934240927054,1.390469261467377,0.34177130106364334,0.34177130106364334,0.41168573476562886,0.41168573476562886,0.16690449999999996,0.3157894736842105,1.0,1.0,0.631578947368421,1.0,1.0,0.8947368421052632,1.0,1.0,0.9473684210526315,1.0,1.0,0.2828853345142974,0.3763051726070856,0.0618727473,0.07841205095321287,19,48.1057269,0.5225422020771789,0.7331580807588166,1,19,0.39700956483019245,1.0
s1_run3,963,phenacetin,0.12980679265479603,0.4154417418795646,0.3107428966502247,0.3107428966502247,0.27229707137799214,0.27229707137799214,0.0,1.0,1.0,1.0,1.0,1.0,1.0,1.0,1.0,1.0,1.0,1.0,1.0,2.7213263832731838,3.2866254840478324,3.0408374,3.7716912213787013,8,4.0,0.14153982379371471,0.13625544008466273,1,8,0.10799183395473025,1.0
s1_run3,967,phenobarbital,0.49446875125106365,0.49446875125106365,0.12392336438446487,0.12392336438446487,0.5795026155127797,0.5795026155127797,0.0,1.0,1.0,1.0,1.0,1.0,1.0,1.0,1.0,1.0,1.0,1.0,1.0,37.540425208462935,56.097932721998404,4.6355674,5.051351031771679,11,12.0574059,0.1553418460947347,0.17633743762057505,1,11,,
s1_run3,973,phenytoin,0.2965837589387727,0.3885971925202329,-0.49616800395265725,0.49616800395265725,0.4528858723757716,0.4528858723757716,0.0,0.9333333333333333,1.0,1.0,1.0,1.0,1.0,1.0,1.0,1.0,1.0,1.0,1.0,158.74480934462585,217.28601034752995,12.8070086,9.080008374618943,15,71.7333333,0.11743234013018963,0.12346345621345065,2,14,0.27248757473783447,2.0
s1_run3,1001,posaconazole,1.890575128189625,1.890575128189625,2.0391129260867813,2.0391129260867813,1.9689759820273587,1.9689759820273587,0.609375,0.0,0.0,0.0,0.16666666666666666,0.0,0.0,1.0,1.0,1.0,1.0,1.0,1.0,7.762516750876694,30.38948789586068,1.407604015,5.785150375791277,6,12.0281251,0.5838584915487766,0.570670181811999,1,6,1.2219059563567178,1.0
s1_run3,1009,pravastatin,0.3738113688919048,0.5327471259807075,-0.29219386227190286,0.29219386227190286,0.5527519913221273,0.5527519913221273,0.0,1.0,1.0,1.0,1.0,1.0,1.0,1.0,1.0,1.0,1.0,1.0,1.0,0.12122247080319816,0.17781895811259546,0.453551388,0.37039693412877706,8,3.004386,0.17783332268201552,0.171926340645515,1,8,0.0883528152865412,1.0
s1_run3,1018,probenecid,-0.3946339023177878,0.3946339023177878,-0.7979850459047135,0.7979850459047135,-0.4023012489743285,0.4023012489743285,0.0,1.0,1.0,1.0,1.0,1.0,1.0,1.0,1.0,1.0,1.0,1.0,1.0,1945.3443060381455,1471.9455160093007,324.0866189,186.39903732055348,7,12.1084296,0.13641602981149906,0.12033069181088105,1,7,0.2596872616537587,1.0
s1_run3,1041,quinidine,-0.02445053834830397,0.3608595070521152,-0.06202816742712736,0.06202816742712736,0.03852165412207342,0.03852165412207342,0.12578619999999985,0.8888888888888888,1.0,1.0,1.0,1.0,1.0,1.0,1.0,1.0,1.0,1.0,1.0,20.740280773015634,21.301530325642496,2.120436695,2.0312013302395417,18,30.0,0.15270130723516745,0.16136521213742439,1,18,0.11184890344833051,1.0
s1_run3,1094,rosiglitazone,-0.12418217216027783,0.5157786933678669,-0.9719722314551938,0.9719722314551938,-0.06713826775330842,0.06713826775330842,-0.5825302,0.8888888888888888,1.0,1.0,1.0,1.0,1.0,1.0,1.0,1.0,1.0,1.0,1.0,0.7188448946114305,0.6861586777703661,0.1438160644,0.07331867422150368,9,21.3592233,0.18323110092724545,0.18854449731042447,1,9,0.13895969544844494,1.0
s1_run3,1095,rosuvastatin,-4.032577882848292,4.709513293562449,0.48441007656808655,0.48441007656808655,0.38530029458390364,0.38530029458390364,0.6469003,0.34210526315789475,1.0,1.0,0.5,1.0,1.0,0.5789473684210527,1.0,1.0,0.631578947368421,1.0,1.0,0.1502357232508874,0.19622762978321517,0.0380556987,0.053240443336645904,38,53.9083558,2.404849022440245,4.8350847647001665,1,38,0.9552530530203869,1.0
s1_run3,1197,tenofovir,0.08704821850912792,0.7416311202649033,-0.4725878043757037,0.4725878043757037,0.19754997017815737,0.19754997017815737,0.0,0.9090909090909091,1.0,1.0,0.9090909090909091,1.0,1.0,0.9090909090909091,1.0,1.0,1.0,1.0,1.0,14.934893124565443,17.126577564371438,10.1276014,7.298666091144303,11,24.0326136,0.3092794930276479,0.4528476421128495,1,11,0.1390508856507317,1.0
s1_run3,1245,tolbutamide,0.286144233080216,1.0426840335169785,-1.295207748705738,1.295207748705738,0.19592036031591928,0.19592036031591928,0.49817980000000006,0.6428571428571429,0.0,1.0,0.7142857142857143,1.0,1.0,0.9285714285714286,1.0,1.0,1.0,1.0,1.0,1520.694467619264,1741.8865717009319,258.6528094,105.39519627373231,14,36.2214984,0.40131352788299446,0.4474909635588954,1,14,0.20534166560290132,1.0
s1_run3,1293,valsartan,-2.230515962748352,2.230515962748352,-4.068671614319376,4.068671614319376,-2.0732557663250932,2.0732557663250932,0.0,0.25,0.0,0.0,0.3333333333333333,0.0,0.0,0.5,0.0,1.0,0.75,0.0,1.0,24.503815553595214,5.822661463203898,16.3876281,0.9766161484662036,12,10.0987013,0.7656798619991455,0.5094715764777129,1,12,0.47710775605279776,1.0
s1_run3,1300,verapamil,0.8837406177984648,0.9777947369689871,-0.7075394463347586,0.7075394463347586,1.0711978947730174,1.0711978947730174,0.0,0.5666666666666667,1.0,0.0,0.8,1.0,1.0,1.0,1.0,1.0,1.0,1.0,1.0,0.16347496291317132,0.34348987909442974,0.1105149674,0.06767534889980399,30,16.0,0.34132044673677275,0.4436410043458562,1,30,0.20390716482541774,1.0
s1_run3,1319,voriconazole,-0.025632753736702256,0.8089343494528992,-0.36432995483012093,0.36432995483012093,0.21263996349417838,0.21263996349417838,0.7460123000000001,0.6875,1.0,1.0,0.9375,1.0,1.0,1.0,1.0,1.0,1.0,1.0,1.0,5.999341809232273,6.952077640068652,2.2311450049999997,1.7332194413932196,16,24.0588957,0.2872896038797553,0.2602423271103183,1,16,0.1578824079609793,1.0
s1_run3,1323,warfarin,-0.34135230496371005,1.0907376719529722,-2.363773092534069,2.363773092534069,-0.4924263932273918,0.4924263932273918,0.0,0.5625,0.0,1.0,0.625,0.0,1.0,0.9375,0.0,1.0,1.0,1.0,1.0,171.4338774380634,121.86010078369692,9.3113811,1.8090372027657837,16,104.1666667,0.3891524529308616,0.3113540899885509,1,16,0.2546529319162602,1.0
s1_run3,1341,zidovudine,0.022514985000635424,0.5395929542352715,0.32477425953342487,0.32477425953342487,0.3487409307915584,0.3487409307915584,-0.06967260000000008,0.8823529411764706,1.0,1.0,0.9411764705882353,1.0,1.0,1.0,1.0,1.0,1.0,1.0,1.0,2.0883092929601093,2.6593549164948067,1.224554889,1.5337163611203626,17,8.0175991,0.21378576267634214,0.2278952929536036,2,17,0.14355350229827996,2.0
h1_run0,52,alprazolam,-0.3661878208035571,0.3661878208035571,-0.4523983633463653,0.4523983633463653,-0.4293761021603377,0.4293761021603377,0.0,1.0,1.0,1.0,1.0,1.0,1.0,1.0,1.0,1.0,1.0,1.0,1.0,0.254573200464216,0.18904169224780334,0.022606383,0.016521352744260694,14,36.0,0.1175531946768285,0.15714399921235397,1,14,0.11453754326879528,1.0
h1_run0,172,bufuralol,0.27122646480335894,0.5461922265613103,-0.4836050624816183,0.4836050624816183,0.2262980610812433,0.2262980610812433,0.0,0.8333333333333334,1.0,1.0,0.9166666666666666,1.0,1.0,1.0,1.0,1.0,1.0,1.0,1.0,0.5471630593866508,0.6400873930060554,0.1437539797,0.10281115703493149,12,11.92053727,0.23714778922502908,0.28030443891240026,1,12,0.1781890951933833,1.0
h1_run0,177,buprenorphine,0.22917671932438952,1.1031184602206296,-2.719193781263471,2.719193781263471,0.6370630476037593,0.6370630476037593,0.0,0.47058823529411764,0.0,1.0,0.7647058823529411,0.0,1.0,0.9411764705882353,0.0,1.0,1.0,1.0,1.0,0.014715862756878443,0.022885521606883213,0.0376450345,0.005716744825097658,17,10.015224,0.393049517536542,0.400235840242391,1,17,0.1919778041057388,1.0
h1_run0,184,caffeine,-1.672430719298814,1.672430719298814,-0.6776646179113933,0.6776646179113933,-1.846238146517968,1.846238146517968,-0.18925379999999997,0.5333333333333333,1.0,0.0,0.6,1.0,0.0,0.6666666666666666,1.0,1.0,0.8666666666666667,1.0,1.0,50.74318919440893,14.112524139072217,10.2637363,6.41664641511461,15,15.0,0.6077063544296228,0.8676364068915574,1,15,0.5750341307760155,1.0
h1_run0,295,clarithromycin,-0.9241495711819847,0.9241495711819847,-1.104272507253118,1.104272507253118,-0.8439171654308365,0.8439171654308365,0.0,0.6363636363636364,0.0,1.0,0.9090909090909091,1.0,1.0,1.0,1.0,1.0,1.0,1.0,1.0,7.701858391247965,4.2909272226754505,2.7763496,1.2913828182078224,11,14.0940325,0.30036939170738325,0.2939716190971091,1,11,0.16172083999315498,1.0
h1_run0,308,clozapine,0.13890427890679455,1.1505094473255417,-2.8989357758031224,2.8989357758031224,1.1373237293005316,1.1373237293005316,0.0,0.46153846153846156,0.0,0.0,0.6923076923076923,0.0,1.0,0.8461538461538461,0.0,1.0,1.0,1.0,1.0,0.5500453545747218,1.2099489819671452,0.5216177963,0.06993358242143882,13,24.0641711,0.43710447445873496,0.5522650203352433,1,13,0.22306268741014768,1.0
h1_run0,323,crizotinib,2.1104819475297822,2.2524781765842197,0.5883030153933987,0.5883030153933987,3.3392367668010325,3.3392367668010325,142.2,0.14285714285714285,1.0,0.0,0.2857142857142857,1.0,0.0,0.7857142857142857,1.0,0.0,0.8571428571428571,1.0,0.0,0.9967098838586336,10.087398884008403,0.15942480699999997,0.23969156668606276,14,144.2571429,0.8508682344355497,1.2188812398378446,1,14,0.4059782762975155,1.0
h1_run0,332,dabigatran,-0.2856376127603855,0.5898820211701314,-0.3533386090171872,0.3533386090171872,0.144043908846277,0.144043908846277,0.0,0.8888888888888888,1.0,1.0,0.8888888888888888,1.0,1.0,0.9444444444444444,1.0,1.0,1.0,1.0,1.0,0.3089290698071213,0.3413660398764819,0.1720203393,0.13465245626537034,18,6.0230326,0.29850662292851193,0.1443379572428894,1,18,0.34441576348832936,1.0
h1_run0,366,desipramine,0.7914877545210439,1.1877701337219813,0.5570799087586161,0.5570799087586161,0.9510647087810796,0.9510647087810796,0.7575758,0.3333333333333333,1.0,1.0,0.9166666666666666,1.0,1.0,0.9166666666666666,1.0,1.0,1.0,1.0,1.0,0.22006510473871538,0.42545162621347377,0.0182833469,0.026900073210369968,12,48.7012987,0.3876274391443392,0.26039208243922163,1,12,0.35439198859821525,1.0
h1_run0,394,digoxin,-0.4488201994473192,0.5539278042912403,0.07350449547870196,0.07350449547870196,-0.31363726671045644,0.31363726671045644,0.0,0.8125,1.0,1.0,0.875,1.0,1.0,1.0,1.0,1.0,1.0,1.0,1.0,0.020127290211065848,0.016194631995081206,0.008280167494,0.008712969221267942,16,8.0521739,0.2527875441483609,0.31860050525363093,1,16,0.30820518175736406,1.0
h1_run0,413,docetaxel,2.2696920430808913,2.571132447396327,-2.4781609148309816,2.4781609148309816,0.8128685328586833,0.8128685328586833,0.44642859999999995,0.15,0.0,1.0,0.25,0.0,1.0,0.4166666666666667,0.0,1.0,0.65,1.0,1.0,2.7107492448853554,4.761975496998431,4.3087272,0.7733003893993798,60,25.1339286,0.8556272224690236,0.7949902398828244,1,60,0.33141597318180754,1.0
h1_run0,471,erythromycin,-1.9437559940214562,1.9437559940214562,-2.0088958599277156,2.0088958599277156,-1.817004183807613,1.817004183807613,0.0,0.0,0.0,0.0,0.375,0.0,0.0,0.75,1.0,1.0,0.875,1.0,1.0,32.282514771018896,9.162090912751884,7.521071200000001,1.8687094768224388,8,24.2332407,0.6258228519752692,0.7749543458555179,1,8,0.3958953279835509,1.0
h1_run0,488,etoricoxib,0.31120245243171024,0.9214010742665235,0.038001857298370446,0.038001857298370446,0.8927067554361012,0.8927067554361012,0.0,0.7777777777777778,1.0,1.0,0.8888888888888888,1.0,1.0,0.8888888888888888,1.0,1.0,0.9444444444444444,1.0,1.0,6.773188953653525,12.57548380135767,0.4528159333,0.46490198336020927,18,120.1395275,0.5062472426769127,0.7353339007384455,1,18,0.26583276725649624,1.0
h1_run0,637,imipramine,0.44817985640383884,0.5731524275385689,0.3016866928124529,0.3016866928124529,0.43000196404706625,0.43000196404706625,0.0,0.8888888888888888,1.0,1.0,0.8888888888888888,1.0,1.0,1.0,1.0,1.0,1.0,1.0,1.0,0.7281455970623832,0.9809835326936175,0.07719373084999999,0.09514780528783075,9,71.1702225,0.2166539222954113,0.23815358002684406,1,9,0.11987450864723342,1.0
h1_run0,674,itraconazole,0.2086869709666485,1.3175971922762673,0.37652906433654953,0.37652906433654953,0.6165262894226877,0.6165262894226877,0.0,0.42857142857142855,1.0,1.0,0.7857142857142857,1.0,1.0,0.7857142857142857,1.0,1.0,0.9285714285714286,1.0,1.0,4.150849720506162,6.363996270645338,0.6176304512,0.8018169681356633,14,96.1674919,0.5112487602937928,0.6281580899745881,1,14,0.2559068371216223,1.0
h1_run0,703,lansoprazole,1.829832180719207,1.9353626853170822,-0.6441827050766402,0.6441827050766402,2.262686393435533,2.262686393435533,-0.05542730000000001,0.47058823529411764,1.0,0.0,0.5294117647058824,1.0,0.0,0.7058823529411765,1.0,1.0,0.7647058823529411,1.0,1.0,0.5117131351179542,2.455630620534423,0.6484342762,0.41490402375091656,17,10.0046189,0.8108712603327494,1.3252340810702257,1,17,0.32568241396286113,1.0
h1_run0,739,lorazepam,0.16455690712117169,0.36976443684858606,-0.762411887361281,0.762411887361281,0.1621751388002552,0.1621751388002552,-0.1002012,1.0,1.0,1.0,1.0,1.0,1.0,1.0,1.0,1.0,1.0,1.0,1.0,0.40043145682016623,0.4480719615871554,0.0573052854,0.03378203695403022,20,36.0387728,0.12169935281743721,0.08296829537196178,1,20,0.11375078513033568,1.0
h1_run0,781,metformin,0.027320916205159085,0.36444795219409354,-0.8805364331009867,0.8805364331009867,-0.04309360009385163,0.04309360009385163,0.0,1.0,1.0,1.0,1.0,1.0,1.0,1.0,1.0,1.0,1.0,1.0,1.0,13.189963868584305,12.801802995336653,15.168519700000001,8.239015526656754,16,10.0631579,0.12634018217180515,0.09497527540494656,1,16,0.05166846785329862,1.0
h1_run0,787,methotrexate,-3.2122040207305202,3.2122040207305202,-1.1717676529194472,1.1717676529194472,-1.7037906566764633,1.7037906566764633,0.0,0.18181818181818182,0.0,0.0,0.45454545454545453,1.0,0.0,0.5454545454545454,1.0,1.0,0.6363636363636364,1.0,1.0,20.47419572343811,6.285137115553273,6.316439228999999,2.8037230406835287,11,47.7628032,1.1902975571127279,1.5170784494923182,1,11,0.49963059182329295,1.0
h1_run0,800,metoprolol,0.878303187853181,0.878303187853181,0.14174625328021223,0.14174625328021223,1.031364633133904,1.031364633133904,0.0,0.3333333333333333,1.0,0.0,1.0,1.0,1.0,1.0,1.0,1.0,1.0,1.0,1.0,0.24560395936420584,0.5020038579988211,0.1197309591,0.13209194511891653,9,7.9054946,0.2810256896987223,0.31687549730668807,1,9,0.29870877098744714,1.0
h1_run0,811,midazolam,0.835203532212353,1.2102063825207425,-0.903680977406358,0.903680977406358,0.9944402659854895,0.9944402659854895,0.0,0.5384615384615384,1.0,1.0,0.6923076923076923,1.0,1.0,0.7692307692307693,1.0,1.0,1.0,1.0,1.0,0.37447824625770515,0.7460757827080912,0.29451071489999997,0.1574222151451703,13,8.0265859,0.4659192908440289,0.6106414277343334,1,13,0.276722179028468,1.0
h1_run0,832,montelukast,-2.440004887832224,4.009420338078558,-2.5405228439961474,2.5405228439961474,-2.664248455842127,2.664248455842127,-0.09469699999999999,0.0,0.0,0.0,0.0,0.0,0.0,0.26666666666666666,0.0,0.0,0.5333333333333333,1.0,1.0,3.839306190379591,0.605667190242942,2.132955034,0.3666132181013899,15,24.0056818,1.430782566004637,1.5072630746374918,1,15,0.33211590610629255,1.0
h1_run0,875,nifedipine,0.3030404135179929,0.354965553037022,-0.3427696179301917,0.3427696179301917,0.3112765622441463,0.3112765622441463,0.0,1.0,1.0,1.0,1.0,1.0,1.0,1.0,1.0,1.0,1.0,1.0,1.0,0.05898050107331079,0.07318330860858312,0.0476470588,0.03757094862744974,15,6.0015407,0.12116303470312864,0.11418066763320706,1,15,0.09957223766278268,1.0
h1_run0,907,ondansetron,-0.48285785922205243,0.5451740124047744,-0.2926507587924231,0.2926507587924231,-0.4994959744792578,0.4994959744792578,0.0,0.88,1.0,1.0,0.96,1.0,1.0,1.0,1.0,1.0,1.0,1.0,1.0,0.41813582166913305,0.2957699882585586,0.0762296104,0.0622339036990396,25,24.1352048,0.17606036102997924,0.19913530803091042,3,25,0.1341055987278121,3.0
h1_run0,938,paroxetine,2.3510679927022737,2.3510679927022737,0.4697832237083731,0.4697832237083731,2.6450348284559784,2.6450348284559784,0.3077496,0.05263157894736842,1.0,0.0,0.15789473684210525,1.0,0.0,0.2631578947368421,1.0,0.0,1.0,1.0,1.0,0.2828853345142974,1.7694783612409553,0.0618727473,0.08568765189139554,19,48.1057269,0.7373633297575186,0.807142909972343,1,19,0.5602232575763072,1.0
h1_run0,963,phenacetin,1.7193522710564326,1.7193522710564326,0.6106084935532761,0.6106084935532761,1.707836838042562,1.707836838042562,0.0,0.125,1.0,0.0,0.25,1.0,0.0,0.875,1.0,1.0,1.0,1.0,1.0,2.7213263832731838,8.889774570049555,3.0408374,4.643064002834733,8,4.0,0.5522944999741258,0.6085448766611424,1,8,0.4213887960058709,1.0
h1_run0,967,phenobarbital,-1.3436440770140168,1.3560822835696826,-0.009657185435779049,0.009657185435779049,-1.7577862677345386,1.7577862677345386,0.0,0.5454545454545454,1.0,0.0,0.6363636363636364,1.0,0.0,0.7272727272727273,1.0,1.0,0.8181818181818182,1.0,1.0,37.540425208462935,11.1007620864385,4.6355674,4.604641226261646,11,12.0574059,0.6090960219630377,0.8635295257695131,1,11,,
h1_run0,973,phenytoin,-1.5103395969354487,1.5103395969354487,-0.6088961445116329,0.6088961445116329,-1.8895565029049963,1.8895565029049963,0.0,0.6,1.0,0.0,0.6666666666666666,1.0,0.0,0.7333333333333333,1.0,1.0,0.8,1.0,1.0,158.74480934462585,42.84363864652294,12.8070086,8.397532579215044,15,71.7333333,0.7898387529059705,0.8439746313538665,2,14,1.918365093693889,2.0
h1_run0,1001,posaconazole,-1.1350911973947586,1.9709417314568691,0.8342073478465589,0.8342073478465589,-0.6496881872410033,0.6496881872410033,0.609375,0.5,1.0,1.0,0.6666666666666666,1.0,1.0,0.6666666666666666,1.0,1.0,0.8333333333333334,1.0,1.0,7.762516750876694,4.947968409202707,1.407604015,2.5095851233911692,6,12.0281251,0.7858867800022219,0.9125283818833066,1,6,1.6447131478030288,1.0
h1_run0,1009,pravastatin,0.9687967304129987,0.9923400052809526,-0.09417309947181497,0.09417309947181497,1.0301872062416344,1.0301872062416344,0.0,0.375,1.0,0.0,1.0,1.0,1.0,1.0,1.0,1.0,1.0,1.0,1.0,0.12122247080319816,0.2475713483364971,0.453551388,0.4248910397412792,8,3.004386,0.328138707251461,0.35325178560454573,1,8,0.1630289427926476,1.0
h1_run0,1018,probenecid,-2.7614335571922197,2.7614335571922197,-1.0965643108849745,1.0965643108849745,-2.321662363859499,2.321662363859499,0.0,0.0,0.0,0.0,0.2857142857142857,1.0,0.0,0.42857142857142855,1.0,1.0,0.5714285714285714,1.0,1.0,1945.3443060381455,389.1405306787069,324.0866189,151.55223665964894,7,12.1084296,0.8965645687057796,0.9229468101174108,1,7,1.706737823001511,1.0
h1_run0,1041,quinidine,-0.5132671274412757,0.5132671274412757,-0.11830117459549869,0.11830117459549869,-0.5220236673704868,0.5220236673704868,0.0,0.9444444444444444,1.0,1.0,1.0,1.0,1.0,1.0,1.0,1.0,1.0,1.0,1.0,20.740280773015634,14.443413640750462,2.120436695,1.953498621880513,18,30.0,0.16974124359095216,0.16931263737255256,1,18,0.12433012073934352,1.0
h1_run0,1094,rosiglitazone,-0.24367910253273678,0.4700166870779969,-0.9568663216398011,0.9568663216398011,-0.23417595272267439,0.23417595272267439,-0.5825302,0.8888888888888888,1.0,1.0,1.0,1.0,1.0,1.0,1.0,1.0,1.0,1.0,1.0,0.7188448946114305,0.6111406990243103,0.1438160644,0.07409039927893617,9,21.3592233,0.17216476916329607,0.13856088325798002,1,9,0.13056715682444542,1.0
h1_run0,1095,rosuvastatin,-0.029519741421526424,2.5270704038832785,1.5776666312611565,1.5776666312611565,1.6619888349668588,1.6619888349668588,1.0781671,0.18421052631578946,0.0,0.0,0.3684210526315789,1.0,0.0,0.6578947368421053,1.0,1.0,0.8947368421052632,1.0,1.0,0.1502357232508874,0.47542465920638494,0.0380556987,0.11359119780124367,38,53.9083558,1.0975425845850348,2.127721273100166,1,38,0.4359653745252076,1.0
h1_run0,1197,tenofovir,-0.7245667707689317,0.9160970503173246,-0.5537987988350294,0.5537987988350294,-0.2585687487430856,0.2585687487430856,0.0,0.7272727272727273,1.0,1.0,0.8181818181818182,1.0,1.0,0.9090909090909091,1.0,1.0,0.9090909090909091,1.0,1.0,14.934893124565443,12.484327984247043,10.1276014,6.899165293832796,11,24.0326136,0.5153237755821852,0.8717154904757061,1,11,0.23168761268363852,1.0
h1_run0,1245,tolbutamide,-0.3437416380368425,0.6953665605461463,-1.2838228644280474,1.2838228644280474,-0.46141984906982925,0.46141984906982925,0.49817980000000006,0.8571428571428571,0.0,1.0,0.9285714285714286,1.0,1.0,1.0,1.0,1.0,1.0,1.0,1.0,1520.694467619264,1104.436499474643,258.6528094,106.23020232205303,14,36.2214984,0.2535168613602478,0.1891009371983142,1,14,0.12971796601212712,1.0
h1_run0,1293,valsartan,-2.0938031011841507,2.1144088545474276,-4.08072598368172,4.08072598368172,-1.8805704703906603,1.8805704703906603,0.0,0.25,0.0,0.0,0.3333333333333333,0.0,0.0,0.5,0.0,1.0,0.75,0.0,1.0,24.503815553595214,6.654655752833024,16.3876281,0.9684900747672641,12,10.0987013,0.7489540820566107,0.47708945709949463,1,12,0.4666856465881707,1.0
h1_run0,1300,verapamil,0.8289486304629826,0.9252498886455743,-0.7201732220742384,0.7201732220742384,0.988556616654222,0.988556616654222,0.0,0.6,1.0,1.0,0.8,1.0,1.0,1.0,1.0,1.0,1.0,1.0,1.0,0.16347496291317132,0.32436683374142344,0.1105149674,0.06708529872552887,30,16.0,0.323008274369796,0.39834530561524106,1,30,0.19296734804958818,1.0
h1_run0,1319,voriconazole,0.8317199265901524,1.3630219564720338,-0.1706723316229587,0.1706723316229587,1.0888898475643796,1.0888898475643796,0.7460123000000001,0.3125,1.0,0.0,0.5625,1.0,1.0,1.0,1.0,1.0,1.0,1.0,1.0,5.999341809232273,12.76121754853933,2.2311450049999997,1.9822129327107758,16,24.0588957,0.45813970198673926,0.4797694946910542,1,16,0.25177451030377834,1.0
h1_run0,1323,warfarin,-2.9931024171171265,3.116512184000825,-2.3818555380080504,2.3818555380080504,-2.843377160347819,2.843377160347819,0.0,0.125,0.0,0.0,0.125,0.0,0.0,0.25,0.0,0.0,0.5625,1.0,1.0,171.4338774380634,23.88662732037842,9.3113811,1.7865046038142496,16,104.1666667,1.0422858089016527,1.1178379716204658,1,16,0.6820492460795886,1.0
h1_run0,1341,zidovudine,1.254485166486003,1.254485166486003,0.9133369834704663,0.9133369834704663,1.2740310742701573,1.2740310742701573,-0.06967260000000008,0.4117647058823529,1.0,0.0,0.7058823529411765,1.0,1.0,1.0,1.0,1.0,1.0,1.0,1.0,2.0883092929601093,5.050290846215481,1.224554889,2.306322759265932,17,8.0175991,0.39914688967267786,0.41469127587203475,2,17,0.27095266882102903,2.0
h1_run0_noCLr,52,alprazolam,-0.2382576432010274,0.2382576432010274,-0.4472467230319143,0.4472467230319143,-0.22348985105757818,0.22348985105757818,0.0,1.0,1.0,1.0,1.0,1.0,1.0,1.0,1.0,1.0,1.0,1.0,1.0,0.254573200464216,0.21803967880724834,0.022606383,0.01658045339024993,14,36.0,0.07696703149870392,0.06585276267496477,1,14,0.07499255741019192,1.0
h1_run0_noCLr,172,bufuralol,0.278786906589838,0.550975121577557,-0.48074947838916077,0.48074947838916077,0.23556662841476195,0.23556662841476195,0.0,0.8333333333333334,1.0,1.0,0.9166666666666666,1.0,1.0,1.0,1.0,1.0,1.0,1.0,1.0,0.5471630593866508,0.6442128603067004,0.1437539797,0.10301485680598113,12,11.92053727,0.23982786873814158,0.28390902699548337,1,12,0.18020286451861484,1.0
h1_run0_noCLr,177,buprenorphine,0.24045563764667174,1.1138555658202078,-2.719149867787038,2.719149867787038,0.65305055561149,0.65305055561149,0.0,0.47058823529411764,0.0,1.0,0.7647058823529411,0.0,1.0,0.9411764705882353,0.0,1.0,1.0,1.0,1.0,0.014715862756878443,0.02314054242422065,0.0376450345,0.005716918836896929,17,10.015224,0.3963791821925903,0.40710816447745357,1,17,0.19360411753587095,1.0
h1_run0_noCLr,184,caffeine,-1.6695098920023903,1.6695098920023903,-0.6775607003594863,0.6775607003594863,-1.8436592300522479,1.8436592300522479,-0.18925379999999997,0.5333333333333333,1.0,0.0,0.6,1.0,0.0,0.6666666666666666,1.0,1.0,0.8666666666666667,1.0,1.0,50.74318919440893,14.137773806211706,10.2637363,6.417108623816741,15,15.0,0.6065059533892326,0.8658374636262217,1,15,0.5738982671079594,1.0
h1_run0_noCLr,295,clarithromycin,-0.6095098701792697,0.6735839968088025,-1.0715923848925168,1.0715923848925168,-0.6143663509389998,0.6143663509389998,0.0,0.8181818181818182,0.0,1.0,0.9090909090909091,1.0,1.0,1.0,1.0,1.0,1.0,1.0,1.0,7.701858391247965,5.03098276261006,2.7763496,1.320969228293115,11,14.0940325,0.23208742168429078,0.1802593346336815,1,11,0.12495738188661279,1.0
h1_run0_noCLr,308,clozapine,0.14022309285795062,1.1514689639576137,-2.898637844211969,2.898637844211969,1.139980312586569,1.139980312586569,0.0,0.46153846153846156,0.0,0.0,0.6923076923076923,0.0,1.0,0.8461538461538461,0.0,1.0,1.0,1.0,1.0,0.5500453545747218,1.212179038498589,0.5216177963,0.06994802592779994,13,24.0641711,0.43748196052457705,0.5532426098450394,1,13,0.22325532569510434,1.0
h1_run0_noCLr,323,crizotinib,2.2123683482063425,2.350014745904599,0.37029328183468635,0.37029328183468635,3.2829565678171604,3.2829565678171604,142.2,0.14285714285714285,1.0,0.0,0.2857142857142857,1.0,0.0,0.5,1.0,0.0,0.8571428571428571,1.0,1.0,0.9967098838586336,9.701461540220832,0.15942480699999997,0.20607498880697844,14,144.2571429,0.8643954485269908,1.2222435120950925,1,14,0.41243257184845217,1.0
h1_run0_noCLr,332,dabigatran,0.07888016169135538,0.7634996872739144,-0.2694599902350074,0.2694599902350074,0.7658018055447019,0.7658018055447019,0.0,0.6666666666666666,1.0,1.0,0.8888888888888888,1.0,1.0,0.9444444444444444,1.0,1.0,1.0,1.0,1.0,0.3089290698071213,0.5252766443254391,0.1720203393,0.14271323811936476,18,6.0230326,0.30130246162953755,0.316860127547547,1,18,0.34764159114788706,1.0
h1_run0_noCLr,366,desipramine,0.8365808289052171,1.2338546281896365,0.5610061704810594,0.5610061704810594,1.0238307908297395,1.0238307908297395,0.7575758,0.25,1.0,0.0,0.9166666666666666,1.0,1.0,0.9166666666666666,1.0,1.0,1.0,1.0,1.0,0.22006510473871538,0.4474607656016797,0.0182833469,0.02697338085474567,12,48.7012987,0.3963096901872482,0.2868504504345559,1,12,0.36232981730146063,1.0
h1_run0_noCLr,394,digoxin,0.4538459468185429,0.46778057662185457,0.20301997709219827,0.20301997709219827,0.47104249006558846,0.47104249006558846,0.0,1.0,1.0,1.0,1.0,1.0,1.0,1.0,1.0,1.0,1.0,1.0,1.0,0.020127290211065848,0.027898652496668244,0.008280167494,0.009531345769029033,16,8.0521739,0.15260457583713904,0.140319702924245,1,16,0.18605948798366004,1.0
h1_run0_noCLr,413,docetaxel,2.348029502406997,2.6462945722857762,-2.4695669385891037,2.4695669385891037,0.8895357287243462,0.8895357287243462,0.44642859999999995,0.13333333333333333,0.0,1.0,0.25,0.0,1.0,0.4,0.0,1.0,0.6333333333333333,1.0,1.0,2.7107492448853554,5.02187943550272,4.3087272,0.7779206024559796,60,25.1339286,0.8755076532532947,0.8289122105432126,1,60,0.3391163970844392,1.0
h1_run0_noCLr,471,erythromycin,-1.7880529472118885,1.7880529472118885,-2.0023932185568736,2.0023932185568736,-1.7028703377419672,1.7028703377419672,0.0,0.0,0.0,0.0,0.5,0.0,0.0,0.75,1.0,1.0,1.0,1.0,1.0,32.282514771018896,9.916360529066909,7.521071200000001,1.877151298315619,8,24.2332407,0.5733621451908387,0.7015065945213574,1,8,0.36270870232244173,1.0
h1_run0_noCLr,488,etoricoxib,0.31120245243171024,0.9214010742665235,0.038001857298370446,0.038001857298370446,0.8927067554361012,0.8927067554361012,0.0,0.7777777777777778,1.0,1.0,0.8888888888888888,1.0,1.0,0.8888888888888888,1.0,1.0,0.9444444444444444,1.0,1.0,6.773188953653525,12.57548380135767,0.4528159333,0.46490198336020927,18,120.1395275,0.5062472426769127,0.7353339007384455,1,18,0.26583276725649624,1.0
h1_run0_noCLr,637,imipramine,0.45741338611711124,0.5751976565366721,0.30380877505255505,0.30380877505255505,0.4377150583024373,0.4377150583024373,0.0,0.8888888888888888,1.0,1.0,0.8888888888888888,1.0,1.0,1.0,1.0,1.0,1.0,1.0,1.0,0.7281455970623832,0.9862422190664044,0.07719373084999999,0.09528786263344488,9,71.1702225,0.21788306395805654,0.23867080023181955,1,9,0.1205545921246354,1.0
h1_run0_noCLr,674,itraconazole,0.2086869709666485,1.3175971922762673,0.37652906433654953,0.37652906433654953,0.6165262894226877,0.6165262894226877,0.0,0.42857142857142855,1.0,1.0,0.7857142857142857,1.0,1.0,0.7857142857142857,1.0,1.0,0.9285714285714286,1.0,1.0,4.150849720506162,6.363996270645338,0.6176304512,0.8018169681356633,14,96.1674919,0.5112487602937928,0.6281580899745881,1,14,0.2559068371216223,1.0
h1_run0_noCLr,703,lansoprazole,1.829832180719207,1.9353626853170822,-0.6441827050766402,0.6441827050766402,2.262686393435533,2.262686393435533,-0.05542730000000001,0.47058823529411764,1.0,0.0,0.5294117647058824,1.0,0.0,0.7058823529411765,1.0,1.0,0.7647058823529411,1.0,1.0,0.5117131351179542,2.455630620534423,0.6484342762,0.41490402375091656,17,10.0046189,0.8108712603327494,1.3252340810702257,1,17,0.32568241396286113,1.0
h1_run0_noCLr,739,lorazepam,0.16755753414373592,0.3699946139442878,-0.7623910656985099,0.7623910656985099,0.1680924570916349,0.1680924570916349,-0.1002012,1.0,1.0,1.0,1.0,1.0,1.0,1.0,1.0,1.0,1.0,1.0,1.0,0.40043145682016623,0.4499135353107522,0.0573052854,0.03378252451601467,20,36.0387728,0.1217500668701179,0.08211746966382939,1,20,0.11379818688865254,1.0
h1_run0_noCLr,781,metformin,2.5740767332787615,2.7897056222869034,-0.826238686402075,0.826238686402075,2.2301387248163906,2.2301387248163906,0.0,0.3125,1.0,0.0,0.375,1.0,0.0,0.5,1.0,1.0,0.5625,1.0,1.0,13.189963868584305,61.88455274596217,15.168519700000001,8.555010989369425,16,10.0631579,1.0453562022563496,1.2399277731613458,1,16,0.42751207417193493,1.0
h1_run0_noCLr,787,methotrexate,-0.27591767879164714,0.29880382207287604,-0.9612030277246162,0.9612030277246162,-0.17094705018632886,0.17094705018632886,0.0,1.0,1.0,1.0,1.0,1.0,1.0,1.0,1.0,1.0,1.0,1.0,1.0,20.47419572343811,18.186396730019407,6.316439228999999,3.244302781135293,11,47.7628032,0.11939749563134854,0.08055586577159843,1,11,0.05011741900001234,1.0
h1_run0_noCLr,800,metoprolol,1.0353369752398982,1.0353369752398982,0.13893133040922223,0.13893133040922223,1.2045539630376139,1.2045539630376139,0.0,0.3333333333333333,1.0,0.0,1.0,1.0,1.0,1.0,1.0,1.0,1.0,1.0,1.0,0.24560395936420584,0.5660336341011629,0.1197309591,0.13183446442142976,9,7.9054946,0.33672268943009187,0.38427240861797757,1,9,0.3579104132119772,1.0
h1_run0_noCLr,811,midazolam,0.8405723930224843,1.2151287249831102,-0.9033982335222017,0.9033982335222017,1.001709384679865,1.001709384679865,0.0,0.5384615384615384,1.0,0.0,0.6923076923076923,1.0,1.0,0.7692307692307693,1.0,1.0,1.0,1.0,1.0,0.37447824625770515,0.749844423419559,0.29451071489999997,0.15745307026645855,13,8.0265859,0.4679893434388476,0.613518702264882,1,13,0.277951639744087,1.0
h1_run0_noCLr,832,montelukast,-2.439868301558178,4.009284166728466,-2.540519732066485,2.540519732066485,-2.6641846283479613,2.6641846283479613,-0.09469699999999999,0.0,0.0,0.0,0.0,0.0,0.0,0.26666666666666666,0.0,0.0,0.5333333333333333,1.0,1.0,3.839306190379591,0.6056939866712404,2.132955034,0.3666140088962191,15,24.0056818,1.4307394895743408,1.507170602482883,1,15,0.33210590712530164,1.0
h1_run0_noCLr,875,nifedipine,0.3046561922656831,0.3565342254360431,-0.34264046290056044,0.34264046290056044,0.31274191570549176,0.31274191570549176,0.0,1.0,1.0,1.0,1.0,1.0,1.0,1.0,1.0,1.0,1.0,1.0,1.0,0.05898050107331079,0.07325767906929948,0.0476470588,0.0375743122587491,15,6.0015407,0.12156603891770316,0.1147043850643578,1,15,0.09990342804218377,1.0
h1_run0_noCLr,907,ondansetron,-0.37472722934992747,0.4800442081569189,-0.2692153006470038,0.2692153006470038,-0.42097853287471226,0.42097853287471226,0.0,0.92,1.0,1.0,1.0,1.0,1.0,1.0,1.0,1.0,1.0,1.0,1.0,0.41813582166913305,0.31231310580117894,0.0762296104,0.06325310064942026,25,24.1352048,0.1592561715421514,0.1816702960977993,3,25,0.11969515461372726,3.0
h1_run0_noCLr,938,paroxetine,2.3820752614078997,2.3820752614078997,0.47153735006154646,0.47153735006154646,2.698959648801229,2.698959648801229,0.3077496,0.05263157894736842,1.0,0.0,0.15789473684210525,1.0,0.0,0.21052631578947367,1.0,0.0,1.0,1.0,1.0,0.2828853345142974,1.8368692523904424,0.0618727473,0.08579190010588546,19,48.1057269,0.7474852376868015,0.8287202402228496,1,19,0.5679135345458645,1.0
h1_run0_noCLr,963,phenacetin,1.7193522710564326,1.7193522710564326,0.6106084935532761,0.6106084935532761,1.707836838042562,1.707836838042562,0.0,0.125,1.0,0.0,0.25,1.0,0.0,0.875,1.0,1.0,1.0,1.0,1.0,2.7213263832731838,8.889774570049555,3.0408374,4.643064002834733,8,4.0,0.5522944999741258,0.6085448766611424,1,8,0.4213887960058709,1.0
h1_run0_noCLr,967,phenobarbital,-1.330893287155036,1.3443615917615475,-0.008321772137973412,0.008321772137973412,-1.745820289924946,1.745820289924946,0.0,0.5454545454545454,1.0,0.0,0.6363636363636364,1.0,0.0,0.7272727272727273,1.0,1.0,0.8181818181818182,1.0,1.0,37.540425208462935,11.19321673519821,4.6355674,4.608905430233315,11,12.0574059,0.60418035663998,0.8566640343532484,1,11,,
h1_run0_noCLr,973,phenytoin,-1.5093915551107673,1.5093915551107673,-0.6085273264785878,0.6085273264785878,-1.8863838886350535,1.8863838886350535,0.0,0.6,1.0,0.0,0.6666666666666666,1.0,0.0,0.7333333333333333,1.0,1.0,0.8,1.0,1.0,158.74480934462585,42.937959277106906,12.8070086,8.399679642372151,15,71.7333333,0.7872063240541752,0.8411653418691338,2,14,1.911970692835504,2.0
h1_run0_noCLr,1001,posaconazole,-1.1350911973947586,1.9709417314568691,0.8342073478465589,0.8342073478465589,-0.6496881872410033,0.6496881872410033,0.609375,0.5,1.0,1.0,0.6666666666666666,1.0,1.0,0.6666666666666666,1.0,1.0,0.8333333333333334,1.0,1.0,7.762516750876694,4.947968409202707,1.407604015,2.5095851233911692,6,12.0281251,0.7858867800022219,0.9125283818833066,1,6,1.6447131478030288,1.0
h1_run0_noCLr,1009,pravastatin,3.140330557177818,3.140330557177818,0.2402649974884338,0.2402649974884338,3.085228160643772,3.085228160643772,0.0,0.125,1.0,0.0,0.25,1.0,0.0,0.375,1.0,0.0,0.5,1.0,1.0,0.12122247080319816,1.0287962002041107,0.453551388,0.5357392575706842,8,3.004386,1.0850406536312882,1.2911072565603705,1,8,0.5390800498064822,1.0
h1_run0_noCLr,1018,probenecid,-2.718208577918504,2.718208577918504,-1.0908712855537748,1.0908712855537748,-2.2932342671437347,2.2932342671437347,0.0,0.0,0.0,0.0,0.2857142857142857,1.0,0.0,0.42857142857142855,1.0,1.0,0.5714285714285714,1.0,1.0,1945.3443060381455,396.8845351175279,324.0866189,152.1514591358911,7,12.1084296,0.8817882815833519,0.9077202780086051,1,7,1.6786090646324596,1.0
h1_run0_noCLr,1041,quinidine,-0.2476651958957911,0.34022169025488097,-0.0835561995602673,0.0835561995602673,-0.23327975453351343,0.23327975453351343,0.12578619999999985,0.9444444444444444,1.0,1.0,1.0,1.0,1.0,1.0,1.0,1.0,1.0,1.0,1.0,20.740280773015634,17.643731003114304,2.120436695,2.0011165735188716,18,30.0,0.12621674494102433,0.08071750047636903,1,18,0.09244979479271914,1.0
h1_run0_noCLr,1094,rosiglitazone,-0.24367910253273678,0.4700166870779969,-0.9568663216398011,0.9568663216398011,-0.23417595272267439,0.23417595272267439,-0.5825302,0.8888888888888888,1.0,1.0,1.0,1.0,1.0,1.0,1.0,1.0,1.0,1.0,1.0,0.7188448946114305,0.6111406990243103,0.1438160644,0.07409039927893617,9,21.3592233,0.17216476916329607,0.13856088325798002,1,9,0.13056715682444542,1.0
h1_run0_noCLr,1095,rosuvastatin,5.66602459437613,5.66602459437613,3.1371070891103052,3.1371070891103052,5.1460044435837125,5.1460044435837125,1.2938005000000001,0.0,0.0,0.0,0.02631578947368421,0.0,0.0,0.07894736842105263,0.0,0.0,0.21052631578947367,1.0,0.0,0.1502357232508874,5.319550148239536,0.0380556987,0.33479813755795995,38,53.9083558,1.8218850085431948,2.241763061834665,1,38,0.7236883481762126,1.0
h1_run0_noCLr,1197,tenofovir,-0.7245667707689317,0.9160970503173246,-0.5537987988350294,0.5537987988350294,-0.2585687487430856,0.2585687487430856,0.0,0.7272727272727273,1.0,1.0,0.8181818181818182,1.0,1.0,0.9090909090909091,1.0,1.0,0.9090909090909091,1.0,1.0,14.934893124565443,12.484327984247043,10.1276014,6.899165293832796,11,24.0326136,0.5153237755821852,0.8717154904757061,1,11,0.23168761268363852,1.0
h1_run0_noCLr,1245,tolbutamide,-0.34198818076529264,0.6958039193257578,-1.2837320508904755,1.2837320508904755,-0.4598239340480122,0.4598239340480122,0.49817980000000006,0.8571428571428571,0.0,1.0,0.9285714285714286,1.0,1.0,1.0,1.0,1.0,1.0,1.0,1.0,1520.694467619264,1105.6589075373513,258.6528094,106.23688942073485,14,36.2214984,0.2536898042284315,0.1895562938685284,1,14,0.12980645636727242,1.0
h1_run0_noCLr,1293,valsartan,-1.9265461742341012,2.0572061070856504,-4.0770659827957205,4.0770659827957205,-1.636888198083626,1.636888198083626,0.0,0.3333333333333333,0.0,0.0,0.4166666666666667,0.0,0.0,0.5833333333333334,0.0,1.0,0.75,0.0,1.0,24.503815553595214,7.879184454665115,16.3876281,0.9709501751435661,12,10.0987013,0.7347369605427825,0.45463744380593646,1,12,0.4578267235843943,1.0
h1_run0_noCLr,1300,verapamil,0.9411707191210635,1.0357589386964745,-0.7201673059809979,0.7201673059809979,1.1452910545822759,1.1452910545822759,0.0,0.5,1.0,0.0,0.8,1.0,1.0,0.9666666666666667,1.0,1.0,1.0,1.0,1.0,0.16347496291317132,0.3615914965220436,0.1105149674,0.06708557382434382,30,16.0,0.3603017090172745,0.46701525181010367,1,30,0.21524670048297423,1.0
h1_run0_noCLr,1319,voriconazole,0.8395434659352339,1.370615521259837,-0.16961909479535944,0.16961909479535944,1.0975803837296247,1.0975803837296247,0.7460123000000001,0.3125,1.0,0.0,0.5625,1.0,1.0,1.0,1.0,1.0,1.0,1.0,1.0,5.999341809232273,12.838320829222873,2.2311450049999997,1.983660571929316,16,24.0588957,0.4605394540100888,0.4840363024735924,1,16,0.25309331412695546,1.0
h1_run0_noCLr,1323,warfarin,-2.989349198074855,3.1134974319527404,-2.3817601902816268,2.3817601902816268,-2.840841798353892,2.840841798353892,0.0,0.125,0.0,0.0,0.125,0.0,0.0,0.25,0.0,0.0,0.5625,1.0,1.0,171.4338774380634,23.928642085156895,9.3113811,1.7866226778190624,16,104.1666667,1.0410309255640535,1.1163894077759413,1,16,0.6812280776179079,1.0
h1_run0_noCLr,1341,zidovudine,2.2170620784429755,2.2170620784429755,1.2795046006001447,1.2795046006001447,2.1291159883212183,2.1291159883212183,-0.06967260000000008,0.058823529411764705,0.0,0.0,0.29411764705882354,1.0,0.0,0.47058823529411764,1.0,1.0,0.9411764705882353,1.0,1.0,2.0883092929601093,9.135295452809167,1.224554889,2.972675617173944,17,8.0175991,0.7187487216952841,0.8209611723091449,2,17,0.4864059715473894,2.0
h2_run4,52,alprazolam,-1.0673577230479512,1.0673577230479512,-0.49785755419424577,0.49785755419424577,-1.3571778589940844,1.3571778589940844,0.0,0.6428571428571429,1.0,0.0,0.7857142857142857,1.0,1.0,0.8571428571428571,1.0,1.0,1.0,1.0,1.0,0.254573200464216,0.09937140664447103,0.022606383,0.016008882749289022,14,36.0,0.4109851381417892,0.6731342570940538,1,14,0.40044192905312703,1.0
h2_run4,172,bufuralol,0.3963844990151173,0.6355532948973632,-0.44222650837798877,0.44222650837798877,0.3895428207413612,0.3895428207413612,0.0,0.75,1.0,1.0,0.8333333333333334,1.0,1.0,1.0,1.0,1.0,1.0,1.0,1.0,0.5471630593866508,0.7167716882796501,0.1437539797,0.10580262252762956,12,11.92053727,0.2848279307588308,0.3435732758041234,1,12,0.21401519884952436,1.0
h2_run4,177,buprenorphine,0.6158067366706692,1.4738351635361484,-2.7184436241453436,2.7184436241453436,1.2402527543235018,1.2402527543235018,0.0,0.4117647058823529,0.0,0.0,0.5882352941176471,0.0,1.0,0.7058823529411765,0.0,1.0,1.0,1.0,1.0,0.014715862756878443,0.034764741953337064,0.0376450345,0.005719718129800099,17,10.015224,0.5252852492202179,0.6524597280179694,1,17,0.25656591389927796,1.0
h2_run4,184,caffeine,-0.07571035394605244,0.4429787349952682,-0.6753719672248107,0.6753719672248107,0.11434355888067443,0.11434355888067443,-0.18925379999999997,0.9333333333333333,1.0,1.0,1.0,1.0,1.0,1.0,1.0,1.0,1.0,1.0,1.0,50.74318919440893,54.928608857625164,10.2637363,6.426851499099724,15,15.0,0.15853409431526536,0.1830334309248884,1,15,0.1500107979099613,1.0
h2_run4,295,clarithromycin,0.23660981096278083,0.841178468302635,-0.9900462001201751,0.9900462001201751,0.0763944081272096,0.0763944081272096,0.0,0.7272727272727273,1.0,1.0,0.8181818181818182,1.0,1.0,0.9090909090909091,1.0,1.0,1.0,1.0,1.0,7.701858391247965,8.120682625794224,2.7763496,1.3977855566300834,11,14.0940325,0.3320344326520795,0.30268757695478804,1,11,0.17876950460869825,1.0
h2_run4,308,clozapine,-0.6324826050138829,0.7009857820649559,-3.1076156956261474,3.1076156956261474,-0.17000038251304603,0.17000038251304603,0.0,0.7692307692307693,0.0,1.0,0.8461538461538461,0.0,1.0,0.9230769230769231,0.0,1.0,1.0,1.0,1.0,0.5500453545747218,0.48890365809653574,0.5216177963,0.06051553270536386,13,24.0641711,0.33746132391435124,0.07486102870614436,1,13,0.1722129015094946,1.0
h2_run4,323,crizotinib,2.354555331047575,2.4833299484783637,-0.17271343343451454,0.17271343343451454,3.1853429056173987,3.1853429056173987,142.2,0.14285714285714285,1.0,0.0,0.2857142857142857,1.0,0.0,0.5,1.0,0.0,0.8571428571428571,1.0,1.0,0.9967098838586336,9.066768477173252,0.15942480699999997,0.14143730605767932,14,144.2571429,0.8825951587843158,1.2258999210444095,1,14,0.4211162748007483,1.0
h2_run4,332,dabigatran,-0.4881011457381286,0.6187062134688552,-0.4312412316469184,0.4312412316469184,-0.11730010841510728,0.11730010841510728,0.0,0.8888888888888888,1.0,1.0,0.8888888888888888,1.0,1.0,0.9444444444444444,1.0,1.0,0.9444444444444444,1.0,1.0,0.3089290698071213,0.28480520734014025,0.1720203393,0.1275743175724248,18,6.0230326,0.340975501514591,0.1675626547591935,1,18,0.39341618799891226,1.0
h2_run4,366,desipramine,0.6516795902480456,1.0518385008671762,0.4995296601131796,0.4995296601131796,0.7495270080079807,0.7495270080079807,0.7575758,0.3333333333333333,1.0,1.0,0.9166666666666666,1.0,1.0,0.9166666666666666,1.0,1.0,1.0,1.0,1.0,0.22006510473871538,0.36998259557977325,0.0182833469,0.025848128906051898,12,48.7012987,0.3625769553214409,0.20295260120518255,1,12,0.3314893509600201,1.0
h2_run4,394,digoxin,1.6969069538106936,1.6969069538106936,0.3557257299276443,0.3557257299276443,1.8680777077294024,1.8680777077294024,0.0,0.1875,1.0,0.0,0.4375,1.0,0.0,0.75,1.0,1.0,1.0,1.0,1.0,0.020127290211065848,0.07347383910506282,0.008280167494,0.0105955434523408,16,8.0521739,0.5560385494429823,0.6497949260088461,1,16,0.6779367344721546,1.0
h2_run4,413,docetaxel,2.412255916735335,2.7133224944234633,-2.475072786092853,2.475072786092853,0.9529099242128029,0.9529099242128029,0.44642859999999995,0.1,0.0,1.0,0.18333333333333332,0.0,1.0,0.38333333333333336,0.0,1.0,0.6333333333333333,1.0,1.0,2.7107492448853554,5.247395709021253,4.3087272,0.7749574331663632,60,25.1339286,0.8881278243022186,0.8728224275341653,1,60,0.3440046546808148,1.0
h2_run4,471,erythromycin,-0.8019725129861057,0.8019725129861057,-1.8035088031275062,1.8035088031275062,-0.8679803016579938,0.8679803016579938,1.9366408000000002,0.875,0.0,1.0,0.875,0.0,1.0,1.0,1.0,1.0,1.0,1.0,1.0,32.282514771018896,17.688021276246438,7.521071200000001,2.154613878135386,8,24.2332407,0.28199411952656733,0.2554072926096585,1,8,0.17838938620895028,1.0
h2_run4,488,etoricoxib,1.5788096015093198,1.5788096015093198,0.1226347013854597,0.1226347013854597,1.8055971202789807,1.8055971202789807,0.0,0.16666666666666666,1.0,0.0,0.8333333333333334,1.0,0.0,0.8888888888888888,1.0,1.0,0.8888888888888888,1.0,1.0,6.773188953653525,23.6772949761789,0.4528159333,0.49299035608488423,18,120.1395275,0.6188683055734918,0.8494913383745961,1,18,0.3249706079741241,1.0
h2_run4,637,imipramine,0.8505070352473728,0.8505070352473728,0.2776687111566619,0.2776687111566619,0.7565446735634587,0.7565446735634587,0.0,0.8888888888888888,1.0,1.0,0.8888888888888888,1.0,1.0,1.0,1.0,1.0,1.0,1.0,1.0,0.7281455970623832,1.2301579215304188,0.07719373084999999,0.09357689749608303,9,71.1702225,0.29738558312144275,0.32964248498765925,1,9,0.1645432968753088,1.0
h2_run4,674,itraconazole,0.8908592280465317,1.1717002118593165,0.37800399122115,0.37800399122115,1.137433321544374,1.137433321544374,0.0,0.42857142857142855,1.0,0.0,0.9285714285714286,1.0,1.0,0.9285714285714286,1.0,1.0,0.9285714285714286,1.0,1.0,4.150849720506162,9.13142503495205,0.6176304512,0.8026371179918533,14,96.1674919,0.4658376987901409,0.5498288451144281,1,14,0.2331762174658271,1.0
h2_run4,703,lansoprazole,1.4308113332668047,1.5573465696232274,-0.685970997479891,0.685970997479891,1.6071165958654463,1.6071165958654463,-0.05542730000000001,0.5294117647058824,1.0,0.0,0.6470588235294118,1.0,0.0,0.7058823529411765,1.0,1.0,0.8235294117647058,1.0,1.0,0.5117131351179542,1.5588950099475756,0.6484342762,0.40305853049225576,17,10.0046189,0.6478771485243581,1.0531548562008208,1,17,0.26021663857737554,1.0
h2_run4,739,lorazepam,-0.061337460028378865,0.3950492688676193,-0.7501283440438253,0.7501283440438253,-0.2576459352167047,0.2576459352167047,-0.1002012,0.95,1.0,1.0,1.0,1.0,1.0,1.0,1.0,1.0,1.0,1.0,1.0,0.40043145682016623,0.33494155511580315,0.0573052854,0.034070895436083215,20,36.0387728,0.1478867499134067,0.21983339693501538,1,20,0.1382278009173875,1.0
h2_run4,781,metformin,0.8868612323168532,1.1738402988785124,-0.8310335272386016,0.8310335272386016,0.5033647459310181,0.5033647459310181,0.0,0.5,1.0,1.0,0.6875,1.0,1.0,0.9375,1.0,1.0,1.0,1.0,1.0,13.189963868584305,18.696981278217166,15.168519700000001,8.526625346615463,16,10.0631579,0.4129043559342288,0.47802550382932324,1,16,0.16886263003850355,1.0
h2_run4,787,methotrexate,-3.1595673004478058,3.1595673004478058,-1.3056144284272628,1.3056144284272628,-1.9214644433685,1.9214644433685,0.0,0.0,0.0,0.0,0.2727272727272727,1.0,0.0,0.5454545454545454,1.0,1.0,0.6363636363636364,1.0,1.0,20.47419572343811,5.4049093886522845,6.316439228999999,2.5553077750070297,11,47.7628032,1.1241108883195396,1.4077610579340634,1,11,0.4718485600932042,1.0
h2_run4,800,metoprolol,1.1319833403745483,1.1319833403745483,0.11482371935342256,0.11482371935342256,1.3212382709156212,1.3212382709156212,0.0,0.3333333333333333,1.0,0.0,0.7777777777777778,1.0,1.0,1.0,1.0,1.0,1.0,1.0,1.0,0.24560395936420584,0.6137163800377916,0.1197309591,0.1296497982086062,9,7.9054946,0.3743352040572249,0.43011206788250556,1,9,0.3978896337240348,1.0
h2_run4,811,midazolam,0.3375878051375415,0.793745463707556,-0.944236995369364,0.944236995369364,0.3757501746883125,0.3757501746883125,0.0,0.7692307692307693,1.0,1.0,0.9230769230769231,1.0,1.0,1.0,1.0,1.0,1.0,1.0,1.0,0.37447824625770515,0.4858907906346017,0.29451071489999997,0.15305849593099963,13,8.0265859,0.287042863747402,0.35378069596104667,1,13,0.17048258849050982,1.0
h2_run4,832,montelukast,-1.337216698330193,2.9023042407740496,-2.5729821525147223,2.5729821525147223,-1.9998281332789065,1.9998281332789065,-0.09469699999999999,0.0,0.0,0.0,0.0,0.0,0.0,0.5333333333333333,0.0,1.0,0.8666666666666667,1.0,1.0,3.839306190379591,0.9599408975185864,2.132955034,0.3584568580016897,15,24.0056818,1.1356713693416416,0.7890976920491904,1,15,0.26361414713145936,1.0
h2_run4,875,nifedipine,-0.042266629466704654,0.21392135234566556,-0.38605929366093045,0.38605929366093045,-0.012904829275185657,0.012904829275185657,0.0,1.0,1.0,1.0,1.0,1.0,1.0,1.0,1.0,1.0,1.0,1.0,1.0,0.05898050107331079,0.05845527623048105,0.0476470588,0.036460336269793114,15,6.0015407,0.07283321068752706,0.0762084526259395,1,15,0.05985460649851736,1.0
h2_run4,907,ondansetron,0.36449519826758786,0.4501638331441753,-0.15001264165999084,0.15001264165999084,0.13914414603205144,0.13914414603205144,0.0,0.88,1.0,1.0,0.92,1.0,1.0,1.0,1.0,1.0,1.0,1.0,1.0,0.41813582166913305,0.4604727524624168,0.0762296104,0.068701369637126,25,24.1352048,0.17807558060556586,0.20799522616033883,3,25,0.11368408498572757,3.0
h2_run4,938,paroxetine,2.5446273822055177,2.5446273822055177,0.492113597547445,0.492113597547445,2.989743981572055,2.989743981572055,0.3077496,0.05263157894736842,1.0,0.0,0.15789473684210525,1.0,0.0,0.21052631578947367,1.0,0.0,0.9473684210526315,1.0,1.0,0.2828853345142974,2.2470516285167057,0.0618727473,0.08702426306768254,19,48.1057269,0.8019504812835747,0.9419092829064724,1,19,0.6092943504355093,1.0
h2_run4,963,phenacetin,1.762389335773479,1.762389335773479,0.5746274191566946,0.5746274191566946,1.7544561153339615,1.7544561153339615,0.0,0.125,1.0,0.0,0.25,1.0,0.0,0.75,1.0,1.0,1.0,1.0,1.0,2.7213263832731838,9.181730661841986,3.0408374,4.528697241483486,8,4.0,0.5716722131985216,0.634107523594911,1,8,0.4361735734124135,1.0
h2_run4,967,phenobarbital,-0.9688617456339075,1.0243695752123687,0.02005428489296205,0.02005428489296205,-1.3729689739001927,1.3729689739001927,0.0,0.6363636363636364,1.0,0.0,0.7272727272727273,1.0,1.0,0.8181818181818182,1.0,1.0,0.9090909090909091,1.0,1.0,37.540425208462935,14.4942031197934,4.6355674,4.700454372081371,11,12.0574059,0.4740157807700686,0.6753388887140517,1,11,,
h2_run4,973,phenytoin,0.7824366633152002,0.8689398121326044,-0.47839184630690895,0.47839184630690895,1.4058391224283757,1.4058391224283757,0.0,0.7333333333333333,1.0,0.0,0.8,1.0,1.0,0.9333333333333333,1.0,1.0,1.0,1.0,1.0,158.74480934462585,420.62906486797425,12.8070086,9.192579738735407,15,71.7333333,0.34866745569860463,0.37062273089313164,2,14,0.8385789978229683,2.0
h2_run4,1001,posaconazole,1.9525128669990846,1.9525128669990846,2.0582568800045586,2.0582568800045586,2.0372203189746387,2.0372203189746387,0.609375,0.0,0.0,0.0,0.16666666666666666,0.0,0.0,0.8333333333333334,1.0,1.0,1.0,1.0,1.0,7.762516750876694,31.86155547423286,1.407604015,5.862428467999059,6,12.0281251,0.6000495955269636,0.5938832320084548,1,6,1.2557908902530417,1.0
h2_run4,1009,pravastatin,1.2135529624315078,1.2398833009342753,-0.10532135401107061,0.10532135401107061,1.1664461112099185,1.1664461112099185,0.0,0.25,1.0,0.0,0.625,1.0,1.0,1.0,1.0,1.0,1.0,1.0,1.0,0.12122247080319816,0.2720936456107885,0.453551388,0.4216203977314687,8,3.004386,0.4069484349502477,0.4601453501715986,1,8,0.2021839290974595,1.0
h2_run4,1018,probenecid,-3.107940104449817,3.107940104449817,-1.1288023278840154,1.1288023278840154,-2.5238755962609307,2.5238755962609307,0.0,0.0,0.0,0.0,0.2857142857142857,1.0,0.0,0.2857142857142857,1.0,0.0,0.42857142857142855,1.0,1.0,1945.3443060381455,338.24720633789843,324.0866189,148.2032542857859,7,12.1084296,1.0178167833780072,1.046525191567275,1,7,1.9375586117401542,1.0
h2_run4,1041,quinidine,0.2546363309848173,0.5173926326982652,-0.02578682618697267,0.02578682618697267,0.40313464319760206,0.40313464319760206,0.12578619999999985,0.7777777777777778,1.0,1.0,0.8888888888888888,1.0,1.0,1.0,1.0,1.0,1.0,1.0,1.0,20.740280773015634,27.42649129194498,2.120436695,2.0828725816482887,18,30.0,0.2413564540644827,0.3227808233688243,1,18,0.17678600934119987,1.0
h2_run4,1094,rosiglitazone,-0.8388156670818474,0.8986196486572283,-0.952060388355788,0.952060388355788,-0.9423812903927296,0.9423812903927296,-0.5825302,0.5555555555555556,1.0,1.0,1.0,1.0,1.0,1.0,1.0,1.0,1.0,1.0,1.0,0.7188448946114305,0.3740676547969678,0.1438160644,0.07433762218077575,9,21.3592233,0.286083726156426,0.29836023792699773,1,9,0.21696157070648298,1.0
h2_run4,1095,rosuvastatin,1.0386956857776168,2.109061791923479,1.6172663192092165,1.6172663192092165,1.7970643464913647,1.7970643464913647,1.0781671,0.15789473684210525,0.0,0.0,0.39473684210526316,0.0,0.0,0.6842105263157895,1.0,1.0,0.9210526315789473,1.0,1.0,0.1502357232508874,0.5220877274416306,0.0380556987,0.11675228069199385,38,53.9083558,0.7463531833090034,1.1078823457828184,1,38,0.29646607763507754,1.0
h2_run4,1197,tenofovir,-0.08800839057730031,0.7259873037474703,-0.5069339881078259,0.5069339881078259,0.07889408927133977,0.07889408927133977,0.0,0.9090909090909091,1.0,1.0,0.9090909090909091,1.0,1.0,0.9090909090909091,1.0,1.0,1.0,1.0,1.0,14.934893124565443,15.774354858568728,10.1276014,7.126959057501973,11,24.0326136,0.33614773910748846,0.5268471493307892,1,11,0.15113074706252486,1.0
h2_run4,1245,tolbutamide,0.5113600192983435,1.2102998609680493,-1.2846832142112734,1.2846832142112734,0.46404039385678875,0.46404039385678875,0.49817980000000006,0.5714285714285714,0.0,1.0,0.6428571428571429,1.0,1.0,0.8571428571428571,1.0,1.0,0.9285714285714286,1.0,1.0,1520.694467619264,2097.645253584819,258.6528094,106.16687092999318,14,36.2214984,0.47466048315294856,0.554982032317783,1,14,0.24287138966050914,1.0
h2_run4,1293,valsartan,-2.8398082988003264,2.8398082988003264,-4.076918721354492,4.076918721354492,-2.8168432358163584,2.8168432358163584,0.0,0.0,0.0,0.0,0.0,0.0,0.0,0.3333333333333333,0.0,0.0,0.6666666666666666,0.0,1.0,24.503815553595214,3.477598242520453,16.3876281,0.9710492888271846,12,10.0987013,0.8832341438809762,0.7223615270902665,1,12,0.55035776878867,1.0
h2_run4,1300,verapamil,1.0985325114361935,1.188948075302796,-0.7080780379967057,0.7080780379967057,1.3903735411581215,1.3903735411581215,0.0,0.4666666666666667,1.0,0.0,0.7,1.0,1.0,0.9333333333333333,1.0,1.0,1.0,1.0,1.0,0.16347496291317132,0.428543970007887,0.1105149674,0.0676500888311481,30,16.0,0.41785956560066134,0.5822688688913779,1,30,0.24963215691124854,1.0
h2_run4,1319,voriconazole,1.7414633537686999,2.244676592796261,-0.017031821914316757,0.017031821914316757,2.343783377165599,2.343783377165599,0.7460123000000001,0.25,1.0,0.0,0.375,1.0,0.0,0.5,1.0,0.0,0.6875,1.0,1.0,5.999341809232273,30.454586429591156,2.2311450049999997,2.2049599589250746,16,24.0588957,0.7861388216508878,1.0326613496993284,1,16,0.432029173620213,1.0
h2_run4,1323,warfarin,-1.9002378517535607,2.2077342272681553,-2.3938355249419305,2.3938355249419305,-2.004980664833552,2.004980664833552,0.0,0.0625,0.0,0.0,0.1875,0.0,0.0,0.5625,0.0,1.0,1.0,1.0,1.0,171.4338774380634,42.71076273069751,9.3113811,1.7717310824273143,16,104.1666667,0.6895981114204989,0.7009219121485594,1,16,0.4512580599057541,1.0
h2_run4,1341,zidovudine,2.1732601551628803,2.1732601551628803,1.2181078752036782,1.2181078752036782,2.079849912629197,2.079849912629197,-0.06967260000000008,0.058823529411764705,0.0,0.0,0.29411764705882354,1.0,0.0,0.47058823529411764,1.0,1.0,0.9411764705882353,1.0,1.0,2.0883092929601093,8.828603876996162,1.224554889,2.8488216748423225,17,8.0175991,0.7084726949241578,0.8146766066159994,2,17,0.47939288550733483,2.0
h2_run0,52,alprazolam,-1.0308370723060847,1.0409392128378758,-0.034361312878373476,0.034361312878373476,-1.3459272036330228,1.3459272036330228,0.0,0.6428571428571429,1.0,0.0,0.7857142857142857,1.0,1.0,0.8571428571428571,1.0,1.0,0.8571428571428571,1.0,1.0,0.254573200464216,0.10014937012852312,0.022606383,0.022074318034263105,14,36.0,0.4969489580736687,0.8567303639714027,1,14,0.4842004757439843,1.0
h2_run0,172,bufuralol,0.8419351455424748,0.8419351455424748,0.28280698132628423,0.28280698132628423,0.7468324716297713,0.7468324716297713,0.0,0.75,1.0,1.0,0.8333333333333334,1.0,1.0,1.0,1.0,1.0,1.0,1.0,1.0,0.5471630593866508,0.918196736580114,0.1437539797,0.1748852817153774,12,11.92053727,0.2912717227785425,0.3376960704988503,1,12,0.2188569621792986,1.0
h2_run0,177,buprenorphine,0.8641786581852438,1.5061679389962175,-2.387399065480363,2.387399065480363,1.434275744938238,1.434275744938238,0.0,0.35294117647058826,0.0,0.0,0.5882352941176471,0.0,1.0,0.6470588235294118,0.0,1.0,1.0,1.0,1.0,0.014715862756878443,0.03976909884638872,0.0376450345,0.007194969696950963,17,10.015224,0.5363883192237564,0.6913577670557561,1,17,0.2619890041283951,1.0
h2_run0,184,caffeine,0.2881639871160352,0.3280754817514839,-0.145279225598721,0.145279225598721,0.3780840303864161,0.3780840303864161,-0.18925379999999997,0.9333333333333333,1.0,1.0,1.0,1.0,1.0,1.0,1.0,1.0,1.0,1.0,1.0,50.74318919440893,65.9465974874665,10.2637363,9.280515080550805,15,15.0,0.13596508398074472,0.1927948553248207,1,15,0.12865516924886766,1.0
h2_run0,295,clarithromycin,-0.09363046646545191,1.142254074152899,-1.6506646592488374,1.6506646592488374,-0.23671561749239847,0.23671561749239847,0.27848110000000004,0.6363636363636364,0.0,1.0,0.7272727272727273,0.0,1.0,0.8181818181818182,1.0,1.0,1.0,1.0,1.0,7.701858391247965,6.536376019282663,2.7763496,0.884248998678437,11,14.0940325,0.413792720744247,0.33637368890549124,1,11,0.22278870027810402,1.0
h2_run0,308,clozapine,-1.4109482540140694,1.505327161148652,-4.279670291653896,4.279670291653896,-0.6144826892542651,0.6144826892542651,0.0,0.38461538461538464,0.0,1.0,0.6153846153846154,0.0,1.0,0.7692307692307693,0.0,1.0,0.9230769230769231,0.0,1.0,0.5500453545747218,0.35926985599844324,0.5216177963,0.026856120117486768,13,24.0641711,0.5704927748350214,0.21302749639884788,1,13,0.2911332620430216,1.0
h2_run0,323,crizotinib,2.1117732838432657,2.3279480062180182,-0.7101736977585893,0.7101736977585893,2.8901104444872887,2.8901104444872887,142.2,0.21428571428571427,1.0,0.0,0.35714285714285715,1.0,0.0,0.5,1.0,0.0,0.8571428571428571,1.0,1.0,0.9967098838586336,7.3888814652987715,0.15942480699999997,0.09744786190586971,14,144.2571429,0.8226016022724869,1.151634043862338,1,14,0.39249130130201704,1.0
h2_run0,332,dabigatran,-1.2496872676172428,1.2496872676172428,-1.559141386806977,1.559141386806977,-0.6066157629211403,0.6066157629211403,0.0,0.4444444444444444,0.0,1.0,0.7777777777777778,1.0,1.0,0.8888888888888888,1.0,1.0,0.9444444444444444,1.0,1.0,0.3089290698071213,0.20288467156806206,0.1720203393,0.05837561581383795,18,6.0230326,0.47808569618385105,0.22006417787924262,1,18,0.5516133895074224,1.0
h2_run0,366,desipramine,0.5315479616109917,0.9727547451445862,0.2828382832173205,0.2828382832173205,0.6946772574338702,0.6946772574338702,0.7575758,0.5,1.0,1.0,0.9166666666666666,1.0,1.0,0.9166666666666666,1.0,1.0,1.0,1.0,1.0,0.22006510473871538,0.356180283001363,0.0182833469,0.022243263498176888,12,48.7012987,0.34345924255335647,0.19321937578720277,1,12,0.3140108043940529,1.0
h2_run0,394,digoxin,2.214000360951476,2.214000360951476,0.9248712765943947,0.9248712765943947,2.3674926756249555,2.3674926756249555,0.0,0.0625,1.0,0.0,0.25,1.0,0.0,0.5625,1.0,0.0,1.0,1.0,1.0,0.020127290211065848,0.10386557232438978,0.008280167494,0.015720020871265332,16,8.0521739,0.6980831583443566,0.791065903894894,1,16,0.8511212347274677,1.0
h2_run0,413,docetaxel,1.5470117430839514,2.3522276277948597,-4.153682942885135,4.153682942885135,0.31894830408057734,0.31894830408057734,0.5803571000000001,0.11666666666666667,0.0,1.0,0.16666666666666666,0.0,1.0,0.4,0.0,1.0,0.9166666666666666,0.0,1.0,2.7107492448853554,3.381445187993238,4.3087272,0.24208386251849656,60,25.1339286,0.7590350566144293,0.8451040544163396,1,60,0.2940022656608341,1.0
h2_run0,471,erythromycin,-0.9326573904903274,0.9426952663456156,-2.2482233746538274,2.2482233746538274,-0.984465203228693,0.984465203228693,1.9366408000000002,0.75,0.0,1.0,0.875,0.0,1.0,0.875,1.0,1.0,1.0,1.0,1.0,32.282514771018896,16.316003978834907,7.521071200000001,1.5830587308905353,8,24.2332407,0.3542073477542544,0.25895028520160196,1,8,0.22407145036451254,1.0
h2_run0,488,etoricoxib,1.8887993371152163,1.8887993371152163,0.9598032723352958,0.9598032723352958,2.346196932168178,2.346196932168178,119.3285371,0.1111111111111111,1.0,0.0,0.5555555555555556,1.0,0.0,0.8888888888888888,1.0,0.0,0.8888888888888888,1.0,1.0,6.773188953653525,34.44045209438866,0.4528159333,0.8807472076247245,18,120.1395275,0.7295845172473535,0.9880079962367835,1,18,0.3831082025095321,1.0
h2_run0,637,imipramine,0.8754537154182763,0.8754537154182763,0.1243875639962202,0.1243875639962202,0.7709584906846465,0.7709584906846465,0.0,0.8888888888888888,1.0,1.0,0.8888888888888888,1.0,1.0,1.0,1.0,1.0,1.0,1.0,1.0,0.7281455970623832,1.2425099031881597,0.07719373084999999,0.08414463272830196,9,71.1702225,0.310126869740898,0.3564589208160211,1,9,0.17159304449519353,1.0
h2_run0,674,itraconazole,0.8895970050414329,1.021096428041826,-0.27955335044639906,0.27955335044639906,1.1286672143629293,1.1286672143629293,0.0,0.5714285714285714,1.0,0.0,0.9285714285714286,1.0,1.0,0.9285714285714286,1.0,1.0,0.9285714285714286,1.0,1.0,4.150849720506162,9.076108873821376,0.6176304512,0.5088323986123103,14,96.1674919,0.4417283039368824,0.559162138059342,1,14,0.22110819997416958,1.0
h2_run0,703,lansoprazole,1.476248072046601,1.5803544830460652,-0.6068152515374318,0.6068152515374318,1.633791189655588,1.633791189655588,-0.05542730000000001,0.47058823529411764,1.0,0.0,0.5882352941176471,1.0,0.0,0.7058823529411765,1.0,1.0,0.8235294117647058,1.0,1.0,0.5117131351179542,1.5879861844219445,0.6484342762,0.42579089565027717,17,10.0046189,0.6496425853411454,1.0510395505269736,1,17,0.260925717505582,1.0
h2_run0,739,lorazepam,0.0847457396481679,0.5380995360529356,-0.4670768134848278,0.4670768134848278,-0.2011305956563721,0.2011305956563721,-0.1002012,0.9,1.0,1.0,1.0,1.0,1.0,1.0,1.0,1.0,1.0,1.0,1.0,0.40043145682016623,0.34832275349868336,0.0573052854,0.04145630097632796,20,36.0387728,0.18613337102002003,0.2691872139296991,1,20,0.1739764148478667,1.0
h2_run0,781,metformin,0.7274044554818753,1.5350056530487897,-1.7745293209336879,1.7745293209336879,0.2722278983413408,0.2722278983413408,0.0,0.25,0.0,1.0,0.5,0.0,1.0,0.8125,1.0,1.0,1.0,1.0,1.0,13.189963868584305,15.929141455155175,15.168519700000001,4.433601405872302,16,10.0631579,0.5365532566497222,0.5850609436645952,1,16,0.21943046318462303,1.0
h2_run0,787,methotrexate,-2.359944805521944,2.359944805521944,-1.7872894722838502,1.7872894722838502,-1.8127307620260555,1.8127307620260555,0.0,0.0,0.0,0.0,0.2727272727272727,0.0,0.0,0.6363636363636364,1.0,1.0,0.8181818181818182,1.0,1.0,20.47419572343811,5.828013071725929,6.316439228999999,1.8299725700385343,11,47.7628032,0.7660094493389401,0.9105728627246783,1,11,0.321534520699015,1.0
h2_run0,800,metoprolol,1.2791608718953176,1.2791608718953176,0.35069563547486565,0.35069563547486565,1.4549981989123002,1.4549981989123002,0.0,0.2222222222222222,1.0,0.0,0.6666666666666666,1.0,1.0,1.0,1.0,1.0,1.0,1.0,1.0,0.24560395936420584,0.6733385280537313,0.1197309591,0.15267796651555537,9,7.9054946,0.4077897499873599,0.46154917761960856,1,9,0.433449252168338,1.0
h2_run0,811,midazolam,0.1886239440304289,0.8916195421057195,-1.254755376088846,1.254755376088846,0.2591046074405294,0.2591046074405294,0.0,0.5384615384615384,0.0,1.0,0.9230769230769231,1.0,1.0,1.0,1.0,1.0,1.0,1.0,1.0,0.37447824625770515,0.44815149868552395,0.29451071489999997,0.12341902025520937,13,8.0265859,0.31596490897766555,0.36562390600361777,1,13,0.18766018026521408,1.0
h2_run0,832,montelukast,-1.449835863659162,2.833686686698811,-3.9322575480462816,3.9322575480462816,-2.126310124167237,2.126310124167237,-0.09469699999999999,0.06666666666666667,0.0,0.0,0.26666666666666666,0.0,0.0,0.5333333333333333,0.0,1.0,0.7333333333333333,0.0,1.0,3.839306190379591,0.87936590224204,2.132955034,0.13971860064697034,15,24.0056818,1.0854481514264138,0.4976831623491822,1,15,0.25195624052719645,1.0
h2_run0,875,nifedipine,-0.5777203118251968,0.6494841931334908,-1.9304531468122308,1.9304531468122308,-0.5585464811563448,0.5585464811563448,0.0,0.7333333333333333,0.0,1.0,0.8666666666666667,0.0,1.0,1.0,1.0,1.0,1.0,1.0,1.0,0.05898050107331079,0.040046928557497176,0.0476470588,0.012500051286257885,15,6.0015407,0.2580559753402663,0.17354720421588954,1,15,0.21207137118874664,1.0
h2_run0,907,ondansetron,0.26452756066076166,0.39071539853208237,0.12015181058937588,0.12015181058937588,0.1203045218145443,0.1203045218145443,0.0,0.92,1.0,1.0,0.96,1.0,1.0,1.0,1.0,1.0,1.0,1.0,1.0,0.41813582166913305,0.45449869942981785,0.0762296104,0.08285009279329482,25,24.1352048,0.1404379283877826,0.16119999326533827,3,25,0.09061298602947615,3.0
h2_run0,938,paroxetine,2.1723047399991295,2.190008317457658,0.019262921370241073,0.019262921370241073,2.715382532785015,2.715382532785015,0.3077496,0.15789473684210525,1.0,0.0,0.21052631578947367,1.0,0.0,0.5789473684210527,1.0,0.0,1.0,1.0,1.0,0.2828853345142974,1.857898675821477,0.0618727473,0.06270441454586781,19,48.1057269,0.7039679115240692,0.8736119954733617,1,19,0.5348505691934734,1.0
h2_run0,963,phenacetin,1.6645165166102145,1.6645165166102145,0.3959400153953033,0.3959400153953033,1.6644769815151197,1.6644769815151197,0.0,0.25,1.0,0.0,0.375,1.0,0.0,0.75,1.0,1.0,1.0,1.0,1.0,2.7213263832731838,8.626569602017026,3.0408374,4.00113328945035,8,4.0,0.5518272409116732,0.6180978085201836,1,8,0.42103228741532917,1.0
h2_run0,967,phenobarbital,-1.2020401882750684,1.2020401882750684,-0.7087612552844123,0.7087612552844123,-1.534563548376637,1.534563548376637,0.0,0.5454545454545454,1.0,0.0,0.7272727272727273,1.0,1.0,0.9090909090909091,1.0,1.0,1.0,1.0,1.0,37.540425208462935,12.958344725346207,4.6355674,2.8362499575132305,11,12.0574059,0.43240661353979715,0.5845688175241187,1,11,,
h2_run0,973,phenytoin,0.7143697521145341,0.8226290736485246,-0.5600445545084634,0.5600445545084634,1.354344776304986,1.354344776304986,0.0,0.7333333333333333,1.0,0.0,0.8,1.0,1.0,0.9333333333333333,1.0,1.0,1.0,1.0,1.0,158.74480934462585,405.8802654405426,12.8070086,8.686753368523005,15,71.7333333,0.3359312459572262,0.3538340461774723,2,14,0.8095583626439047,2.0
h2_run0,1001,posaconazole,0.8901335743826447,0.8953723003152111,0.5181035100160554,0.5181035100160554,1.1094902292299553,1.1094902292299553,0.609375,0.5,1.0,0.0,1.0,1.0,1.0,1.0,1.0,1.0,1.0,1.0,1.0,7.762516750876694,16.74913523923118,1.407604015,2.015789572497686,6,12.0281251,0.3002571656596072,0.35350092428250734,1,6,0.6283817474077269,1.0
h2_run0,1009,pravastatin,1.2425082376650052,1.4293483676267973,-0.7473605198471688,0.7473605198471688,1.0978803153811487,1.0978803153811487,0.0,0.375,1.0,0.0,0.5,1.0,1.0,0.875,1.0,1.0,1.0,1.0,1.0,0.12122247080319816,0.25946455516456873,0.453551388,0.2701771189841403,8,3.004386,0.49175569141687653,0.5819708973573083,1,8,0.2443186637610668,1.0
h2_run0,1018,probenecid,-3.1438654668452544,3.1438654668452544,-1.0895317593255152,1.0895317593255152,-2.528263257865244,2.528263257865244,0.0,0.0,0.0,0.0,0.2857142857142857,1.0,0.0,0.2857142857142857,1.0,0.0,0.42857142857142855,1.0,1.0,1945.3443060381455,337.2200594293089,324.0866189,152.29279567046711,7,12.1084296,1.0332231795665623,1.0625592080783142,1,7,1.9668868720896686,1.0
h2_run0,1041,quinidine,0.27469793491354966,0.5086727143307889,0.008884095725476718,0.008884095725476718,0.4169501590246418,0.4169501590246418,0.12578619999999985,0.7777777777777778,1.0,1.0,0.8888888888888888,1.0,1.0,1.0,1.0,1.0,1.0,1.0,1.0,20.740280773015634,27.69039404376249,2.120436695,2.13353460124881,18,30.0,0.23886336715774564,0.3213006212043121,1,18,0.17495990161646055,1.0
h2_run0,1094,rosiglitazone,-1.3952450703463466,1.3952450703463466,-2.253914164482514,2.253914164482514,-1.333944279016719,1.333944279016719,-0.5825302,0.2222222222222222,0.0,0.0,0.5555555555555556,0.0,1.0,0.8888888888888888,1.0,1.0,1.0,1.0,1.0,0.7188448946114305,0.2851530046571027,0.1438160644,0.03015168787529991,9,21.3592233,0.457617687056915,0.3371540738382866,1,9,0.3470503320858187,1.0
h2_run0,1095,rosuvastatin,1.590736019650743,2.1123645472514947,1.4868696993873511,1.4868696993873511,1.8141761048823308,1.8141761048823308,1.0781671,0.13157894736842105,0.0,0.0,0.34210526315789475,1.0,0.0,0.5263157894736842,1.0,1.0,0.9473684210526315,1.0,1.0,0.1502357232508874,0.5283170627320104,0.0380556987,0.10666257871124685,38,53.9083558,0.6872582129293615,0.7224861182079979,1,38,0.27299239993367214,1.0
h2_run0,1197,tenofovir,0.0636397071099102,0.6880711840136763,-0.6987832692706144,0.6987832692706144,0.1014204646353202,0.1014204646353202,0.0,0.9090909090909091,1.0,1.0,0.9090909090909091,1.0,1.0,0.9090909090909091,1.0,1.0,1.0,1.0,1.0,14.934893124565443,16.02259005184316,10.1276014,6.239529977775081,11,24.0326136,0.27542203340328086,0.3887226718017741,1,11,0.12382870036917713,1.0
h2_run0,1245,tolbutamide,0.7516683989220082,1.1261055857143245,-0.8749359380984519,0.8749359380984519,0.6688117812390113,0.6688117812390113,0.49817980000000006,0.5714285714285714,1.0,1.0,0.6428571428571429,1.0,1.0,0.8571428571428571,1.0,1.0,0.9285714285714286,1.0,1.0,1520.694467619264,2417.543924572252,258.6528094,141.03770690848128,14,36.2214984,0.4616997887810116,0.5628066698826918,1,14,0.23623974037686069,1.0
h2_run0,1293,valsartan,-2.634238334371605,2.634238334371605,-3.2420622875212617,3.2420622875212617,-2.614370041387956,2.614370041387956,0.0,0.0,0.0,0.0,0.0,0.0,0.0,0.08333333333333333,0.0,0.0,1.0,1.0,1.0,24.503815553595214,4.001565338437868,16.3876281,1.7320407406828653,12,10.0987013,0.7984749060149525,0.7498804444983574,1,12,0.4975428891111253,1.0
h2_run0,1300,verapamil,1.4309379421206359,1.4350620863179846,-0.06186216296023515,0.06186216296023515,1.5831107185341864,1.5831107185341864,0.0,0.2,1.0,0.0,0.6,1.0,1.0,0.9333333333333333,1.0,1.0,1.0,1.0,1.0,0.16347496291317132,0.4897958039650483,0.1105149674,0.10587629449467144,30,16.0,0.47445734953906815,0.5711912274515488,1,30,0.2834440593876985,1.0
h2_run0,1319,voriconazole,1.8736624663740509,2.3090971435995886,0.15773490244330715,0.15773490244330715,2.442885585935978,2.442885585935978,0.7460123000000001,0.1875,1.0,0.0,0.375,1.0,0.0,0.5,1.0,0.0,0.6875,1.0,1.0,5.999341809232273,32.62011168711231,2.2311450049999997,2.4889188309889203,16,24.0588957,0.8038153271696974,1.0525166084909692,1,16,0.44174344527486464,1.0
h2_run0,1323,warfarin,-1.898242681014342,2.2519534637422423,-2.0107469953391264,2.0107469953391264,-1.9265275195090201,1.9265275195090201,0.0,0.0,0.0,0.0,0.1875,0.0,0.0,0.625,1.0,1.0,0.875,1.0,1.0,171.4338774380634,45.097667174275585,9.3113811,2.310569002228853,16,104.1666667,0.7160153741719157,0.7531945704708481,1,16,0.4685449441645711,1.0
h2_run0,1341,zidovudine,2.25392649390181,2.25392649390181,1.5069965797705405,1.5069965797705405,2.1626776211906753,2.1626776211906753,-0.06967260000000008,0.058823529411764705,0.0,0.0,0.29411764705882354,1.0,0.0,0.47058823529411764,1.0,1.0,0.9411764705882353,1.0,1.0,2.0883092929601093,9.350302385296988,1.224554889,3.4804021673162833,17,8.0175991,0.7099929059064262,0.7890478677840286,2,17,0.48058023147683254,2.0
h1_run1,52,alprazolam,-2.0422322009440665,2.0422322009440665,-1.30254643474002,1.30254643474002,-2.0179293428610046,2.0179293428610046,0.0,0.07142857142857142,0.0,0.0,0.14285714285714285,1.0,0.0,0.5714285714285714,1.0,1.0,1.0,1.0,1.0,0.254573200464216,0.06285725642866771,0.022606383,0.009164853635656516,14,36.0,0.6322157724826325,0.5787121120787012,1,14,0.6159972223214955,1.0
h1_run1,172,bufuralol,0.7157544720968029,1.0342430724688667,0.9797883405323885,0.9797883405323885,0.7151922161705384,0.7151922161705384,0.0,0.6666666666666666,1.0,1.0,0.75,1.0,1.0,0.9166666666666666,1.0,1.0,1.0,1.0,1.0,0.5471630593866508,0.898278652657726,0.1437539797,0.2835081554998675,12,11.92053727,0.3842949376288304,0.25255891474720815,1,12,0.2887531334247485,1.0
h1_run1,177,buprenorphine,-0.09011487405171464,0.6966216022535275,-2.166139081704649,2.166139081704649,0.05509500643846397,0.05509500643846397,0.0,0.7058823529411765,0.0,1.0,0.9411764705882353,0.0,1.0,1.0,1.0,1.0,1.0,1.0,1.0,0.014715862756878443,0.01528871476924837,0.0376450345,0.008387544959435009,17,10.015224,0.2687066742660732,0.25143998882766383,1,17,0.13124483041595597,1.0
h1_run1,184,caffeine,-2.2697647490354362,2.2988007444200833,-0.008447616316005479,0.008447616316005479,-2.0291916454703385,2.0291916454703385,-0.18925379999999997,0.5333333333333333,1.0,0.0,0.6,1.0,0.0,0.6666666666666666,1.0,1.0,0.7333333333333333,1.0,1.0,50.74318919440893,12.431690998414014,10.2637363,10.203813202527954,15,15.0,0.9866313375555084,1.4594755852490164,1,15,0.9335869033656986,1.0
h1_run1,295,clarithromycin,-5.5742573176021,5.887386965267802,0.7645346929413059,0.7645346929413059,-1.0423690008002633,1.0423690008002633,0.0,0.36363636363636365,1.0,0.0,0.36363636363636365,1.0,1.0,0.36363636363636365,1.0,1.0,0.45454545454545453,1.0,1.0,7.701858391247965,3.739479816458014,2.7763496,4.716523766783507,11,14.0940325,2.3602059524528474,2.741201364104425,1,11,1.2707502819040952,1.0
h1_run1,308,clozapine,1.2447806600789368,1.5299480447189495,-1.5374962045772829,1.5374962045772829,2.006196802090579,2.006196802090579,0.0,0.3076923076923077,0.0,0.0,0.6153846153846154,1.0,0.0,0.8461538461538461,1.0,1.0,1.0,1.0,1.0,0.5500453545747218,2.2096521738065213,0.5216177963,0.1796883514310566,13,24.0641711,0.5245859004682879,0.7490529104998204,1,13,0.26770611506740694,1.0
h1_run1,323,crizotinib,1.3818611979212219,1.5005391930262595,-0.18618106541324325,0.18618106541324325,1.5667589997455849,1.5667589997455849,-1.2857143,0.21428571428571427,1.0,0.0,0.5,1.0,1.0,0.9285714285714286,1.0,1.0,0.9285714285714286,1.0,1.0,0.9967098838586336,2.952638102657712,0.15942480699999997,0.14012312508999733,14,144.2571429,0.5096911278591695,0.6624537267838804,1,14,0.24319103376760967,1.0
h1_run1,332,dabigatran,-0.18570295785365976,0.20761293995035524,-0.18209711346113067,0.18209711346113067,-0.11559699314512877,0.11559699314512877,0.0,0.9411764705882353,1.0,1.0,1.0,1.0,1.0,1.0,1.0,1.0,1.0,1.0,1.0,0.30551708662960075,0.2819923596737718,0.1720203393,0.1516223092136264,17,6.0230326,0.11260781320635489,0.05504781568131934,1,17,0.12992645047445425,1.0
h1_run1,366,desipramine,1.3818288403070855,1.8616264733809704,3.38563779101602,3.38563779101602,1.0692433666855918,1.0692433666855918,0.2774994,0.08333333333333333,0.0,0.0,0.4166666666666667,0.0,1.0,0.8333333333333334,0.0,1.0,0.9166666666666666,0.0,1.0,0.22006510473871538,0.4617697813666996,0.0182833469,0.19108835817385603,12,48.7012987,0.5994647510249396,0.3901153287344727,1,12,0.5480662196649987,1.0
h1_run1,394,digoxin,-1.3911656958305636,1.5278720413428704,0.5237367936291102,0.5237367936291102,-0.698284837483467,0.698284837483467,0.0,0.5625,1.0,1.0,0.625,1.0,1.0,0.75,1.0,1.0,0.8125,1.0,1.0,0.020127290211065848,0.012404538947770072,0.008280167494,0.01190418333140783,16,8.0521739,0.6806126920273243,0.8602700490487398,1,16,0.8298207855112409,1.0
h1_run1,413,docetaxel,0.6954120762553406,2.4428589674125516,-0.6748433455273255,0.6748433455273255,0.5805112534564243,0.5805112534564243,0.0,0.25,1.0,1.0,0.36666666666666664,1.0,1.0,0.5166666666666667,1.0,1.0,0.7333333333333333,1.0,1.0,2.7107492448853554,4.05359770665292,4.3087272,2.698987722194032,60,25.1339286,0.910239382173675,1.0964091647961716,1,60,0.3525692763736454,1.0
h1_run1,471,erythromycin,-7.902553547628133,8.070282625880308,0.6709163130086983,0.6709163130086983,-1.9188352658651853,1.9188352658651853,0.0,0.125,1.0,0.0,0.125,1.0,0.0,0.125,1.0,1.0,0.375,1.0,1.0,32.282514771018896,8.537690097264889,7.521071200000001,11.974175933791726,8,24.2332407,3.2522608826501505,4.520957626347829,1,8,2.05737915252052,1.0
h1_run1,488,etoricoxib,-2.1272335813344765,2.9299196305364767,1.55626371643013,1.55626371643013,-0.32862764349575524,0.32862764349575524,0.0,0.2777777777777778,0.0,1.0,0.4444444444444444,1.0,1.0,0.5,1.0,1.0,0.6111111111111112,1.0,1.0,6.773188953653525,5.393446974285933,0.4528159333,1.3316919051482636,18,120.1395275,1.1626835349188842,1.4036027455192033,1,18,0.610530498688181,1.0
h1_run1,637,imipramine,-0.12370176266281531,0.7279037740131339,0.19457337842246994,0.19457337842246994,0.020523285849954886,0.020523285849954886,0.0,0.6666666666666666,1.0,1.0,0.8888888888888888,1.0,1.0,1.0,1.0,1.0,1.0,1.0,1.0,0.7281455970623832,0.7385779748843756,0.07719373084999999,0.0883394019070314,9,71.1702225,0.292320609397716,0.43136003819276564,1,9,0.16174084940512165,1.0
h1_run1,674,itraconazole,0.305084419636604,1.0654055815971846,1.1893272576138028,1.1893272576138028,0.45122616819803835,0.45122616819803835,-0.6611569999999999,0.7142857142857143,0.0,1.0,0.7142857142857143,1.0,1.0,0.9285714285714286,1.0,1.0,0.9285714285714286,1.0,1.0,4.150849720506162,5.675049078332141,0.6176304512,1.408483874536714,14,96.1674919,0.4226515737838431,0.5058833735250243,1,14,0.21155929530145884,1.0
h1_run1,703,lansoprazole,3.0804856765405884,3.0804856765405884,1.557311597089893,1.557311597089893,3.0524281984886796,3.0524281984886796,-0.05542730000000001,0.0,0.0,0.0,0.058823529411764705,1.0,0.0,0.35294117647058826,1.0,0.0,0.6470588235294118,1.0,1.0,0.5117131351179542,4.2452083749644585,0.6484342762,1.9083738939108348,17,10.0046189,0.9748688568388976,1.2610358911974215,1,17,0.39155123399270386,1.0
h1_run1,739,lorazepam,-0.5563817965652957,0.5698283339907801,-0.4549187388638144,0.4549187388638144,-0.5873022719088852,0.5873022719088852,-0.1002012,1.0,1.0,1.0,1.0,1.0,1.0,1.0,1.0,1.0,1.0,1.0,1.0,0.40043145682016623,0.266521707395918,0.0573052854,0.041807143375351186,20,36.0387728,0.18921815925353838,0.17440816202892903,1,20,0.17685972585486867,1.0
h1_run1,781,metformin,-1.9499954382431424,1.9929923590101934,-0.04857163210642658,0.04857163210642658,-0.25910384885387316,0.25910384885387316,0.0,0.5,1.0,1.0,0.5625,1.0,1.0,0.625,1.0,1.0,0.6875,1.0,1.0,13.189963868584305,11.021623601329408,15.168519700000001,14.666337737321886,16,10.0631579,0.9051327422340143,1.0650799364740708,1,16,0.37016585848744304,1.0
h1_run1,787,methotrexate,-2.2388790098495694,2.2388790098495694,-2.0805035228729967,2.0805035228729967,-1.7060177070609635,1.7060177070609635,0.0,0.0,0.0,0.0,0.2727272727272727,0.0,0.0,0.7272727272727273,1.0,1.0,0.9090909090909091,1.0,1.0,20.47419572343811,6.275442399382962,6.316439228999999,1.4934075948619971,11,47.7628032,0.7287227942671546,0.8146307245449849,1,11,0.30588334723461136,1.0
h1_run1,800,metoprolol,1.343920308643857,1.4504741129406693,2.4555972863003404,2.4555972863003404,1.4802113316922392,1.4802113316922392,0.0,0.4444444444444444,0.0,0.0,0.5555555555555556,0.0,1.0,0.6666666666666666,0.0,1.0,1.0,1.0,1.0,0.24560395936420584,0.6852094983618149,0.1197309591,0.6567724121366877,9,7.9054946,0.5275018088749907,0.3604597253814261,1,9,0.5606939963091213,1.0
h1_run1,811,midazolam,-0.4454861729007582,1.012466838232727,-1.2276494301793555,1.2276494301793555,-0.48195328198321247,0.48195328198321247,0.0,0.3076923076923077,0.0,1.0,0.9230769230769231,1.0,1.0,1.0,1.0,1.0,1.0,1.0,1.0,0.37447824625770515,0.26812925399512316,0.29451071489999997,0.12575978820344533,13,8.0265859,0.3337775254024307,0.30911119414981897,1,13,0.19823957916138338,1.0
h1_run1,832,montelukast,-2.5053156582693776,3.8286407502018642,-4.386200531349995,4.386200531349995,-3.3031401459381238,3.3031401459381238,-0.09469699999999999,0.0,0.0,0.0,0.13333333333333333,0.0,0.0,0.2,0.0,0.0,0.4,0.0,1.0,3.839306190379591,0.3889631739068724,2.132955034,0.10200084580613851,15,24.0056818,1.2981306718418362,0.7899102089461248,1,15,0.30132450210588074,1.0
h1_run1,875,nifedipine,-0.4741271381111017,1.0918678413278233,0.85282275953649,0.85282275953649,0.13804975995666155,0.13804975995666155,0.0,0.6666666666666666,1.0,1.0,0.8,1.0,1.0,0.8666666666666667,1.0,1.0,0.9333333333333333,1.0,1.0,0.05898050107331079,0.06490312028397535,0.0476470588,0.08605207139892927,15,6.0015407,0.4389138757006183,0.5562913344174241,1,15,0.3607010739854514,1.0
h1_run1,907,ondansetron,-1.5386132039285494,1.5386132039285494,-0.25400468872319926,0.25400468872319926,-1.0061321884877399,1.0061321884877399,0.0,0.4,1.0,0.0,0.56,1.0,1.0,0.8,1.0,1.0,0.88,1.0,1.0,0.41813582166913305,0.20818115168831983,0.0762296104,0.06392351824357673,25,24.1352048,0.5546255470723811,0.6530068425658093,3,25,0.40509193232399027,3.0
h1_run1,938,paroxetine,2.9596806779934024,2.9596806779934024,2.8666213346945035,2.8666213346945035,2.8559292061311736,2.8559292061311736,0.0,0.0,0.0,0.0,0.05263157894736842,0.0,0.0,0.05263157894736842,0.0,0.0,0.8421052631578947,1.0,1.0,0.2828853345142974,2.048003948733788,0.0618727473,0.4512720211685227,19,48.1057269,0.903194671397257,0.7959918348752392,1,19,0.6862161984677597,1.0
h1_run1,963,phenacetin,1.6915206432984426,1.6915206432984426,0.9613559008167394,0.9613559008167394,1.6454814639175372,1.6454814639175372,0.0,0.125,1.0,0.0,0.5,1.0,0.0,0.875,1.0,1.0,1.0,1.0,1.0,2.7213263832731838,8.513730726285315,3.0408374,5.920933191533145,8,4.0,0.5318849266781094,0.5779975338551272,1,8,0.4058167316115942,1.0
h1_run1,967,phenobarbital,-1.4270237838057684,1.4270237838057684,-0.009284761396857015,0.009284761396857015,-1.806413311265163,1.806413311265163,0.0,0.5454545454545454,1.0,0.0,0.6363636363636364,1.0,0.0,0.7272727272727273,1.0,1.0,0.8181818181818182,1.0,1.0,37.540425208462935,10.732838542289503,4.6355674,4.605830043300007,11,12.0574059,0.6379186407487324,0.9040014728685081,1,11,,
h1_run1,973,phenytoin,-1.7382387693824297,1.7382387693824297,-0.6911551581233494,0.6911551581233494,-1.9501934428743637,1.9501934428743637,0.0,0.6,1.0,0.0,0.6666666666666666,1.0,0.0,0.7333333333333333,1.0,1.0,0.8,1.0,1.0,158.74480934462585,41.08022465322043,12.8070086,7.9321198384438265,15,71.7333333,0.9306182658448178,0.9716653025176646,2,14,2.26989895488946,2.0
h1_run1,1001,posaconazole,-1.695220492861364,2.2545409263752876,1.1086158210001316,1.1086158210001316,-1.3387356573236575,1.3387356573236575,0.0,0.3333333333333333,0.0,0.0,0.5,1.0,1.0,0.6666666666666666,1.0,1.0,0.6666666666666666,1.0,1.0,7.762516750876694,3.069042914598546,1.407604015,3.03533837575457,6,12.0281251,0.866067090150276,1.044744691768247,1,6,1.812515449166409,1.0
h1_run1,1009,pravastatin,0.7959116358859043,0.9048384236982494,-0.43570715124938014,0.43570715124938014,0.7368638934061359,0.7368638934061359,0.0,0.5,1.0,1.0,1.0,1.0,1.0,1.0,1.0,1.0,1.0,1.0,1.0,0.12122247080319816,0.20202320949435848,0.453551388,0.3353247260838043,8,3.004386,0.29418530559500333,0.33702659876959806,1,8,0.14615989609397662,1.0
h1_run1,1018,probenecid,-2.514303650200109,2.514303650200109,-1.5039756752048685,1.5039756752048685,-2.3616504723096154,2.3616504723096154,0.0,0.0,0.0,0.0,0.14285714285714285,1.0,0.0,0.42857142857142855,1.0,0.0,0.8571428571428571,1.0,1.0,1945.3443060381455,378.50258223364597,324.0866189,114.26660100816642,7,12.1084296,0.7790420275505845,0.7976429552203795,1,7,1.4830169968100775,1.0
h1_run1,1041,quinidine,-1.1797367789218838,1.7795786747020412,1.2635172160495618,1.2635172160495618,-0.5005327510266069,0.5005327510266069,0.0,0.4444444444444444,0.0,1.0,0.7222222222222222,1.0,1.0,0.7777777777777778,1.0,1.0,0.8333333333333334,1.0,1.0,20.740280773015634,14.660178543074013,2.120436695,5.090751446404602,18,30.0,0.7930734603199591,1.1452341197502862,1,18,0.5809013589788815,1.0
h1_run1,1094,rosiglitazone,0.11304486855693541,0.3740430131603999,0.151401576168024,0.151401576168024,0.02625349982453579,0.02625349982453579,-0.5825302,0.8888888888888888,1.0,1.0,1.0,1.0,1.0,1.0,1.0,1.0,1.0,1.0,1.0,0.7188448946114305,0.732045851064145,0.1438160644,0.15972901580902704,9,21.3592233,0.16203966744087134,0.09056505513157723,1,9,0.12288843282719494,1.0
h1_run1,1095,rosuvastatin,-0.9107315421127952,3.2786910145063075,1.5872672262523875,1.5872672262523875,1.6349285881915454,1.6349285881915454,1.0781671,0.18421052631578946,0.0,0.0,0.39473684210526316,0.0,0.0,0.6052631578947368,1.0,1.0,0.7894736842105263,1.0,1.0,0.1502357232508874,0.4665903557923033,0.0380556987,0.11434962539254044,38,53.9083558,1.5641780686172486,3.196741847287229,1,38,0.6213221127694665,1.0
h1_run1,1197,tenofovir,-0.4380107148127044,0.7922388030387253,-0.8546641151675198,0.8546641151675198,-0.24052458918567918,0.24052458918567918,0.0,0.9090909090909091,1.0,1.0,0.9090909090909091,1.0,1.0,0.9090909090909091,1.0,1.0,0.9090909090909091,1.0,1.0,14.934893124565443,12.641453254229539,10.1276014,5.600503400419838,11,24.0326136,0.4252169367875835,0.6948679545189851,1,11,0.1911759201206369,1.0
h1_run1,1245,tolbutamide,-0.37393871912183435,0.9246621662438227,-1.3136201056295895,1.3136201056295895,-0.5553785541573538,0.5553785541573538,0.0,0.42857142857142855,0.0,1.0,0.9285714285714286,1.0,1.0,1.0,1.0,1.0,1.0,1.0,1.0,1520.694467619264,1034.7998621869406,258.6528094,104.0586399204113,14,36.2214984,0.3066864502191474,0.2673349579971376,1,14,0.15692345792091497,1.0
h1_run1,1293,valsartan,-3.175693996922631,3.175693996922631,-4.538787908958254,4.538787908958254,-2.9754339014542253,2.9754339014542253,0.0,0.08333333333333333,0.0,0.0,0.16666666666666666,0.0,0.0,0.25,0.0,0.0,0.4166666666666667,0.0,1.0,24.503815553595214,3.1155796630099895,16.3876281,0.7050254508950816,12,10.0987013,1.0395543452985343,0.7665347682490968,1,12,0.6477634656413003,1.0
h1_run1,1300,verapamil,0.3880538558837307,0.4957584718651487,0.15590659626332598,0.15590659626332598,0.4366546400067467,0.4366546400067467,0.0,0.9333333333333333,1.0,1.0,1.0,1.0,1.0,1.0,1.0,1.0,1.0,1.0,1.0,0.16347496291317132,0.22125718970037453,0.1105149674,0.12312710317853047,30,16.0,0.1817575989619759,0.24392046242560372,1,30,0.10858323034598001,1.0
h1_run1,1319,voriconazole,0.9282347758988705,1.0198094998981726,0.17812340453679043,0.17812340453679043,0.9641103959086791,0.9641103959086791,0.4973415,0.5,1.0,1.0,0.6875,1.0,1.0,1.0,1.0,1.0,1.0,1.0,1.0,5.999341809232273,11.703877151999398,2.2311450049999997,2.524342529594418,16,24.0588957,0.38092739158835237,0.4919783373341122,1,16,0.20934183844479182,1.0
h1_run1,1323,warfarin,-3.047720711285678,3.216015076096733,-2.30201640628293,2.30201640628293,-2.8077741731621906,2.8077741731621906,0.0,0.0625,0.0,0.0,0.125,0.0,0.0,0.375,1.0,0.0,0.5625,1.0,1.0,171.4338774380634,24.48343793212601,9.3113811,1.8881570443492033,16,104.1666667,1.0829603329989133,1.1639914668993103,1,16,0.7086657731955213,1.0
h1_run1,1341,zidovudine,1.2519857322185632,1.2519857322185632,0.8009954555124963,0.8009954555124963,1.1904205612481378,1.1904205612481378,-0.06967260000000008,0.35294117647058826,1.0,0.0,0.8823529411764706,1.0,1.0,0.9411764705882353,1.0,1.0,1.0,1.0,1.0,2.0883092929601093,4.765924053898965,1.224554889,2.1335455294450605,17,8.0175991,0.3975605056350856,0.4462029297453656,2,17,0.26966551488653,2.0
h1_run2,52,alprazolam,-3.0187438724649525,3.0187438724649525,-2.021815604865271,2.021815604865271,-3.0601632876904143,3.0601632876904143,0.0,0.0,0.0,0.0,0.0,0.0,0.0,0.14285714285714285,1.0,0.0,0.6428571428571429,1.0,1.0,0.254573200464216,0.030521912379522086,0.022606383,0.005566778463994442,14,36.0,0.9229581171619031,0.8907729929943184,1,14,0.8992810069546753,1.0
h1_run2,172,bufuralol,0.44900171625764473,0.8355551505484314,-0.15449357200121508,0.15449357200121508,0.06540056369855486,0.06540056369855486,0.0,0.6666666666666666,1.0,1.0,0.8333333333333334,1.0,1.0,1.0,1.0,1.0,1.0,1.0,1.0,0.5471630593866508,0.5725379789087958,0.1437539797,0.12915543226329165,12,11.92053727,0.3053884518463045,0.2601869038628871,1,12,0.22946404895794756,1.0
h1_run2,177,buprenorphine,-0.5504716557050627,0.7339082606494306,-2.2902624178165567,2.2902624178165567,-0.4950802892032781,0.4950802892032781,0.0,0.8235294117647058,0.0,1.0,0.9411764705882353,0.0,1.0,1.0,1.0,1.0,1.0,1.0,1.0,0.014715862756878443,0.010441231178443339,0.0376450345,0.007696087802184514,17,10.015224,0.26943509022473927,0.15397335944959273,1,17,0.13160061178695662,1.0
h1_run2,184,caffeine,-2.400022747427329,2.437233899030867,0.05286605532568403,0.05286605532568403,-2.0330375872877786,2.0330375872877786,-0.18925379999999997,0.5333333333333333,1.0,0.0,0.6,1.0,0.0,0.6666666666666666,1.0,1.0,0.7333333333333333,1.0,1.0,50.74318919440893,12.398594683952265,10.2637363,10.646816129058648,15,15.0,1.07682110201949,1.5997737298786214,1,15,1.0189277796547342,1.0
h1_run2,295,clarithromycin,-4.298307457530809,4.58416930589729,0.6927030359312735,0.6927030359312735,-1.0302245433349457,1.0302245433349457,0.0,0.36363636363636365,1.0,0.0,0.36363636363636365,1.0,1.0,0.45454545454545453,1.0,1.0,0.45454545454545453,1.0,1.0,7.701858391247965,3.771091234489539,2.7763496,4.487438852939745,11,14.0940325,1.8136295185140705,2.108434683226981,1,11,0.9764699642106281,1.0
h1_run2,308,clozapine,0.29541202274753753,0.9757327913696651,-2.377616883669405,2.377616883669405,1.1309743860308819,1.1309743860308819,0.0,0.5384615384615384,0.0,0.0,0.7692307692307693,0.0,1.0,0.8461538461538461,0.0,1.0,1.0,1.0,1.0,0.5500453545747218,1.2046356615580252,0.5216177963,0.10037334553949935,13,24.0641711,0.388913641759405,0.5444972037029021,1,13,0.1984699932636132,1.0
h1_run2,323,crizotinib,1.1557254276349538,1.2724539907321473,0.061982416117219226,0.061982416117219226,1.3204504260375003,1.3204504260375003,-1.2857143,0.23076923076923078,1.0,0.0,0.6923076923076923,1.0,1.0,1.0,1.0,1.0,1.0,1.0,1.0,0.9165169202854315,2.288946664366285,0.15942480699999997,0.16642342913668093,13,96.6857143,0.4095474592006001,0.5092374918509088,1,13,0.21950060625157178,1.0
h1_run2,332,dabigatran,-1.1985863001227068,1.1985863001227068,-0.9105298843559654,0.9105298843559654,-1.3186027602708037,1.3186027602708037,0.0,0.4117647058823529,1.0,0.0,0.8235294117647058,1.0,1.0,1.0,1.0,1.0,1.0,1.0,1.0,0.30551708662960075,0.12248883972332525,0.1720203393,0.09151304216162694,17,6.0230326,0.3805876244134162,0.43415705644753694,1,17,0.4391204990716342,1.0
h1_run2,366,desipramine,1.377957044541389,1.4052803610186722,3.3037518422431824,3.3037518422431824,0.9938805484395151,0.9938805484395151,0.2774994,0.3333333333333333,0.0,1.0,0.5833333333333334,0.0,1.0,0.8333333333333334,0.0,1.0,0.9166666666666666,1.0,1.0,0.22006510473871538,0.438267271495385,0.0182833469,0.18054443320097294,12,48.7012987,0.5035473877529741,0.22499722214126597,1,12,0.4603728788992237,1.0
h1_run2,394,digoxin,-2.47261955760984,2.70303320121121,0.8432436019528883,0.8432436019528883,-0.8460406024675927,0.8460406024675927,0.0,0.4375,1.0,1.0,0.5,1.0,1.0,0.5625,1.0,1.0,0.6875,1.0,1.0,0.020127290211065848,0.01119700081312491,0.008280167494,0.014855276502265641,16,8.0521739,1.1692875980703799,1.4776718570874792,1,16,1.4256260050471707,1.0
h1_run2,413,docetaxel,-2.8139706725668714,4.369989021220784,-0.32174188114131985,0.32174188114131985,0.48449208715417913,0.48449208715417913,0.0,0.3,1.0,1.0,0.4166666666666667,1.0,1.0,0.5666666666666667,1.0,1.0,0.65,1.0,1.0,2.7107492448853554,3.79259087993615,4.3087272,3.447426702828679,60,25.1339286,2.2037655110672176,3.4662890074390686,1,60,0.8535996428529795,1.0
h1_run2,471,erythromycin,-5.715756375414595,5.859980378775507,0.5768960134436477,0.5768960134436477,-1.793253759207809,1.793253759207809,0.0,0.125,1.0,0.0,0.125,1.0,0.0,0.25,1.0,1.0,0.5,1.0,1.0,32.282514771018896,9.314170573593582,7.521071200000001,11.218704386134538,8,24.2332407,2.3431683587180308,3.253670127660097,1,8,1.4822875242849258,1.0
h1_run2,488,etoricoxib,-2.7618786768362984,3.4547029204278377,1.7204278660624905,1.7204278660624905,-0.4953275825873247,0.4953275825873247,0.0,0.2222222222222222,0.0,1.0,0.3888888888888889,0.0,1.0,0.5,1.0,1.0,0.5555555555555556,1.0,1.0,6.773188953653525,4.804904180467747,0.4528159333,1.49218301786658,18,120.1395275,1.353636526108084,1.6276221341705617,1,18,0.7108007970414432,1.0
h1_run2,637,imipramine,0.11423196759785487,0.48259628459850185,-0.0858590994230057,0.0858590994230057,0.07256740190195274,0.07256740190195274,0.0,0.7777777777777778,1.0,1.0,1.0,1.0,1.0,1.0,1.0,1.0,1.0,1.0,1.0,0.7281455970623832,0.7657080139154055,0.07719373084999999,0.0727337311643525,9,71.1702225,0.19693104877781012,0.2627247866258304,1,9,0.10896185243042027,1.0
h1_run2,674,itraconazole,0.4329460921612444,0.608199330179834,0.9367582371553264,0.9367582371553264,0.40291046050655943,0.40291046050655943,-0.6611569999999999,0.8571428571428571,1.0,1.0,0.9285714285714286,1.0,1.0,0.9285714285714286,1.0,1.0,1.0,1.0,1.0,4.150849720506162,5.4881395314716475,0.6176304512,1.1822818651657139,14,96.1674919,0.30406434167311297,0.3657728559962914,1,14,0.1522001616479604,1.0
h1_run2,703,lansoprazole,3.134048802509722,3.134048802509722,1.9044921470122476,1.9044921470122476,3.086450783302094,3.086450783302094,-0.05542730000000001,0.0,0.0,0.0,0.0,0.0,0.0,0.11764705882352941,1.0,0.0,0.5882352941176471,1.0,1.0,0.5117131351179542,4.346511478745109,0.6484342762,2.427589365537403,17,10.0046189,0.9667164539101091,1.148192331180002,1,17,0.3882768618508719,1.0
h1_run2,739,lorazepam,-0.7191306133441521,0.7191306133441521,-0.61195220888968,0.61195220888968,-0.7638466445294965,0.7638466445294965,-0.1002012,0.75,1.0,1.0,1.0,1.0,1.0,1.0,1.0,1.0,1.0,1.0,1.0,0.40043145682016623,0.23582369241775136,0.0573052854,0.037495461990807076,20,36.0387728,0.2358674697975603,0.22606783916588633,1,20,0.2204622231346326,1.0
h1_run2,781,metformin,0.39052175433909725,1.2498024151267852,-1.0768345874355136,1.0768345874355136,-0.1810296273122752,0.1810296273122752,0.0,0.3125,0.0,1.0,0.75,1.0,1.0,0.875,1.0,1.0,1.0,1.0,1.0,13.189963868584305,11.63451430587834,15.168519700000001,7.190907276370066,16,10.0631579,0.4383421793516073,0.47027994374502907,1,16,0.17926576021375845,1.0
h1_run2,787,methotrexate,-5.195494016235811,5.195494016235811,-1.1090445540771898,1.1090445540771898,-1.6813727952676853,1.6813727952676853,0.0,0.18181818181818182,0.0,0.0,0.45454545454545453,1.0,0.0,0.5454545454545454,1.0,1.0,0.5454545454545454,1.0,1.0,20.47419572343811,6.383563830677022,6.316439228999999,2.928307263973933,11,47.7628032,2.2009303738206025,2.7985753308323855,1,11,0.9238464270238822,1.0
h1_run2,800,metoprolol,1.3159012421020675,1.3159012421020675,2.126012591806915,2.126012591806915,1.159526450899863,1.159526450899863,0.0,0.5555555555555556,0.0,0.0,0.6666666666666666,0.0,1.0,0.8888888888888888,1.0,1.0,1.0,1.0,1.0,0.24560395936420584,0.5486401749306633,0.1197309591,0.5226368440655309,9,7.9054946,0.44838641720950995,0.2945013309287846,1,9,0.4766003981903095,1.0
h1_run2,811,midazolam,-1.1452520831934256,1.3376192213180487,-1.765222353419362,1.765222353419362,-1.2084108523832924,1.2084108523832924,0.0,0.23076923076923078,0.0,0.0,0.46153846153846156,0.0,1.0,1.0,1.0,1.0,1.0,1.0,1.0,0.37447824625770515,0.16205359900285654,0.29451071489999997,0.08663955690378279,13,8.0265859,0.4474471838411021,0.3337876467910333,1,13,0.2657510906843108,1.0
h1_run2,832,montelukast,-2.9921459456250035,4.627432472110477,-2.046489772202594,2.046489772202594,-2.778131331292789,2.778131331292789,-0.09469699999999999,0.0,0.0,0.0,0.0,0.0,0.0,0.4,1.0,0.0,0.4666666666666667,1.0,1.0,3.839306190379591,0.5596955919659283,2.132955034,0.5163294452273228,15,24.0056818,1.672293559369922,1.9818052393651022,1,15,0.3881758863590031,1.0
h1_run2,875,nifedipine,-3.2884482164350595,3.93105909172245,1.7308405551252426,1.7308405551252426,-0.06119501490243805,0.06119501490243805,0.0,0.2,0.0,1.0,0.3333333333333333,0.0,1.0,0.5333333333333333,1.0,1.0,0.6,1.0,1.0,0.05898050107331079,0.05653103316685734,0.0476470588,0.1581506648875076,15,6.0015407,1.5938488989532666,2.0511935841619153,1,15,1.309831020277682,1.0
h1_run2,907,ondansetron,-0.6250258164557035,0.7087587010677947,-0.8382978234947471,0.8382978234947471,-0.7445938487382158,0.7445938487382158,0.0,0.84,1.0,1.0,0.96,1.0,1.0,1.0,1.0,1.0,1.0,1.0,1.0,0.41813582166913305,0.24955845717762287,0.0762296104,0.042635455775678434,25,24.1352048,0.21576939381074803,0.2166571367095891,3,25,0.16082914681269683,3.0
h1_run2,938,paroxetine,2.786865308091131,2.786865308091131,2.831228636149073,2.831228636149073,2.7122696083472992,2.7122696083472992,0.0,0.0,0.0,0.0,0.0,0.0,0.0,0.10526315789473684,0.0,0.0,0.8947368421052632,1.0,1.0,0.2828853345142974,1.8538941821880137,0.0618727473,0.44033595057960934,19,48.1057269,0.8473422269604113,0.794300124814277,1,19,0.6437814351655231,1.0
h1_run2,963,phenacetin,1.4032572068792288,1.5010305178961594,2.249036294700657,2.249036294700657,1.8505656136354744,1.8505656136354744,0.0,0.375,0.0,0.0,0.5,0.0,0.0,0.75,1.0,1.0,1.0,1.0,1.0,2.7213263832731838,9.814233597805197,3.0408374,14.455082815716244,8,4.0,0.5281307846741029,0.4215912030627241,1,8,0.4029524022018726,1.0
h1_run2,967,phenobarbital,-1.7348915213562746,2.1028569971095195,0.5743727143542211,0.5743727143542211,-1.8192201660678686,1.8192201660678686,0.0,0.5454545454545454,1.0,0.0,0.6363636363636364,1.0,0.0,0.7272727272727273,1.0,1.0,0.7272727272727273,1.0,1.0,37.540425208462935,10.637984390414111,4.6355674,6.902498416881029,11,12.0574059,0.9428869047810974,1.341566033801046,1,11,,
h1_run2,973,phenytoin,-1.8298723237523356,1.8298723237523356,-0.42732364734665995,0.42732364734665995,-1.9810725182089575,1.9810725182089575,0.0,0.6,1.0,0.0,0.6666666666666666,1.0,0.0,0.7333333333333333,1.0,1.0,0.7333333333333333,1.0,1.0,158.74480934462585,40.21029710498695,12.8070086,9.523804359829352,15,71.7333333,1.0294083228132953,1.0816260043583679,2,14,2.517741150999926,2.0
h1_run2,1001,posaconazole,-1.31090686718911,1.80207759678341,0.9970397858233035,0.9970397858233035,-1.2233598926170883,1.2233598926170883,0.0,0.5,1.0,0.0,0.5,1.0,1.0,0.6666666666666666,1.0,1.0,0.8333333333333334,1.0,1.0,7.762516750876694,3.3245626938198725,1.407604015,2.809437527847534,6,12.0281251,0.6772386401352585,0.8219998943890268,1,6,1.417333035717377,1.0
h1_run2,1009,pravastatin,2.3922040874863213,2.3922040874863213,0.9582483657694049,0.9582483657694049,2.369690535307574,2.369690535307574,0.0,0.125,1.0,0.0,0.125,1.0,0.0,0.375,1.0,0.0,1.0,1.0,1.0,0.12122247080319816,0.6265144084933923,0.453551388,0.8812274193517639,8,3.004386,0.7474480877097365,0.8203365861512186,1,8,0.37135415249357767,1.0
h1_run2,1018,probenecid,-3.5348409627812205,3.5348409627812205,-0.5808439370123616,0.5808439370123616,-2.364159941862112,2.364159941862112,0.0,0.14285714285714285,1.0,0.0,0.2857142857142857,1.0,0.0,0.2857142857142857,1.0,0.0,0.42857142857142855,1.0,1.0,1945.3443060381455,377.84477509770244,324.0866189,216.6754225255097,7,12.1084296,1.2332627051765856,1.2555858828263275,1,7,2.34769048219301,1.0
h1_run2,1041,quinidine,-0.5214036194672539,0.7547856938971127,0.5815683040169893,0.5815683040169893,-0.6307610883710153,0.6307610883710153,-0.5031447000000001,0.6666666666666666,1.0,1.0,1.0,1.0,1.0,1.0,1.0,1.0,1.0,1.0,1.0,20.740280773015634,13.394812035388863,2.120436695,3.173180781462939,18,30.0,0.2564450694830028,0.21075681160387313,1,18,0.18783794543573498,1.0
h1_run2,1094,rosiglitazone,0.15388116555374554,0.7635759168498863,0.7838073060034082,0.7838073060034082,0.165817864600101,0.165817864600101,-0.5825302,0.6666666666666666,1.0,1.0,0.7777777777777778,1.0,1.0,1.0,1.0,1.0,1.0,1.0,1.0,0.7188448946114305,0.8064015311124242,0.1438160644,0.24760357437606367,9,21.3592233,0.3296456545947591,0.37821235024322286,1,9,0.24999827833037747,1.0
h1_run2,1095,rosuvastatin,-8.602509607606907,10.306992574888493,1.724958882069989,1.724958882069989,1.5796962678409054,1.5796962678409054,0.6469003,0.05405405405405406,0.0,0.0,0.10810810810810811,0.0,1.0,0.43243243243243246,1.0,1.0,0.5405405405405406,1.0,1.0,0.14957173848398742,0.4470802675749539,0.0380556987,0.12580099171564543,37,48.3018868,5.1362940447622885,10.380025577120026,1,37,2.0574084427350687,1.0
h1_run2,1197,tenofovir,-4.106526076534295,4.106526076534295,-0.8897549112235766,0.8897549112235766,-1.5961877130001016,1.5961877130001016,0.0,0.18181818181818182,1.0,0.0,0.2727272727272727,1.0,0.0,0.45454545454545453,1.0,1.0,0.5454545454545454,1.0,1.0,14.934893124565443,4.939713248701796,10.1276014,5.465925186153015,11,24.0326136,1.5559366776905585,2.2777796056927504,1,11,0.6995432219943155,1.0
h1_run2,1245,tolbutamide,-0.4306430144708683,0.4306430144708683,-0.5413284638606471,0.5413284638606471,-0.3319293131363526,0.3319293131363526,0.49817980000000006,1.0,1.0,1.0,1.0,1.0,1.0,1.0,1.0,1.0,1.0,1.0,1.0,1520.694467619264,1208.1511907217175,258.6528094,177.7301448356329,14,36.2214984,0.15487978705692676,0.16852795793225375,1,14,0.07924794763401165,1.0
h1_run2,1293,valsartan,-1.1556403465600271,1.1611938618780575,-2.6763890563971406,2.6763890563971406,-1.0764191831386827,1.0764191831386827,0.0,0.5,0.0,0.0,0.6666666666666666,0.0,1.0,0.8333333333333334,0.0,1.0,1.0,1.0,1.0,24.503815553595214,11.619816045113009,16.3876281,2.5635554368716904,12,10.0987013,0.4438436244242418,0.25442561200270714,1,12,0.27656628598601835,1.0
h1_run2,1300,verapamil,0.527124317043727,0.6254891054145517,0.9409806470997653,0.9409806470997653,0.5405278057234475,0.5405278057234475,0.0,0.8,1.0,1.0,1.0,1.0,1.0,1.0,1.0,1.0,1.0,1.0,1.0,0.16347496291317132,0.23777507674543194,0.1105149674,0.21217025582252572,30,16.0,0.23523791448141218,0.20429798637309937,1,30,0.14053273590826182,1.0
h1_run2,1319,voriconazole,0.8741561637944699,0.9826277678343516,0.12197591228134308,0.12197591228134308,0.9100145009497537,0.9100145009497537,0.4973415,0.5,1.0,1.0,0.6875,1.0,1.0,1.0,1.0,1.0,1.0,1.0,1.0,5.999341809232273,11.27314952932209,2.2311450049999997,2.4279861491560366,16,24.0588957,0.3719678225886419,0.4890889949930796,1,16,0.20441803226154096,1.0
h1_run2,1323,warfarin,-5.406961447470526,5.406961447470526,-1.0715829536466928,1.0715829536466928,-3.38880929534399,3.38880929534399,0.0,0.0625,0.0,0.0,0.1875,1.0,0.0,0.3125,1.0,0.0,0.4375,1.0,0.0,171.4338774380634,16.366785870582127,9.3113811,4.430324017787945,16,104.1666667,1.9464841700307194,2.1594764939939246,1,16,1.2737370588152894,1.0
h1_run2,1341,zidovudine,1.429776175591565,1.429776175591565,1.005100595817496,1.005100595817496,1.3844440012151429,1.3844440012151429,-0.06967260000000008,0.11764705882352941,0.0,0.0,0.6470588235294118,1.0,1.0,0.9411764705882353,1.0,1.0,1.0,1.0,1.0,2.0883092929601093,5.451976720630332,1.224554889,2.457783840878902,17,8.0175991,0.44625187086000995,0.4865256299073889,2,17,0.3026436340362598,2.0
h1_run3,52,alprazolam,-3.1721432656326924,3.1721432656326924,-2.1888810813337902,2.1888810813337902,-3.1871992912945086,3.1871992912945086,0.0,0.0,0.0,0.0,0.0,0.0,0.0,0.14285714285714285,1.0,0.0,0.42857142857142855,1.0,1.0,0.254573200464216,0.027949245835431367,0.022606383,0.004958065031087347,14,36.0,0.9688251608611002,0.9260806734470772,1,14,0.9439714002421666,1.0
h1_run3,172,bufuralol,0.3483817066359424,0.8382374694822549,-0.2434989063259884,0.2434989063259884,-0.042117909231896664,0.042117909231896664,-0.5238961870000001,0.6666666666666666,1.0,1.0,0.8333333333333334,1.0,1.0,1.0,1.0,1.0,1.0,1.0,1.0,0.5471630593866508,0.5314201469450903,0.1437539797,0.12142815654980132,12,11.92053727,0.2997319525035961,0.2544305353388692,1,12,0.22521384488422222,1.0
h1_run3,177,buprenorphine,-0.6268388018094616,0.7968005725845264,-2.333119581404414,2.333119581404414,-0.572465572210332,0.572465572210332,0.0,0.7647058823529411,0.0,1.0,0.9411764705882353,0.0,1.0,0.9411764705882353,0.0,1.0,1.0,1.0,1.0,0.014715862756878443,0.00989592556897782,0.0376450345,0.007470827728232335,17,10.015224,0.2878429935444299,0.16810669188687088,1,17,0.1405916134288207,1.0
h1_run3,184,caffeine,-2.3992185850382493,2.4365147079574268,0.053503340192975445,0.053503340192975445,-2.032788781849541,2.032788781849541,-0.18925379999999997,0.5333333333333333,1.0,0.0,0.6,1.0,0.0,0.6666666666666666,1.0,1.0,0.7333333333333333,1.0,1.0,50.74318919440893,12.400733114954948,10.2637363,10.65152020956135,15,15.0,1.0764129785504464,1.5991569560593035,1,15,1.0185415981995625,1.0
h1_run3,295,clarithromycin,-4.197411565119731,4.481850979701946,0.6869469298100758,0.6869469298100758,-1.0301863904257602,1.0301863904257602,0.0,0.36363636363636365,1.0,0.0,0.36363636363636365,1.0,1.0,0.45454545454545453,1.0,1.0,0.45454545454545453,1.0,1.0,7.701858391247965,3.771190964508572,2.7763496,4.4695704102017135,11,14.0940325,1.7694987321197189,2.0573783172282556,1,11,0.9527096609231158,1.0
h1_run3,308,clozapine,0.3263347094242191,0.9860720972692564,-2.352365065809881,2.352365065809881,1.1632170011566227,1.1632170011566227,0.0,0.5384615384615384,0.0,0.0,0.7692307692307693,0.0,1.0,0.8461538461538461,0.0,1.0,1.0,1.0,1.0,0.5500453545747218,1.2318610115399777,0.5216177963,0.10214566836248663,13,24.0641711,0.3916784688355897,0.5524112185236071,1,13,0.1998809368569081,1.0
h1_run3,323,crizotinib,1.0892154408729138,1.2268701245306117,-0.13250839361060757,0.13250839361060757,1.2326602674673774,1.2326602674673774,-1.2857143,0.5714285714285714,1.0,0.0,0.7142857142857143,1.0,1.0,0.9285714285714286,1.0,1.0,1.0,1.0,1.0,0.9967098838586336,2.3422674326342814,0.15942480699999997,0.14543431802313048,14,144.2571429,0.4276359644111734,0.5530828159367411,1,14,0.2040397145976946,1.0
h1_run3,332,dabigatran,-1.1935676561402235,1.1935676561402235,-0.895979841336487,0.895979841336487,-1.3165856232826376,1.3165856232826376,0.0,0.4117647058823529,1.0,0.0,0.7647058823529411,1.0,1.0,1.0,1.0,1.0,1.0,1.0,1.0,0.30551708662960075,0.12266022007106081,0.1720203393,0.09244065034535863,17,6.0230326,0.37972970929499233,0.4347765490901033,1,17,0.4381306399937306,1.0
h1_run3,366,desipramine,1.279951029009883,1.279951029009883,3.140646619164841,3.140646619164841,0.8954902589947892,0.8954902589947892,0.2774994,0.5,0.0,1.0,0.75,0.0,1.0,0.9166666666666666,0.0,1.0,1.0,1.0,1.0,0.22006510473871538,0.4093743347889557,0.0182833469,0.16124436176817242,12,48.7012987,0.4569932943584965,0.2064888738253028,1,12,0.4178103663694734,1.0
h1_run3,394,digoxin,-2.4471093542042683,2.677213177695841,0.83818640669746,0.83818640669746,-0.8411949075058471,0.8411949075058471,0.0,0.4375,1.0,1.0,0.5,1.0,1.0,0.5625,1.0,1.0,0.6875,1.0,1.0,0.020127290211065848,0.011234672302987206,0.008280167494,0.014803294265710207,16,8.0521739,1.1588848246553787,1.464559275493548,1,16,1.412942671768418,1.0
h1_run3,413,docetaxel,-2.8040261718572563,4.366585871045373,-0.324016114153698,0.324016114153698,0.48544261388022375,0.48544261388022375,0.0,0.3,1.0,1.0,0.4166666666666667,1.0,1.0,0.5666666666666667,1.0,1.0,0.65,1.0,1.0,2.7107492448853554,3.79509047044105,4.3087272,3.4419965356496998,60,25.1339286,2.2025281979372697,3.4639363210008813,1,60,0.8531203858537585,1.0
h1_run3,471,erythromycin,-5.591817100184448,5.735342279754667,0.5741007182808715,0.5741007182808715,-1.7855828415277348,1.7855828415277348,0.0,0.125,1.0,0.0,0.125,1.0,0.0,0.25,1.0,1.0,0.5,1.0,1.0,32.282514771018896,9.363826612197748,7.521071200000001,11.196988619167184,8,24.2332407,2.288802448417764,3.17691049781982,1,8,1.4478956675134524,1.0
h1_run3,488,etoricoxib,-2.603389341329062,3.3246813883533273,1.6821095916225244,1.6821095916225244,-0.4582300331130277,0.4582300331130277,0.0,0.2777777777777778,0.0,1.0,0.3888888888888889,0.0,1.0,0.5555555555555556,1.0,1.0,0.6111111111111112,1.0,1.0,6.773188953653525,4.930060019972924,0.4528159333,1.4530720297690591,18,120.1395275,1.3052858499037205,1.5704155472591712,1,18,0.6854116334656295,1.0
h1_run3,637,imipramine,0.17495904446798546,0.4153241080576849,-0.1575023503069335,0.1575023503069335,0.10044241027667171,0.10044241027667171,0.0,0.8888888888888888,1.0,1.0,1.0,1.0,1.0,1.0,1.0,1.0,1.0,1.0,1.0,0.7281455970623832,0.7806464805796209,0.07719373084999999,0.06921003988064686,9,71.1702225,0.1797969488009572,0.22741200888757787,1,9,0.09948156334044371,1.0
h1_run3,674,itraconazole,0.4428762508131827,0.5883600345262577,0.830845542506179,0.830845542506179,0.4198610463539251,0.4198610463539251,-0.6611569999999999,0.8571428571428571,1.0,1.0,0.9285714285714286,1.0,1.0,0.9285714285714286,1.0,1.0,1.0,1.0,1.0,4.150849720506162,5.55300135193737,0.6176304512,1.0985962950381687,14,96.1674919,0.30289059900209475,0.37078194212195775,1,14,0.15161264183791265,1.0
h1_run3,703,lansoprazole,3.133479907077818,3.133479907077818,1.891964900782192,1.891964900782192,3.0858659851166013,3.0858659851166013,-0.05542730000000001,0.0,0.0,0.0,0.0,0.0,0.0,0.11764705882352941,1.0,0.0,0.5882352941176471,1.0,1.0,0.5117131351179542,4.344749972081385,0.6484342762,2.4066013137509685,17,10.0046189,0.9672205252146415,1.152450417831905,1,17,0.38847931958652054,1.0
h1_run3,739,lorazepam,-0.8421236430547042,0.8421236430547042,-0.8243031235701124,0.8243031235701124,-0.841210231045206,0.841210231045206,-0.1002012,0.6,1.0,1.0,1.0,1.0,1.0,1.0,1.0,1.0,1.0,1.0,1.0,0.40043145682016623,0.22351088334743496,0.0573052854,0.03236344270738192,20,36.0387728,0.26909643299052555,0.24655068038372566,1,20,0.25152089817900186,1.0
h1_run3,781,metformin,0.06756865852950966,1.3514984939193755,-1.5082120389878138,1.5082120389878138,-0.5361865487009669,0.5361865487009669,0.0,0.3125,0.0,1.0,0.75,1.0,1.0,0.875,1.0,1.0,1.0,1.0,1.0,13.189963868584305,9.095684160412057,15.168519700000001,5.332441950578632,16,10.0631579,0.4616309582701636,0.45410836984025893,1,16,0.18879001056872224,1.0
h1_run3,787,methotrexate,-5.461859431946284,5.461859431946284,-1.0495241630048484,1.0495241630048484,-1.6944876856860644,1.6944876856860644,0.0,0.18181818181818182,0.0,0.0,0.45454545454545453,1.0,0.0,0.5454545454545454,1.0,1.0,0.5454545454545454,1.0,1.0,20.47419572343811,6.325796694171881,6.316439228999999,3.051645403564554,11,47.7628032,2.3266993461443244,2.960068885786801,1,11,0.9766382904530007,1.0
h1_run3,800,metoprolol,1.149072750687015,1.149072750687015,1.9203600199032436,1.9203600199032436,0.9704297022394801,0.9704297022394801,0.0,0.5555555555555556,0.0,1.0,0.6666666666666666,0.0,1.0,1.0,1.0,1.0,1.0,1.0,1.0,0.24560395936420584,0.48124232112544785,0.1197309591,0.45320263877486505,9,7.9054946,0.40087449168801187,0.24928174544856024,1,9,0.426098862565617,1.0
h1_run3,811,midazolam,-1.2884019305686725,1.441036510032034,-1.8840244865380296,1.8840244865380296,-1.3475832860432209,1.3475832860432209,0.0,0.3076923076923077,0.0,0.0,0.46153846153846156,0.0,1.0,1.0,1.0,1.0,1.0,1.0,1.0,0.37447824625770515,0.14715113068592175,0.29451071489999997,0.07979087302877576,13,8.0265859,0.48598171646667687,0.36174709968103846,1,13,0.28863780099131614,1.0
h1_run3,832,montelukast,-3.0303021263037686,4.662378004109311,-2.0705696373020817,2.0705696373020817,-2.776436671777304,2.776436671777304,-0.09469699999999999,0.0,0.0,0.0,0.0,0.0,0.0,0.4,1.0,0.0,0.4666666666666667,1.0,1.0,3.839306190379591,0.5603534238189407,2.132955034,0.5077829694978369,15,24.0056818,1.6866600549953223,2.014024803281136,1,15,0.3915106640013709,1.0
h1_run3,875,nifedipine,-3.3794136355719275,4.019540327097775,1.7449281247804296,1.7449281247804296,-0.07177713734291732,0.07177713734291732,0.0,0.2,0.0,1.0,0.3333333333333333,0.0,1.0,0.4666666666666667,1.0,1.0,0.6,1.0,1.0,0.05898050107331079,0.05611789685187326,0.0476470588,0.15970253252140518,15,6.0015407,1.627882069724144,2.0944114161681346,1,15,1.33779960802987,1.0
h1_run3,907,ondansetron,-0.6642177468547501,0.7169114494915816,-0.7754330494990619,0.7754330494990619,-0.7505626936099032,0.7505626936099032,0.0,0.84,1.0,1.0,0.96,1.0,1.0,1.0,1.0,1.0,1.0,1.0,1.0,0.41813582166913305,0.24852809489143493,0.0762296104,0.04453434740141772,25,24.1352048,0.21988332240861982,0.22544665616295825,3,25,0.16508268663908984,3.0
h1_run3,938,paroxetine,2.5688479232895016,2.5688479232895016,2.6669442452928593,2.6669442452928593,2.5383502831003177,2.5383502831003177,0.0,0.0,0.0,0.0,0.0,0.0,0.0,0.3157894736842105,0.0,0.0,0.9473684210526315,1.0,1.0,0.2828853345142974,1.6433497680265081,0.0618727473,0.3929430526961798,19,48.1057269,0.782139976777208,0.7649210331741378,1,19,0.5942430115352734,1.0
h1_run3,963,phenacetin,1.305484362648499,1.5348705101133069,2.32249118332361,2.32249118332361,1.8282581186621107,1.8282581186621107,0.0,0.375,0.0,0.0,0.5,0.0,0.0,0.625,0.0,1.0,1.0,1.0,1.0,2.7213263832731838,9.663649410481153,3.0408374,15.210122400489043,8,4.0,0.5303158115890602,0.41801121460785456,1,8,0.4046195306287851,1.0
h1_run3,967,phenobarbital,-1.7153141466685489,2.0680964733447844,0.5512623970859798,0.5512623970859798,-1.8159432921266065,1.8159432921266065,0.0,0.5454545454545454,1.0,0.0,0.6363636363636364,1.0,0.0,0.7272727272727273,1.0,1.0,0.7272727272727273,1.0,1.0,37.540425208462935,10.662174501155013,4.6355674,6.7928092144963035,11,12.0574059,0.9291941780879909,1.3222785878540704,1,11,,
h1_run3,973,phenytoin,-1.7901302798888528,1.7901302798888528,-0.5140567925484791,0.5140567925484791,-1.967792747481203,1.967792747481203,0.0,0.6,1.0,0.0,0.6666666666666666,1.0,0.0,0.7333333333333333,1.0,1.0,0.8,1.0,1.0,158.74480934462585,40.58213500875404,12.8070086,8.968115381047879,15,71.7333333,0.9912100787107104,1.0398428316623827,2,14,2.422542311852223,2.0
h1_run3,1001,posaconazole,-1.2497798865668204,1.732130112572799,0.9639562562078975,0.9639562562078975,-1.1699796503931794,1.1699796503931794,0.0,0.5,1.0,0.0,0.5,1.0,1.0,0.6666666666666666,1.0,1.0,0.8333333333333334,1.0,1.0,7.762516750876694,3.4498767618337753,1.407604015,2.745745272704956,6,12.0281251,0.6568553575442864,0.7954578638883459,1,6,1.3746746608396858,1.0
h1_run3,1009,pravastatin,2.3906495012309734,2.3906495012309734,0.9645531650192387,0.9645531650192387,2.370051842913869,2.370051842913869,0.0,0.125,1.0,0.0,0.125,1.0,0.0,0.375,1.0,0.0,1.0,1.0,1.0,0.12122247080319816,0.6266713320028459,0.453551388,0.8850869459482181,8,3.004386,0.7466631604698758,0.8187994049517534,1,8,0.37096417759803574,1.0
h1_run3,1018,probenecid,-3.626294610285725,3.626294610285725,-0.5402444807952191,0.5402444807952191,-2.3766410767342787,2.3766410767342787,0.0,0.14285714285714285,1.0,0.0,0.2857142857142857,1.0,0.0,0.2857142857142857,1.0,0.0,0.42857142857142855,1.0,1.0,1945.3443060381455,374.5900394937616,324.0866189,222.8595792521976,7,12.1084296,1.270653598669821,1.293362628603995,1,7,2.41886935138795,1.0
h1_run3,1041,quinidine,-0.5207919989481131,0.7542115670931858,0.5838241175695067,0.5838241175695067,-0.6301410837816944,0.6301410837816944,-0.5031447000000001,0.6666666666666666,1.0,1.0,1.0,1.0,1.0,1.0,1.0,1.0,1.0,1.0,1.0,20.740280773015634,13.400569752354148,2.120436695,3.178146282258908,18,30.0,0.2560128986211656,0.21043661951413536,1,18,0.18752139387586939,1.0
h1_run3,1094,rosiglitazone,0.15568550284446747,0.7584532554382233,0.7758190986445839,0.7758190986445839,0.16539543454480976,0.16539543454480976,-0.5825302,0.6666666666666666,1.0,1.0,0.7777777777777778,1.0,1.0,1.0,1.0,1.0,1.0,1.0,1.0,0.7188448946114305,0.8061654463082005,0.1438160644,0.24623638111066806,9,21.3592233,0.327275470918384,0.3745158797877475,1,9,0.24820076688085158,1.0
h1_run3,1095,rosuvastatin,-8.644602931393008,10.347455486830409,1.7251335080105699,1.7251335080105699,1.5791752663989351,1.5791752663989351,0.6469003,0.05405405405405406,0.0,0.0,0.10810810810810811,0.0,1.0,0.43243243243243246,1.0,1.0,0.5405405405405406,1.0,1.0,0.14957173848398742,0.44691884232321527,0.0380556987,0.12581621977525745,37,48.3018868,5.143072749659118,10.373885191907997,1,37,2.0601237399053636,1.0
h1_run3,1197,tenofovir,-4.342542206098797,4.342542206098797,-0.8438217152369117,0.8438217152369117,-1.6289807780819583,1.6289807780819583,0.0,0.18181818181818182,1.0,0.0,0.2727272727272727,1.0,0.0,0.36363636363636365,1.0,1.0,0.5454545454545454,1.0,1.0,14.934893124565443,4.828697980599675,10.1276014,5.642751863494601,11,24.0326136,1.6229624927614013,2.3187442421006743,1,11,0.7296777739357522,1.0
h1_run3,1245,tolbutamide,-0.43091377386456614,0.43091377386456614,-0.5407904640398075,0.5407904640398075,-0.331904799061092,0.331904799061092,0.49817980000000006,1.0,1.0,1.0,1.0,1.0,1.0,1.0,1.0,1.0,1.0,1.0,1.0,1520.694467619264,1208.1717196346194,258.6528094,177.79643508709438,14,36.2214984,0.15502454719222827,0.16875430122705712,1,14,0.07932201761977196,1.0
h1_run3,1293,valsartan,-1.1538270552344296,1.1588852550342101,-2.6723286511966884,2.6723286511966884,-1.0749869565633174,1.0749869565633174,0.0,0.5,0.0,0.0,0.6666666666666666,0.0,1.0,0.8333333333333334,0.0,1.0,1.0,1.0,1.0,24.503815553595214,11.631357273389398,16.3876281,2.5707806197665546,12,10.0987013,0.44304965359523885,0.25392378460056986,1,12,0.27607154966161257,1.0
h1_run3,1300,verapamil,0.5414707669712756,0.6563755473985922,0.8425805447211865,0.8425805447211865,0.5486831123075142,0.5486831123075142,0.0,0.7,1.0,1.0,1.0,1.0,1.0,1.0,1.0,1.0,1.0,1.0,1.0,0.16347496291317132,0.239122984456931,0.1105149674,0.19818150294458978,30,16.0,0.23831535794773814,0.2077745753532443,1,30,0.14237122164249905,1.0
h1_run3,1319,voriconazole,0.8286001205685662,0.9860608545399281,0.019106148320050025,0.019106148320050025,0.8806248550756091,0.8806248550756091,0.4973415,0.5,1.0,1.0,0.625,1.0,1.0,1.0,1.0,1.0,1.0,1.0,1.0,5.999341809232273,11.045823582397244,2.2311450049999997,2.2608894135758915,16,24.0588957,0.37419935633110085,0.4959878181229631,1,16,0.20564439031956888,1.0
h1_run3,1323,warfarin,-5.407576961660247,5.407576961660247,-1.0713252910991837,1.0713252910991837,-3.3888698636908696,3.3888698636908696,0.0,0.0625,0.0,0.0,0.1875,1.0,0.0,0.3125,1.0,0.0,0.4375,1.0,0.0,171.4338774380634,16.36609876185356,9.3113811,4.431115335761477,16,104.1666667,1.9467150519183987,2.159732848635177,1,16,1.2738881429191697,1.0
h1_run3,1341,zidovudine,1.4291108049909507,1.4291108049909507,1.0071713298307576,1.0071713298307576,1.384731875997353,1.384731875997353,-0.06967260000000008,0.11764705882352941,0.0,0.0,0.6470588235294118,1.0,1.0,0.9411764705882353,1.0,1.0,1.0,1.0,1.0,2.0883092929601093,5.453064714395026,1.224554889,2.4613140885610556,17,8.0175991,0.4459380548179709,0.4857729103304711,2,17,0.3024336039261078,2.0
h1_run1_noCLr,52,alprazolam,-2.001717437687292,2.001717437687292,-1.2884819104742782,1.2884819104742782,-1.9560663293715466,1.9560663293715466,0.0,0.07142857142857142,0.0,0.0,0.14285714285714285,1.0,0.0,0.7142857142857143,1.0,1.0,1.0,1.0,1.0,0.254573200464216,0.06561120951177926,0.022606383,0.009254636753528984,14,36.0,0.6212155742452757,0.5601818850497782,1,14,0.6052792177190656,1.0
h1_run1_noCLr,172,bufuralol,0.7416479948237352,1.0234447879639712,0.988722034679185,0.988722034679185,0.732140173284059,0.732140173284059,0.0,0.6666666666666666,1.0,1.0,0.75,1.0,1.0,0.9166666666666666,1.0,1.0,1.0,1.0,1.0,0.5471630593866508,0.9088933426595456,0.1437539797,0.28526918830522574,12,11.92053727,0.3834723634719337,0.2486486321794217,1,12,0.2881350642231512,1.0
h1_run1_noCLr,177,buprenorphine,-0.07203549727681896,0.6988075443158539,-2.1540945501408073,2.1540945501408073,0.07553950920612838,0.07553950920612838,0.0,0.7058823529411765,0.0,1.0,0.9411764705882353,0.0,1.0,1.0,1.0,1.0,1.0,1.0,1.0,0.014715862756878443,0.015506914308992668,0.0376450345,0.008457862614591638,17,10.015224,0.2697988104127848,0.25754672019333646,1,17,0.13177826421977867,1.0
h1_run1_noCLr,184,caffeine,-2.263991929140357,2.2931508752355563,-0.007525485986857444,0.007525485986857444,-2.025972090080096,2.025972090080096,-0.18925379999999997,0.5333333333333333,1.0,0.0,0.6,1.0,0.0,0.6666666666666666,1.0,1.0,0.7333333333333333,1.0,1.0,50.74318919440893,12.4594648589598,10.2637363,10.21033727938715,15,15.0,0.984111275118973,1.4557722567665625,1,15,0.9312023274893207,1.0
h1_run1_noCLr,295,clarithromycin,-4.683309026360845,5.110095107994003,0.9386314273192751,0.9386314273192751,-0.7559513058671142,0.7559513058671142,0.0,0.2727272727272727,1.0,1.0,0.36363636363636365,1.0,1.0,0.45454545454545453,1.0,1.0,0.45454545454545453,1.0,1.0,7.701858391247965,4.560700056702704,2.7763496,5.321454662327462,11,14.0940325,2.0496076995357417,2.3769057467926378,1,11,1.1035221563063495,1.0
h1_run1_noCLr,308,clozapine,1.2484422941183833,1.5331211001664056,-1.5359206516673993,1.5359206516673993,2.0121273474360413,2.0121273474360413,0.0,0.3076923076923077,0.0,0.0,0.6153846153846154,1.0,0.0,0.8461538461538461,1.0,1.0,1.0,1.0,1.0,0.5500453545747218,2.2187541762880514,0.5216177963,0.17988469448570332,13,24.0641711,0.5258346058796044,0.751309428976498,1,13,0.26834335307595575,1.0
h1_run1_noCLr,323,crizotinib,1.3917804706575088,1.4979150721081147,-0.1323738111406983,0.1323738111406983,1.631312432478093,1.631312432478093,-1.2857143,0.21428571428571427,1.0,0.0,0.5714285714285714,1.0,0.0,1.0,1.0,1.0,1.0,1.0,1.0,0.9967098838586336,3.0877543301835173,0.15942480699999997,0.14544788556314184,14,144.2571429,0.4904883904585877,0.6038200533812871,1,14,0.23402875233016282,1.0
h1_run1_noCLr,332,dabigatran,0.10467501983631704,0.295704175028705,-0.06419355219004957,0.06419355219004957,0.35823209949919166,0.35823209949919166,0.0,0.9411764705882353,1.0,1.0,1.0,1.0,1.0,1.0,1.0,1.0,1.0,1.0,1.0,0.30551708662960075,0.39162833962658006,0.1720203393,0.1645339845464862,17,6.0230326,0.13997802574669352,0.18206285570292288,1,17,0.1615060936878517,1.0
h1_run1_noCLr,366,desipramine,1.4917753274616687,1.84665324480838,3.401639562545347,3.401639562545347,1.1723622702955663,1.1723622702955663,0.2774994,0.16666666666666666,0.0,0.0,0.4166666666666667,0.0,1.0,0.75,0.0,1.0,0.9166666666666666,0.0,1.0,0.22006510473871538,0.4959836861980522,0.0182833469,0.1932196282540942,12,48.7012987,0.5993089166965919,0.3564064636801192,1,12,0.5479237466820827,1.0
h1_run1_noCLr,394,digoxin,0.2936213223291027,0.7479745913563807,0.9365318394456021,0.9365318394456021,0.44631104331396926,0.44631104331396926,0.0,0.9375,1.0,1.0,0.9375,1.0,1.0,1.0,1.0,1.0,1.0,1.0,1.0,0.020127290211065848,0.027424474851989383,0.008280167494,0.015847592577826433,16,8.0521739,0.2490585616811389,0.23714073526258692,1,16,0.3036587088567623,1.0
h1_run1_noCLr,413,docetaxel,0.9087653418231455,2.480815244740815,-0.6364600116260005,0.6364600116260005,0.6825341360367151,0.6825341360367151,0.0,0.21666666666666667,1.0,1.0,0.3333333333333333,1.0,1.0,0.4666666666666667,1.0,1.0,0.7166666666666667,1.0,1.0,2.7107492448853554,4.350634440414426,4.3087272,2.7717588557804125,60,25.1339286,0.8928700895272984,1.0174358980725022,1,60,0.34584150886612325,1.0
h1_run1_noCLr,471,erythromycin,-7.387414370135548,7.568107695553096,0.7227733016701946,0.7227733016701946,-1.7944389078843432,1.7944389078843432,0.0,0.125,1.0,0.0,0.125,1.0,0.0,0.25,1.0,1.0,0.375,1.0,1.0,32.282514771018896,9.306522287700094,7.521071200000001,12.412410897077883,8,24.2332407,3.0628813639802277,4.265382703701018,1,8,1.937577732005823,1.0
h1_run1_noCLr,488,etoricoxib,-2.1272335813344765,2.9299196305364767,1.55626371643013,1.55626371643013,-0.32862764349575524,0.32862764349575524,0.0,0.2777777777777778,0.0,1.0,0.4444444444444444,1.0,1.0,0.5,1.0,1.0,0.6111111111111112,1.0,1.0,6.773188953653525,5.393446974285933,0.4528159333,1.3316919051482636,18,120.1395275,1.1626835349188842,1.4036027455192033,1,18,0.610530498688181,1.0
h1_run1_noCLr,637,imipramine,-0.10643187211944845,0.7309964526257833,0.19908418564604538,0.19908418564604538,0.03204348558145965,0.03204348558145965,0.0,0.6666666666666666,1.0,1.0,0.8888888888888888,1.0,1.0,1.0,1.0,1.0,1.0,1.0,1.0,0.7281455970623832,0.7444992731651134,0.07719373084999999,0.08861604084197847,9,71.1702225,0.29159567537629827,0.42860161846573186,1,9,0.16133974376762197,1.0
h1_run1_noCLr,674,itraconazole,0.305084419636604,1.0654055815971846,1.1893272576138028,1.1893272576138028,0.45122616819803835,0.45122616819803835,-0.6611569999999999,0.7142857142857143,0.0,1.0,0.7142857142857143,1.0,1.0,0.9285714285714286,1.0,1.0,0.9285714285714286,1.0,1.0,4.150849720506162,5.675049078332141,0.6176304512,1.408483874536714,14,96.1674919,0.4226515737838431,0.5058833735250243,1,14,0.21155929530145884,1.0
h1_run1_noCLr,703,lansoprazole,3.0804856765405884,3.0804856765405884,1.557311597089893,1.557311597089893,3.0524281984886796,3.0524281984886796,-0.05542730000000001,0.0,0.0,0.0,0.058823529411764705,1.0,0.0,0.35294117647058826,1.0,0.0,0.6470588235294118,1.0,1.0,0.5117131351179542,4.2452083749644585,0.6484342762,1.9083738939108348,17,10.0046189,0.9748688568388976,1.2610358911974215,1,17,0.39155123399270386,1.0
h1_run1_noCLr,739,lorazepam,-0.5548141357993481,0.568301053741741,-0.45458095392280173,0.45458095392280173,-0.5842673488224562,0.5842673488224562,-0.1002012,1.0,1.0,1.0,1.0,1.0,1.0,1.0,1.0,1.0,1.0,1.0,1.0,0.40043145682016623,0.2670829654919321,0.0573052854,0.04181693302346946,20,36.0387728,0.1888294084252246,0.17360591162191968,1,20,0.17649636556644466,1.0
h1_run1_noCLr,781,metformin,3.4080208512635473,3.4080208512635473,0.49059910977512455,0.49059910977512455,2.9867378806401423,2.9867378806401423,0.0,0.1875,1.0,0.0,0.25,1.0,0.0,0.375,1.0,0.0,0.5,1.0,1.0,13.189963868584305,104.55415516977104,15.168519700000001,21.312198271051322,16,10.0631579,1.1926077792452867,1.4045826522942464,1,16,0.48773253009667183,1.0
h1_run1_noCLr,787,methotrexate,-0.1548119447682354,1.0779936508993138,-1.8271420895807298,1.8271420895807298,-0.25182193604682207,0.25182193604682207,0.0,0.36363636363636365,0.0,1.0,0.8181818181818182,0.0,1.0,1.0,1.0,1.0,1.0,1.0,1.0,20.47419572343811,17.194949089167917,6.316439228999999,1.7801137172764794,11,47.7628032,0.3506667307768963,0.30405993904018513,1,11,0.14719330068675193,1.0
h1_run1_noCLr,800,metoprolol,1.770659060287322,1.770659060287322,2.535661096178333,2.535661096178333,1.8064404033244732,1.8064404033244732,0.0,0.2222222222222222,0.0,0.0,0.4444444444444444,0.0,0.0,0.6666666666666666,0.0,1.0,1.0,1.0,1.0,0.24560395936420584,0.8590691245890829,0.1197309591,0.6942509939619003,9,7.9054946,0.5859064614942602,0.4582182222608323,1,9,0.6227736660452013,1.0
h1_run1_noCLr,811,midazolam,-0.4420214540157238,1.0122177138590727,-1.2258949745530459,1.2258949745530459,-0.47805106373411904,0.47805106373411904,0.0,0.3076923076923077,0.0,1.0,0.9230769230769231,1.0,1.0,1.0,1.0,1.0,1.0,1.0,1.0,0.37447824625770515,0.26885547480801725,0.29451071489999997,0.12591281720528433,13,8.0265859,0.3337220388762461,0.3096909591703941,1,13,0.19820662419958146,1.0
h1_run1_noCLr,832,montelukast,-2.505288225698843,3.828614587229886,-4.386191009360822,4.386191009360822,-3.303104332659102,3.303104332659102,-0.09469699999999999,0.0,0.0,0.0,0.13333333333333333,0.0,0.0,0.2,0.0,0.0,0.4,0.0,1.0,3.839306190379591,0.3889728295992966,2.132955034,0.10200151902821741,15,24.0056818,1.2981261312995043,0.789900308129495,1,15,0.30132344814676315,1.0
h1_run1_noCLr,875,nifedipine,-0.46973880747565494,1.0898009900236436,0.8537253781309059,0.8537253781309059,0.1405286330375773,0.1405286330375773,0.0,0.6666666666666666,1.0,1.0,0.8,1.0,1.0,0.8666666666666667,1.0,1.0,0.9333333333333333,1.0,1.0,0.05898050107331079,0.06501473423700864,0.0476470588,0.08610592651058403,15,6.0015407,0.43766031461521593,0.5544842063927626,1,15,0.35967089277031156,1.0
h1_run1_noCLr,907,ondansetron,-1.3548843167248859,1.3548843167248859,-0.2034595051061799,0.2034595051061799,-0.8990911904008224,0.8990911904008224,0.0,0.48,1.0,1.0,0.72,1.0,1.0,0.84,1.0,1.0,0.96,1.0,1.0,0.41813582166913305,0.22421463572409264,0.0762296104,0.06620278905633963,25,24.1352048,0.49054046411047764,0.5780595622958823,3,25,0.3598631023665748,3.0
h1_run1_noCLr,938,paroxetine,3.018857464423161,3.018857464423161,2.8734125861547333,2.8734125861547333,2.93407834019228,2.93407834019228,0.0,0.0,0.0,0.0,0.0,0.0,0.0,0.05263157894736842,0.0,0.0,0.7894736842105263,1.0,1.0,0.2828853345142974,2.162001660392235,0.0618727473,0.45340131828896396,19,48.1057269,0.9188299686291519,0.8295949863021952,1,19,0.6980953587065887,1.0
h1_run1_noCLr,963,phenacetin,1.6915206432984426,1.6915206432984426,0.9613559008167394,0.9613559008167394,1.6454814639175372,1.6454814639175372,0.0,0.125,1.0,0.0,0.5,1.0,0.0,0.875,1.0,1.0,1.0,1.0,1.0,2.7213263832731838,8.513730726285315,3.0408374,5.920933191533145,8,4.0,0.5318849266781094,0.5779975338551272,1,8,0.4058167316115942,1.0
h1_run1_noCLr,967,phenobarbital,-1.4118830227005887,1.4118830227005887,-0.0068510673814373745,0.0068510673814373745,-1.7930871936854105,1.7930871936854105,0.0,0.5454545454545454,1.0,0.0,0.6363636363636364,1.0,0.0,0.7272727272727273,1.0,1.0,0.8181818181818182,1.0,1.0,37.540425208462935,10.832436635168007,4.6355674,4.613606212512716,11,12.0574059,0.6317625775940722,0.8953647009923168,1,11,,
h1_run1_noCLr,973,phenytoin,-1.7311796902566097,1.7311796902566097,-0.6906117879200683,0.6906117879200683,-1.9453894313380635,1.9453894313380635,0.0,0.6,1.0,0.0,0.6666666666666666,1.0,0.0,0.7333333333333333,1.0,1.0,0.8,1.0,1.0,158.74480934462585,41.2172451661841,12.8070086,7.935107919232184,15,71.7333333,0.9266511613658708,0.9675525420652208,2,14,2.260169354206385,2.0
h1_run1_noCLr,1001,posaconazole,-1.695220492861364,2.2545409263752876,1.1086158210001316,1.1086158210001316,-1.3387356573236575,1.3387356573236575,0.0,0.3333333333333333,0.0,0.0,0.5,1.0,1.0,0.6666666666666666,1.0,1.0,0.6666666666666666,1.0,1.0,7.762516750876694,3.069042914598546,1.407604015,3.03533837575457,6,12.0281251,0.866067090150276,1.044744691768247,1,6,1.812515449166409,1.0
h1_run1_noCLr,1009,pravastatin,3.075665117216763,3.075665117216763,0.39659005294693117,0.39659005294693117,2.9773670642161694,2.9773670642161694,0.0,0.125,1.0,0.0,0.25,1.0,0.0,0.375,1.0,0.0,0.5,1.0,1.0,0.12122247080319816,0.9546846200657534,0.453551388,0.5970517866253762,8,3.004386,1.0579499323997787,1.2604568808496575,1,8,0.5256205842077505,1.0
h1_run1_noCLr,1018,probenecid,-2.482981502471629,2.482981502471629,-1.499707919742861,1.499707919742861,-2.3385166530114345,2.3385166530114345,0.0,0.0,0.0,0.0,0.14285714285714285,1.0,0.0,0.42857142857142855,1.0,0.0,1.0,1.0,1.0,1945.3443060381455,384.62084727087233,324.0866189,114.60512294454917,7,12.1084296,0.7685356964212741,0.7868795515212752,1,7,1.463016705313775,1.0
h1_run1_noCLr,1041,quinidine,-0.4207953647773194,1.1666411449015837,1.371844310924766,1.371844310924766,-0.12580084119266047,0.12580084119266047,0.0,0.5555555555555556,0.0,1.0,0.8333333333333334,1.0,1.0,0.8333333333333334,1.0,1.0,0.8888888888888888,1.0,1.0,20.740280773015634,19.008366837005077,2.120436695,5.487715627659061,18,30.0,0.48230330080664696,0.6658916100703689,1,18,0.3532719942053652,1.0
h1_run1_noCLr,1094,rosiglitazone,0.11304486855693541,0.3740430131603999,0.151401576168024,0.151401576168024,0.02625349982453579,0.02625349982453579,-0.5825302,0.8888888888888888,1.0,1.0,1.0,1.0,1.0,1.0,1.0,1.0,1.0,1.0,1.0,0.7188448946114305,0.732045851064145,0.1438160644,0.15972901580902704,9,21.3592233,0.16203966744087134,0.09056505513157723,1,9,0.12288843282719494,1.0
h1_run1_noCLr,1095,rosuvastatin,5.708527974894582,5.708527974894582,3.145692534800445,3.145692534800445,5.189472686969458,5.189472686969458,1.0781671,0.0,0.0,0.0,0.0,0.0,0.0,0.05263157894736842,0.0,0.0,0.21052631578947367,1.0,0.0,0.1502357232508874,5.482266616113092,0.0380556987,0.33679645380299184,38,53.9083558,1.832166242091342,2.2472411366076623,1,38,0.7277722551674788,1.0
h1_run1_noCLr,1197,tenofovir,-0.4380107148127044,0.7922388030387253,-0.8546641151675198,0.8546641151675198,-0.24052458918567918,0.24052458918567918,0.0,0.9090909090909091,1.0,1.0,0.9090909090909091,1.0,1.0,0.9090909090909091,1.0,1.0,0.9090909090909091,1.0,1.0,14.934893124565443,12.641453254229539,10.1276014,5.600503400419838,11,24.0326136,0.4252169367875835,0.6948679545189851,1,11,0.1911759201206369,1.0
h1_run1_noCLr,1245,tolbutamide,-0.3726012225173786,0.9253506149609245,-1.3136057838382462,1.3136057838382462,-0.5540251086850326,0.5540251086850326,0.0,0.42857142857142855,0.0,1.0,0.9285714285714286,1.0,1.0,1.0,1.0,1.0,1.0,1.0,1.0,1520.694467619264,1035.7711016419726,258.6528094,104.05967292702974,14,36.2214984,0.30688521046809114,0.2677681423386217,1,14,0.15702515835645486,1.0
h1_run1_noCLr,1293,valsartan,-3.0965922073296848,3.0965922073296848,-4.522477106190961,4.522477106190961,-2.866935977529702,2.866935977529702,0.0,0.08333333333333333,0.0,0.0,0.25,0.0,0.0,0.3333333333333333,0.0,0.0,0.4166666666666667,0.0,1.0,24.503815553595214,3.3589225490899137,16.3876281,0.713041547191105,12,10.0987013,1.0246081964411333,0.7437481627583725,1,12,0.6384502736704846,1.0
h1_run1_noCLr,1300,verapamil,0.5949752018494812,0.6259984370178177,0.2967017639524686,0.2967017639524686,0.6624944565155646,0.6624944565155646,0.0,0.9,1.0,1.0,0.9333333333333333,1.0,1.0,1.0,1.0,1.0,1.0,1.0,1.0,0.16347496291317132,0.2587509487532867,0.1105149674,0.13574918491947563,30,16.0,0.23071267164285178,0.31565142568917204,1,30,0.1378293249459851,1.0
h1_run1_noCLr,1319,voriconazole,0.9345461602282251,1.0257551478206623,0.17955567882495269,0.17955567882495269,0.9715793034927801,0.9715793034927801,0.4973415,0.5,1.0,1.0,0.6875,1.0,1.0,1.0,1.0,1.0,1.0,1.0,1.0,5.999341809232273,11.764625849261005,2.2311450049999997,2.5268498829219572,16,24.0588957,0.383222791849617,0.4955495177369266,1,16,0.2106032948831334,1.0
h1_run1_noCLr,1323,warfarin,-3.043734943097686,3.2127080893484288,-2.3018545703225595,2.3018545703225595,-2.8052625020567414,2.8052625020567414,0.0,0.0625,0.0,0.0,0.125,0.0,0.0,0.375,1.0,0.0,0.5625,1.0,1.0,171.4338774380634,24.526099688406042,9.3113811,1.888368862397723,16,104.1666667,1.081567428022107,1.1623973354260007,1,16,0.7077542863641959,1.0
h1_run1_noCLr,1341,zidovudine,2.132522813926561,2.132522813926561,1.2143458585488993,1.2143458585488993,2.0159524461045977,2.0159524461045977,-0.06967260000000008,0.0,0.0,0.0,0.35294117647058826,1.0,0.0,0.6470588235294118,1.0,1.0,0.8823529411764706,1.0,1.0,2.0883092929601093,8.44611474400779,1.224554889,2.8414026756639377,17,8.0175991,0.6922320108134332,0.8047100217645988,2,17,0.468266891571409,2.0
h1_run2_noCLr,52,alprazolam,-2.9933073353745705,2.9933073353745705,-2.009776040449288,2.009776040449288,-3.0249922708473824,3.0249922708473824,0.0,0.0,0.0,0.0,0.0,0.0,0.0,0.14285714285714285,1.0,0.0,0.6428571428571429,1.0,1.0,0.254573200464216,0.03127514071097943,0.022606383,0.005613428670374665,14,36.0,0.9155673303191073,0.8795353172017863,1,14,0.8920798196953721,1.0
h1_run2_noCLr,172,bufuralol,0.45748435187261793,0.8369550742969424,-0.1498152099780661,0.1498152099780661,0.0741689582151855,0.0741689582151855,0.0,0.6666666666666666,1.0,1.0,0.8333333333333334,1.0,1.0,1.0,1.0,1.0,1.0,1.0,1.0,0.5471630593866508,0.5760283394217877,0.1437539797,0.12957493646767532,12,11.92053727,0.30653966136433086,0.26200902956051086,1,12,0.23032904956818087,1.0
h1_run2_noCLr,177,buprenorphine,-0.5348431566453113,0.7300266638247424,-2.278893483997788,2.278893483997788,-0.4782299266640907,0.4782299266640907,0.0,0.8235294117647058,0.0,1.0,0.9411764705882353,0.0,1.0,1.0,1.0,1.0,1.0,1.0,1.0,0.014715862756878443,0.0105638974380198,0.0376450345,0.007756975216578197,17,10.015224,0.26737889035193546,0.15441055711981008,1,17,0.13059629879642692,1.0
h1_run2_noCLr,184,caffeine,-2.393622813870425,2.4309578099691236,0.05379488903938354,0.05379488903938354,-2.0298001490365722,2.0298001490365722,-0.18925379999999997,0.5333333333333333,1.0,0.0,0.6,1.0,0.0,0.6666666666666666,1.0,1.0,0.7333333333333333,1.0,1.0,50.74318919440893,12.426448633963007,10.2637363,10.653672952965827,15,15.0,1.0739738666822305,1.5955877868093955,1,15,1.016233620731857,1.0
h1_run2_noCLr,295,clarithromycin,-3.5426173092510083,3.9207682987928227,0.8593022137519071,0.8593022137519071,-0.7447024517498116,0.7447024517498116,0.0,0.2727272727272727,1.0,1.0,0.45454545454545453,1.0,1.0,0.45454545454545453,1.0,1.0,0.5454545454545454,1.0,1.0,7.701858391247965,4.596399338414687,2.7763496,5.036744183623923,11,14.0940325,1.5547629816906046,1.804172532155135,1,11,0.8370945320361226,1.0
h1_run2_noCLr,308,clozapine,0.2976668388408482,0.9769044214157788,-2.376293783761836,2.376293783761836,1.1343351378444864,1.1343351378444864,0.0,0.5384615384615384,0.0,0.0,0.7692307692307693,0.0,1.0,0.8461538461538461,0.0,1.0,1.0,1.0,1.0,0.5500453545747218,1.2074451261316947,0.5216177963,0.10046544045666185,13,24.0641711,0.3893638412012644,0.5456268970108973,1,13,0.1986997385607668,1.0
h1_run2_noCLr,323,crizotinib,1.4880078867364293,1.5850462877628912,0.11973606234261588,0.11973606234261588,1.6838063779780046,1.6838063779780046,-1.2857143,0.21428571428571427,1.0,0.0,0.5,1.0,0.0,0.9285714285714286,1.0,1.0,1.0,1.0,1.0,0.9967098838586336,3.202174476787145,0.15942480699999997,0.17322080248183233,14,144.2571429,0.5207070983308633,0.6759150476934151,1,14,0.24844712927434742,1.0
h1_run2_noCLr,332,dabigatran,-1.041908558313121,1.041908558313121,-0.8328786526574167,0.8328786526574167,-1.1077883788230676,1.1077883788230676,0.0,0.47058823529411764,1.0,0.0,0.9411764705882353,1.0,1.0,1.0,1.0,1.0,1.0,1.0,1.0,0.30551708662960075,0.14176139333758694,0.1720203393,0.09657358259612886,17,6.0230326,0.33204153057827807,0.3528210897327285,1,17,0.3831082075902174,1.0
h1_run2_noCLr,366,desipramine,1.4551201963127687,1.4551201963127687,3.319462452513867,3.319462452513867,1.0836104875115968,1.0836104875115968,0.2774994,0.25,0.0,0.0,0.5833333333333334,0.0,1.0,0.8333333333333334,0.0,1.0,0.9166666666666666,1.0,1.0,0.22006510473871538,0.4663913028458714,0.0182833469,0.1825212637640835,12,48.7012987,0.513480219704825,0.2445144874628253,1,12,0.4694540628205651,1.0
h1_run2_noCLr,394,digoxin,-0.02776258031361839,1.1216465804868854,1.3025537196796841,1.3025537196796841,0.40623195555368996,0.40623195555368996,0.0,0.4375,0.0,1.0,0.8125,1.0,1.0,0.9375,1.0,1.0,1.0,1.0,1.0,0.020127290211065848,0.026673088900613755,0.008280167494,0.020424285025468815,16,8.0521739,0.40565347646283795,0.4513477601884953,1,16,0.4945833223901204,1.0
h1_run2_noCLr,413,docetaxel,-2.4438798817157465,4.20726803235579,-0.27460580007504065,0.27460580007504065,0.5893231156337612,0.5893231156337612,0.0,0.26666666666666666,1.0,1.0,0.4166666666666667,1.0,1.0,0.55,1.0,1.0,0.65,1.0,1.0,2.7107492448853554,4.078432513981686,4.3087272,3.561922086811693,60,25.1339286,2.105531782641703,3.294043288444064,1,60,0.8155500976182287,1.0
h1_run2_noCLr,471,erythromycin,-5.32360546224641,5.4806463725219245,0.6281636411020579,0.6281636411020579,-1.6730086955164676,1.6730086955164676,0.0,0.125,1.0,0.0,0.125,1.0,0.0,0.375,1.0,1.0,0.5,1.0,1.0,32.282514771018896,10.123753405255279,7.521071200000001,11.624540588059904,8,24.2332407,2.202013411440808,3.063782399644355,1,8,1.3929929515916533,1.0
h1_run2_noCLr,488,etoricoxib,-2.7618786768362984,3.4547029204278377,1.7204278660624905,1.7204278660624905,-0.4953275825873247,0.4953275825873247,0.0,0.2222222222222222,0.0,1.0,0.3888888888888889,0.0,1.0,0.5,1.0,1.0,0.5555555555555556,1.0,1.0,6.773188953653525,4.804904180467747,0.4528159333,1.49218301786658,18,120.1395275,1.353636526108084,1.6276221341705617,1,18,0.7108007970414432,1.0
h1_run2_noCLr,637,imipramine,0.11876091363236327,0.47518827358084376,-0.08141209804492365,0.08141209804492365,0.07901242491234299,0.07901242491234299,0.0,0.7777777777777778,1.0,1.0,1.0,1.0,1.0,1.0,1.0,1.0,1.0,1.0,1.0,0.7281455970623832,0.7691363513393004,0.07719373084999999,0.07295827343207567,9,71.1702225,0.19245525351443687,0.2560901444909682,1,9,0.10648539711256588,1.0
h1_run2_noCLr,674,itraconazole,0.4329460921612444,0.608199330179834,0.9367582371553264,0.9367582371553264,0.40291046050655943,0.40291046050655943,-0.6611569999999999,0.8571428571428571,1.0,1.0,0.9285714285714286,1.0,1.0,0.9285714285714286,1.0,1.0,1.0,1.0,1.0,4.150849720506162,5.4881395314716475,0.6176304512,1.1822818651657139,14,96.1674919,0.30406434167311297,0.3657728559962914,1,14,0.1522001616479604,1.0
h1_run2_noCLr,703,lansoprazole,3.134048802509722,3.134048802509722,1.9044921470122476,1.9044921470122476,3.086450783302094,3.086450783302094,-0.05542730000000001,0.0,0.0,0.0,0.0,0.0,0.0,0.11764705882352941,1.0,0.0,0.5882352941176471,1.0,1.0,0.5117131351179542,4.346511478745109,0.6484342762,2.427589365537403,17,10.0046189,0.9667164539101091,1.148192331180002,1,17,0.3882768618508719,1.0
h1_run2_noCLr,739,lorazepam,-0.717718511852339,0.717718511852339,-0.6116200813827639,0.6116200813827639,-0.7611590792797986,0.7611590792797986,-0.1002012,0.75,1.0,1.0,1.0,1.0,1.0,1.0,1.0,1.0,1.0,1.0,1.0,0.40043145682016623,0.23626341269669418,0.0573052854,0.037504094936456046,20,36.0387728,0.2354931615204534,0.2253072835465026,1,20,0.2201123621089494,1.0
h1_run2_noCLr,781,metformin,0.39052175433909725,1.2498024151267852,-1.0768345874355136,1.0768345874355136,-0.1810296273122752,0.1810296273122752,0.0,0.3125,0.0,1.0,0.75,1.0,1.0,0.875,1.0,1.0,1.0,1.0,1.0,13.189963868584305,11.63451430587834,15.168519700000001,7.190907276370066,16,10.0631579,0.4383421793516073,0.47027994374502907,1,16,0.17926576021375845,1.0
h1_run2_noCLr,787,methotrexate,-5.195494016235811,5.195494016235811,-1.1090445540771898,1.1090445540771898,-1.6813727952676853,1.6813727952676853,0.0,0.18181818181818182,0.0,0.0,0.45454545454545453,1.0,0.0,0.5454545454545454,1.0,1.0,0.5454545454545454,1.0,1.0,20.47419572343811,6.383563830677022,6.316439228999999,2.928307263973933,11,47.7628032,2.2009303738206025,2.7985753308323855,1,11,0.9238464270238822,1.0
h1_run2_noCLr,800,metoprolol,1.5702194645037568,1.5702194645037568,2.2033430331335557,2.2033430331335557,1.3986491253789899,1.3986491253789899,0.0,0.0,0.0,0.0,0.6666666666666666,0.0,1.0,0.7777777777777778,1.0,1.0,1.0,1.0,1.0,0.24560395936420584,0.6475461176335715,0.1197309591,0.5514152910046751,9,7.9054946,0.5030430923777527,0.37986168413744037,1,9,0.5346962551323168,1.0
h1_run2_noCLr,811,midazolam,-1.142590112394665,1.3367586684511548,-1.7636042037209987,1.7636042037209987,-1.205510530918988,1.205510530918988,0.0,0.23076923076923078,0.0,0.0,0.46153846153846156,0.0,1.0,1.0,1.0,1.0,1.0,1.0,1.0,0.37447824625770515,0.1623797110880218,0.29451071489999997,0.08673678772609916,13,8.0265859,0.4469847117020334,0.33346833204510135,1,13,0.2654764158627742,1.0
h1_run2_noCLr,832,montelukast,-2.991977187034444,4.627265464635568,-2.046476638835219,2.046476638835219,-2.778062071962602,2.778062071962602,-0.09469699999999999,0.0,0.0,0.0,0.0,0.0,0.0,0.4,1.0,0.0,0.4666666666666667,1.0,1.0,3.839306190379591,0.5597224618664948,2.132955034,0.5163341455797633,15,24.0056818,1.672237399573228,1.9816977778778802,1,15,0.38816285044270876,1.0
h1_run2_noCLr,875,nifedipine,-3.2756875556873717,3.9195270833666576,1.7319482916146978,1.7319482916146978,-0.058362118647714276,0.058362118647714276,0.0,0.2,0.0,1.0,0.3333333333333333,0.0,1.0,0.5333333333333333,1.0,1.0,0.6,1.0,1.0,0.05898050107331079,0.05664214735493333,0.0476470588,0.1582721434618943,15,6.0015407,1.5889471487078817,2.0448266974609073,1,15,1.3058027434885362,1.0
h1_run2_noCLr,907,ondansetron,-0.5184116830029373,0.6421607250387953,-0.7983308630511557,0.7983308630511557,-0.6586483191194401,0.6586483191194401,0.0,0.92,1.0,1.0,1.0,1.0,1.0,1.0,1.0,1.0,1.0,1.0,1.0,0.41813582166913305,0.26487713755037046,0.0762296104,0.043833097743421805,25,24.1352048,0.19752863588045733,0.19872501293707934,3,25,0.1460685821173818,3.0
h1_run2_noCLr,938,paroxetine,2.8331252493657293,2.8331252493657293,2.8378500702033826,2.8378500702033826,2.777966138730956,2.777966138730956,0.0,0.0,0.0,0.0,0.0,0.0,0.0,0.10526315789473684,0.0,0.0,0.8421052631578947,1.0,1.0,0.2828853345142974,1.940267315178111,0.0618727473,0.442361573813303,19,48.1057269,0.8604159518537723,0.8209439782130149,1,19,0.6537144009814713,1.0
h1_run2_noCLr,963,phenacetin,1.4032572068792288,1.5010305178961594,2.249036294700657,2.249036294700657,1.8505656136354744,1.8505656136354744,0.0,0.375,0.0,0.0,0.5,0.0,0.0,0.75,1.0,1.0,1.0,1.0,1.0,2.7213263832731838,9.814233597805197,3.0408374,14.455082815716244,8,4.0,0.5281307846741029,0.4215912030627241,1,8,0.4029524022018726,1.0
h1_run2_noCLr,967,phenobarbital,-1.7083500125768154,2.081270543912038,0.5770892628494699,0.5770892628494699,-1.8039323614396385,1.8039323614396385,0.0,0.5454545454545454,1.0,0.0,0.6363636363636364,1.0,0.0,0.7272727272727273,1.0,1.0,0.7272727272727273,1.0,1.0,37.540425208462935,10.751311290560391,4.6355674,6.915507844362764,11,12.0574059,0.9316840541985375,1.3255334450783947,1,11,,
h1_run2_noCLr,973,phenytoin,-1.8217814911778925,1.8217814911778925,-0.4267316280906313,0.4267316280906313,-1.976212314717018,1.976212314717018,0.0,0.6,1.0,0.0,0.6666666666666666,1.0,0.0,0.7333333333333333,1.0,1.0,0.8,1.0,1.0,158.74480934462585,40.34598744636063,12.8070086,9.527713316623093,15,71.7333333,1.0249455288912757,1.0769876466044324,2,14,2.5068066988689166,2.0
h1_run2_noCLr,1001,posaconazole,-1.31090686718911,1.80207759678341,0.9970397858233035,0.9970397858233035,-1.2233598926170883,1.2233598926170883,0.0,0.5,1.0,0.0,0.5,1.0,1.0,0.6666666666666666,1.0,1.0,0.8333333333333334,1.0,1.0,7.762516750876694,3.3245626938198725,1.407604015,2.809437527847534,6,12.0281251,0.6772386401352585,0.8219998943890268,1,6,1.417333035717377,1.0
h1_run2_noCLr,1009,pravastatin,2.3922040874863213,2.3922040874863213,0.9582483657694049,0.9582483657694049,2.369690535307574,2.369690535307574,0.0,0.125,1.0,0.0,0.125,1.0,0.0,0.375,1.0,0.0,1.0,1.0,1.0,0.12122247080319816,0.6265144084933923,0.453551388,0.8812274193517639,8,3.004386,0.7474480877097365,0.8203365861512186,1,8,0.37135415249357767,1.0
h1_run2_noCLr,1018,probenecid,-3.449089745956772,3.449089745956772,-0.5735786942434435,0.5735786942434435,-2.3284266203511477,2.3284266203511477,0.0,0.14285714285714285,1.0,0.0,0.2857142857142857,1.0,0.0,0.2857142857142857,1.0,0.0,0.42857142857142855,1.0,1.0,1945.3443060381455,387.3202671366381,324.0866189,217.76932657731248,7,12.1084296,1.202111188116591,1.224331048038642,1,7,2.288389151016251,1.0
h1_run2_noCLr,1041,quinidine,-0.25815341180366036,0.6980451186563661,0.6359887140008328,0.6359887140008328,-0.35403684150883513,0.35403684150883513,-0.5031447000000001,0.8888888888888888,1.0,1.0,1.0,1.0,1.0,1.0,1.0,1.0,1.0,1.0,1.0,20.740280773015634,16.227025645171675,2.120436695,3.2951636723228743,18,30.0,0.2243835882719821,0.1796176898820746,1,18,0.1643539191277006,1.0
h1_run2_noCLr,1094,rosiglitazone,0.15388116555374554,0.7635759168498863,0.7838073060034082,0.7838073060034082,0.165817864600101,0.165817864600101,-0.5825302,0.6666666666666666,1.0,1.0,0.7777777777777778,1.0,1.0,1.0,1.0,1.0,1.0,1.0,1.0,0.7188448946114305,0.8064015311124242,0.1438160644,0.24760357437606367,9,21.3592233,0.3296456545947591,0.37821235024322286,1,9,0.24999827833037747,1.0
h1_run2_noCLr,1095,rosuvastatin,5.8315624148721,5.8315624148721,4.137491482352503,4.137491482352503,5.276602123501023,5.276602123501023,1.2585935000000004,0.0,0.0,0.0,0.0,0.0,0.0,0.0,0.0,0.0,0.05263157894736842,0.0,0.0,0.1502357232508874,5.8235623073485305,0.0380556987,0.6697747068484152,38,53.9083558,1.8121419005043982,1.8477522015350003,1,38,0.7198181951590708,1.0
h1_run2_noCLr,1197,tenofovir,-4.106526076534295,4.106526076534295,-0.8897549112235766,0.8897549112235766,-1.5961877130001016,1.5961877130001016,0.0,0.18181818181818182,1.0,0.0,0.2727272727272727,1.0,0.0,0.45454545454545453,1.0,1.0,0.5454545454545454,1.0,1.0,14.934893124565443,4.939713248701796,10.1276014,5.465925186153015,11,24.0326136,1.5559366776905585,2.2777796056927504,1,11,0.6995432219943155,1.0
h1_run2_noCLr,1245,tolbutamide,-0.4273206225728589,0.4273206225728589,-0.5411844173637125,0.5411844173637125,-0.3299225411369534,0.3299225411369534,0.49817980000000006,1.0,1.0,1.0,1.0,1.0,1.0,1.0,1.0,1.0,1.0,1.0,1.0,1520.694467619264,1209.8328842941048,258.6528094,177.74789126309796,14,36.2214984,0.15376096225233998,0.16686677756694232,1,14,0.07867547416145362,1.0
h1_run2_noCLr,1293,valsartan,-0.7534337354978021,1.264276583421062,-2.661915060764709,2.661915060764709,-0.5688909838029839,0.5688909838029839,0.0,0.5,0.0,1.0,0.6666666666666666,0.0,1.0,0.8333333333333334,0.0,1.0,1.0,1.0,1.0,24.503815553595214,16.518874906453846,16.3876281,2.5894040345249665,12,10.0987013,0.4457369821380558,0.30242719094116716,1,12,0.27774606841869787,1.0
h1_run2_noCLr,1300,verapamil,0.7830513560925046,0.8033951259249063,1.0948574590239777,1.0948574590239777,0.7945924920258246,0.7945924920258246,0.0,0.5,0.0,1.0,0.9666666666666667,1.0,1.0,1.0,1.0,1.0,1.0,1.0,1.0,0.16347496291317132,0.2835616024408938,0.1105149674,0.23605110405894209,30,16.0,0.2847572262767991,0.2543080257628905,1,30,0.1701159108069233,1.0
h1_run2_noCLr,1319,voriconazole,0.8800065472658944,0.988121645512977,0.12336177808804676,0.12336177808804676,0.9170613013880006,0.9170613013880006,0.4973415,0.5,1.0,1.0,0.6875,1.0,1.0,1.0,1.0,1.0,1.0,1.0,1.0,5.999341809232273,11.328347585254354,2.2311450049999997,2.4303196150405575,16,24.0588957,0.37410075058337994,0.49239190583933984,1,16,0.20559020070505193,1.0
h1_run2_noCLr,1323,warfarin,-5.39473794796981,5.39473794796981,-1.0713459137157573,1.0713459137157573,-3.385426031138411,3.385426031138411,0.0,0.0625,0.0,0.0,0.1875,1.0,0.0,0.3125,1.0,0.0,0.4375,1.0,0.0,171.4338774380634,16.40521266058962,9.3113811,4.431051995598206,16,104.1666667,1.9422575606372943,2.1548141980401083,1,16,1.2709712572226377,1.0
h1_run2_noCLr,1341,zidovudine,1.429776175591565,1.429776175591565,1.005100595817496,1.005100595817496,1.3844440012151429,1.3844440012151429,-0.06967260000000008,0.11764705882352941,0.0,0.0,0.6470588235294118,1.0,1.0,0.9411764705882353,1.0,1.0,1.0,1.0,1.0,2.0883092929601093,5.451976720630332,1.224554889,2.457783840878902,17,8.0175991,0.44625187086000995,0.4865256299073889,2,17,0.3026436340362598,2.0
h1_run3_noCLr,52,alprazolam,-3.1488738822171336,3.1488738822171336,-2.177684305402245,2.177684305402245,-3.154924121817535,3.154924121817535,0.0,0.0,0.0,0.0,0.0,0.0,0.0,0.14285714285714285,1.0,0.0,0.5,1.0,1.0,0.254573200464216,0.028581557275976686,0.022606383,0.004996694348996624,14,36.0,0.9620862301422782,0.9158531552641288,1,14,0.9374053467128309,1.0
h1_run3_noCLr,172,bufuralol,0.35629486565507573,0.8394684417618404,-0.23976242708573517,0.23976242708573517,-0.03396684203191062,0.03396684203191062,-0.5238961870000001,0.6666666666666666,1.0,1.0,0.8333333333333334,1.0,1.0,1.0,1.0,1.0,1.0,1.0,1.0,0.5471630593866508,0.5344311097132208,0.1437539797,0.12174305458736297,12,11.92053727,0.30054359733887426,0.2556959450869281,1,12,0.22582370196654722,1.0
h1_run3_noCLr,177,buprenorphine,-0.6123192825421474,0.7918568807800327,-2.322766164051753,2.322766164051753,-0.5567120493400171,0.5567120493400171,0.0,0.7647058823529411,0.0,1.0,0.9411764705882353,0.0,1.0,0.9411764705882353,0.0,1.0,1.0,1.0,1.0,0.014715862756878443,0.010004576353884515,0.0376450345,0.007524634530239885,17,10.015224,0.285732409760022,0.16796004666510087,1,17,0.13956073761741833,1.0
h1_run3_noCLr,184,caffeine,-2.3928219679409612,2.430241831502599,0.05443139501142682,0.05443139501142682,-2.029551795568134,2.029551795568134,-0.18925379999999997,0.5333333333333333,1.0,0.0,0.6,1.0,0.0,0.6666666666666666,1.0,1.0,0.7333333333333333,1.0,1.0,50.74318919440893,12.428587975389954,10.2637363,10.658374308676493,15,15.0,1.0735675803296734,1.5949736969517083,1,15,1.0158491776239547,1.0
h1_run3_noCLr,295,clarithromycin,-3.452279460193274,3.8256231884628717,0.8531186343344482,0.8531186343344482,-0.7447051111840675,0.7447051111840675,0.0,0.2727272727272727,1.0,1.0,0.45454545454545453,1.0,1.0,0.45454545454545453,1.0,1.0,0.5454545454545454,1.0,1.0,7.701858391247965,4.596390865514842,2.7763496,5.015202238831348,11,14.0940325,1.5146084408107334,1.7578230619205035,1,11,0.8154750652731494,1.0
h1_run3_noCLr,308,clozapine,0.3286069746931688,0.9872628055109712,-2.351045264298091,2.351045264298091,1.1666214708436144,1.1666214708436144,0.0,0.5384615384615384,0.0,0.0,0.7692307692307693,0.0,1.0,0.8461538461538461,0.0,1.0,1.0,1.0,1.0,0.5500453545747218,1.2347713879876023,0.5216177963,0.10223915568077001,13,24.0641711,0.39215049646410544,0.5535618888100478,1,13,0.20012182149090538,1.0
h1_run3_noCLr,323,crizotinib,1.381303848628385,1.5089170231421785,-0.08134790147974505,0.08134790147974505,1.6927039243553472,1.6927039243553472,-1.2857143,0.35714285714285715,1.0,0.0,0.6428571428571429,1.0,0.0,0.9285714285714286,1.0,1.0,0.9285714285714286,1.0,1.0,0.9967098838586336,3.2219843007154774,0.15942480699999997,0.15068420858447526,14,144.2571429,0.5484489970243394,0.7603637345246066,1,14,0.2616837360214181,1.0
h1_run3_noCLr,332,dabigatran,-1.0354886209435445,1.0354886209435445,-0.8171246428550343,0.8171246428550343,-1.104933361248534,1.104933361248534,0.0,0.47058823529411764,1.0,0.0,0.9411764705882353,1.0,1.0,1.0,1.0,1.0,1.0,1.0,1.0,0.30551708662960075,0.1420422094443392,0.1720203393,0.09763393026924938,17,6.0230326,0.33063220543737865,0.35307882765976334,1,17,0.3814821338045031,1.0
h1_run3_noCLr,366,desipramine,1.342909164108988,1.342909164108988,3.1547673313429088,3.1547673313429088,0.97422987040177,0.97422987040177,0.2774994,0.4166666666666667,0.0,1.0,0.75,0.0,1.0,0.9166666666666666,0.0,1.0,0.9166666666666666,1.0,1.0,0.22006510473871538,0.4323381864933252,0.0182833469,0.1628303271817123,12,48.7012987,0.46771051724142215,0.2346671271809945,1,12,0.42760868698917553,1.0
h1_run3_noCLr,394,digoxin,-0.018235906084219544,1.1136274968971542,1.2953984195246577,1.2953984195246577,0.4085538242818658,0.4085538242818658,0.0,0.4375,0.0,1.0,0.8125,1.0,1.0,0.9375,1.0,1.0,1.0,1.0,1.0,0.020127290211065848,0.02671605104583351,0.008280167494,0.020323237974043173,16,8.0521739,0.4019417935485906,0.44611915587647477,1,16,0.49005794155672017,1.0
h1_run3_noCLr,413,docetaxel,-2.4329262545246375,4.203908161577432,-0.27696808290504515,0.27696808290504515,0.5902518606968566,0.5902518606968566,0.0,0.26666666666666666,1.0,1.0,0.4166666666666667,1.0,1.0,0.55,1.0,1.0,0.65,1.0,1.0,2.7107492448853554,4.081058878830789,4.3087272,3.5560945334437606,60,25.1339286,2.103560167186028,3.290312371147557,1,60,0.8147864182520004,1.0
h1_run3_noCLr,471,erythromycin,-5.206890818496756,5.363229527978797,0.6253548379281654,0.6253548379281654,-1.6656279566641274,1.6656279566641274,0.0,0.125,1.0,0.0,0.125,1.0,0.0,0.375,1.0,1.0,0.5,1.0,1.0,32.282514771018896,10.17567861313181,7.521071200000001,11.601930624206403,8,24.2332407,2.1505067367880697,2.9910008052470145,1,8,1.3604098463396996,1.0
h1_run3_noCLr,488,etoricoxib,-2.603389341329062,3.3246813883533273,1.6821095916225244,1.6821095916225244,-0.4582300331130277,0.4582300331130277,0.0,0.2777777777777778,0.0,1.0,0.3888888888888889,0.0,1.0,0.5555555555555556,1.0,1.0,0.6111111111111112,1.0,1.0,6.773188953653525,4.930060019972924,0.4528159333,1.4530720297690591,18,120.1395275,1.3052858499037205,1.5704155472591712,1,18,0.6854116334656295,1.0
h1_run3_noCLr,637,imipramine,0.18008654650804917,0.4094701134270489,-0.15318586949401042,0.15318586949401042,0.10721661028980935,0.10721661028980935,0.0,0.8888888888888888,1.0,1.0,1.0,1.0,1.0,1.0,1.0,1.0,1.0,1.0,1.0,0.7281455970623832,0.7843206391871773,0.07719373084999999,0.06941742339623265,9,71.1702225,0.1764856820315896,0.2222323047079717,1,9,0.09764944106556228,1.0
h1_run3_noCLr,674,itraconazole,0.4428762508131827,0.5883600345262577,0.830845542506179,0.830845542506179,0.4198610463539251,0.4198610463539251,-0.6611569999999999,0.8571428571428571,1.0,1.0,0.9285714285714286,1.0,1.0,0.9285714285714286,1.0,1.0,1.0,1.0,1.0,4.150849720506162,5.55300135193737,0.6176304512,1.0985962950381687,14,96.1674919,0.30289059900209475,0.37078194212195775,1,14,0.15161264183791265,1.0
h1_run3_noCLr,703,lansoprazole,3.133479907077818,3.133479907077818,1.891964900782192,1.891964900782192,3.0858659851166013,3.0858659851166013,-0.05542730000000001,0.0,0.0,0.0,0.0,0.0,0.0,0.11764705882352941,1.0,0.0,0.5882352941176471,1.0,1.0,0.5117131351179542,4.344749972081385,0.6484342762,2.4066013137509685,17,10.0046189,0.9672205252146415,1.152450417831905,1,17,0.38847931958652054,1.0
h1_run3_noCLr,739,lorazepam,-0.8408207272162544,0.8408207272162544,-0.8239817894597983,0.8239817894597983,-0.8386985914622392,0.8386985914622392,-0.1002012,0.6,1.0,1.0,1.0,1.0,1.0,1.0,1.0,1.0,1.0,1.0,1.0,0.40043145682016623,0.2239003403787901,0.0573052854,0.032370651879111006,20,36.0387728,0.26875800761490626,0.24585043701021556,1,20,0.25120457642959637,1.0
h1_run3_noCLr,781,metformin,0.06756865852950966,1.3514984939193755,-1.5082120389878138,1.5082120389878138,-0.5361865487009669,0.5361865487009669,0.0,0.3125,0.0,1.0,0.75,1.0,1.0,0.875,1.0,1.0,1.0,1.0,1.0,13.189963868584305,9.095684160412057,15.168519700000001,5.332441950578632,16,10.0631579,0.4616309582701636,0.45410836984025893,1,16,0.18879001056872224,1.0
h1_run3_noCLr,787,methotrexate,-5.461859431946284,5.461859431946284,-1.0495241630048484,1.0495241630048484,-1.6944876856860644,1.6944876856860644,0.0,0.18181818181818182,0.0,0.0,0.45454545454545453,1.0,0.0,0.5454545454545454,1.0,1.0,0.5454545454545454,1.0,1.0,20.47419572343811,6.325796694171881,6.316439228999999,3.051645403564554,11,47.7628032,2.3266993461443244,2.960068885786801,1,11,0.9766382904530007,1.0
h1_run3_noCLr,800,metoprolol,1.3687746186991754,1.3687746186991754,1.9925753568754083,1.9925753568754083,1.1812101158225023,1.1812101158225023,0.0,0.3333333333333333,0.0,0.0,0.6666666666666666,0.0,1.0,1.0,1.0,1.0,1.0,1.0,1.0,0.24560395936420584,0.5569485015129256,0.1197309591,0.4764654482352735,9,7.9054946,0.44680669298967346,0.32119562895468345,1,9,0.47492127241105303,1.0
h1_run3_noCLr,811,midazolam,-1.28595174888195,1.4397252728018566,-1.882526885917097,1.882526885917097,-1.344909068185203,1.344909068185203,0.0,0.3076923076923077,0.0,0.0,0.46153846153846156,0.0,1.0,1.0,1.0,1.0,1.0,1.0,1.0,0.37447824625770515,0.14742414688821529,0.29451071489999997,0.0798737435595168,13,8.0265859,0.48552335016450443,0.361383518323645,1,13,0.28836556473833636,1.0
h1_run3_noCLr,832,montelukast,-3.0301286442954454,4.662206230209363,-2.0705568264892675,2.0705568264892675,-2.7763675079767056,2.7763675079767056,-0.09469699999999999,0.0,0.0,0.0,0.0,0.0,0.0,0.4,1.0,0.0,0.4666666666666667,1.0,1.0,3.839306190379591,0.5603802881945606,2.132955034,0.5077874785182952,15,24.0056818,1.6866015208349694,2.013913074907657,1,15,0.391497076943375,1.0
h1_run3_noCLr,875,nifedipine,-3.3663968062305316,4.007774085818568,1.7460557814999178,1.7460557814999178,-0.06892822174177239,0.06892822174177239,0.0,0.2,0.0,1.0,0.3333333333333333,0.0,1.0,0.4666666666666667,1.0,1.0,0.6,1.0,1.0,0.05898050107331079,0.05622882335083637,0.0476470588,0.15982740994114344,15,6.0015407,1.622877567373465,2.0879151527132813,1,15,1.333686889174101,1.0
h1_run3_noCLr,907,ondansetron,-0.5527402711270664,0.6475935945474598,-0.7350395415961982,0.7350395415961982,-0.662912672436742,0.662912672436742,0.0,0.92,1.0,1.0,0.96,1.0,1.0,1.0,1.0,1.0,1.0,1.0,1.0,0.41813582166913305,0.2640953631864159,0.0762296104,0.04579886866973565,25,24.1352048,0.19810847108412935,0.20394488627870924,3,25,0.14792135477255092,3.0
h1_run3_noCLr,938,paroxetine,2.606231765303942,2.606231765303942,2.672927010911303,2.672927010911303,2.593183086403685,2.593183086403685,0.0,0.0,0.0,0.0,0.0,0.0,0.0,0.2631578947368421,0.0,0.0,0.9473684210526315,1.0,1.0,0.2828853345142974,1.7070110261692664,0.0618727473,0.39457594624094255,19,48.1057269,0.7930093919494685,0.7862780777876126,1,19,0.6025012187582384,1.0
h1_run3_noCLr,963,phenacetin,1.305484362648499,1.5348705101133069,2.32249118332361,2.32249118332361,1.8282581186621107,1.8282581186621107,0.0,0.375,0.0,0.0,0.5,0.0,0.0,0.625,0.0,1.0,1.0,1.0,1.0,2.7213263832731838,9.663649410481153,3.0408374,15.210122400489043,8,4.0,0.5303158115890602,0.41801121460785456,1,8,0.4046195306287851,1.0
h1_run3_noCLr,967,phenobarbital,-1.6892760957888802,2.046938230622546,0.5539484200073184,0.5539484200073184,-1.800715655524502,1.800715655524502,0.0,0.5454545454545454,1.0,0.0,0.6363636363636364,1.0,0.0,0.7272727272727273,1.0,1.0,0.7272727272727273,1.0,1.0,37.540425208462935,10.775309702710148,4.6355674,6.805467909667592,11,12.0574059,0.9182070002183534,1.3065610216005714,1,11,,
h1_run3_noCLr,973,phenytoin,-1.7824282704213688,1.7824282704213688,-0.5134945607760844,0.5134945607760844,-1.962958307597001,1.962958307597001,0.0,0.6,1.0,0.0,0.6666666666666666,1.0,0.0,0.7333333333333333,1.0,1.0,0.8,1.0,1.0,158.74480934462585,40.71835296984714,12.8070086,8.971611020721415,15,71.7333333,0.9869257019813489,1.0353957720421556,2,14,2.4120416797223387,2.0
h1_run3_noCLr,1001,posaconazole,-1.2497798865668204,1.732130112572799,0.9639562562078975,0.9639562562078975,-1.1699796503931794,1.1699796503931794,0.0,0.5,1.0,0.0,0.5,1.0,1.0,0.6666666666666666,1.0,1.0,0.8333333333333334,1.0,1.0,7.762516750876694,3.4498767618337753,1.407604015,2.745745272704956,6,12.0281251,0.6568553575442864,0.7954578638883459,1,6,1.3746746608396858,1.0
h1_run3_noCLr,1009,pravastatin,2.3906495012309734,2.3906495012309734,0.9645531650192387,0.9645531650192387,2.370051842913869,2.370051842913869,0.0,0.125,1.0,0.0,0.125,1.0,0.0,0.375,1.0,0.0,1.0,1.0,1.0,0.12122247080319816,0.6266713320028459,0.453551388,0.8850869459482181,8,3.004386,0.7466631604698758,0.8187994049517534,1,8,0.37096417759803574,1.0
h1_run3_noCLr,1018,probenecid,-3.5366918637881417,3.5366918637881417,-0.5327583479121174,0.5327583479121174,-2.3404350660366604,2.3404350660366604,0.0,0.14285714285714285,1.0,0.0,0.2857142857142857,1.0,0.0,0.2857142857142857,1.0,0.0,0.42857142857142855,1.0,1.0,1945.3443060381455,384.10974044882454,324.0866189,224.01900131838846,7,12.1084296,1.2380677187353635,1.2606778523892814,1,7,2.3568375070332173,1.0
h1_run3_noCLr,1041,quinidine,-0.257000863754842,0.6959845543089793,0.6384236036703388,0.6384236036703388,-0.3529697183403048,0.3529697183403048,-0.5031447000000001,0.8888888888888888,1.0,1.0,1.0,1.0,1.0,1.0,1.0,1.0,1.0,1.0,1.0,20.740280773015634,16.23903278478884,2.120436695,3.300729737380638,18,30.0,0.22383243240611872,0.1789309479583594,1,18,0.1639502147957462,1.0
h1_run3_noCLr,1094,rosiglitazone,0.15568550284446747,0.7584532554382233,0.7758190986445839,0.7758190986445839,0.16539543454480976,0.16539543454480976,-0.5825302,0.6666666666666666,1.0,1.0,0.7777777777777778,1.0,1.0,1.0,1.0,1.0,1.0,1.0,1.0,0.7188448946114305,0.8061654463082005,0.1438160644,0.24623638111066806,9,21.3592233,0.327275470918384,0.3745158797877475,1,9,0.24820076688085158,1.0
h1_run3_noCLr,1095,rosuvastatin,5.829599152266532,5.829599152266532,4.143109766205089,4.143109766205089,5.276606803760935,5.276606803760935,1.2585935000000004,0.0,0.0,0.0,0.0,0.0,0.0,0.0,0.0,0.0,0.05263157894736842,0.0,0.0,0.1502357232508874,5.82358119964985,0.0380556987,0.6723880942412299,38,53.9083558,1.8113241127017246,1.8439294329042415,1,38,0.7194933538538839,1.0
h1_run3_noCLr,1197,tenofovir,-4.342542206098797,4.342542206098797,-0.8438217152369117,0.8438217152369117,-1.6289807780819583,1.6289807780819583,0.0,0.18181818181818182,1.0,0.0,0.2727272727272727,1.0,0.0,0.36363636363636365,1.0,1.0,0.5454545454545454,1.0,1.0,14.934893124565443,4.828697980599675,10.1276014,5.642751863494601,11,24.0326136,1.6229624927614013,2.3187442421006743,1,11,0.7296777739357522,1.0
h1_run3_noCLr,1245,tolbutamide,-0.4275900860518998,0.4275900860518998,-0.5406464401939194,0.5406464401939194,-0.3298978432318391,0.3298978432318391,0.49817980000000006,1.0,1.0,1.0,1.0,1.0,1.0,1.0,1.0,1.0,1.0,1.0,1.0,1520.694467619264,1209.8535959432752,258.6528094,177.81418534189487,14,36.2214984,0.1539046301229142,0.16709208710831433,1,14,0.07874898526384022,1.0
h1_run3_noCLr,1293,valsartan,-0.7505333192759123,1.2623648471510325,-2.657841563418937,2.657841563418937,-0.5664318483835282,0.5664318483835282,0.0,0.5,0.0,1.0,0.6666666666666666,0.0,1.0,0.8333333333333334,0.0,1.0,1.0,1.0,1.0,24.503815553595214,16.54705604660874,16.3876281,2.596725634311131,12,10.0987013,0.44501451100074635,0.30220605754449714,1,12,0.27729588473196143,1.0
h1_run3_noCLr,1300,verapamil,0.7988859499638397,0.8320461961909106,0.9895256939078361,0.9895256939078361,0.8026443340723195,0.8026443340723195,0.0,0.5333333333333333,1.0,1.0,0.9666666666666667,1.0,1.0,1.0,1.0,1.0,1.0,1.0,1.0,0.16347496291317132,0.28514861592345886,0.1105149674,0.2194310166533279,30,16.0,0.2874085369547539,0.2511844950991625,1,30,0.17169982190449093,1.0
h1_run3_noCLr,1319,voriconazole,0.8340726368731358,0.9906684066117616,0.02039867835892794,0.02039867835892794,0.8873879360409203,0.8873879360409203,0.4973415,0.5,1.0,1.0,0.625,1.0,1.0,1.0,1.0,1.0,1.0,1.0,1.0,5.999341809232273,11.097725869195244,2.2311450049999997,2.2629158826766416,16,24.0588957,0.3761900609582419,0.4991046403626107,1,16,0.20673839872024755,1.0
h1_run3_noCLr,1323,warfarin,-5.395394903232695,5.395394903232695,-1.0710882331942815,1.0710882331942815,-3.3854945334693896,3.3854945334693896,0.0,0.0625,0.0,0.0,0.1875,1.0,0.0,0.3125,1.0,0.0,0.4375,1.0,0.0,171.4338774380634,16.404433723533703,9.3113811,4.431843498813365,16,104.1666667,1.9424983579018125,2.1550825285015685,1,16,1.2711288297342465,1.0
h1_run3_noCLr,1341,zidovudine,1.4291108049909507,1.4291108049909507,1.0071713298307576,1.0071713298307576,1.384731875997353,1.384731875997353,-0.06967260000000008,0.11764705882352941,0.0,0.0,0.6470588235294118,1.0,1.0,0.9411764705882353,1.0,1.0,1.0,1.0,1.0,2.0883092929601093,5.453064714395026,1.224554889,2.4613140885610556,17,8.0175991,0.4459380548179709,0.4857729103304711,2,17,0.3024336039261078,2.0
h2_run1,52,alprazolam,-2.470458960678692,2.470458960678692,-1.5465449562033349,1.5465449562033349,-2.5600356257095838,2.5600356257095838,0.0,0.0,0.0,0.0,0.07142857142857142,1.0,0.0,0.2857142857142857,1.0,0.0,1.0,1.0,1.0,0.254573200464216,0.04316832216957234,0.022606383,0.00773881847413145,14,36.0,0.7569499833097316,0.748726193577756,1,14,0.7375315635104723,1.0
h2_run1,172,bufuralol,1.0826854171670433,1.0826854171670433,1.1637573859303567,1.1637573859303567,0.9700882206678849,0.9700882206678849,0.0,0.5833333333333334,0.0,1.0,0.75,1.0,1.0,0.8333333333333334,1.0,1.0,1.0,1.0,1.0,0.5471630593866508,1.0718707556993592,0.1437539797,0.3220666510867077,12,11.92053727,0.40881403726669396,0.2611348222562753,1,12,0.3071763967986337,1.0
h2_run1,177,buprenorphine,0.5904325549018002,0.9817798524126057,-1.741614866030115,1.741614866030115,0.8451035007587095,0.8451035007587095,0.0,0.6470588235294118,0.0,1.0,0.7058823529411765,0.0,1.0,1.0,1.0,1.0,1.0,1.0,1.0,0.014715862756878443,0.026435481920469052,0.0376450345,0.011257174128847566,17,10.015224,0.3756629813205393,0.5056588060147075,1,17,0.18348567043089523,1.0
h2_run1,184,caffeine,0.541216112458582,0.541216112458582,0.5978537914018685,0.5978537914018685,0.5283675895057613,0.5283675895057613,-0.18925379999999997,1.0,1.0,1.0,1.0,1.0,1.0,1.0,1.0,1.0,1.0,1.0,1.0,50.74318919440893,73.18671466261695,10.2637363,15.533789284971691,15,15.0,0.17331352237690362,0.19237018091764413,1,15,0.16399563698041572,1.0
h2_run1,295,clarithromycin,-1.0911374441448431,2.082887953942537,1.5706359841618383,1.5706359841618383,0.35438578472611704,0.35438578472611704,0.0,0.18181818181818182,0.0,1.0,0.5454545454545454,1.0,1.0,0.6363636363636364,1.0,1.0,0.7272727272727273,1.0,1.0,7.701858391247965,9.846372928542955,2.7763496,8.246747460696296,11,14.0940325,0.7360854632842176,0.8318479680504889,1,11,0.3963132153792894,1.0
h2_run1,308,clozapine,-0.7622881046630935,0.7622881046630935,-2.6325843248639824,2.6325843248639824,-0.5352102624982685,0.5352102624982685,0.0,0.7692307692307693,0.0,1.0,0.8461538461538461,0.0,1.0,0.9230769230769231,0.0,1.0,1.0,1.0,1.0,0.5500453545747218,0.3795632513730107,0.5216177963,0.08411347048077898,13,24.0641711,0.32792106264135223,0.3558136699148421,1,13,0.1673443255911508,1.0
h2_run1,323,crizotinib,1.623486656258493,1.7244429064594367,-0.07540303163662065,0.07540303163662065,1.9429140625317387,1.9429140625317387,-1.2857143,0.23076923076923078,1.0,0.0,0.5384615384615384,1.0,0.0,0.6923076923076923,1.0,1.0,1.0,1.0,1.0,0.9165169202854315,3.523837710911639,0.15942480699999997,0.1513064095095514,13,96.6857143,0.5773908301883938,0.7598408301334031,1,13,0.30945775495184674,1.0
h2_run1,332,dabigatran,-0.3822851132512302,0.38766912836016126,-0.2886207652173461,0.2886207652173461,-0.3830364544497277,0.3830364544497277,0.0,0.9411764705882353,1.0,1.0,1.0,1.0,1.0,1.0,1.0,1.0,1.0,1.0,1.0,0.30551708662960075,0.23427720913745764,0.1720203393,0.1408303609048044,17,6.0230326,0.1483266435360931,0.13065688724293145,1,17,0.17113869594571493,1.0
h2_run1,366,desipramine,1.2045597735315876,1.7284848301050406,3.31361315212948,3.31361315212948,0.8411482092187126,0.8411482092187126,0.2774994,0.08333333333333333,0.0,1.0,0.5,0.0,1.0,0.8333333333333334,0.0,1.0,0.9166666666666666,1.0,1.0,0.22006510473871538,0.39424121503060955,0.0182833469,0.18178274294471086,12,48.7012987,0.5627290101861426,0.38144969439524573,1,12,0.5144802272047432,1.0
h2_run1,394,digoxin,2.6576361441896355,2.6576361441896355,1.5411804767465254,1.5411804767465254,2.7895742529822103,2.7895742529822103,0.0,0.0,0.0,0.0,0.0625,1.0,0.0,0.3125,1.0,0.0,0.75,1.0,1.0,0.020127290211065848,0.1391652595501547,0.008280167494,0.024097981917502162,16,8.0521739,0.8225980763907116,0.9116087662267535,1,16,1.0029330776616954,1.0
h2_run1,413,docetaxel,1.4402522622307314,2.3725611031872007,-0.6233055165883449,0.6233055165883449,0.8151370584479669,0.8151370584479669,0.0,0.13333333333333333,1.0,1.0,0.2833333333333333,1.0,1.0,0.48333333333333334,1.0,1.0,0.7333333333333333,1.0,1.0,2.7107492448853554,4.769469222692885,4.3087272,2.7971473263634925,60,25.1339286,0.7961816729844885,0.7224148003740504,1,60,0.30839051990450983,1.0
h2_run1,471,erythromycin,-2.913122489004264,3.1862970509624198,1.0926982478326213,1.0926982478326213,-0.872477820664918,0.872477820664918,0.0,0.125,0.0,1.0,0.375,1.0,1.0,0.5,1.0,1.0,0.625,1.0,1.0,32.282514771018896,17.63296574568773,7.521071200000001,16.040379861777414,8,24.2332407,1.2322044172143103,1.7015030218696137,1,8,0.7794921044447847,1.0
h2_run1,488,etoricoxib,1.5491600438289705,1.8481078823287307,2.1979070430823135,2.1979070430823135,2.3005205986260453,2.3005205986260453,0.0,0.3333333333333333,0.0,0.0,0.5,0.0,0.0,0.8333333333333334,1.0,1.0,0.8888888888888888,1.0,1.0,6.773188953653525,33.36713337023232,0.4528159333,2.0775794824510427,18,120.1395275,0.7472557485728712,0.9584874843365595,1,18,0.3923874477637923,1.0
h2_run1,637,imipramine,0.5225935486779762,0.6480128393905349,0.35557800754125235,0.35557800754125235,0.4998993025071362,0.4998993025071362,0.0,0.8888888888888888,1.0,1.0,0.8888888888888888,1.0,1.0,1.0,1.0,1.0,1.0,1.0,1.0,0.7281455970623832,1.0296815063411375,0.07719373084999999,0.09876923212583111,9,71.1702225,0.24153699009101778,0.26398877332872434,1,9,0.13364229782008286,1.0
h2_run1,674,itraconazole,0.8724427230957319,1.1972593095941686,1.3380065183069603,1.3380065183069603,0.9833606570869877,0.9833606570869877,-0.6611569999999999,0.42857142857142855,0.0,1.0,0.8571428571428571,1.0,1.0,0.9285714285714286,1.0,1.0,0.9285714285714286,1.0,1.0,4.150849720506162,8.206501714802146,0.6176304512,1.5613806625612114,14,96.1674919,0.455867250529466,0.5150768344632534,1,14,0.22818548481816675,1.0
h2_run1,703,lansoprazole,1.8091485372685077,1.8146556990047225,1.6205220988443647,1.6205220988443647,1.9045414582181273,1.9045414582181273,-0.05542730000000001,0.058823529411764705,0.0,0.0,0.17647058823529413,0.0,0.0,1.0,1.0,1.0,1.0,1.0,1.0,0.5117131351179542,1.9158022187356956,0.6484342762,1.9938465168214288,17,10.0046189,0.5656417918793412,0.4816095174282052,1,17,0.2271872160593603,1.0
h2_run1,739,lorazepam,-0.2608585334806012,0.3513105497574992,-0.09780121650860571,0.09780121650860571,-0.4646492912174026,0.4646492912174026,-0.1002012,1.0,1.0,1.0,1.0,1.0,1.0,1.0,1.0,1.0,1.0,1.0,1.0,0.40043145682016623,0.2901715389382598,0.0573052854,0.05354927311361532,20,36.0387728,0.11994852948813439,0.17077828874582612,1,20,0.11211431358203203,1.0
h2_run1,781,metformin,-0.1020347949126818,0.7274551918545874,0.3627906930504472,0.3627906930504472,0.4711244224255511,0.4711244224255511,0.0,0.75,1.0,1.0,1.0,1.0,1.0,1.0,1.0,1.0,1.0,1.0,1.0,13.189963868584305,18.28378849281614,15.168519700000001,19.505364959720392,16,10.0631579,0.24761027429402954,0.268847644866448,1,16,0.10126345615134492,1.0
h2_run1,787,methotrexate,-2.3042751224882783,2.3042751224882783,-2.1874434684375323,2.1874434684375323,-1.9349664299597038,1.9349664299597038,0.0,0.0,0.0,0.0,0.0,0.0,0.0,0.6363636363636364,1.0,1.0,0.9090909090909091,1.0,1.0,20.47419572343811,5.354561543892669,6.316439228999999,1.3867118420381457,11,47.7628032,0.7194032895252698,0.7860121825012087,1,11,0.30197146012549003,1.0
h2_run1,800,metoprolol,1.9611716716817489,1.9611716716817489,2.4570943290202165,2.4570943290202165,1.9191685569167465,1.9191685569167465,0.0,0.0,0.0,0.0,0.3333333333333333,0.0,0.0,0.6666666666666666,0.0,1.0,1.0,1.0,1.0,0.24560395936420584,0.9288865321488193,0.1197309591,0.6574542794990472,9,7.9054946,0.6126227709028516,0.5197585581493492,1,9,0.6511710554700478,1.0
h2_run1,811,midazolam,-0.949926035866786,1.203313479099346,-1.5654909894005684,1.5654909894005684,-1.0215446071447614,1.0215446071447614,0.0,0.3076923076923077,0.0,0.0,0.6923076923076923,1.0,1.0,1.0,1.0,1.0,1.0,1.0,1.0,0.37447824625770515,0.1844637467479931,0.29451071489999997,0.09950418666319899,13,8.0265859,0.3946992196998485,0.3004583124630645,1,13,0.23442263559922286,1.0
h2_run1,832,montelukast,-2.2489922866768794,3.58284686955618,-4.307229349248894,4.307229349248894,-2.961082957816231,2.961082957816231,-0.09469699999999999,0.13333333333333333,0.0,0.0,0.13333333333333333,0.0,0.0,0.26666666666666666,0.0,0.0,0.4,0.0,1.0,3.839306190379591,0.49303523696087626,2.132955034,0.1077398750683682,15,24.0056818,1.2572669135378531,0.7035875144421312,1,15,0.29183913064658673,1.0
h2_run1,875,nifedipine,-1.186769393333401,1.4493185584748822,0.6506824370218874,0.6506824370218874,-0.3450472133066723,0.3450472133066723,0.0,0.6,1.0,1.0,0.6666666666666666,1.0,1.0,0.7333333333333333,1.0,1.0,0.8666666666666667,1.0,1.0,0.05898050107331079,0.046434299333981854,0.0476470588,0.07480162428449631,15,6.0015407,0.608142126333332,0.7868730497488132,1,15,0.49977348689211176,1.0
h2_run1,907,ondansetron,-0.9506652257939588,1.1199285061075483,0.504100375093808,0.504100375093808,-0.3364551110161548,0.3364551110161548,0.0,0.56,1.0,1.0,0.76,1.0,1.0,0.88,1.0,1.0,0.96,1.0,1.0,0.41813582166913305,0.3311572706276455,0.0762296104,0.108111783997201,25,24.1352048,0.4407251973026063,0.5252284264694028,3,25,0.3242197538771786,3.0
h2_run1,938,paroxetine,3.5241778811268527,3.5241778811268527,3.0659629900284147,3.0659629900284147,3.512656577450765,3.512656577450765,0.0,0.0,0.0,0.0,0.0,0.0,0.0,0.0,0.0,0.0,0.21052631578947367,1.0,0.0,0.2828853345142974,3.2286831515764627,0.0618727473,0.5181389322075035,19,48.1057269,1.0672194493800928,1.0232513779873158,1,19,0.8108365745244224,1.0
h2_run1,963,phenacetin,1.6962174376256864,1.6962174376256864,0.8676846395642326,0.8676846395642326,1.6488091090200732,1.6488091090200732,0.0,0.125,1.0,0.0,0.5,1.0,0.0,0.875,1.0,1.0,1.0,1.0,1.0,2.7213263832731838,8.533390717977586,3.0408374,5.548713502524277,8,4.0,0.5433635204796622,0.5986970828207812,1,8,0.4145746512035934,1.0
h2_run1,967,phenobarbital,-1.1561896843062984,1.1561896843062984,-0.2885956427206467,0.2885956427206467,-1.5327347532442486,1.5327347532442486,0.0,0.5454545454545454,1.0,0.0,0.7272727272727273,1.0,1.0,0.8181818181818182,1.0,1.0,1.0,1.0,1.0,37.540425208462935,12.974781452175591,4.6355674,3.795132603416293,11,12.0574059,0.4453723096901197,0.6164084580291175,1,11,,
h2_run1,973,phenytoin,0.40515769680034014,0.7077692821444228,-0.7183495004969305,0.7183495004969305,1.0972774356006678,1.0972774356006678,0.0,0.7333333333333333,1.0,0.0,0.8666666666666667,1.0,1.0,0.9333333333333333,1.0,1.0,1.0,1.0,1.0,158.74480934462585,339.6354039696338,12.8070086,7.784002274031186,15,71.7333333,0.2914908335712081,0.27733187497186124,2,14,0.7050024442254978,2.0
h2_run1,1001,posaconazole,2.1218875263294605,2.1218875263294605,2.6394871953071757,2.6394871953071757,2.0557250528429747,2.0557250528429747,0.0,0.16666666666666666,0.0,0.0,0.3333333333333333,0.0,0.0,0.5,0.0,1.0,1.0,1.0,1.0,7.762516750876694,32.27286000710327,1.407604015,8.770923354215151,6,12.0281251,0.6674973979318902,0.5724721034558014,1,6,1.3969464488253465,1.0
h2_run1,1009,pravastatin,0.9765604984167794,1.1767308639792107,-0.7791688129060984,0.7791688129060984,0.8004020546072746,0.8004020546072746,0.0,0.375,1.0,1.0,0.625,1.0,1.0,1.0,1.0,1.0,1.0,1.0,1.0,0.12122247080319816,0.21111940767987059,0.453551388,0.26428548765953574,8,3.004386,0.41282036419787316,0.49134113076629243,1,8,0.20510127592743896,1.0
h2_run1,1018,probenecid,-2.811442322450628,2.811442322450628,-2.0256474870545764,2.0256474870545764,-2.7843285520797902,2.7843285520797902,0.0,0.0,0.0,0.0,0.0,0.0,0.0,0.14285714285714285,1.0,0.0,1.0,1.0,1.0,1945.3443060381455,282.377485213257,324.0866189,79.59402107343332,7,12.1084296,0.8538265495556976,0.8740906290738345,1,7,1.62537994169587,1.0
h2_run1,1041,quinidine,0.7609040657052307,0.7609040657052307,1.3803348760985095,1.3803348760985095,0.6931059694376046,0.6931059694376046,0.0,0.7777777777777778,0.0,1.0,1.0,1.0,1.0,1.0,1.0,1.0,1.0,1.0,1.0,20.740280773015634,33.53206646830172,2.120436695,5.520107215924218,18,30.0,0.24280885466748614,0.19724164385482765,1,18,0.1778498470892517,1.0
h2_run1,1094,rosiglitazone,-0.7582368667330606,1.0650866748856347,0.15964583124158044,0.15964583124158044,-0.8532241482502926,0.8532241482502926,-0.5825302,0.5555555555555556,1.0,1.0,0.8888888888888888,1.0,1.0,1.0,1.0,1.0,1.0,1.0,1.0,0.7188448946114305,0.3979139189859707,0.1438160644,0.1606443973951782,9,21.3592233,0.35739576749581353,0.44835963092336617,1,9,0.2710435442152429,1.0
h2_run1,1095,rosuvastatin,0.5308517420519739,2.3224030705625784,1.6496350648056386,1.6496350648056386,1.7682222306834117,1.7682222306834117,1.0781671,0.15789473684210525,0.0,0.0,0.3157894736842105,0.0,0.0,0.6578947368421053,1.0,1.0,0.8947368421052632,1.0,1.0,0.1502357232508874,0.5117538781585671,0.0380556987,0.11940137728493631,38,53.9083558,0.9195043561007347,1.659009111658982,1,38,0.3652451090420156,1.0
h2_run1,1197,tenofovir,0.061079266055319235,0.70050179027989,-0.7134105808741702,0.7134105808741702,0.0819441284190369,0.0819441284190369,0.0,0.8181818181818182,1.0,1.0,0.9090909090909091,1.0,1.0,0.9090909090909091,1.0,1.0,1.0,1.0,1.0,14.934893124565443,15.807739109696476,10.1276014,6.176587754346074,11,24.0326136,0.2873221721936008,0.4101469418055567,1,11,0.12917895758138967,1.0
h2_run1,1245,tolbutamide,0.24042631111167884,1.3020853162750619,-1.340463900198628,1.340463900198628,0.16634443129139972,0.16634443129139972,0.0,0.35714285714285715,0.0,1.0,0.7857142857142857,1.0,1.0,0.8571428571428571,1.0,1.0,0.9285714285714286,1.0,1.0,1520.694467619264,1706.5406173945928,258.6528094,102.14035380216393,14,36.2214984,0.4705223704872117,0.5375444735882279,1,14,0.24075402533512158,1.0
h2_run1,1293,valsartan,-3.216105290867015,3.216105290867015,-4.277480173295306,4.277480173295306,-3.1550622973581466,3.1550622973581466,0.0,0.0,0.0,0.0,0.08333333333333333,0.0,0.0,0.25,0.0,0.0,0.5,0.0,1.0,24.503815553595214,2.7508399637423167,16.3876281,0.8450185864840101,12,10.0987013,1.0126493501833749,0.8008421650505239,1,12,0.6309985192412609,1.0
h2_run1,1300,verapamil,0.8148186188763423,0.8234560750501375,0.41612226121248624,0.41612226121248624,0.9461825523235993,0.9461825523235993,0.0,0.6666666666666666,1.0,1.0,0.9333333333333333,1.0,1.0,1.0,1.0,1.0,1.0,1.0,1.0,0.16347496291317132,0.3149782582515784,0.1105149674,0.14746412642132065,30,16.0,0.3000391264736053,0.438948117437088,1,30,0.1792454223028428,1.0
h2_run1,1319,voriconazole,1.2680087065038241,1.5147602757437175,-0.13489065500737524,0.13489065500737524,1.6323459472577126,1.6323459472577126,0.4973415,0.5,1.0,0.0,0.5625,1.0,0.0,0.6875,1.0,1.0,0.9375,1.0,1.0,5.999341809232273,18.598961685292227,2.2311450049999997,2.0319904535594278,16,24.0588957,0.5936045557369468,0.8411019083529462,1,16,0.32622035524676624,1.0
h2_run1,1323,warfarin,-1.872246388961509,2.2436959664190885,-2.079820960938889,2.079820960938889,-1.9126005570878304,1.9126005570878304,0.0,0.0,0.0,0.0,0.1875,0.0,0.0,0.625,1.0,1.0,0.9375,1.0,1.0,171.4338774380634,45.53512263781517,9.3113811,2.2025491431225195,16,104.1666667,0.7072043428033229,0.7355399748181854,1,16,0.4627791961798939,1.0
h2_run1,1341,zidovudine,2.2469006559302365,2.2469006559302365,1.5569514770428423,1.5569514770428423,2.139742773679104,2.139742773679104,-0.06967260000000008,0.0,0.0,0.0,0.11764705882352941,1.0,0.0,0.5882352941176471,1.0,1.0,0.9411764705882353,1.0,1.0,2.0883092929601093,9.202833801810526,1.224554889,3.60302564215043,17,8.0175991,0.7013609528558475,0.7798602379549046,2,17,0.47470801408277596,2.0
h2_run2,52,alprazolam,-3.7295225858466736,3.7295225858466736,-2.4826083267686365,2.4826083267686365,-3.8733045544132563,3.8733045544132563,0.0,0.0,0.0,0.0,0.0,0.0,0.0,0.0,0.0,0.0,0.21428571428571427,1.0,0.0,0.254573200464216,0.017371280349131796,0.022606383,0.004044748357799706,14,36.0,1.1357452906765717,1.1463265695197946,1,14,1.1066094437571259,1.0
h2_run2,172,bufuralol,0.5023328955076898,0.8518581226377884,-0.1501864491697775,0.1501864491697775,0.12069728011395481,0.12069728011395481,0.0,0.6666666666666666,1.0,1.0,0.8333333333333334,1.0,1.0,1.0,1.0,1.0,1.0,1.0,1.0,0.5471630593866508,0.5949086325477239,0.1437539797,0.12954159809414778,12,11.92053727,0.315920382938737,0.2798563818778486,1,12,0.23737757527894918,1.0
h2_run2,177,buprenorphine,-0.12556129580984496,0.6740633234938839,-2.0612142926659214,2.0612142926659214,-0.011946382226798476,0.011946382226798476,0.0,0.7058823529411765,0.0,1.0,0.9411764705882353,0.0,1.0,1.0,1.0,1.0,1.0,1.0,1.0,0.014715862756878443,0.014594509698240174,0.0376450345,0.009020287293309304,17,10.015224,0.2550750777495941,0.23991065708820838,1,17,0.12458672794049422,1.0
h2_run2,184,caffeine,0.6749525704995087,0.6749525704995087,0.732092614926366,0.732092614926366,0.6265840030074937,0.6265840030074937,-0.18925379999999997,1.0,1.0,1.0,1.0,1.0,1.0,1.0,1.0,1.0,1.0,1.0,1.0,50.74318919440893,78.34266459874036,10.2637363,17.048545074083723,15,15.0,0.2082606557070874,0.19093211131359644,1,15,0.1970639014327385,1.0
h2_run2,295,clarithromycin,0.47072876802039887,0.5381703963354767,0.799975951444687,0.799975951444687,0.25786008375618014,0.25786008375618014,0.0,0.9090909090909091,1.0,1.0,0.9090909090909091,1.0,1.0,1.0,1.0,1.0,1.0,1.0,1.0,7.701858391247965,9.209141566878694,2.7763496,4.833824839765847,11,14.0940325,0.21475142246205028,0.18997876573678588,1,11,0.1156235668117644,1.0
h2_run2,308,clozapine,-1.0957526827591766,1.0957526827591766,-3.384404451550411,3.384404451550411,-0.6525811728887986,0.6525811728887986,0.0,0.5384615384615384,0.0,1.0,0.7692307692307693,0.0,1.0,0.9230769230769231,0.0,1.0,0.9230769230769231,0.0,1.0,0.5500453545747218,0.34990648659091556,0.5216177963,0.04995110990844748,13,24.0641711,0.41986490317777814,0.15674427789809664,1,13,0.21426500785198047,1.0
h2_run2,323,crizotinib,1.627291265459721,1.7132856199592816,0.20455761181593507,0.20455761181593507,1.9061251443755993,1.9061251443755993,-1.2857143,0.15384615384615385,1.0,0.0,0.5384615384615384,1.0,0.0,0.6923076923076923,1.0,1.0,1.0,1.0,1.0,0.9165169202854315,3.435115397057478,0.15942480699999997,0.1837104567351252,13,96.6857143,0.5657298613356414,0.7411558011027833,1,13,0.3032079548977677,1.0
h2_run2,332,dabigatran,-1.2473081879663785,1.2473081879663785,-0.8971545738865941,0.8971545738865941,-1.3977775021537708,1.3977775021537708,0.0,0.4117647058823529,1.0,0.0,0.5882352941176471,1.0,1.0,1.0,1.0,1.0,1.0,1.0,1.0,0.30551708662960075,0.11594780957745421,0.1720203393,0.09236541002206695,17,6.0230326,0.3990781586696816,0.4714446333959418,1,17,0.4604548045242268,1.0
h2_run2,366,desipramine,1.1917783774244937,1.3253637607399886,3.252942440241421,3.252942440241421,0.7769288296690037,0.7769288296690037,0.2774994,0.4166666666666667,0.0,1.0,0.75,0.0,1.0,0.9166666666666666,0.0,1.0,0.9166666666666666,1.0,1.0,0.22006510473871538,0.37707701898959567,0.0182833469,0.17429661312728584,12,48.7012987,0.4746284185293849,0.19947523141102672,1,12,0.4339334425322277,1.0
h2_run2,394,digoxin,3.1675746282162436,3.1675746282162436,2.045306261003586,2.045306261003586,3.2785419447631536,3.2785419447631536,0.0,0.0,0.0,0.0,0.0,0.0,0.0,0.125,1.0,0.0,0.5625,1.0,1.0,0.020127290211065848,0.19531013313289142,0.008280167494,0.03417729262211181,16,8.0521739,0.9695161412226427,1.0511238487388126,1,16,1.1820594227809398,1.0
h2_run2,413,docetaxel,-1.7882107369219467,3.879859727026441,-0.21832632870361493,0.21832632870361493,0.7219864435487298,0.7219864435487298,0.0,0.2833333333333333,1.0,1.0,0.3333333333333333,1.0,1.0,0.5333333333333333,1.0,1.0,0.7,1.0,1.0,2.7107492448853554,4.4712496734392815,4.3087272,3.7036183273188046,60,25.1339286,1.8918269201354145,2.9172581023014774,1,60,0.7327743243359918,1.0
h2_run2,471,erythromycin,-0.9125950635727773,1.0388240728078735,0.5049160369403851,0.5049160369403851,-0.7088380349135888,0.7088380349135888,0.0,0.5,1.0,1.0,0.75,1.0,1.0,1.0,1.0,1.0,1.0,1.0,1.0,32.282514771018896,19.750852597707794,7.521071200000001,10.672706647219123,8,24.2332407,0.3357568726058081,0.42336282913911266,1,8,0.212399685923039,1.0
h2_run2,488,etoricoxib,1.245746046396903,1.8766220510431795,2.4847090642524274,2.4847090642524274,2.0467746407552325,2.0467746407552325,0.0,0.3333333333333333,0.0,0.0,0.4444444444444444,0.0,0.0,0.6666666666666666,0.0,1.0,0.8888888888888888,1.0,1.0,6.773188953653525,27.985543951274387,0.4528159333,2.5345079561607258,18,120.1395275,0.728263996188479,0.9060828060278043,1,18,0.3824147907974112,1.0
h2_run2,637,imipramine,0.6122068462880339,0.6122068462880339,0.08300662880514435,0.08300662880514435,0.5149499290828536,0.5149499290828536,0.0,0.8888888888888888,1.0,1.0,0.8888888888888888,1.0,1.0,1.0,1.0,1.0,1.0,1.0,1.0,0.7281455970623832,1.0404796790301294,0.07719373084999999,0.08176539072862413,9,71.1702225,0.24244764649820708,0.27058276854177515,1,9,0.13414616356228448,1.0
h2_run2,674,itraconazole,0.9311953638114446,0.9653817224489725,1.1608222923781932,1.1608222923781932,0.9209103794173114,0.9209103794173114,-0.6611569999999999,0.8571428571428571,0.0,1.0,0.8571428571428571,1.0,1.0,0.9285714285714286,1.0,1.0,0.9285714285714286,1.0,1.0,4.150849720506162,7.858843814697343,0.6176304512,1.380927981178945,14,96.1674919,0.3970745667705601,0.46225732678817133,1,14,0.1987566608969363,1.0
h2_run2,703,lansoprazole,1.5067109193775248,1.7892748909656437,2.04174806398846,2.04174806398846,1.9064161955622783,1.9064161955622783,-0.05542730000000001,0.17647058823529413,0.0,0.0,0.23529411764705882,0.0,0.0,0.8235294117647058,1.0,1.0,1.0,1.0,1.0,0.5117131351179542,1.9182933623772014,0.6484342762,2.6698900350475734,17,10.0046189,0.5762851581668246,0.4593498083179775,1,17,0.23146207126112942,1.0
h2_run2,739,lorazepam,-0.22915792320186532,0.34641760536526417,-0.06675170616759774,0.06675170616759774,-0.4643388340281792,0.4643388340281792,-0.1002012,1.0,1.0,1.0,1.0,1.0,1.0,1.0,1.0,1.0,1.0,1.0,1.0,0.40043145682016623,0.2902339884036097,0.0573052854,0.05471424540363246,20,36.0387728,0.12098273845009883,0.17600454088697995,1,20,0.11308097510231768,1.0
h2_run2,781,metformin,0.4105856301256908,1.41381472215677,-1.251730837874807,1.251730837874807,-0.18556459463739622,0.18556459463739622,0.0,0.3125,0.0,1.0,0.75,1.0,1.0,0.8125,1.0,1.0,0.9375,1.0,1.0,13.189963868584305,11.597999795676532,15.168519700000001,6.369930167160231,16,10.0631579,0.49817066180209507,0.5315430060570437,1,16,0.20373339963825288,1.0
h2_run2,787,methotrexate,-4.392708621506131,4.392708621506131,-1.2692818191914397,1.2692818191914397,-2.1071296262911203,2.1071296262911203,0.0,0.0,0.0,0.0,0.2727272727272727,1.0,0.0,0.45454545454545453,1.0,1.0,0.5454545454545454,1.0,1.0,20.47419572343811,4.752231933970593,6.316439228999999,2.6204774184113004,11,47.7628032,1.6535360255431013,2.1099180959916715,1,11,0.6940761812930392,1.0
h2_run2,800,metoprolol,1.7823780658007407,1.7823780658007407,2.322085325728778,2.322085325728778,1.621387478009176,1.621387478009176,0.0,0.0,0.0,0.0,0.5555555555555556,0.0,0.0,0.6666666666666666,0.0,1.0,1.0,1.0,1.0,0.24560395936420584,0.7556516399843928,0.1197309591,0.5987200429181351,9,7.9054946,0.557841102630311,0.4518013693989516,1,9,0.5929423404373558,1.0
h2_run2,811,midazolam,-1.6703985228910532,1.7145368862453088,-2.036250207325037,2.036250207325037,-1.7683956985050093,1.7683956985050093,0.0,0.23076923076923078,0.0,0.0,0.3076923076923077,0.0,0.0,0.6923076923076923,1.0,1.0,1.0,1.0,1.0,0.37447824625770515,0.10992246144783452,0.29451071489999997,0.07180070505183883,13,8.0265859,0.5644685852961604,0.44195623740026324,1,13,0.33525329383401725,1.0
h2_run2,832,montelukast,-1.6202601235507312,3.273435239356474,-1.912325352300574,1.912325352300574,-2.054867753081309,2.054867753081309,-0.09469699999999999,0.0,0.0,0.0,0.06666666666666667,0.0,0.0,0.5333333333333333,1.0,1.0,0.7333333333333333,1.0,1.0,3.839306190379591,0.9240083978630356,2.132955034,0.5666493663175369,15,24.0056818,1.276661531049689,1.15485965450138,1,15,0.29634104527818245,1.0
h2_run2,875,nifedipine,-4.346011394947134,4.776831894112195,1.4487975720436261,1.4487975720436261,-0.5977214781619338,0.5977214781619338,0.0,0.13333333333333333,0.0,1.0,0.3333333333333333,1.0,1.0,0.4,1.0,1.0,0.4666666666666667,1.0,1.0,0.05898050107331079,0.038974124113247195,0.0476470588,0.13006714997704621,15,6.0015407,1.9003819000095652,2.4331097648839894,1,15,1.5617409935417936,1.0
h2_run2,907,ondansetron,0.20155080179885065,0.5775249579439328,-0.6549668387964963,0.6549668387964963,-0.06946046561927643,0.06946046561927643,0.0,0.84,1.0,1.0,0.92,1.0,1.0,0.96,1.0,1.0,1.0,1.0,1.0,0.41813582166913305,0.3984810668515776,0.0762296104,0.04841267005527839,25,24.1352048,0.22105627255309215,0.24306317717609008,3,25,0.14706249804610164,3.0
h2_run2,938,paroxetine,3.0403373661977926,3.0403373661977926,2.8401342872396746,2.8401342872396746,3.11490061967572,3.11490061967572,0.0,0.0,0.0,0.0,0.0,0.0,0.0,0.05263157894736842,0.0,0.0,0.7368421052631579,1.0,1.0,0.2828853345142974,2.4506932419058236,0.0618727473,0.44306251902950833,19,48.1057269,0.9215940287059025,0.9590207434580912,1,19,0.7001953963377562,1.0
h2_run2,963,phenacetin,1.8723669338758702,1.8723669338758702,2.1928268855212742,2.1928268855212742,2.0698286617281174,2.0698286617281174,0.0,0.0,0.0,0.0,0.375,0.0,0.0,0.625,1.0,1.0,1.0,1.0,1.0,2.7213263832731838,11.425129865259473,3.0408374,13.90272287398315,8,4.0,0.589162978555084,0.5210739981111414,1,8,0.4495186502784122,1.0
h2_run2,967,phenobarbital,-1.0184580997936734,1.0988393509765806,0.14637750062335164,0.14637750062335164,-1.4145155434966317,1.4145155434966317,0.0,0.6363636363636364,1.0,0.0,0.7272727272727273,1.0,1.0,0.8181818181818182,1.0,1.0,0.9090909090909091,1.0,1.0,37.540425208462935,14.08275356170856,4.6355674,5.130585369443788,11,12.0574059,0.5101361691716861,0.7275888281923832,1,11,,
h2_run2,973,phenytoin,0.5439440309981549,0.6863562466976462,-0.5249544290369956,0.5249544290369956,1.1998892254814928,1.1998892254814928,0.0,0.7333333333333333,1.0,0.0,0.8,1.0,1.0,0.9333333333333333,1.0,1.0,1.0,1.0,1.0,158.74480934462585,364.6718010305909,12.8070086,8.900628440541476,15,71.7333333,0.29754151065277457,0.30230055003599504,2,14,0.7234839690999337,2.0
h2_run2,1001,posaconazole,1.8958483926903902,1.8958483926903902,2.30872450207625,2.30872450207625,1.7979918014869147,1.7979918014869147,0.0,0.0,0.0,0.0,0.3333333333333333,0.0,0.0,0.8333333333333334,1.0,1.0,1.0,1.0,1.0,7.762516750876694,26.993053444010958,1.407604015,6.973901736226188,6,12.0281251,0.585084236636523,0.5107730722434621,1,6,1.2244712101731337,1.0
h2_run2,1009,pravastatin,0.6082326934122325,0.7671780305436251,0.013820913744111513,0.013820913744111513,0.888209940423884,0.888209940423884,0.0,0.625,1.0,1.0,1.0,1.0,1.0,1.0,1.0,1.0,1.0,1.0,1.0,0.12122247080319816,0.22436802559652047,0.453551388,0.4579172563277592,8,3.004386,0.26408205070074325,0.2591147399728167,1,8,0.1312037153339058,1.0
h2_run2,1018,probenecid,-3.1875585576319416,3.1875585576319416,-1.0411963145829604,1.0411963145829604,-2.5447335650176335,2.5447335650176335,0.0,0.0,0.0,0.0,0.2857142857142857,1.0,0.0,0.2857142857142857,1.0,0.0,0.42857142857142855,1.0,1.0,1945.3443060381455,333.39213028608145,324.0866189,157.48158526600182,7,12.1084296,1.0509094106244388,1.0805490683677723,1,7,2.000555121478997,1.0
h2_run2,1041,quinidine,0.22050590780187393,0.694367571184508,0.7371921569332178,0.7371921569332178,0.20135795757829153,0.20135795757829153,0.0,0.8333333333333334,1.0,1.0,0.8888888888888888,1.0,1.0,1.0,1.0,1.0,1.0,1.0,1.0,20.740280773015634,23.8467619552653,2.120436695,3.5346161956252575,18,30.0,0.259590892458736,0.3144408495062917,1,18,0.19014216179543156,1.0
h2_run2,1094,rosiglitazone,-1.359353587450049,2.002199569084899,0.8697589026804543,0.8697589026804543,-0.7881697781964748,0.7881697781964748,-0.5825302,0.3333333333333333,1.0,1.0,0.4444444444444444,1.0,1.0,0.7777777777777778,1.0,1.0,0.8888888888888888,1.0,1.0,0.7188448946114305,0.41626744533150795,0.1438160644,0.2628033630962011,9,21.3592233,0.8156252082424745,1.2070919096029356,1,9,0.6185578210461751,1.0
h2_run2,1095,rosuvastatin,-5.800177982051632,7.643806680798817,1.8392423874941202,1.8392423874941202,1.7071642081164076,1.7071642081164076,0.6469003,0.10526315789473684,0.0,0.0,0.15789473684210525,0.0,0.0,0.47368421052631576,1.0,1.0,0.5789473684210527,1.0,1.0,0.1502357232508874,0.49054725093565715,0.0380556987,0.13617169014439257,38,53.9083558,3.895414383169602,7.8889026882540145,1,38,1.5473347588891107,1.0
h2_run2,1197,tenofovir,-1.0994435599626422,1.5729997669190423,-0.10652357311944476,0.10652357311944476,-0.001810612337388354,0.001810612337388354,0.0,0.7272727272727273,1.0,1.0,0.8181818181818182,1.0,1.0,0.8181818181818182,1.0,1.0,0.9090909090909091,1.0,1.0,14.934893124565443,14.916161279386193,10.1276014,9.406754490159965,11,24.0326136,0.9205774414292546,1.56188627084983,1,11,0.41388812199514086,1.0
h2_run2,1245,tolbutamide,0.9876225817894342,1.1495082526171745,-0.4961401399389798,0.4961401399389798,0.8692597584707489,0.8692597584707489,0.49817980000000006,0.5714285714285714,1.0,1.0,0.7142857142857143,1.0,1.0,0.8571428571428571,1.0,1.0,1.0,1.0,1.0,1520.694467619264,2777.891169911961,258.6528094,183.38513771752977,14,36.2214984,0.45292535800077244,0.5673520451953807,1,14,0.2317500929915949,1.0
h2_run2,1293,valsartan,-2.7787733365336837,2.7787733365336837,-2.706279341220653,2.706279341220653,-2.555842501065171,2.555842501065171,0.0,0.0,0.0,0.0,0.0,0.0,0.0,0.3333333333333333,0.0,0.0,0.8333333333333334,1.0,1.0,24.503815553595214,4.167239468942192,16.3876281,2.5109891792272223,12,10.0987013,0.8593398565996972,0.9484320748817416,1,12,0.5354688441178725,1.0
h2_run2,1300,verapamil,1.2390680950938815,1.2390680950938815,1.1938806178905312,1.1938806178905312,1.2525641322450092,1.2525641322450092,0.0,0.43333333333333335,0.0,0.0,0.7333333333333333,1.0,1.0,1.0,1.0,1.0,1.0,1.0,1.0,0.16347496291317132,0.3895028347941234,0.1105149674,0.252822066689925,30,16.0,0.3961230626986912,0.41049315991173724,1,30,0.2366466216984157,1.0
h2_run2,1319,voriconazole,0.9931447402789986,1.390368015930707,-0.3184252855645442,0.3184252855645442,1.3235698213588496,1.3235698213588496,0.4973415,0.5,1.0,0.0,0.625,1.0,1.0,0.75,1.0,1.0,0.9375,1.0,1.0,5.999341809232273,15.015431736454952,2.2311450049999997,1.789254978257516,16,24.0588957,0.5304837144195418,0.7542920614902513,1,16,0.29153176824211463,1.0
h2_run2,1323,warfarin,-2.5869649515146595,2.8805629794325807,-0.9644336521694049,0.9644336521694049,-2.0010294582418386,2.0010294582418386,0.0,0.25,1.0,0.0,0.375,1.0,0.0,0.5625,1.0,1.0,0.625,1.0,1.0,171.4338774380634,42.82789791830188,9.3113811,4.771892416842342,16,104.1666667,1.058569093508749,1.171212250244072,1,16,0.692704674653132,1.0
h2_run2,1341,zidovudine,1.9757808076796033,1.9797426562609288,2.120210381372753,2.120210381372753,2.222893515027271,2.222893515027271,-0.06967260000000008,0.11764705882352941,0.0,0.0,0.17647058823529413,0.0,0.0,0.7647058823529411,1.0,1.0,1.0,1.0,1.0,2.0883092929601093,9.748828856264169,1.224554889,5.323842249864709,17,8.0175991,0.628044253564995,0.5767419917732928,2,17,0.42553545267396686,2.0
h2_run3,52,alprazolam,-3.8864692937382124,3.8864692937382124,-2.7430546651758596,2.7430546651758596,-4.0010481552694115,4.0010481552694115,0.0,0.0,0.0,0.0,0.0,0.0,0.0,0.0,0.0,0.0,0.21428571428571427,1.0,0.0,0.254573200464216,0.015899269601187264,0.022606383,0.0033766756592442724,14,36.0,1.1822789719822935,1.1806566749629885,1,14,1.1519493730603065,1.0
h2_run3,172,bufuralol,0.3930467773764887,0.8504164349294184,-0.24681746254583922,0.24681746254583922,0.004016235612093545,0.004016235612093545,0.0,0.6666666666666666,1.0,1.0,0.8333333333333334,1.0,1.0,1.0,1.0,1.0,1.0,1.0,1.0,0.5471630593866508,0.5486883972711996,0.1437539797,0.12114916268977141,12,11.92053727,0.3067557042465667,0.2680392679783439,1,12,0.23049138077031595,1.0
h2_run3,177,buprenorphine,-0.27082940559770174,0.7601733856043866,-2.2134798835227114,2.2134798835227114,-0.15062903344782072,0.15062903344782072,0.0,0.7647058823529411,0.0,1.0,0.9411764705882353,0.0,1.0,1.0,1.0,1.0,1.0,1.0,1.0,0.014715862756878443,0.013256896680933793,0.0376450345,0.008116781586555403,17,10.015224,0.27151387711745634,0.2257458669508304,1,17,0.1326159569917259,1.0
h2_run3,184,caffeine,0.6747802191177119,0.6747802191177119,0.7320303811365815,0.7320303811365815,0.6264057100082593,0.6264057100082593,-0.18925379999999997,1.0,1.0,1.0,1.0,1.0,1.0,1.0,1.0,1.0,1.0,1.0,1.0,50.74318919440893,78.33298335275524,10.2637363,17.047809663857475,15,15.0,0.2082101846071736,0.19091879774100623,1,15,0.1970161438194493,1.0
h2_run3,295,clarithromycin,0.47078571191848423,0.5488115591028319,0.7917288969184204,0.7917288969184204,0.2499286319620919,0.2499286319620919,0.0,0.9090909090909091,1.0,1.0,0.9090909090909091,1.0,1.0,1.0,1.0,1.0,1.0,1.0,1.0,7.701858391247965,9.158651721149466,2.7763496,4.806271482590042,11,14.0940325,0.2183574313109506,0.19489016684406482,1,11,0.11756506550026934,1.0
h2_run3,308,clozapine,-1.0703658163036434,1.0703658163036434,-3.348356790607173,3.348356790607173,-0.6358234175357717,0.6358234175357717,0.0,0.5384615384615384,0.0,1.0,0.7692307692307693,0.0,1.0,0.9230769230769231,0.0,1.0,0.9230769230769231,0.0,1.0,0.5500453545747218,0.3539945538783028,0.5216177963,0.05121492839621107,13,24.0641711,0.41205496756391846,0.15194992310245703,1,13,0.210279449871397,1.0
h2_run3,323,crizotinib,1.7209207199756478,1.8332129844851714,-0.011007038879252688,0.011007038879252688,2.299113730405697,2.299113730405697,-1.2857143,0.21428571428571427,1.0,0.0,0.5,1.0,0.0,0.7142857142857143,1.0,1.0,0.9285714285714286,1.0,1.0,0.9967098838586336,4.905360857080934,0.15942480699999997,0.15821310397989857,14,144.2571429,0.6800283147104602,0.9756613086752213,1,14,0.3244647195259337,1.0
h2_run3,332,dabigatran,-1.2384571204363222,1.2384571204363222,-0.8840307574478208,0.8840307574478208,-1.3952609817532222,1.3952609817532222,0.0,0.4117647058823529,1.0,0.0,0.5882352941176471,1.0,1.0,1.0,1.0,1.0,1.0,1.0,1.0,0.30551708662960075,0.11615023604392286,0.1720203393,0.09320946706777057,17,6.0230326,0.3965658172227511,0.47191538527819166,1,17,0.4575560748776314,1.0
h2_run3,366,desipramine,1.1033474087516943,1.1033474087516943,3.100560560295572,3.100560560295572,0.6875519961779483,0.6875519961779483,0.2774994,0.5,0.0,1.0,0.75,0.0,1.0,0.9166666666666666,0.0,1.0,1.0,1.0,1.0,0.22006510473871538,0.35442549720172634,0.0182833469,0.15682577105051151,12,48.7012987,0.4268120921098758,0.1527887693587699,1,12,0.39021692172895917,1.0
h2_run3,394,digoxin,3.1605841648781468,3.1605841648781468,2.036836591926322,2.036836591926322,3.27199941550714,3.27199941550714,0.0,0.0,0.0,0.0,0.0,0.0,0.0,0.125,1.0,0.0,0.5625,1.0,1.0,0.020127290211065848,0.19442641954277173,0.008280167494,0.03397723487610449,16,8.0521739,0.9675136906745085,1.049288908588024,1,16,1.1796179827280802,1.0
h2_run3,413,docetaxel,-1.7711231586179508,3.8699367824381787,-0.22026701001629972,0.22026701001629972,0.7226804994805381,0.7226804994805381,0.0,0.2833333333333333,1.0,1.0,0.3333333333333333,1.0,1.0,0.5333333333333333,1.0,1.0,0.7,1.0,1.0,2.7107492448853554,4.473401232751441,4.3087272,3.698639651591084,60,25.1339286,1.884622846495712,2.9050487648858794,1,60,0.7299839209763537,1.0
h2_run3,471,erythromycin,-0.9048106362481293,1.0305140746687846,0.5028137536826219,0.5028137536826219,-0.7100546848305995,0.7100546848305995,0.0,0.5,1.0,1.0,0.75,1.0,1.0,1.0,1.0,1.0,1.0,1.0,1.0,32.282514771018896,19.73420338014275,7.521071200000001,10.657165793290783,8,24.2332407,0.33087100791783536,0.4130585335792277,1,8,0.20930888954667937,1.0
h2_run3,488,etoricoxib,1.283325266623516,1.8732240673716076,2.4539954901115686,2.4539954901115686,2.0762441280033266,2.0762441280033266,0.0,0.3333333333333333,0.0,0.0,0.4444444444444444,0.0,0.0,0.6666666666666666,0.0,1.0,0.8888888888888888,1.0,1.0,6.773188953653525,28.56307447598762,0.4528159333,2.4811210411155975,18,120.1395275,0.7299445324568594,0.9114548952537833,1,18,0.3832972481602132,1.0
h2_run3,637,imipramine,0.6125092010337359,0.6125092010337359,0.0029561913042293717,0.0029561913042293717,0.5149606368905391,0.5149606368905391,0.0,0.8888888888888888,1.0,1.0,0.8888888888888888,1.0,1.0,1.0,1.0,1.0,1.0,1.0,1.0,0.7281455970623832,1.040487401589183,0.07719373084999999,0.07735206881341822,9,71.1702225,0.23268886613189912,0.26265766999431867,1,9,0.12874663518535368,1.0
h2_run3,674,itraconazole,0.9351660595656689,0.9485956805010113,1.055032274932118,1.055032274932118,0.9307603894451338,0.9307603894451338,-0.6611569999999999,0.7857142857142857,0.0,1.0,0.9285714285714286,1.0,1.0,0.9285714285714286,1.0,1.0,0.9285714285714286,1.0,1.0,4.150849720506162,7.912683710312294,0.6176304512,1.283290741939003,14,96.1674919,0.3952293878507437,0.46865326478522756,1,14,0.19783305200442308,1.0
h2_run3,703,lansoprazole,1.5103803441724244,1.790059284503361,2.0380441538865046,2.0380441538865046,1.906564634789364,1.906564634789364,-0.05542730000000001,0.17647058823529413,0.0,0.0,0.23529411764705882,0.0,0.0,0.8235294117647058,1.0,1.0,1.0,1.0,1.0,0.5117131351179542,1.9184907461800584,0.6484342762,2.663044271444951,17,10.0046189,0.5758186741770902,0.45768956824335716,1,17,0.23127471028376617,1.0
h2_run3,739,lorazepam,-0.3119633413221468,0.3784208692705204,-0.24356971800563113,0.24356971800563113,-0.5014153260983512,0.5014153260983512,-0.1002012,1.0,1.0,1.0,1.0,1.0,1.0,1.0,1.0,1.0,1.0,1.0,1.0,0.40043145682016623,0.2828701584416786,0.0573052854,0.048403067847806486,20,36.0387728,0.1269909336998269,0.175422005391972,1,20,0.118696756214138,1.0
h2_run3,781,metformin,-0.0016982477113128835,1.4216466808396402,-1.7025034704950923,1.7025034704950923,-0.6094279672812192,0.6094279672812192,0.0,0.3125,0.0,1.0,0.5625,0.0,1.0,0.875,1.0,1.0,1.0,1.0,1.0,13.189963868584305,8.645448090703962,15.168519700000001,4.660565195544449,16,10.0631579,0.4842532656211571,0.46569028422045694,1,16,0.19804169867015906,1.0
h2_run3,787,methotrexate,-4.531689534557679,4.531689534557679,-1.2148866885836358,1.2148866885836358,-2.1236154306099997,2.1236154306099997,0.0,0.0,0.0,0.0,0.2727272727272727,1.0,0.0,0.45454545454545453,1.0,1.0,0.5454545454545454,1.0,1.0,20.47419572343811,4.698236848609191,6.316439228999999,2.721165696411753,11,47.7628032,1.7133168986195462,2.18743548322423,1,11,0.7191693630915031,1.0
h2_run3,800,metoprolol,1.579992082109704,1.579992082109704,2.114158460760935,2.114158460760935,1.3976606372800227,1.3976606372800227,0.0,0.0,0.0,0.0,0.6666666666666666,0.0,1.0,0.8888888888888888,1.0,1.0,1.0,1.0,1.0,0.24560395936420584,0.6471025918864912,0.1197309591,0.5183601104037088,9,7.9054946,0.5000077417130149,0.3911429322615302,1,9,0.5314699099979919,1.0
h2_run3,811,midazolam,-1.794079797725092,1.8272138040813413,-2.1587746676016706,2.1587746676016706,-1.8890167364020962,1.8890167364020962,0.0,0.23076923076923078,0.0,0.0,0.3076923076923077,0.0,0.0,0.6153846153846154,1.0,1.0,1.0,1.0,1.0,0.37447824625770515,0.10110575911793668,0.29451071489999997,0.0659546121974932,13,8.0265859,0.6017870694734921,0.47437013068826067,1,13,0.3574177597888036,1.0
h2_run3,832,montelukast,-1.6344110819508721,3.284377743086969,-1.9363887623229183,1.9363887623229183,-2.0539080801513414,2.0539080801513414,-0.09469699999999999,0.0,0.0,0.0,0.06666666666666667,0.0,0.0,0.5333333333333333,1.0,1.0,0.7333333333333333,1.0,1.0,3.839306190379591,0.924623247721131,2.132955034,0.5572763328047973,15,24.0056818,1.2793166412868413,1.1656953871002882,1,15,0.29695735439682536,1.0
h2_run3,875,nifedipine,-4.380291338304702,4.810742482457476,1.4509309519123095,1.4509309519123095,-0.6019156054907324,0.6019156054907324,0.0,0.13333333333333333,0.0,1.0,0.3333333333333333,1.0,1.0,0.4,1.0,1.0,0.4666666666666667,1.0,1.0,0.05898050107331079,0.03886098512004114,0.0476470588,0.13025962856457735,15,6.0015407,1.913698012974221,2.450068271542251,1,15,1.5726842252634972,1.0
h2_run3,907,ondansetron,0.2046471628744055,0.5651521308990848,-0.6324559362801077,0.6324559362801077,-0.06345554271441846,0.06345554271441846,0.0,0.84,1.0,1.0,0.92,1.0,1.0,0.96,1.0,1.0,1.0,1.0,1.0,0.41813582166913305,0.4001431193326789,0.0762296104,0.04917399496189847,25,24.1352048,0.216639899927538,0.23857960839956247,3,25,0.1438864160757423,3.0
h2_run3,938,paroxetine,2.762260359078272,2.762260359078272,2.6724077382621436,2.6724077382621436,2.857914043113272,2.857914043113272,0.0,0.0,0.0,0.0,0.0,0.0,0.0,0.21052631578947367,0.0,0.0,0.9473684210526315,1.0,1.0,0.2828853345142974,2.050823499223719,0.0618727473,0.3944339511402487,19,48.1057269,0.8400555075321109,0.8915189189805324,1,19,0.6382452367536636,1.0
h2_run3,963,phenacetin,1.8104773559752987,1.8104773559752987,2.282096032667019,2.282096032667019,2.0563746997971424,2.0563746997971424,0.0,0.25,0.0,0.0,0.375,0.0,0.0,0.625,1.0,1.0,1.0,1.0,1.0,2.7213263832731838,11.319079211181172,3.0408374,14.79014926290677,8,4.0,0.5817832271951788,0.5001298285315188,1,8,0.44388805909831025,1.0
h2_run3,967,phenobarbital,-1.0208884618430059,1.0809518184840172,0.11826279612067092,0.11826279612067092,-1.4175938609356196,1.4175938609356196,0.0,0.6363636363636364,1.0,0.0,0.7272727272727273,1.0,1.0,0.8181818181818182,1.0,1.0,0.9090909090909091,1.0,1.0,37.540425208462935,14.052736844572339,4.6355674,5.031570347037683,11,12.0574059,0.5033654865424706,0.7177743930328384,1,11,,
h2_run3,973,phenytoin,0.45566737985006206,0.689965362086021,-0.6343960152412521,0.6343960152412521,1.1292795448607904,1.1292795448607904,0.0,0.7333333333333333,1.0,0.0,0.8666666666666667,1.0,1.0,0.9333333333333333,1.0,1.0,1.0,1.0,1.0,158.74480934462585,347.2534347175519,12.8070086,8.250408865957358,15,71.7333333,0.29047197080637394,0.2838933745762069,2,14,0.7047783469722022,2.0
h2_run3,1001,posaconazole,1.8528302910069803,1.8528302910069803,2.2086249437714818,2.2086249437714818,1.7649092552314216,1.7649092552314216,0.0,0.0,0.0,0.0,0.3333333333333333,0.0,0.0,0.8333333333333334,1.0,1.0,1.0,1.0,1.0,7.762516750876694,26.38111674440421,1.407604015,6.506431384692876,6,12.0281251,0.5694328461929431,0.5046278305474985,1,6,1.1917157951451804,1.0
h2_run3,1009,pravastatin,0.5928013276303166,0.7691463889421987,0.03150905747548905,0.03150905747548905,0.8880491466467532,0.8880491466467532,0.0,0.625,1.0,1.0,1.0,1.0,1.0,1.0,1.0,1.0,1.0,1.0,1.0,0.12122247080319816,0.2243430203314452,0.453551388,0.4635661029203935,8,3.004386,0.264446555149256,0.25870161646470924,1,8,0.13138481184453085,1.0
h2_run3,1018,probenecid,-3.300096474290228,3.300096474290228,-0.9501511515346414,0.9501511515346414,-2.55738635236277,2.55738635236277,0.0,0.14285714285714285,1.0,0.0,0.2857142857142857,1.0,0.0,0.2857142857142857,1.0,0.0,0.42857142857142855,1.0,1.0,1945.3443060381455,330.48098438711224,324.0866189,167.74017931388948,7,12.1084296,1.0982522740565117,1.12979274375954,1,7,2.0906789770149725,1.0
h2_run3,1041,quinidine,0.2262485937242957,0.690960360518089,0.7384248057369706,0.7384248057369706,0.2069673672558383,0.2069673672558383,0.0,0.8333333333333334,1.0,1.0,0.8888888888888888,1.0,1.0,1.0,1.0,1.0,1.0,1.0,1.0,20.740280773015634,23.939662147101643,2.120436695,3.537637487119463,18,30.0,0.2589710301941535,0.31443555669744455,1,18,0.18968813218797195,1.0
h2_run3,1094,rosiglitazone,-1.35558310178988,1.996771521795169,0.8659748400568505,0.8659748400568505,-0.7883047042712612,0.7883047042712612,-0.5825302,0.3333333333333333,1.0,1.0,0.4444444444444444,1.0,1.0,0.7777777777777778,1.0,1.0,0.8888888888888888,1.0,1.0,0.7188448946114305,0.4162285163100881,0.1438160644,0.262114956122747,9,21.3592233,0.8132809759998673,1.203475820022898,1,9,0.6167799907714857,1.0
h2_run3,1095,rosuvastatin,-5.874654246723607,7.714702133978235,1.839680300262097,1.839680300262097,1.7065941226103924,1.7065941226103924,0.6469003,0.10526315789473684,0.0,0.0,0.15789473684210525,0.0,0.0,0.47368421052631576,1.0,1.0,0.5789473684210527,1.0,1.0,0.1502357232508874,0.4903534479322019,0.0380556987,0.13621302970068322,38,53.9083558,3.9328314720984476,7.9623973484027974,1,38,1.5621975582170062,1.0
h2_run3,1197,tenofovir,-1.372247211117978,1.8008236929048933,-0.03162200718181008,0.03162200718181008,-0.018890636998792096,0.018890636998792096,0.0,0.7272727272727273,1.0,1.0,0.7272727272727273,1.0,1.0,0.8181818181818182,1.0,1.0,0.8181818181818182,1.0,1.0,14.934893124565443,14.740610500226468,10.1276014,9.908032613606801,11,24.0326136,1.0675622551961974,1.8134830246979436,1,11,0.4799719361252752,1.0
h2_run3,1245,tolbutamide,0.9878318617347671,1.1496465852058346,-0.4954666710587718,0.4954666710587718,0.8694839603299805,0.8694839603299805,0.49817980000000006,0.5714285714285714,1.0,1.0,0.7142857142857143,1.0,1.0,0.8571428571428571,1.0,1.0,1.0,1.0,1.0,1520.694467619264,2778.322901319932,258.6528094,183.4707642782463,14,36.2214984,0.4529088298909434,0.5673179589327982,1,14,0.23174163598886324,1.0
h2_run3,1293,valsartan,-2.7796222501933756,2.7796222501933756,-2.704369708559127,2.704369708559127,-2.555795905568129,2.555795905568129,0.0,0.0,0.0,0.0,0.0,0.0,0.0,0.3333333333333333,0.0,0.0,0.8333333333333334,1.0,1.0,24.503815553595214,4.167374062688311,16.3876281,2.5143150670446963,12,10.0987013,0.8597304232710737,0.9492787595388661,1,12,0.5357122126553222,1.0
h2_run3,1300,verapamil,1.2190605058655752,1.2190605058655752,1.0023710144210118,1.0023710144210118,1.238794667126904,1.238794667126904,0.0,0.4,0.0,0.0,0.7666666666666667,1.0,1.0,1.0,1.0,1.0,1.0,1.0,1.0,0.16347496291317132,0.38580300034815473,0.1105149674,0.22139348775097833,30,16.0,0.38901080772263336,0.4196695265605748,1,30,0.23239771202555964,1.0
h2_run3,1319,voriconazole,0.8869490020124431,1.3899762659372028,-0.4399146945866257,0.4399146945866257,1.2285247848636296,1.2285247848636296,0.4973415,0.4375,1.0,0.0,0.625,1.0,1.0,0.75,1.0,1.0,0.9375,1.0,1.0,5.999341809232273,14.058093160874915,2.2311450049999997,1.6447514500655358,16,24.0588957,0.5172407636228089,0.7319476468323871,1,16,0.28425399371752,1.0
h2_run3,1323,warfarin,-2.585248513775998,2.8801463007478216,-0.9643274777954758,0.9643274777954758,-1.9995470646281233,1.9995470646281233,0.0,0.25,1.0,0.0,0.375,1.0,0.0,0.5625,1.0,1.0,0.625,1.0,1.0,171.4338774380634,42.8719269259118,9.3113811,4.77224361464876,16,104.1666667,1.0584029295179025,1.1709896190769538,1,16,0.6925959405384443,1.0
h2_run3,1341,zidovudine,1.9749087939387109,1.9793448462221113,2.1207520133181683,2.1207520133181683,2.222844106657374,2.222844106657374,-0.06967260000000008,0.11764705882352941,0.0,0.0,0.17647058823529413,0.0,0.0,0.7647058823529411,1.0,1.0,1.0,1.0,1.0,2.0883092929601093,9.748494991184833,1.224554889,5.32584135869219,17,8.0175991,0.6279108202588187,0.5764301468093846,2,17,0.42544481444773485,2.0
