PUBCHEM_CID,Actual,Predicted,Dataset
137,-0.920818754,-0.5439162490705949,lgVD_train
237,1.653212514,1.519257020405745,lgVD_train
323,0.041392685,-0.029617221892787107,lgVD_train
444,1.444936571,0.6269246048482664,lgVD_train
535,-0.13667714,-0.24882150864276892,lgVD_train
564,-0.408935393,-0.39357870818458446,lgVD_train
598,-0.187086643,-0.13446951711646626,lgVD_train
738,-0.731154687,-0.2460052750478141,lgVD_train
774,-0.074246028,0.026021681580126105,lgVD_train
896,0.041392685,-0.0445425473951605,lgVD_train
1046,-0.103946441,-0.2040900142227543,lgVD_train
1355,0.397940009,0.7899460641773819,lgVD_train
1645,0.278753601,0.17888156500970392,lgVD_train
1727,0.414973348,0.31483127574576025,lgVD_train
1775,-0.366531544,-0.26634461898789685,lgVD_train
1935,1.041392685,0.8027010158690207,lgVD_train
1983,0.0,-0.0707492998973587,lgVD_train
1986,-0.431798276,-0.3315017317886564,lgVD_train
2083,0.278753601,0.3788165514520971,lgVD_train
2088,-0.397940009,-0.24493960630185613,lgVD_train
2092,0.176091259,0.07627183050138536,lgVD_train
2118,-0.096910013,-0.12411467630820662,lgVD_train
2119,0.505149978,0.359974283098013,lgVD_train
2130,0.819543936,0.719255109187112,lgVD_train
2131,-0.624989952,-0.5249047359639306,lgVD_train
2140,-0.585026652,-0.6853060178200905,lgVD_train
2153,-0.292429824,-0.31463080929089376,lgVD_train
2157,1.77815125,1.1815517698805105,lgVD_train
2159,0.38789807,0.24593072899063573,lgVD_train
2160,0.939519253,1.0956896782694066,lgVD_train
2162,1.230448921,0.9308740051940367,lgVD_train
2200,0.591064607,0.6912436385878946,lgVD_train
2206,-0.113509275,-0.19067227108465082,lgVD_train
2244,-0.657577319,-0.5798048402479201,lgVD_train
2249,-0.022276395,0.10965959806489045,lgVD_train
2267,1.176091259,0.7540357364994501,lgVD_train
2369,0.681241237,0.5413531811556238,lgVD_train
2372,-0.173925197,0.3226798932906088,lgVD_train
2375,-0.038918066,-0.1389512981015965,lgVD_train
2405,0.380211242,0.46044816363052504,lgVD_train
2446,0.491361694,0.46784015162288634,lgVD_train
2451,-0.124938737,-0.10175220001297343,lgVD_train
2467,0.113943352,0.2139872863203895,lgVD_train
2468,0.264817823,0.16481814968225417,lgVD_train
2472,-0.142667504,-0.064482628881154,lgVD_train
2474,-0.107905397,0.11962358415149588,lgVD_train
2478,-0.259637311,-0.35766997406409207,lgVD_train
2519,-0.200659451,-0.13665083265424632,lgVD_train
2520,0.568201724,0.5354481327248581,lgVD_train
2528,-0.769551079,-0.6697355178483624,lgVD_train
2543,1.229937686,1.072439096556603,lgVD_train
2554,0.028222562,-0.07209578302873694,lgVD_train
2578,0.079181246,-0.02116844564776818,lgVD_train
2581,-0.657577319,-0.7575444298738028,lgVD_train
2585,0.113943352,0.2141588397628703,lgVD_train
2662,0.787359252,0.6870867045072635,lgVD_train
2678,-0.430124693,-0.3299062276610034,lgVD_train
2684,0.745966567,0.6804395171389068,lgVD_train
2717,-1.301029996,-0.5360302996538814,lgVD_train
2719,2.146128036,1.063567962330192,lgVD_train
2725,0.51851394,0.6303041041701682,lgVD_train
2726,1.0,1.1320934405497847,lgVD_train
2727,-0.721246399,-0.6353314179993769,lgVD_train
2732,0.591064607,0.08811501154973195,lgVD_train
2747,0.612783857,0.712458195817737,lgVD_train
2771,1.079181246,0.9789873529683399,lgVD_train
2789,0.15490196,-0.2068742857550268,lgVD_train
2801,1.113943352,1.0705861485586394,lgVD_train
2803,0.51851394,0.5512594980468972,lgVD_train
2809,-0.698970004,-0.5986038443282867,lgVD_train
2895,1.442479769,1.132765780277958,lgVD_train
2955,-0.080921908,0.01248614758676811,lgVD_train
2972,0.171935299,-0.14137324667360873,lgVD_train
2973,0.130333768,0.030062828645457812,lgVD_train
2995,1.176091259,1.0761348801561863,lgVD_train
2997,-0.346787486,-0.24706684755474817,lgVD_train
3007,0.752597146,0.637087085314388,lgVD_train
3016,0.0,-0.1003193074328641,lgVD_train
3033,-0.657577319,-0.6040085617617735,lgVD_train
3042,0.529650306,0.4294882216076737,lgVD_train
3052,0.881629169,0.29379168600378186,lgVD_train
3059,-1.013228266,-0.912874635715206,lgVD_train
3100,0.812913357,0.8890293052374021,lgVD_train
3108,-0.086186148,0.013910695659910682,lgVD_train
3114,-0.283996656,0.3102985610185693,lgVD_train
3116,0.0,-0.0997408697566379,lgVD_train
3121,-0.853871964,-0.7537233616578545,lgVD_train
3152,1.113943352,0.9214423417423949,lgVD_train
3156,0.079181246,0.17963249890591237,lgVD_train
3182,-0.37675071,-0.17722883837801057,lgVD_train
3202,0.041392685,0.11170843271745198,lgVD_train
3241,1.141225737,0.7960091063021555,lgVD_train
3278,-0.585026652,-0.53652412066129,lgVD_train
3291,-0.187086643,-0.16080019504962675,lgVD_train
3308,-0.483370203,-0.5835724832521502,lgVD_train
3331,-0.154016548,-0.05380641490169141,lgVD_train
3333,0.643452676,0.5437119976231355,lgVD_train
3337,1.043362278,1.0591765363483905,lgVD_train
3344,0.477121255,0.37701345388176505,lgVD_train
3345,-0.050609993,0.15726919856149874,lgVD_train
3366,-0.167491087,-0.2664761868969048,lgVD_train
3372,0.462397998,0.5624191907733376,lgVD_train
3373,-0.096910013,0.002809068541247378,lgVD_train
3380,0.278753601,0.17842943889310298,lgVD_train
3385,-0.638272164,-0.5380116642770311,lgVD_train
3386,1.444936571,1.3444470155375503,lgVD_train
3394,-0.953003439,-0.8464948644259283,lgVD_train
3406,-0.455931956,-0.29808233873109297,lgVD_train
3410,0.569875308,0.46973227423655844,lgVD_train
3415,-0.301029996,-0.40110765207513777,lgVD_train
3440,-0.920818754,-0.8208501281807326,lgVD_train
3450,-0.568636236,-0.4685310262264371,lgVD_train
3463,-0.803705355,-0.630329646366122,lgVD_train
3488,-1.096910013,-0.7809127351157481,lgVD_train
3547,0.086359831,0.18609058085257507,lgVD_train
3590,0.330413773,0.32781285468796517,lgVD_train
3608,0.041392685,0.002252804687099985,lgVD_train
3637,0.176091259,0.2514933374415669,lgVD_train
3639,0.723690172,0.2822580820361608,lgVD_train
3647,0.342422681,0.27840515978840374,lgVD_train
3652,2.84509804,0.998714371198,lgVD_train
3657,-0.283996656,-0.18383886180320208,lgVD_train
3658,1.171935299,0.9635373175790651,lgVD_train
3672,-0.823908741,-0.6749627526032917,lgVD_train
3689,1.278524965,0.7729323609979617,lgVD_train
3690,-0.207608311,-0.1078144381244186,lgVD_train
3696,1.079181246,0.98104666910602,lgVD_train
3698,0.113943352,0.030895234706043634,lgVD_train
3699,-0.619788758,-0.5194483816343671,lgVD_train
3715,-1.017728767,-0.7742218175728357,lgVD_train
3718,-0.920818754,-0.8205656742684324,lgVD_train
3730,-0.795880017,-0.6958066478015539,lgVD_train
3736,-0.657577319,-0.5576581403890847,lgVD_train
3737,-0.769551079,-0.684094442659964,lgVD_train
3767,-0.086186148,-0.06779259193213132,lgVD_train
3784,0.176091259,0.3122251945061216,lgVD_train
3793,0.86923172,0.7692206951172909,lgVD_train
3821,0.462397998,0.5627513685840555,lgVD_train
3825,-0.886056648,-0.9858626875554364,lgVD_train
3826,-0.958607315,-0.8583618712292602,lgVD_train
3827,0.399179081,0.5759043464755016,lgVD_train
3878,0.009208002,0.19993720207781285,lgVD_train
3902,0.278753601,0.17893691062340217,lgVD_train
3958,0.113943352,0.013678355386434693,lgVD_train
3964,0.862301791,0.7620993687950974,lgVD_train
4011,1.653212514,1.329844437465966,lgVD_train
4021,-0.638272164,-0.3446140599097631,lgVD_train
4037,-0.477742119,-0.5374397923209369,lgVD_train
4044,-0.006878818,-0.5469699095641039,lgVD_train
4046,1.268845312,0.9357741732086566,lgVD_train
4054,0.967815317,0.8438270243806643,lgVD_train
4058,0.361727836,0.4616733834542445,lgVD_train
4060,0.143906576,0.043733302967039395,lgVD_train
4064,-0.15490196,-0.08236548688125572,lgVD_train
4075,-0.48148606,-0.3818256449404027,lgVD_train
4086,0.780317312,0.5701202808520238,lgVD_train
4091,-0.193820026,-0.04408456666525416,lgVD_train
4095,0.643452676,0.5533812688142457,lgVD_train
4098,0.51851394,0.44577606299760525,lgVD_train
4100,-0.544068044,-0.38366395918202706,lgVD_train
4107,0.330993219,-0.149724030837683,lgVD_train
4114,-0.214670165,-0.19171708054145478,lgVD_train
4139,0.56144214,0.5318052973279477,lgVD_train
4158,0.382788665,0.44323423449034133,lgVD_train
4162,-0.045757491,0.047059964644876884,lgVD_train
4168,0.505149978,0.5656409704194334,lgVD_train
4170,0.204119983,0.10377060172210917,lgVD_train
4171,0.459177011,0.35879681343326636,lgVD_train
4173,-0.397940009,-0.15873496184997266,lgVD_train
4178,0.770852012,0.7421091130694975,lgVD_train
4189,0.853698212,0.7253495811685187,lgVD_train
4192,0.041392685,0.14170147987885878,lgVD_train
4205,0.591064607,0.6913543641182247,lgVD_train
4235,0.041392685,0.12817667894964752,lgVD_train
4236,-0.081670046,-0.18189722820843868,lgVD_train
4342,0.278753601,0.35184582316205554,lgVD_train
4413,0.756636108,0.8566855466982868,lgVD_train
4417,-0.008773924,0.5582587645608419,lgVD_train
4449,-0.292429824,0.0989143491085428,lgVD_train
4450,0.748188027,0.8440765216958461,lgVD_train
4456,-0.13076828,-0.21198428619041254,lgVD_train
4463,0.113943352,0.21372390796395796,lgVD_train
4474,0.0,0.1309967071368478,lgVD_train
4485,-0.102372909,-0.00279749583712971,lgVD_train
4486,0.292256071,0.1918593065683148,lgVD_train
4497,0.041392685,0.14163690244074678,lgVD_train
4499,0.740362689,0.23146019583274935,lgVD_train
4507,0.785329835,0.12632473491103463,lgVD_train
4510,0.486329256,0.3864458948432669,lgVD_train
4528,0.77815125,1.010011947326186,lgVD_train
4539,0.274157849,0.07727702592388597,lgVD_train
4543,1.342422681,1.1986535485059149,lgVD_train
4593,-0.193820026,-0.10460672176123116,lgVD_train
4595,0.255272505,0.2669396713548773,lgVD_train
4614,-0.811674285,-0.7115558190101721,lgVD_train
4616,-0.229147988,-0.19963535978270724,lgVD_train
4626,-0.259637311,-0.15974705655150162,lgVD_train
4649,-0.13076828,-0.39625029533214257,lgVD_train
4674,0.255272505,-0.16638902737588865,lgVD_train
4680,0.0,0.060636165258951935,lgVD_train
4735,1.72427587,1.2499647296763097,lgVD_train
4737,-0.040958608,-0.04319639947948517,lgVD_train
4740,0.255272505,0.15520657553817385,lgVD_train
4748,1.255272505,1.0473831271047753,lgVD_train
4754,0.146128036,-0.009834488463435181,lgVD_train
4763,-0.26760624,-0.16783910814351333,lgVD_train
4771,0.696481204,0.6164552298081458,lgVD_train
4781,-0.84509804,-0.745315856297833,lgVD_train
4786,0.470242437,0.4558287110444819,lgVD_train
4810,0.255272505,0.29969527084984615,lgVD_train
4823,0.301029996,0.20104138535160737,lgVD_train
4828,0.079181246,0.3612357081911528,lgVD_train
4829,-0.232314183,-0.1321858847872646,lgVD_train
4848,0.23299611,0.3332145609998703,lgVD_train
4849,-0.769551079,-0.7152772649152992,lgVD_train
4884,-0.096910013,0.0031159730454223544,lgVD_train
4893,-0.13667714,-0.036514711822691254,lgVD_train
4908,0.602059991,0.7018199995012833,lgVD_train
4911,-0.886056648,-0.7860174489878586,lgVD_train
4913,0.342422681,0.4403874317579614,lgVD_train
4914,-0.134980675,0.4709721216759171,lgVD_train
4917,1.342422681,1.2679504172882965,lgVD_train
4923,1.468558307,0.8959926650221643,lgVD_train
4926,0.908485019,1.008721155199951,lgVD_train
4927,1.146128036,1.0737927117257213,lgVD_train
4932,0.342422681,0.32529090125774524,lgVD_train
4942,0.436162647,0.6604537107803317,lgVD_train
4943,0.672097858,0.5195997237194185,lgVD_train
4946,0.491361694,0.5918536748924059,lgVD_train
4977,-0.229147988,-0.1290136020002802,lgVD_train
4991,0.041392685,-0.058892374318337465,lgVD_train
4993,-0.366531544,0.36687551097196464,lgVD_train
5002,0.967815317,0.7383631349220876,lgVD_train
5070,0.544068044,0.4915440588731646,lgVD_train
5071,0.495346075,0.611904104586183,lgVD_train
5073,0.041392685,0.556392006439014,lgVD_train
5074,0.149219113,0.805726754117174,lgVD_train
5078,0.278753601,0.3617463726309695,lgVD_train
5090,0.113943352,0.008397638287359566,lgVD_train
5193,0.143906576,0.04370308695780151,lgVD_train
5245,0.799340549,-0.34111242697347866,lgVD_train
5311,-0.301029996,-0.22877666971526375,lgVD_train
5316,-0.494850022,-0.5948494173844969,lgVD_train
5342,-0.920818754,-0.8209060404402868,lgVD_train
5353,-0.207608311,-0.08934302987239728,lgVD_train
5359,-1.397940009,-0.996208516633192,lgVD_train
5381,0.550228353,0.6503690076771345,lgVD_train
5386,-0.207608311,-0.24311290050855766,lgVD_train
5394,-0.301029996,-0.2007759712849505,lgVD_train
5401,-0.008773924,-0.10885516129676387,lgVD_train
5426,-0.022276395,-0.03347165657803665,lgVD_train
5453,0.204119983,0.21090163479700869,lgVD_train
5479,-0.229147988,-0.3293149166044117,lgVD_train
5487,0.380211242,0.4353792022281145,lgVD_train
5505,-0.920818754,-0.7174026131061584,lgVD_train
5523,0.429059809,0.4580937037118921,lgVD_train
5533,-0.283996656,0.08951938554785716,lgVD_train
5546,1.113943352,0.3578097695605308,lgVD_train
5556,-0.236572006,-0.0716570441642019,lgVD_train
5578,0.176091259,0.07594584282615979,lgVD_train
5583,-0.113509275,0.27571154669523235,lgVD_train
5584,1.204119983,1.0104308239688389,lgVD_train
5591,1.234806428,0.9152959985057214,lgVD_train
5639,-0.124938737,0.032972230478991116,lgVD_train
5656,0.643452676,0.5431447648930579,lgVD_train
5665,0.009208002,-0.2764373014749857,lgVD_train
5666,-0.13667714,-0.03666385432131827,lgVD_train
5717,0.0,0.039401495697332006,lgVD_train
5719,0.113943352,0.11544703963396902,lgVD_train
5732,-0.26760624,-0.1044083150614141,lgVD_train
5734,0.128029814,-0.050525156140579064,lgVD_train
5743,-0.026872146,0.008250537782723472,lgVD_train
5754,-0.420216403,0.14588619008356024,lgVD_train
5755,-0.065501549,0.019857576057308507,lgVD_train
5757,0.079181246,0.2615510166658199,lgVD_train
5773,-0.337242168,-0.43735142491290446,lgVD_train
5826,0.785329835,0.6850199180013312,lgVD_train
5852,0.100370545,9.128482974951613e-05,lgVD_train
5865,-0.244125144,0.19084358928863027,lgVD_train
5904,-0.619788758,-0.5222254738577445,lgVD_train
5959,-0.026872146,-0.10459223101336952,lgVD_train
5991,0.633468456,0.5332379213936136,lgVD_train
5994,1.875226677,0.7361373805566616,lgVD_train
6000,-0.346787486,-0.24679396355174882,lgVD_train
6005,0.204119983,0.30439378205070605,lgVD_train
6013,-0.455931956,0.13542592408985688,lgVD_train
6024,-1.15490196,-0.6862232859446431,lgVD_train
6027,-0.638272164,-0.40837370075525214,lgVD_train
6032,-0.585026652,-0.6849437610489206,lgVD_train
6037,0.986771734,0.13234411571753157,lgVD_train
6041,0.686380877,0.38215191277796384,lgVD_train
6047,0.230448921,-0.03426041119489265,lgVD_train
6058,0.348026558,0.24808299600812217,lgVD_train
6087,-0.494850022,-0.5950505220842259,lgVD_train
6112,-1.0,-0.840738136266113,lgVD_train
6167,0.785329835,0.15022801131666452,lgVD_train
6168,-0.13667714,-0.08766166298182243,lgVD_train
6196,-0.721246399,-0.6601096824601973,lgVD_train
6230,0.569875308,0.4457433681249848,lgVD_train
6251,-0.619788758,-0.5197841059138759,lgVD_train
6253,-0.173925197,-0.11161649207576603,lgVD_train
6279,3.047130171,1.0947090313787458,lgVD_train
6432,0.204119983,0.10414512325507094,lgVD_train
6436,0.146128036,0.24602801598370466,lgVD_train
6468,0.838849091,0.8916667895917485,lgVD_train
6597,-0.721246399,-0.6214444700070054,lgVD_train
6726,1.217483944,1.0082237117478525,lgVD_train
6741,0.079181246,0.08090280767220465,lgVD_train
6869,-0.387216143,-0.624596428628266,lgVD_train
6883,0.278753601,0.2074051432303083,lgVD_train
7028,0.45200561,0.4460327053507039,lgVD_train
8226,-0.017728767,0.1958370446986294,lgVD_train
8982,-0.657577319,-0.557672730957875,lgVD_train
9034,0.041392685,0.09947745185757736,lgVD_train
9053,-0.167491087,-0.05151395736466731,lgVD_train
9331,0.672097858,0.5720493694887441,lgVD_train
9444,-0.327902142,-0.1326542215144178,lgVD_train
9651,0.361727836,0.2618619143191075,lgVD_train
9782,0.113943352,0.013796747093382522,lgVD_train
9864,-0.107905397,-0.1652306038950753,lgVD_train
10100,1.079181246,0.5509158569835901,lgVD_train
10101,-0.318758763,0.42370872744241633,lgVD_train
10133,-0.721246399,-0.5856581252405646,lgVD_train
10783,0.819543936,0.5633333122770603,lgVD_train
10836,0.633468456,0.6994777072217795,lgVD_train
10917,-0.397940009,-0.29784057517234175,lgVD_train
11226,0.755874856,0.5721123329851727,lgVD_train
11693,-0.431798276,-0.34258020514937315,lgVD_train
12035,-0.259637311,-0.1596242461916128,lgVD_train
12555,0.184691431,0.3278155103496178,lgVD_train
13314,0.204119983,0.12645216122611413,lgVD_train
14052,0.230448921,0.13024122033122543,lgVD_train
15130,0.919078092,0.8189118560953803,lgVD_train
15387,1.146128036,0.6649465796038685,lgVD_train
15459,1.057991947,0.5249409245330052,lgVD_train
15541,-0.886056648,-0.38931613653881275,lgVD_train
16078,0.949390007,0.849275122866423,lgVD_train
16362,1.418064425,1.0496109625129715,lgVD_train
16363,0.579783597,0.6647560415328209,lgVD_train
16850,-0.853871964,-0.6301326683044205,lgVD_train
17134,-0.886056648,-0.6176414660565255,lgVD_train
17182,0.608526034,0.7825573503311516,lgVD_train
17507,-0.920818754,-0.7070442722407557,lgVD_train
17925,0.342422681,-0.016824105012365254,lgVD_train
18283,-0.173925197,-0.2741353638351563,lgVD_train
18343,-0.552841969,-0.43440316335887996,lgVD_train
18381,-0.958607315,-0.8583154786971148,lgVD_train
19649,-0.468521083,-0.36851013983141045,lgVD_train
20279,0.886490725,0.2888881457497017,lgVD_train
20824,-0.769551079,-0.6639267898941714,lgVD_train
21233,-0.397940009,-0.29794294663279863,lgVD_train
21319,-0.721246399,-0.7110168975598123,lgVD_train
21700,-0.537602002,0.5002212734383278,lgVD_train
22419,-1.15490196,-1.0551625319657465,lgVD_train
23480,0.707570176,0.8966649456635609,lgVD_train
23606,-0.602059991,-0.5525457115706212,lgVD_train
24066,-0.26760624,-0.014149725403257762,lgVD_train
24750,-0.077942174,0.10869060641228556,lgVD_train
25419,-0.055517328,-0.15536096142503936,lgVD_train
26098,-0.920818754,-0.6620704464931384,lgVD_train
26757,0.246568918,0.19135018892291805,lgVD_train
27661,-0.15490196,-0.06353146882731804,lgVD_train
28417,0.71432976,0.5654253290816615,lgVD_train
28693,-0.244125144,0.44889064856144084,lgVD_train
28864,0.238046103,0.3381871981535028,lgVD_train
30131,0.602059991,0.44474877087854486,lgVD_train
30323,1.505828034,1.439160731046989,lgVD_train
30668,0.836143197,0.7359204556285974,lgVD_train
30699,-0.886056648,-0.785836969674391,lgVD_train
31101,-0.059768205,0.039982267320304576,lgVD_train
31402,0.301029996,0.20121897379572928,lgVD_train
31508,-0.283996656,0.10856134164299494,lgVD_train
31640,1.019413041,0.7358732965497858,lgVD_train
32176,-0.117556783,-0.8643142004119515,lgVD_train
33036,0.486329256,0.5864684654194554,lgVD_train
33042,-0.602059991,-0.6713118141651642,lgVD_train
33624,0.176091259,0.0757342022067658,lgVD_train
33625,0.69019608,0.5900433892125021,lgVD_train
33887,1.54863506,1.386664545328913,lgVD_train
34521,0.176091259,0.07592640697315745,lgVD_train
34633,0.632023215,0.34655700727957717,lgVD_train
35370,0.255272505,0.1548774426836137,lgVD_train
36109,0.447158031,0.4257423730350735,lgVD_train
36119,-0.721246399,-0.7459535925703937,lgVD_train
36273,-0.431798276,-0.5319443633467789,lgVD_train
36294,-0.638272164,-0.7383331250399483,lgVD_train
36314,0.477121255,0.5771841103760715,lgVD_train
36354,0.434568904,0.5059221326170322,lgVD_train
36462,-0.744727495,-0.6446490700733261,lgVD_train
36921,-0.795880017,-0.8124921797514149,lgVD_train
37264,-0.744727495,-0.1710691218533022,lgVD_train
37542,1.146128036,-0.12086474665040484,lgVD_train
37632,-0.008773924,0.09110751731084529,lgVD_train
37768,-0.795880017,-0.6817918829082736,lgVD_train
38477,-0.602059991,-0.4890936946130622,lgVD_train
38521,1.028222562,0.7620133125019699,lgVD_train
39765,-0.522878745,-0.5253509611531354,lgVD_train
39860,1.064457989,0.9645917090152067,lgVD_train
39981,-0.48148606,-0.3811237950147572,lgVD_train
40113,-1.050609993,-0.31593967573166337,lgVD_train
40632,-0.032184683,-0.10536263241506673,lgVD_train
40839,0.698970004,0.6433068683819421,lgVD_train
41693,0.973127854,0.25579170867455314,lgVD_train
41835,0.897627091,0.7078896296944697,lgVD_train
42008,-0.886056648,-0.7856222025373087,lgVD_train
42396,0.631443769,0.5295892307280805,lgVD_train
42884,0.819543936,0.49628849664229385,lgVD_train
42890,1.579783597,1.1905785897353343,lgVD_train
43008,0.204119983,0.27324446436371,lgVD_train
43507,-0.769551079,-0.8036051748346826,lgVD_train
43672,-0.568636236,-0.6688117455641691,lgVD_train
43708,-0.585026652,-0.6072818284788326,lgVD_train
43815,1.255272505,0.8895407581443486,lgVD_train
44093,-0.124938737,-0.1513190389280013,lgVD_train
44187,-0.769551079,-0.6695774095310838,lgVD_train
47576,-0.288795539,0.03746168601256489,lgVD_train
47608,0.342422681,0.2422724195248121,lgVD_train
47811,2.301029996,1.095689275302544,lgVD_train
48041,0.342422681,0.5720995413795755,lgVD_train
49344,-0.187086643,-0.24084039857438636,lgVD_train
50192,-0.455931956,-0.3555535553568754,lgVD_train
50294,-0.366531544,-0.39029998494665746,lgVD_train
50515,0.865103975,0.8169997651124208,lgVD_train
50942,0.012837225,0.07684045324712482,lgVD_train
51263,-0.346787486,-0.2580349087286027,lgVD_train
51634,0.128029814,0.02782579174410718,lgVD_train
53025,-0.886056648,-0.7856390903947383,lgVD_train
53511,1.274157849,1.0110744267632403,lgVD_train
53708,0.170261715,0.2702823551143669,lgVD_train
54385,0.068185862,0.05448874492589534,lgVD_train
54459,0.51851394,0.45564638410923813,lgVD_train
54687,-0.337242168,-0.30004302544370265,lgVD_train
54746,2.416996925,0.8308744321323196,lgVD_train
54786,-0.638272164,-0.4287395171115882,lgVD_train
54841,-0.070581074,0.8139835534346942,lgVD_train
55245,-0.346787486,0.31205238522564205,lgVD_train
55263,-0.187086643,-0.17817112218622927,lgVD_train
55331,0.41735305,-0.1372437932636179,lgVD_train
55690,0.222716471,-0.11504849367980896,lgVD_train
55886,-0.15490196,-0.34643789113917833,lgVD_train
56339,-1.22184875,-1.1219244909311965,lgVD_train
57026,0.986771734,0.580882260929855,lgVD_train
57363,0.041392685,0.14120923237126776,lgVD_train
59227,0.755874856,0.6557035565083733,lgVD_train
59768,0.079181246,0.1540208600814889,lgVD_train
60182,-0.619788758,-0.6446132397030662,lgVD_train
60198,2.455931956,0.6024146641232744,lgVD_train
60203,0.959041392,0.8591463033009337,lgVD_train
60490,0.046996563,-0.03308648079764846,lgVD_train
60542,1.079181246,0.8147263862862657,lgVD_train
60594,-0.958607315,-0.858381645507599,lgVD_train
60606,0.303196057,0.2030565819182899,lgVD_train
60613,-0.30980392,-0.3726488218405927,lgVD_train
60663,0.491361694,0.5918011898186781,lgVD_train
60700,0.255272505,0.22701059697076492,lgVD_train
60750,0.176091259,0.07572518690367769,lgVD_train
60794,-1.301029996,-1.2009191365287346,lgVD_train
60803,1.184975191,1.0846528270274287,lgVD_train
60815,-0.397940009,-0.18837530558073648,lgVD_train
60820,0.187520721,0.27540941936190577,lgVD_train
60823,0.735826936,0.3032613718031674,lgVD_train
60825,0.113943352,0.08253792734867527,lgVD_train
60835,1.369745808,0.8930188144328679,lgVD_train
60838,0.544068044,0.5279514790934381,lgVD_train
60846,-0.657577319,-0.557336830237698,lgVD_train
60852,-0.259637311,-0.35973992481953065,lgVD_train
60877,0.571542467,0.09466960174430439,lgVD_train
60927,-0.958607315,-0.8470633741777684,lgVD_train
60937,-0.638272164,-0.5380378413806959,lgVD_train
60947,-0.468521083,-0.3686072649878452,lgVD_train
60956,0.678518379,0.5786609909551079,lgVD_train
62956,-0.886056648,-0.7820002205283549,lgVD_train
62965,0.782267817,0.5016695267164764,lgVD_train
62989,-0.065501549,-0.12306577974062671,lgVD_train
64143,0.620284811,0.5200895411443076,lgVD_train
64627,0.633468456,0.6394760731393674,lgVD_train
64727,-0.060480747,-0.28731166611883885,lgVD_train
64766,0.568201724,0.24109527012762377,lgVD_train
64990,-0.15490196,0.13156040644723033,lgVD_train
65015,-0.555063428,-0.4551630106207592,lgVD_train
65492,-0.552841969,-0.5746321251537284,lgVD_train
65502,0.146128036,0.4296713887919725,lgVD_train
65589,0.278753601,0.1790921347849212,lgVD_train
65628,-0.657577319,-0.5575206396532915,lgVD_train
65637,0.204119983,0.1321040075217183,lgVD_train
65770,0.238046103,0.20118317475567393,lgVD_train
65833,0.654176542,0.5571868092649654,lgVD_train
65853,0.556302501,0.5385200202481684,lgVD_train
65894,-0.744727495,-0.7814554998261856,lgVD_train
65907,1.69019608,1.3189737084171893,lgVD_train
65937,-0.744727495,-0.6448299290427411,lgVD_train
65944,-0.508638306,-0.4466297371164057,lgVD_train
65954,1.041392685,0.9412788364024431,lgVD_train
65957,-0.167491087,-0.06765637677524879,lgVD_train
65960,0.0,-0.23552720442167108,lgVD_train
65998,0.414973348,0.5342912382209619,lgVD_train
66005,-0.585026652,-0.4847022566049531,lgVD_train
66129,-2.698970004,-1.1766892609955641,lgVD_train
66265,1.041392685,1.0444354334933947,lgVD_train
66387,0.531478917,0.8329565576712581,lgVD_train
67091,-0.214670165,-0.11501536971179502,lgVD_train
68071,-0.096910013,-0.10009627468674806,lgVD_train
68575,0.361727836,0.014464796711066458,lgVD_train
68666,-0.886056648,-0.9840390022922665,lgVD_train
68682,-0.677780705,-0.7778132141579643,lgVD_train
68712,0.653212514,0.5528727204499542,lgVD_train
68792,1.663027496,0.4600892424838177,lgVD_train
68861,-0.22184875,-0.12175037261739298,lgVD_train
68916,0.397940009,0.4979797853389641,lgVD_train
71130,0.851258349,0.7515375052453988,lgVD_train
71158,-0.522878745,-0.47655165242832215,lgVD_train
71222,0.380211242,0.2800417411915817,lgVD_train
71249,0.079181246,0.20699845422124646,lgVD_train
71310,0.431363764,0.5154617362593727,lgVD_train
71320,0.29666519,0.030954938936321397,lgVD_train
71339,-0.698970004,-0.6258950828561729,lgVD_train
71342,0.591064607,0.704491852011351,lgVD_train
71360,1.470872305,1.1693083287939192,lgVD_train
71384,-0.259637311,-0.15937204398105206,lgVD_train
71651,-0.552841969,-0.6530972794985874,lgVD_train
71698,0.336459734,0.42351050218908565,lgVD_train
71736,-0.886056648,-0.8453103068110903,lgVD_train
71815,-0.22184875,-0.12184355745853477,lgVD_train
71927,0.602059991,0.07515678074461069,lgVD_train
71970,-0.096910013,0.002974730797145164,lgVD_train
71983,-0.173925197,-0.07370625617036972,lgVD_train
72015,-0.721246399,-0.6209780663228698,lgVD_train
72022,-0.119186408,-0.2194695849740158,lgVD_train
72287,1.079181246,0.9788726798183609,lgVD_train
72397,-0.48148606,-0.5877577794014144,lgVD_train
72402,0.342422681,0.24271570140888543,lgVD_train
72445,-0.522878745,-0.6229723064934941,lgVD_train
72495,-0.638272164,-0.5381503652460724,lgVD_train
72766,-0.508638306,-0.4085784752241997,lgVD_train
77991,0.113943352,0.21405719593752398,lgVD_train
77992,0.556302501,0.5195437453761371,lgVD_train
77993,0.204119983,0.3042578466681759,lgVD_train
89594,0.414973348,0.31465243990892194,lgVD_train
91503,0.447158031,0.3656659648895307,lgVD_train
91562,-0.30980392,-0.4590490949046405,lgVD_train
92253,-0.30980392,0.06375776225914268,lgVD_train
92722,-0.769551079,-0.6308481450248602,lgVD_train
92943,-0.327902142,0.032268132908168906,lgVD_train
92974,0.455931956,-0.12226024116821019,lgVD_train
94423,-0.142667504,0.11934978081367581,lgVD_train
97226,-0.657577319,-0.2023066030717642,lgVD_train
100773,-0.119186408,-0.09605237994175087,lgVD_train
101524,0.949390007,0.8494521923629526,lgVD_train
104799,-0.207608311,-0.10708730402771728,lgVD_train
107778,0.704150517,0.8042931829697095,lgVD_train
107805,0.532754379,0.4324942047334757,lgVD_train
107917,-0.113509275,0.1809160877890978,lgVD_train
107924,-0.522878745,-0.03910108637085058,lgVD_train
107963,-0.070581074,-0.2519999913932076,lgVD_train
107970,1.238046103,0.7687288005974571,lgVD_train
108000,0.423245874,0.12391832175248357,lgVD_train
108051,0.819543936,0.7594299037705396,lgVD_train
108059,1.260071388,0.9595225382902317,lgVD_train
108150,1.397940009,1.061492306223357,lgVD_train
108161,1.72916479,1.504132418620135,lgVD_train
108185,-0.765916795,-0.6657034087221234,lgVD_train
108207,0.10720997,-0.12910835522539268,lgVD_train
110635,-0.045757491,-0.15480424384981983,lgVD_train
114709,-0.092281609,-0.05401304488668848,lgVD_train
115303,-0.677780705,-0.20614515828134036,lgVD_train
115358,1.547598913,1.4426973302869597,lgVD_train
115817,-0.886056648,-0.5993522790151211,lgVD_train
119182,0.243038049,0.2685411792328098,lgVD_train
119570,0.84509804,0.7449784790723735,lgVD_train
119590,0.886490725,0.8794829993882474,lgVD_train
121396,1.579293514,0.006619553434051628,lgVD_train
121879,-0.698970004,-0.31112422880331514,lgVD_train
121911,-0.431798276,-0.47776875764902094,lgVD_train
121928,0.017033339,-0.08322106364015383,lgVD_train
121985,-0.167491087,-0.06732950793198432,lgVD_train
122068,2.248323645,1.05400401714138,lgVD_train
122115,0.041392685,0.14155539005679485,lgVD_train
122129,0.190331698,0.24049568062867593,lgVD_train
123606,0.342422681,0.24161993516074243,lgVD_train
123610,-0.801735762,-0.7019230228102624,lgVD_train
123619,0.176091259,0.07595462183962026,lgVD_train
123628,-0.619788758,-0.5197034222971513,lgVD_train
123631,1.361727836,1.2615113204776565,lgVD_train
123868,-0.15490196,-0.2550156008108126,lgVD_train
124093,0.0,0.09955391889453935,lgVD_train
127151,-0.187086643,0.005598529713952305,lgVD_train
127527,-0.721246399,-0.6431620196162686,lgVD_train
127657,-0.032184683,0.0680914193945317,lgVD_train
129228,-0.146128036,-0.04590428508935862,lgVD_train
129935,-0.638272164,-0.5381024958050868,lgVD_train
131682,0.340444115,0.4201448560759005,lgVD_train
132971,-0.552841969,-0.25687139446595275,lgVD_train
132999,0.220108088,0.3122609054790632,lgVD_train
133081,-0.060480747,0.039677974927161186,lgVD_train
134018,-0.146128036,-0.24634235218350203,lgVD_train
134019,1.004321374,1.1042187177434821,lgVD_train
134780,0.15490196,0.07538065860990881,lgVD_train
146570,1.046996563,0.9589044988189339,lgVD_train
148121,-0.276896316,-0.17664107441370974,lgVD_train
148124,0.322219295,0.6168974276702857,lgVD_train
148183,-0.721246399,-0.6942527869367898,lgVD_train
148189,0.491361694,0.3912882986447174,lgVD_train
148195,0.143460917,0.06239613882300071,lgVD_train
148200,-0.721246399,-0.6210203128540812,lgVD_train
148201,0.806179974,0.7064268776662037,lgVD_train
148202,0.5132176,0.14879405306478566,lgVD_train
151897,0.380211242,0.7818908954009738,lgVD_train
153994,-0.236572006,0.3092386398447656,lgVD_train
154059,0.913813852,0.551974903318271,lgVD_train
154101,0.382788665,0.29500666035326545,lgVD_train
154234,-0.748188026,-0.648278130003068,lgVD_train
154257,1.187520721,1.0872784646097202,lgVD_train
154315,1.138302698,1.0110918680724008,lgVD_train
156391,-1.045757491,-0.9459571678567114,lgVD_train
156419,1.245512668,1.3456412573711232,lgVD_train
159303,-0.522878745,-0.4229275884063861,lgVD_train
159324,-0.031517051,0.07853987887079042,lgVD_train
159502,0.73124331,0.6313148589516921,lgVD_train
160093,0.832508913,0.4239829083196705,lgVD_train
163091,1.361727836,1.1102445772615988,lgVD_train
164089,0.799340549,0.34514945880987574,lgVD_train
166585,-0.602059991,-0.5020640343746996,lgVD_train
170361,0.772950057,0.8728938116820322,lgVD_train
174236,0.602059991,0.5022429571522433,lgVD_train
176077,0.104291966,0.003701210511845493,lgVD_train
176870,-0.113509275,-0.013573488922234464,lgVD_train
176873,-0.585026652,-0.573728029448177,lgVD_train
182137,0.429059809,0.5885890805816207,lgVD_train
185460,-0.214670165,-0.16729579204917344,lgVD_train
185617,-0.055517328,-0.15502797381409933,lgVD_train
188824,-0.522878745,-0.42304030568918777,lgVD_train
189912,0.041392685,0.14115613872499622,lgVD_train
190591,-1.096910013,-1.0231414838958255,lgVD_train
198068,1.07371835,1.1621744992612462,lgVD_train
198757,-0.677780705,-0.21128703939864152,lgVD_train
200742,1.046996563,0.5848967805337681,lgVD_train
208901,-0.886056648,-0.7864552782372474,lgVD_train
208902,0.021189299,0.07625292139028333,lgVD_train
208914,1.079181246,0.9788274285227392,lgVD_train
213039,0.775038015,0.3412369902910589,lgVD_train
213046,1.945398237,0.8694936416798151,lgVD_train
214348,-0.698970004,-0.7987792429198513,lgVD_train
214350,1.0,0.900220670388933,lgVD_train
214351,-0.721246399,-0.4100641368291757,lgVD_train
216232,0.469822016,0.5929811289043141,lgVD_train
216262,-0.657577319,-0.6002702411180866,lgVD_train
216454,-0.096910013,0.11054210223301122,lgVD_train
216466,-0.119186408,-0.10338466684164146,lgVD_train
216468,-0.167491087,-0.17778149450052722,lgVD_train
216866,0.397940009,0.49779836029570373,lgVD_train
219022,1.755874856,1.295993488282472,lgVD_train
219023,0.152288344,0.10548988915193552,lgVD_train
219024,-0.026872146,0.07318716048806104,lgVD_train
219078,-0.236572006,-0.18307398492447058,lgVD_train
219100,0.190331698,0.1331675199834519,lgVD_train
219101,0.643452676,0.6052039024815801,lgVD_train
222284,-0.522878745,-0.42301657066099974,lgVD_train
259329,-0.920818754,-0.8209092552963198,lgVD_train
262961,0.444936571,0.48669674599419727,lgVD_train
272833,-0.522878745,-0.6226548944691481,lgVD_train
275196,0.361727836,0.26164534271667633,lgVD_train
294641,-0.301029996,-0.2630210665317253,lgVD_train
327044,1.053078443,0.6299592298825738,lgVD_train
387447,1.0,0.056762261275445425,lgVD_train
392622,-0.420216403,-0.32034085222784964,lgVD_train
431850,0.113943352,0.8308791900254149,lgVD_train
439280,-0.096910013,-0.17966505207387112,lgVD_train
439435,-0.420216403,-0.3202107858159758,lgVD_train
441074,0.462397998,0.40321867122117555,lgVD_train
441130,-0.522878745,-0.5869738991350736,lgVD_train
441199,-0.769551079,-0.6692419516204702,lgVD_train
441207,-0.356547324,-0.25616289854524216,lgVD_train
441233,0.314769807,0.6786207168093168,lgVD_train
441289,-0.698970004,-0.5987537552260782,lgVD_train
441290,-0.677780705,-0.5777337108201321,lgVD_train
441300,-0.075720714,0.2525929262028231,lgVD_train
441306,-1.13667714,-0.7874597194148705,lgVD_train
441401,-0.236572006,-0.13629945077749897,lgVD_train
441462,-0.677780705,-0.5777784887576685,lgVD_train
443872,-0.022276395,0.07779572189914141,lgVD_train
443891,0.204119983,0.27358176472513585,lgVD_train
443955,0.318063335,0.3358832528666289,lgVD_train
444031,0.414973348,0.515220216284664,lgVD_train
444036,0.556302501,0.45652629120018356,lgVD_train
445125,-0.958607315,-0.858356395502871,lgVD_train
446157,0.230448921,0.08207750859917215,lgVD_train
446220,0.301029996,0.2349102581618251,lgVD_train
446284,0.099384632,-0.0005511612341957961,lgVD_train
446541,-0.113509275,-0.21318626464558152,lgVD_train
446987,-0.494850022,-0.3952587146662647,lgVD_train
447043,1.51851394,0.6967808427750444,lgVD_train
447715,0.945890435,-0.5467410976169458,lgVD_train
448055,-0.173925197,-0.0738941020755863,lgVD_train
448545,-0.075720714,0.008807934626244907,lgVD_train
449381,-0.431798276,-0.3315299550456975,lgVD_train
451668,0.662757832,-0.0198837530517057,lgVD_train
452548,-0.387216143,-0.34431749908735226,lgVD_train
454194,0.0,0.017819912647612235,lgVD_train
455041,0.071882007,-0.01369044763143376,lgVD_train
456199,0.141673694,0.24169472025127992,lgVD_train
456255,-0.795880017,-0.8958928963406891,lgVD_train
456601,-0.207608311,-0.10744977555557098,lgVD_train
457954,0.041392685,0.06001699088925194,lgVD_train
460612,-0.318758763,-0.218637719219262,lgVD_train
464205,-0.080921908,-0.18127357200197206,lgVD_train
468214,-0.075720714,0.0475760920035283,lgVD_train
470999,-0.886056648,-0.7728209885718882,lgVD_train
471161,-0.408935393,0.06595989564386434,lgVD_train
483477,1.244807071,0.3509948236336966,lgVD_train
487101,-0.455931956,-0.3558351730131404,lgVD_train
493570,-0.247402854,-0.24674447593491217,lgVD_train
515328,-0.040958608,-0.04182288905442362,lgVD_train
545839,0.397940009,0.2983666423954691,lgVD_train
610479,-0.795880017,-0.6959839194644764,lgVD_train
636405,-0.823908741,-0.7275196287194514,lgVD_train
636822,0.0,0.10023690394901205,lgVD_train
643497,-0.026872146,0.07308119894379625,lgVD_train
644006,0.204119983,0.30405623551654193,lgVD_train
644019,0.825426118,0.7256771767374393,lgVD_train
644073,0.69019608,0.5907114669120197,lgVD_train
656511,-1.045757491,-0.9453710512804367,lgVD_train
656575,-0.537602002,-0.6372585906756343,lgVD_train
657237,0.342422681,0.07095808177911192,lgVD_train
657298,-0.468521083,-0.3684457221260852,lgVD_train
667467,1.136720567,1.2217176053594503,lgVD_train
667477,1.079181246,0.954885338551138,lgVD_train
667484,0.431363764,0.05938296702663409,lgVD_train
667490,0.0,-0.10029138172845817,lgVD_train
667531,-0.731154687,0.22245294708699748,lgVD_train
688570,0.643452676,0.5435714176611794,lgVD_train
736152,0.1430148,-0.15235295918075978,lgVD_train
854019,0.041392685,-0.1473607867415975,lgVD_train
854498,-0.366531544,0.07089488098101851,lgVD_train
931837,-0.366531544,-0.34487935044826035,lgVD_train
1349907,-0.065501549,-0.16568330729232272,lgVD_train
1548887,-0.191885526,-0.31798232344512145,lgVD_train
1548972,-0.37675071,-0.2771480287937077,lgVD_train
1549008,1.067655264,0.9245420714876889,lgVD_train
1550874,-0.958607315,-0.042964725379379495,lgVD_train
1712095,0.278753601,0.714799546360257,lgVD_train
2724385,0.612783857,-0.1279746068931705,lgVD_train
2761171,0.125713571,0.04753808297234255,lgVD_train
3000237,1.342027688,0.899343482902935,lgVD_train
3000715,0.079181246,0.17920037048871157,lgVD_train
3001055,0.079181246,-0.020986877227769124,lgVD_train
3002190,0.477121255,0.4051639570336349,lgVD_train
3005573,0.918329954,1.0185096678137113,lgVD_train
3010818,0.556302501,0.4564164363586298,lgVD_train
3011155,0.69019608,0.09121250340278836,lgVD_train
3025986,0.710963119,0.6106497830787792,lgVD_train
3032285,0.529650306,0.25196113299901746,lgVD_train
3033053,0.748188027,0.8482999157330988,lgVD_train
3033637,0.0,0.10006743156764883,lgVD_train
3033742,0.954242509,0.8541732566185984,lgVD_train
3033769,0.041392685,0.36927919756647637,lgVD_train
3033825,-0.619788758,-0.5197333879381218,lgVD_train
3033968,-0.337242168,0.24560033739559622,lgVD_train
3034013,-1.045757491,-0.945461863358193,lgVD_train
3034034,0.255272505,0.35539949882268224,lgVD_train
3035698,-0.455931956,-0.35615675074711683,lgVD_train
3036505,0.806179974,0.7060224813463816,lgVD_train
3037209,-0.494850022,-0.5946518869722064,lgVD_train
3037233,0.643452676,0.2789400008560966,lgVD_train
3037617,0.127104798,0.22693629025575907,lgVD_train
3038484,-0.537602002,-0.4372997460393837,lgVD_train
3038485,0.209515015,0.4367637097241042,lgVD_train
3038498,-0.514684266,-0.6149361089912053,lgVD_train
3052762,0.941014244,0.6631038685207669,lgVD_train
3052776,0.094421213,0.19458654564568362,lgVD_train
3057230,0.604226053,0.1503160612270507,lgVD_train
3062316,1.55370969,1.2737049898801258,lgVD_train
3081349,-0.055517328,-0.15563801250365697,lgVD_train
3081361,2.027058233,1.3232871829115305,lgVD_train
3086668,-1.0,-0.9004281071058717,lgVD_train
3086670,-0.920818754,-0.820433628366783,lgVD_train
3246080,-0.318758763,-0.13134825621117155,lgVD_train
4369359,0.447158031,0.3877768132091169,lgVD_train
4659569,-0.920818754,-0.8209775470463396,lgVD_train
5280343,-0.920818754,-0.8208893746345207,lgVD_train
5280453,-0.602059991,-0.502013477171529,lgVD_train
5280723,0.380211242,-0.1384398297835407,lgVD_train
5280980,-0.657577319,-0.5573636867511417,lgVD_train
5281004,0.591064607,0.38691385290036645,lgVD_train
5281006,-0.677780705,-0.5775970865415476,lgVD_train
5281081,-0.568636236,-0.469917002813593,lgVD_train
5281104,-0.387216143,-0.42051913147183256,lgVD_train
5281780,-0.200659451,-0.22285903412799557,lgVD_train
5282242,-0.333214679,-0.43330458641858244,lgVD_train
5282452,-0.045757491,-0.14606713791123035,lgVD_train
5284514,-0.369426852,-0.29750879218026094,lgVD_train
5284529,-0.769551079,-0.6694537396460469,lgVD_train
5284543,0.029383778,0.3535676017687794,lgVD_train
5284570,0.633468456,0.5334113440482025,lgVD_train
5284583,-0.22184875,-0.172873724913702,lgVD_train
5284585,-0.447158032,-0.5474363116688683,lgVD_train
5284594,0.913813852,0.8137276470997148,lgVD_train
5284604,0.456366033,0.5563879954808588,lgVD_train
5284607,-0.494850022,-0.015785802590563933,lgVD_train
5284627,-0.096910013,-0.07476112907252035,lgVD_train
5287969,0.176091259,0.2759110931507435,lgVD_train
5311037,0.900757155,0.15453374949397186,lgVD_train
5311044,-1.096910013,-0.7312421950616643,lgVD_train
5311047,0.079181246,0.942914848145791,lgVD_train
5311068,0.226783967,0.3265484341709128,lgVD_train
5311181,-0.431798276,-0.5321009577746822,lgVD_train
5311304,0.662757832,0.5619637976169882,lgVD_train
5311399,-0.568636236,-0.4687377317801085,lgVD_train
5311497,1.361727836,0.9808961135239709,lgVD_train
5312109,-0.337242168,-0.38441008082233574,lgVD_train
5312125,-0.150492841,0.22430170312423958,lgVD_train
5324346,1.371067862,0.9592644711278651,lgVD_train
5328940,1.938805539,1.8118846565116995,lgVD_train
5329098,-0.008773924,0.09147897765331628,lgVD_train
5329102,1.503206823,1.2137043040199833,lgVD_train
5330286,1.567026366,1.3986347717507672,lgVD_train
5351387,-0.958607315,-0.8585082863214517,lgVD_train
5352062,0.079181246,-0.020766611848082164,lgVD_train
5359272,1.06069784,0.7933111790242404,lgVD_train
5360515,0.880813592,0.7654448484502305,lgVD_train
5360621,-0.920818754,-0.547338666314071,lgVD_train
5361871,-1.26760624,-1.0492119344911497,lgVD_train
5361918,0.414973348,0.35316130687651576,lgVD_train
5369209,-0.045757491,-0.40053049218848874,lgVD_train
5388906,0.369745808,0.6162221808799877,lgVD_train
5388993,0.380211242,0.48027225090293196,lgVD_train
5458656,0.832508913,0.7324252903616661,lgVD_train
5462328,0.117271296,0.5015592725362914,lgVD_train
5463984,-0.187086643,-0.08681221572900188,lgVD_train
5464097,0.510927817,-0.14538430331894214,lgVD_train
5479529,-0.823908741,-0.7239188712475051,lgVD_train
5479539,-0.619788758,-0.5194910728955653,lgVD_train
5481173,-0.508638306,-0.6086693887844297,lgVD_train
5486971,-0.333214679,-0.40312062377603314,lgVD_train
5487427,1.505149978,0.9100619959647274,lgVD_train
5488548,-0.366531544,-0.26630373213395697,lgVD_train
5488645,-0.769551079,-0.6696259383493066,lgVD_train
5493444,0.285235729,0.05650981333530852,lgVD_train
5494449,0.707570176,0.9061187350509614,lgVD_train
5496659,-0.050609993,0.04961820044781973,lgVD_train
6321254,-0.721246399,-0.7670201645062678,lgVD_train
6335986,-0.367976785,-0.6173769663814477,lgVD_train
6337614,0.799340549,0.5976924849271084,lgVD_train
6433090,0.178976947,0.07885846051423334,lgVD_train
6433092,0.041392685,-0.028341187295944675,lgVD_train
6433095,-0.638272164,-0.5382446138348216,lgVD_train
6435415,-0.823908741,-0.6121420458746554,lgVD_train
6438895,-0.853871964,-0.301274354323285,lgVD_train
6440176,-0.769551079,-0.6690511652100297,lgVD_train
6445533,0.336459734,0.43661463208895807,lgVD_train
6445540,1.041392685,0.9414120077273647,lgVD_train
6449855,-0.853871964,-0.7538090501873178,lgVD_train
6450551,0.359021943,0.25899259577531275,lgVD_train
6450806,0.780317312,0.6800297981971992,lgVD_train
6451149,0.743509765,0.8433980083605648,lgVD_train
6473866,0.079181246,0.17937554332447347,lgVD_train
6474640,-0.102372909,-0.20214121964163254,lgVD_train
6479523,-0.585026652,-0.6846018890649104,lgVD_train
6505803,0.301029996,0.31610951683127014,lgVD_train
6509849,-0.958607315,-0.8590197262598152,lgVD_train
6533629,-0.698970004,-0.5882075496381287,lgVD_train
6540466,-0.744727495,-0.6447473015616687,lgVD_train
6540717,-0.886056648,-0.6771629285055736,lgVD_train
6541429,0.064457989,-0.035789692914602544,lgVD_train
6603845,0.591064607,0.4909105911435306,lgVD_train
6603903,0.309630167,0.20930611972442187,lgVD_train
6603987,0.079181246,-0.020904450313848175,lgVD_train
6604200,-0.244125144,-0.3143371322586716,lgVD_train
6604312,-0.173925197,-0.04912760567199846,lgVD_train
6604866,0.334453751,0.5448310559200071,lgVD_train
6712744,-0.327902142,-0.12711868209078836,lgVD_train
6713927,-0.187086643,-0.06301795094818359,lgVD_train
6913994,-1.065501549,-0.9656168541136398,lgVD_train
6914273,-0.431798276,-0.3320073167384108,lgVD_train
6915944,-0.488116639,-0.581895262967793,lgVD_train
6917715,0.457881897,0.46885076577057155,lgVD_train
6917779,0.788370416,0.4560783015138385,lgVD_train
6917864,1.176091259,0.06606665928357272,lgVD_train
6917898,-0.236572006,0.03139532847728599,lgVD_train
6917924,-0.657577319,-0.5575329337834358,lgVD_train
6918097,0.924279286,0.6254619255142835,lgVD_train
6918278,-0.443697499,-0.5437495825663374,lgVD_train
6918296,0.756961951,0.6570901093303789,lgVD_train
6918314,0.685741739,0.5856475745086365,lgVD_train
6918315,-0.37675071,-0.27691231140373207,lgVD_train
6918405,-0.356547324,-0.25638095628437424,lgVD_train
6918408,-0.443697499,-0.3435770130624395,lgVD_train
6918412,1.14082218,1.0412509898383269,lgVD_train
6918493,-0.50267536,-0.49949202950063837,lgVD_train
6918494,0.838849091,0.7388842745068804,lgVD_train
6918509,-0.508638306,-0.4085658053147449,lgVD_train
6918638,-0.096910013,-0.19708239821812756,lgVD_train
6918736,-0.958607315,-0.7246864865399958,lgVD_train
6918837,2.086461527,0.6881177579507756,lgVD_train
7048520,-0.585026652,-0.6576398005362456,lgVD_train
9571004,1.113943352,0.7992984393390048,lgVD_train
9571079,-0.698970004,-0.5987847737345096,lgVD_train
9571107,0.546542663,0.4461096727352751,lgVD_train
9571836,-0.387216143,-0.2875143471693311,lgVD_train
9576789,1.301029996,1.054091108156181,lgVD_train
9576912,-0.397940009,-0.2684767026395517,lgVD_train
9589475,-0.522878745,-0.5262300326227258,lgVD_train
9803852,-0.15490196,-0.12126126069221749,lgVD_train
9808022,-0.619788758,-0.5198211376130488,lgVD_train
9808998,0.161368002,0.06183979612182344,lgVD_train
9810955,0.041392685,-0.058888586994502876,lgVD_train
9811704,-0.494850022,-0.3950071790981105,lgVD_train
9811834,0.167739185,-0.23761179820079975,lgVD_train
9816296,0.376576957,-0.007143112027371112,lgVD_train
9816723,0.544068044,0.5650805793667957,lgVD_train
9819382,0.382017043,0.7961105704897427,lgVD_train
9822750,1.290034611,0.9151180513530994,lgVD_train
9823820,0.068715812,0.09586591621131041,lgVD_train
9829523,0.133538908,0.03387034384945206,lgVD_train
9830010,-0.602059991,-0.5021106121322109,lgVD_train
9831563,1.707570176,1.1605324501288852,lgVD_train
9832383,0.579783597,0.6542553227659258,lgVD_train
9832912,1.538896749,0.9155820286852892,lgVD_train
9834591,-0.677780705,-0.5776599054014746,lgVD_train
9835049,-0.619788758,-0.5195156541337291,lgVD_train
9837243,-0.251811973,-0.21756456569367885,lgVD_train
9838022,0.666517981,0.5661534160757773,lgVD_train
9838899,-0.096910013,-0.022296443996022708,lgVD_train
9838997,-0.48148606,-0.44728338700462805,lgVD_train
9842188,-0.096910013,-0.1399347738634826,lgVD_train
9844194,1.041392685,0.6385456827770666,lgVD_train
9849925,0.041392685,-0.05872066535164651,lgVD_train
9850038,-0.602059991,-0.2723643613861044,lgVD_train
9852519,0.410174465,0.3099518324608164,lgVD_train
9853053,1.212187604,1.112098787325285,lgVD_train
9854012,-1.455931956,-1.236461523110557,lgVD_train
9854073,1.681241237,1.276102738795151,lgVD_train
9861304,0.037426498,0.5034236228720645,lgVD_train
9865528,1.376576957,0.5933017720585105,lgVD_train
9867642,0.0,-0.22539043829839434,lgVD_train
9867812,-0.356547324,-0.2985145985386539,lgVD_train
9870652,-0.22184875,-0.1217810866071213,lgVD_train
9870843,-0.876615091,-0.7767884022560805,lgVD_train
9874592,1.681241237,1.581398668020849,lgVD_train
9875401,-0.15490196,-0.05724710026217662,lgVD_train
9882105,-0.229147988,-0.32945029046812135,lgVD_train
9882197,-0.161150909,-0.21655673521875513,lgVD_train
9909677,0.004321374,0.5629517746736274,lgVD_train
9911830,0.244807071,0.14480671215287017,lgVD_train
9912992,-0.568636236,-0.48887890964882924,lgVD_train
9915743,1.963315511,1.8183095125179023,lgVD_train
9917021,0.442479769,0.41977737254999553,lgVD_train
9919153,-0.37675071,-0.2766521273812831,lgVD_train
9924495,0.133538908,0.03385413189624881,lgVD_train
9925886,1.487138375,0.3102845098285375,lgVD_train
9926791,0.093421685,0.036674890140866084,lgVD_train
9930049,0.255272505,0.15504667387002857,lgVD_train
9935639,-0.301029996,-0.15573940917806756,lgVD_train
9938701,-0.546244964,-0.6462875350956714,lgVD_train
9939609,1.075546961,0.9754051577346594,lgVD_train
9948102,1.0,0.9156816850151652,lgVD_train
9949641,0.477121255,0.3773580084893405,lgVD_train
9952884,0.164352856,0.1314630400746044,lgVD_train
9966051,1.547774705,1.191730439876513,lgVD_train
10046227,-0.318758763,-0.4190630058747435,lgVD_train
10071196,1.491961686,0.7988462194512429,lgVD_train
10077130,0.572871602,0.47303063197733347,lgVD_train
10096344,1.204119983,0.9398820021479217,lgVD_train
10126189,1.374748346,0.5510022825866072,lgVD_train
10127315,0.100370545,0.0006628133140823556,lgVD_train
10127622,0.38789807,0.28781339056974614,lgVD_train
10130337,0.453755036,0.27794450084614875,lgVD_train
10152654,0.212187604,0.31232568441397485,lgVD_train
10182969,-0.522878745,-0.0002658331868987396,lgVD_train
10184665,0.376576957,0.518785107649492,lgVD_train
10220503,-0.48148606,-0.10577197437939764,lgVD_train
10257882,-0.056929669,0.04326913922406664,lgVD_train
10275777,1.472965295,0.7056250591800237,lgVD_train
10280735,0.184691431,0.21617213613529623,lgVD_train
10288191,0.118689787,0.37854638397368007,lgVD_train
10309114,0.491361694,0.3914174782770155,lgVD_train
10311306,0.817659792,0.9172808337893443,lgVD_train
10324367,1.04251926,0.9087568978822487,lgVD_train
10368812,0.828659897,0.9289414156328617,lgVD_train
10407120,-0.366531544,-0.26645694037884404,lgVD_train
10472693,-0.589825535,-0.48961604791701474,lgVD_train
10789661,-0.301029996,0.352134268403232,lgVD_train
11001318,-0.577926312,-0.5699314328470877,lgVD_train
11104750,1.079181246,0.97914422288194,lgVD_train
11155808,-0.27572413,-0.17581127848206962,lgVD_train
11226413,0.704150517,0.6039846609950987,lgVD_train
11234049,-0.040958608,-0.13837109588960217,lgVD_train
11250647,1.099877869,0.8612680207405521,lgVD_train
11262669,0.161368002,0.061369061653714446,lgVD_train
11285002,0.770852012,0.6705730579766298,lgVD_train
11285588,-0.657577319,-0.2939347037357359,lgVD_train
11304743,-0.356547324,-0.06686965361643625,lgVD_train
11317439,-0.375276024,-0.12835937916929402,lgVD_train
11318905,0.057991947,-0.04217271758743697,lgVD_train
11351021,0.532754379,0.549582084842265,lgVD_train
11363176,0.357934847,0.2579874353974967,lgVD_train
11364421,1.494154594,1.2404364101970635,lgVD_train
11434515,0.633468456,0.533430842226424,lgVD_train
11438771,0.986771734,0.6749000267557961,lgVD_train
11442891,0.397940009,0.36015975926346516,lgVD_train
11450633,0.775038015,0.5577941738136714,lgVD_train
11455973,-0.065501549,-0.16577603261803867,lgVD_train
11479259,-0.48148606,-0.38137929201811704,lgVD_train
11495634,-0.113509275,-0.26959325848998106,lgVD_train
11504295,1.200029267,0.3501843357711102,lgVD_train
11511120,1.431133918,1.5108625708943613,lgVD_train
11519070,0.089400411,0.18941045662032663,lgVD_train
11526696,-1.0,-0.07606476037422566,lgVD_train
11546234,0.053078443,0.004152412602940192,lgVD_train
11556711,-0.886056648,-0.7859610528580105,lgVD_train
11567473,0.152288344,0.10268772749512359,lgVD_train
11580427,0.26245109,0.4170497812210657,lgVD_train
11597698,-0.22184875,0.261812796306957,lgVD_train
11624051,0.758154622,0.6585179513305464,lgVD_train
11625818,-0.483370203,0.27110587578482953,lgVD_train
11626560,1.345373731,1.2450990591288382,lgVD_train
11640679,-0.522878745,-0.5937962312979072,lgVD_train
11644726,-0.124938737,-0.13005680998194802,lgVD_train
11681977,0.666785321,0.24528652659581912,lgVD_train
11702115,0.045322979,0.4992331964439251,lgVD_train
11707110,1.144262774,1.0445887491642867,lgVD_train
11749858,0.414973348,0.3407682580172681,lgVD_train
11753673,0.493358454,0.5656972650734102,lgVD_train
11826590,-0.26760624,-0.16737316055928597,lgVD_train
11949646,0.022958322,0.06109435470093211,lgVD_train
11950170,0.419719783,0.4061702446444691,lgVD_train
11978813,0.164352856,0.44436852414645306,lgVD_train
11984561,-0.193820026,-0.24862118487906648,lgVD_train
12428581,0.041392685,0.14160683461686413,lgVD_train
12668023,-0.301029996,0.048795062268782,lgVD_train
12763167,-0.698970004,-0.7850853328618577,lgVD_train
12803450,0.569875308,0.4704010974226878,lgVD_train
12818200,-0.568636236,-0.4686029442400298,lgVD_train
12883723,0.243038049,0.38238856641066704,lgVD_train
12905358,-0.568636236,-0.6322513739052904,lgVD_train
13002184,1.635483747,1.5287767161229753,lgVD_train
13943297,-0.920818754,-0.8208936943207359,lgVD_train
14575844,0.740362689,0.6403859391142799,lgVD_train
15559465,-0.004364805,0.09540536753492881,lgVD_train
15951529,0.196294645,0.29606980564712293,lgVD_train
15981397,1.155336037,0.4248545005196978,lgVD_train
15983966,1.079181246,0.9792301192930972,lgVD_train
16004692,-0.146128036,-0.13696721430748152,lgVD_train
16048570,1.004321374,0.904188552532815,lgVD_train
16061448,1.100370545,1.000478415695692,lgVD_train
16076883,0.442479769,0.3429886002428521,lgVD_train
16117309,-0.346787486,0.09816149990990414,lgVD_train
16124688,1.167739185,0.8208100773919995,lgVD_train
16126651,0.989004616,0.7295885576099153,lgVD_train
16220172,0.702676665,0.7570074266427009,lgVD_train
16222096,1.187520721,1.087527476789268,lgVD_train
16678941,0.089400411,-0.010994919128965608,lgVD_train
16720766,0.480006943,0.2646126209385174,lgVD_train
16722836,1.402875226,1.3006171722579616,lgVD_train
18606115,-0.602059991,-0.26837024150434413,lgVD_train
20055036,-0.823908741,-0.7900460004216994,lgVD_train
21014145,-0.638272164,-0.5383180776814778,lgVD_train
21302490,0.580599173,0.7275462192101856,lgVD_train
23116322,0.120573931,0.22073515420878537,lgVD_train
23230419,0.176091259,-0.16913934502489433,lgVD_train
23583058,-0.251811973,-0.15165963431172133,lgVD_train
23642301,1.918329954,1.2367346817624914,lgVD_train
23652731,1.076588436,0.18592395661581346,lgVD_train
23725098,0.361727836,0.4614928481124467,lgVD_train
23725625,0.377618431,0.24711834433766255,lgVD_train
24756910,-0.251811973,-0.15201445938325575,lgVD_train
24775005,2.117081813,1.3693579703677716,lgVD_train
24776445,-0.638272164,-0.17935096914491871,lgVD_train
24795069,0.117271296,0.30207085063149963,lgVD_train
24800541,-0.060480747,0.03934145797995778,lgVD_train
24806573,0.383815366,0.28370737976763305,lgVD_train
24812758,0.075546961,0.17555864426391182,lgVD_train
24826799,1.242328417,1.1422341488534051,lgVD_train
24831714,2.10914447,0.40632703208102666,lgVD_train
24839733,0.230448921,0.2679856741633509,lgVD_train
24847878,0.694605199,0.5942381248149424,lgVD_train
24864132,-0.214670165,-0.11494847188822901,lgVD_train
24872560,0.595811042,0.49580604077839213,lgVD_train
24958200,1.241261791,0.9363509342767384,lgVD_train
24965990,-0.161150909,-0.060971057448448246,lgVD_train
25040963,-0.585026652,-0.6491392220445023,lgVD_train
25049850,0.326335861,0.6452088374074862,lgVD_train
25062590,0.328379603,0.3144138387819758,lgVD_train
25101874,0.431363764,0.5315834957781482,lgVD_train
25102847,0.697727387,0.597341011107632,lgVD_train
25126798,-0.074246028,0.025745145650968193,lgVD_train
25141092,0.896053559,1.2195157144559117,lgVD_train
25145656,0.369745808,0.27001151179612126,lgVD_train
25151352,0.426743566,0.5268908062310274,lgVD_train
25154714,-0.173925197,-0.07387085450631595,lgVD_train
25166913,0.429059809,0.3710592476497275,lgVD_train
25171648,1.171099314,1.0709020716397146,lgVD_train
25182860,0.612783857,0.6708781967309458,lgVD_train
25183872,0.557507202,0.049127889959130866,lgVD_train
25185057,0.120573931,0.198995189272424,lgVD_train
25195354,-0.356547324,-0.4568226497941074,lgVD_train
25195624,0.573203251,0.13625884251033538,lgVD_train
25267009,0.626193671,-0.06305963133088653,lgVD_train
25897919,0.707570176,0.24203863102116296,lgVD_train
26849680,0.342422681,0.44262726029527627,lgVD_train
38988581,0.886490725,0.25756681232939677,lgVD_train
40479681,-0.958607315,-0.8583068118204207,lgVD_train
41097863,-1.0,-0.9575010281330567,lgVD_train
42611257,0.180207825,0.20188211646680904,lgVD_train
42613186,-0.657577319,-0.6920467038274054,lgVD_train
44129647,-0.56634444,-0.46626613620317725,lgVD_train
44139752,0.15490196,0.05461849308416186,lgVD_train
44144606,0.255272505,0.15503218945136588,lgVD_train
44148935,0.989004616,0.8892957249770037,lgVD_train
44153089,0.094421213,-0.005770906077735338,lgVD_train
44187362,0.255272505,0.3554018176442538,lgVD_train
44194147,-0.013228266,-0.007374572968813192,lgVD_train
44205240,0.035715552,-0.06428739397211694,lgVD_train
44247806,0.269512944,0.3697742206196752,lgVD_train
44462760,-0.187086643,-0.07203398345202154,lgVD_train
44472635,1.954518164,0.40643369826797154,lgVD_train
44516953,0.378397901,0.46818394022785453,lgVD_train
44599207,0.248323645,0.322390298855669,lgVD_train
44603531,1.251811973,0.5064741778290986,lgVD_train
44631912,1.192328458,1.0805266876603572,lgVD_train
44814423,0.086868075,0.18661852184521077,lgVD_train
45110509,0.136720567,0.036803028358070894,lgVD_train
45138674,-0.187086643,-0.08717678129485476,lgVD_train
45270468,0.414973348,0.49440546864045015,lgVD_train
46188928,-0.163856802,-0.03832093305488149,lgVD_train
46199646,0.587871251,0.6878003849651844,lgVD_train
46216796,0.514737442,0.41482549491690907,lgVD_train
46220502,0.993939833,1.0941727349301995,lgVD_train
46700756,1.356981401,0.8894925538663434,lgVD_train
46836890,0.374748346,0.34995770691880107,lgVD_train
46861584,0.217483944,0.04637105717498893,lgVD_train
46871657,0.93305321,0.8333044453148453,lgVD_train
46908929,-0.200659451,-0.10097146643589167,lgVD_train
46926350,-0.494850022,0.04379133140135927,lgVD_train
49803313,1.193124598,1.0932586674993148,lgVD_train
49806720,0.802773725,0.9029156763528041,lgVD_train
49841217,0.692721055,0.7494415802261967,lgVD_train
49843517,-0.248500945,-0.1480513805176652,lgVD_train
49846579,0.614294448,0.5141915814634346,lgVD_train
50905713,-0.39025318,0.09758314758539549,lgVD_train
50922675,0.369745808,0.2936551498603768,lgVD_train
51039094,1.377618431,1.0970623721421526,lgVD_train
51049968,0.234083206,0.3338270468636163,lgVD_train
51057264,-0.356547324,-0.26255845278081064,lgVD_train
51382643,0.271841607,0.37195870517452573,lgVD_train
51397058,-0.853871964,-0.9464497037823711,lgVD_train
51655233,0.012837225,0.11289015727863694,lgVD_train
52938427,1.902313768,1.1667449548336444,lgVD_train
53235510,1.359021943,1.25919502432387,lgVD_train
53465279,-0.537602002,-0.6166795824828935,lgVD_train
53472683,1.403855575,0.9104105470188018,lgVD_train
54554627,0.255272505,0.15513492682748625,lgVD_train
54670067,-0.455931956,-0.35601257542560016,lgVD_train
54674461,-0.201645363,-0.10506144063039774,lgVD_train
54676228,-0.886056648,-0.7860514563390222,lgVD_train
54676478,-0.677780705,-0.5776379538872454,lgVD_train
54678486,-0.886056648,-0.5680084313841285,lgVD_train
54681545,-0.698970004,-0.5399418039717674,lgVD_train
54682461,-0.915679116,-0.6778643326994267,lgVD_train
54684141,-0.795880017,-0.556824924912762,lgVD_train
54699177,-0.619788758,-0.5195842328622575,lgVD_train
54726191,-0.604548791,0.001871893227436222,lgVD_train
54732242,0.345233658,0.4453231880420249,lgVD_train
54767916,0.365487985,0.26558025579241723,lgVD_train
56640146,0.328379603,0.22845394355976123,lgVD_train
56649450,0.211806811,0.11174657514240643,lgVD_train
56649692,-0.537602002,-0.43783937500205666,lgVD_train
56841046,0.255272505,0.3454374080780831,lgVD_train
56841052,0.041392685,-0.058374230563012,lgVD_train
56841128,1.158362492,1.0582406433130538,lgVD_train
56841156,0.230448921,0.132544054733517,lgVD_train
56934415,-0.301029996,-0.0883347084784096,lgVD_train
56944144,1.449368186,0.6441836732628665,lgVD_train
56959087,1.346352974,0.9206401532580906,lgVD_train
57311173,-0.568636236,-0.46853203095518636,lgVD_train
57327016,0.86332286,0.9635124150315519,lgVD_train
57340959,0.336459734,0.28770101384971697,lgVD_train
57379345,1.781242327,1.5169918458308502,lgVD_train
57417226,0.579783597,0.6799914068375381,lgVD_train
57460003,0.164352856,0.06440867878454307,lgVD_train
57495353,-0.39025318,0.045536767657472,lgVD_train
57882566,-0.191885526,-0.25796940885937547,lgVD_train
58460047,-0.063342666,0.10246793717784383,lgVD_train
59476526,-0.823908741,-0.018095102403286087,lgVD_train
59634741,-0.21670911,-0.11666120208626195,lgVD_train
60150535,-0.124112296,0.291926169474364,lgVD_train
66524188,-0.207608311,-0.05469999253549354,lgVD_train
66553195,-0.107905397,0.27287108478747363,lgVD_train
66558664,1.244807071,1.1447947781631893,lgVD_train
67171867,0.230448921,0.22761630760455792,lgVD_train
67462786,-0.382700042,0.7095384496114985,lgVD_train
68026984,0.079181246,-0.02108855455854816,lgVD_train
68029831,1.207980403,1.1078848729067652,lgVD_train
68165256,0.339593391,1.0008300914061734,lgVD_train
68188807,1.230448921,1.130203781920276,lgVD_train
68748835,0.698970004,0.5991787442214487,lgVD_train
69488934,0.0,0.2081896689696699,lgVD_train
69932744,0.176091259,0.5231781640365853,lgVD_train
71226662,-0.313619123,0.09748710486462667,lgVD_train
71481097,0.251811973,0.15181659499676897,lgVD_train
71496458,1.148778875,1.2046311485882866,lgVD_train
71544786,0.248323645,0.14866238575062735,lgVD_train
71556891,-0.37675071,-0.4769348363923081,lgVD_train
71584930,0.642040335,0.5416000501304172,lgVD_train
71587099,-1.455931956,-1.1005009788260385,lgVD_train
71602803,0.68381866,0.5834831821456041,lgVD_train
71621331,-0.025554104,0.20220508040791013,lgVD_train
71657455,0.524117817,0.42379534337637254,lgVD_train
71661251,0.987410873,0.8708999933838721,lgVD_train
71731823,0.639201799,0.5390334162473085,lgVD_train
71811910,2.021838778,1.1909764079974066,lgVD_train
72163100,0.620284811,0.5384943549721819,lgVD_train
72165228,0.333878907,0.23366828778787418,lgVD_train
72941762,-0.075720714,0.024424780053621392,lgVD_train
72950888,0.649056554,0.7489525172693834,lgVD_train
74316779,-0.654766343,-0.5645094990804517,lgVD_train
75953676,-0.124938737,-0.024800375588515125,lgVD_train
76956331,-0.173925197,0.1036838273193463,lgVD_train
76958859,-0.698970004,-0.6004028601613935,lgVD_train
76959557,-0.119186408,-0.21951965436056609,lgVD_train
76961042,-0.638272164,-0.5871648245791541,lgVD_train
76971675,0.361727836,0.26149003796285,lgVD_train
76972266,0.556302501,0.5956650801772727,lgVD_train
77050711,0.781242327,0.6810505875091759,lgVD_train
77843966,-0.589825535,-0.5108727711381744,lgVD_train
86705695,0.525969822,0.5090334294249999,lgVD_train
89683805,-0.098463841,0.0017778550480739563,lgVD_train
89851852,-0.363655411,-0.4635411645808055,lgVD_train
90666167,0.755874856,0.18683671384936912,lgVD_train
91617630,-0.689762003,-0.5901127119864735,lgVD_train
91801202,-0.353736346,0.26400045014063817,lgVD_train
92043107,0.729974286,0.6350341269369211,lgVD_train
92044465,-0.040958608,-0.1410136284973899,lgVD_train
92853372,-0.48148606,-0.08701494387804783,lgVD_train
92854963,-0.366531544,-0.4666210843035869,lgVD_train
117604931,0.431363764,0.3113854354895961,lgVD_train
117947097,0.268845312,0.18958638537722944,lgVD_train
118023034,1.234083206,0.7877735846604579,lgVD_train
118513932,0.767155866,0.6674672365622383,lgVD_train
118607832,1.700085328,1.600069635837625,lgVD_train
118955396,0.658692643,0.5157486151565949,lgVD_train
118989712,-0.769551079,-0.6692209583893529,lgVD_train
124029527,-0.993228437,-0.5035849210217265,lgVD_train
124081876,1.226783967,0.6043647624858919,lgVD_train
124201618,-0.408935393,-0.3086515134850235,lgVD_train
124351358,-0.173925197,-0.2741986503346083,lgVD_train
125276054,-0.522878745,-0.45269447084876124,lgVD_train
129269915,-0.329224196,0.20188245830895135,lgVD_train
131874127,-0.494850022,-0.39478194465129646,lgVD_train
132451832,-1.22184875,-1.0917323961266943,lgVD_train
133568439,-0.823908741,-0.7242224563383328,lgVD_train
134436906,0.435935327,0.5360181621522373,lgVD_train
134587348,-0.115123754,-0.015007101903383877,lgVD_train
134823896,1.434682937,-0.1340624684372852,lgVD_train
135398508,1.81728198,0.1845008602676329,lgVD_train
135398737,0.204119983,0.9703607938212471,lgVD_train
135398745,1.15490196,1.0386342577916774,lgVD_train
135400182,0.81756537,0.07635030942903381,lgVD_train
135403821,0.0,0.027776831650474038,lgVD_train
135409453,0.72427587,0.6244942166870999,lgVD_train
135413511,-0.251811973,-0.1653187833567752,lgVD_train
135413516,-0.408935393,-0.20978627476215,lgVD_train
135413525,0.079181246,-0.013520063107277117,lgVD_train
135413536,-0.026872146,0.07288701337818138,lgVD_train
135413538,-1.15490196,-0.6276707716215665,lgVD_train
135413542,-0.568636236,-0.6080379783210268,lgVD_train
135430970,-0.27572413,-0.2892587055165533,lgVD_train
135463437,-0.555063428,-0.45627283609061575,lgVD_train
135536943,0.380211242,0.28024780657322834,lgVD_train
135544356,0.057991947,-0.04222584866918161,lgVD_train
135546259,1.188928484,1.089026587603399,lgVD_train
135565082,0.77815125,0.6435869987045515,lgVD_train
135565230,-0.823908741,-0.1994501692773103,lgVD_train
135565884,1.099877869,0.9414373566705396,lgVD_train
135764868,-0.657577319,-0.6987951129857237,lgVD_train
135876149,-0.013228266,0.08689783983041036,lgVD_train
137218519,0.096910013,0.035590624845131785,lgVD_train
137278711,0.479184415,0.5793100632160104,lgVD_train
138611145,1.128952863,1.0336504074251014,lgVD_train
138713709,0.301029996,0.20088218755638187,lgVD_train
139595980,0.462397998,0.5625557471707605,lgVD_train
154731039,-0.113509275,-0.013617619943704806,lgVD_train
155903259,0.174848642,0.07504034170824081,lgVD_train
168300439,1.004321374,0.7061086405291348,lgVD_train
168314440,-0.229147988,-0.12910168632891555,lgVD_train
15,,0.48325644574033527,lgVD_test
72,,-0.6258497445899173,lgVD_test
135,,-0.6786987380209746,lgVD_test
158,,-0.08959922344664495,lgVD_test
191,,0.27111394848912374,lgVD_test
214,,-0.00042557178503466186,lgVD_test
241,,0.1164602911794771,lgVD_test
253,,-0.3021627222334754,lgVD_test
288,,-0.25814457418265535,lgVD_test
322,,-0.680081553850379,lgVD_test
335,,0.191075617207477,lgVD_test
338,,-0.6992257395677646,lgVD_test
342,,0.13824137132151665,lgVD_test
356,,0.07626238512585765,lgVD_test
370,,-0.6491162041587457,lgVD_test
401,,-0.12948998676123544,lgVD_test
460,,0.10066899585992847,lgVD_test
471,,-0.34639222715156914,lgVD_test
568,,0.15849497011499536,lgVD_test
581,,-0.14509730273550825,lgVD_test
596,,0.043508816441053116,lgVD_test
681,-0.13076828,0.49248915833806034,lgVD_test
698,,0.7197674521939557,lgVD_test
709,,-0.6927190744440335,lgVD_test
727,,0.05806282165421103,lgVD_test
815,,-0.2104260747892972,lgVD_test
836,,0.007351020155359489,lgVD_test
838,,0.4605755730848154,lgVD_test
861,,-0.318592317906579,lgVD_test
904,,-0.2135703471144566,lgVD_test
931,,0.32014509652377804,lgVD_test
938,,-0.6465523367609922,lgVD_test
951,,0.45879414233879806,lgVD_test
957,,0.24101309256331316,lgVD_test
971,,-0.408382684840642,lgVD_test
978,,-0.5036412955949388,lgVD_test
980,,-0.26859087982734664,lgVD_test
991,,-0.24149532102009585,lgVD_test
992,,0.2894610491287449,lgVD_test
996,,0.15003764979133083,lgVD_test
1027,,0.5194754282053757,lgVD_test
1054,,0.10049716173728954,lgVD_test
1065,,0.5444251762423242,lgVD_test
1072,,-0.1401677327479163,lgVD_test
1130,,0.5209887648207929,lgVD_test
1134,,-0.14731645135583907,lgVD_test
1140,,0.17988127492205097,lgVD_test
1148,,-0.24133864781843875,lgVD_test
1183,,0.25518857930938554,lgVD_test
1206,,0.7308750427566559,lgVD_test
1207,,0.8971836417317745,lgVD_test
1211,,-0.2314785719685916,lgVD_test
1234,,0.39160117854737414,lgVD_test
1287,,-0.31950078949714356,lgVD_test
1345,,0.3518119497134439,lgVD_test
1480,,-0.5374787616256052,lgVD_test
1486,,-0.6997286791140458,lgVD_test
1489,,-0.7271126142187831,lgVD_test
1493,,-0.28915900735997635,lgVD_test
1546,,0.3586039718273317,lgVD_test
1593,,0.03611413810122463,lgVD_test
1615,,0.7211498559924872,lgVD_test
1676,-0.200659451,-0.34938502618761935,lgVD_test
1732,,0.2449852275507876,lgVD_test
1744,,0.1199262121785431,lgVD_test
1805,,0.03751333948696181,lgVD_test
1923,,0.037790705904003546,lgVD_test
1971,,0.29958779745786895,lgVD_test
1973,,0.5927113922178979,lgVD_test
1978,0.230448921,0.24720621698121503,lgVD_test
1981,,-0.5609953966760735,lgVD_test
1982,,-0.5609388908847655,lgVD_test
1988,,0.11496204294111706,lgVD_test
1989,,-0.6130001854229135,lgVD_test
1997,,-0.1606781964429558,lgVD_test
2021,,-0.02188315481229798,lgVD_test
2078,,0.047783624011798254,lgVD_test
2082,,-0.015798342171571403,lgVD_test
2086,,0.16050341183708394,lgVD_test
2087,,0.12278740483864525,lgVD_test
2099,0.041392685,-0.010198005529872572,lgVD_test
2123,,0.08508798316869565,lgVD_test
2132,,0.46487910878708666,lgVD_test
2141,-1.045757491,-0.23981665239715613,lgVD_test
2142,,-0.20057347869585038,lgVD_test
2145,,0.16739420043869419,lgVD_test
2154,,0.08280517821618769,lgVD_test
2164,,-0.5034044955775583,lgVD_test
2165,1.240549248,0.986372232454656,lgVD_test
2170,,0.8210544496452534,lgVD_test
2177,,0.3814006065541076,lgVD_test
2179,0.204119983,-0.08935766301118131,lgVD_test
2187,,0.1771649253213992,lgVD_test
2193,,0.7962730835379088,lgVD_test
2196,,-0.1875425129652256,lgVD_test
2215,,0.38279260735806125,lgVD_test
2218,,0.9918656023723593,lgVD_test
2226,,-0.2568378755873774,lgVD_test
2247,,0.7977672237743834,lgVD_test
2250,,0.320528266252654,lgVD_test
2256,,0.3033335879951856,lgVD_test
2262,,-0.14636855638356763,lgVD_test
2265,,-0.06111255355085507,lgVD_test
2268,,-0.3171455529960945,lgVD_test
2269,,-0.14750147984037063,lgVD_test
2271,,-0.5762437008299357,lgVD_test
2273,,-0.12805598152758985,lgVD_test
2282,,-0.18569215450182142,lgVD_test
2284,,-0.3226815799411116,lgVD_test
2294,,-0.09410107523357725,lgVD_test
2307,,0.4622033083586498,lgVD_test
2308,,0.4400988976963304,lgVD_test
2314,,0.09166071013165447,lgVD_test
2315,,0.31264702857237486,lgVD_test
2319,,-0.1736808742441176,lgVD_test
2328,,-0.4579743888265494,lgVD_test
2333,,-0.22225400211252005,lgVD_test
2336,,0.3798419879675919,lgVD_test
2337,,0.20935629264939348,lgVD_test
2341,,0.8766779119981758,lgVD_test
2344,,0.9791012626904891,lgVD_test
2351,,0.9341339143867011,lgVD_test
2366,,0.25930174805977574,lgVD_test
2367,,-0.26986192355059896,lgVD_test
2368,,0.4820471639475589,lgVD_test
2377,,0.8167755882494492,lgVD_test
2381,1.079181246,0.612961087431352,lgVD_test
2431,,0.2112662732840785,lgVD_test
2441,-0.070581074,-0.40104209471411617,lgVD_test
2443,,-0.041765351286384464,lgVD_test
2471,-0.795880017,-0.6791045616030331,lgVD_test
2477,,0.5067150246902399,lgVD_test
2479,,-0.048574810915124736,lgVD_test
2512,,0.8542838480116397,lgVD_test
2518,,-0.5247323556963559,lgVD_test
2524,,0.020691505424358853,lgVD_test
2538,,0.011350696578928482,lgVD_test
2540,,0.012251172440110453,lgVD_test
2541,-0.886056648,-0.5514611104900831,lgVD_test
2560,,-0.5596415961857263,lgVD_test
2561,,0.023540898731224086,lgVD_test
2563,,0.060427299098020026,lgVD_test
2566,,0.04376700856316962,lgVD_test
2576,,0.228627081483941,lgVD_test
2583,,0.2552983404826747,lgVD_test
2584,,-0.6221145163579253,lgVD_test
2609,,-0.48839441043288356,lgVD_test
2612,,-0.6411855542681235,lgVD_test
2614,,-0.7898430766119449,lgVD_test
2616,,-0.7477345435777212,lgVD_test
2624,,-0.7417182560143492,lgVD_test
2626,,-0.7363924242285964,lgVD_test
2628,,-1.0043577736401001,lgVD_test
2635,,-0.5963466869962293,lgVD_test
2638,,-0.6223111919079362,lgVD_test
2645,,-0.36421511378359206,lgVD_test
2646,,-0.4653033867700503,lgVD_test
2650,,-0.6070950344386192,lgVD_test
2654,,-0.4282135634296408,lgVD_test
2655,,-0.532702597854309,lgVD_test
2657,,-0.7904847256235639,lgVD_test
2659,,-0.6723280490632673,lgVD_test
2663,,0.19863538965856942,lgVD_test
2691,,-0.1745825137635162,lgVD_test
2708,-0.585026652,-0.5007029801708068,lgVD_test
2710,,1.1276481237752292,lgVD_test
2720,,-0.10188838369639522,lgVD_test
2728,,0.009986339822513124,lgVD_test
2729,,1.1651997659870557,lgVD_test
2730,,0.2401907563696426,lgVD_test
2733,,-0.2288579484280541,lgVD_test
2735,,0.09485005339757341,lgVD_test
2749,,0.038184159187267,lgVD_test
2751,,-0.017348842829442684,lgVD_test
2754,,-0.06350311566201947,lgVD_test
2756,0.079181246,-0.037834784549562406,lgVD_test
2762,,-0.6434645511890722,lgVD_test
2763,,-0.381198676779811,lgVD_test
2764,0.322219295,0.10772857578254552,lgVD_test
2769,,1.058348565308148,lgVD_test
2783,,0.6820950721204919,lgVD_test
2797,,-0.7393786849148647,lgVD_test
2802,0.462397998,0.034080143273536756,lgVD_test
2804,,0.06655840134105315,lgVD_test
2806,,0.2237637324170716,lgVD_test
2811,,-0.17585007208363174,lgVD_test
2814,,-0.6999749469149672,lgVD_test
2825,,0.5306683922041486,lgVD_test
2833,,0.1441567720163472,lgVD_test
2863,,0.6531361695906972,lgVD_test
2871,,-0.04501264022234122,lgVD_test
2879,,0.20762736824953582,lgVD_test
2882,,-0.22750377190239932,lgVD_test
2900,,0.1982900507463789,lgVD_test
2907,-0.13667714,-0.08609408207135036,lgVD_test
2913,,1.2450399570292237,lgVD_test
2914,,0.7397064652835899,lgVD_test
2942,0.079181246,-0.1103282330223915,lgVD_test
2943,,0.2758011130944916,lgVD_test
2952,,-0.3655463934813989,lgVD_test
2958,,0.982666501420326,lgVD_test
2966,,0.7838877903418291,lgVD_test
2982,,0.14902210833250207,lgVD_test
2999,,0.40523870309583193,lgVD_test
3008,,0.9084805304016161,lgVD_test
3009,,-0.022707380260348492,lgVD_test
3017,,-0.21130420925024532,lgVD_test
3019,-0.677780705,-0.006564675352382088,lgVD_test
3026,,0.3442268124256104,lgVD_test
3030,,-0.7477123415851552,lgVD_test
3031,,0.2593852061779817,lgVD_test
3037,,0.13129222990433675,lgVD_test
3048,,0.043903860438253506,lgVD_test
3049,,0.26417043790663636,lgVD_test
3054,,0.4100989919948748,lgVD_test
3061,,-0.15984913244513338,lgVD_test
3066,,-0.0046839419972933005,lgVD_test
3070,,0.042125352643362285,lgVD_test
3073,,-0.1715694554395902,lgVD_test
3082,,-0.49589093728194916,lgVD_test
3102,,-0.1936022352670761,lgVD_test
3103,,0.8764571651257962,lgVD_test
3111,,-0.45035407840038905,lgVD_test
3117,,-0.08999718358061948,lgVD_test
3118,,0.0113924357577245,lgVD_test
3120,,-0.09630351810056051,lgVD_test
3143,,0.11325616040420902,lgVD_test
3148,,0.6034929331066095,lgVD_test
3150,,-0.1434103178535833,lgVD_test
3151,0.531478917,0.4299796365054433,lgVD_test
3154,,0.00609804997025809,lgVD_test
3155,,1.0869647388865165,lgVD_test
3157,0.113943352,-0.2719214048255841,lgVD_test
3158,,0.9446546725130314,lgVD_test
3162,,0.5360981648835195,lgVD_test
3168,0.149219113,0.42692287296265935,lgVD_test
3181,,0.6016934933165259,lgVD_test
3191,,0.7514041215322202,lgVD_test
3198,,0.6190483140281997,lgVD_test
3224,,0.29200532221613307,lgVD_test
3225,,-0.29159265602268586,lgVD_test
3229,0.301029996,0.11190791126062472,lgVD_test
3235,,-0.31382658896954163,lgVD_test
3247,,0.5381890525964959,lgVD_test
3249,,0.04573046222240232,lgVD_test
3261,,-0.20530817526540962,lgVD_test
3279,,0.2385973116848038,lgVD_test
3281,,-0.03129333808378679,lgVD_test
3282,,0.05346256159825949,lgVD_test
3285,,0.6245614661008863,lgVD_test
3286,,-0.1687326397856044,lgVD_test
3289,,-0.23858300327982168,lgVD_test
3293,,0.7195109155729746,lgVD_test
3295,,-0.09815716767955178,lgVD_test
3304,,0.5942630280055166,lgVD_test
3306,0.322219295,0.5396621103323389,lgVD_test
3307,,-0.086870238897249,lgVD_test
3312,,0.2720383902758434,lgVD_test
3314,,0.25139750361178115,lgVD_test
3324,,0.0856197009819939,lgVD_test
3325,0.079181246,0.1911104707149,lgVD_test
3335,,-0.9169632830602594,lgVD_test
3336,,0.9087983010823351,lgVD_test
3339,,0.39995899275867347,lgVD_test
3341,,0.12926655910431084,lgVD_test
3342,,-0.9183370942437792,lgVD_test
3343,0.079181246,0.41422235004341773,lgVD_test
3346,,0.15981555222447202,lgVD_test
3347,,0.2960895169322053,lgVD_test
3348,,0.1060868576396383,lgVD_test
3352,,0.24923436724918924,lgVD_test
3356,0.785329835,0.408116786749442,lgVD_test
3357,0.204119983,0.2560703529886283,lgVD_test
3360,,0.45103019318859056,lgVD_test
3365,-0.124938737,0.24827402330928972,lgVD_test
3367,,0.17514066305370524,lgVD_test
3371,,-0.4748343465601376,lgVD_test
3378,,0.9864015911640529,lgVD_test
3379,,0.32723889749750523,lgVD_test
3383,,-0.7924271564809231,lgVD_test
3387,,0.3541622341095519,lgVD_test
3393,,0.5192488089844609,lgVD_test
3397,,-0.28004212322923705,lgVD_test
3399,,0.3582198346070872,lgVD_test
3403,,-0.21890914755731405,lgVD_test
3404,,0.9680667023123748,lgVD_test
3413,,0.446294382174853,lgVD_test
3420,,-0.2810415624602697,lgVD_test
3446,-0.148741651,-0.36803221331484426,lgVD_test
3461,,0.2524345815035126,lgVD_test
3468,,0.3073631166211208,lgVD_test
3473,,0.05913455425202824,lgVD_test
3475,,-0.20905614634135342,lgVD_test
3476,,-0.43931857506979216,lgVD_test
3478,-0.795880017,-0.6097094632110853,lgVD_test
3487,,-0.06671376060957007,lgVD_test
3494,,0.021365987818749516,lgVD_test
3503,,-0.13366720155177478,lgVD_test
3510,,0.5210387713033946,lgVD_test
3518,,0.6591723983616793,lgVD_test
3519,0.748188027,0.11040452746613796,lgVD_test
3559,1.230448921,1.0409277772902608,lgVD_test
3589,,0.10508014628888859,lgVD_test
3592,,0.7421404194812111,lgVD_test
3606,,0.5488588256790308,lgVD_test
3627,,1.1254419651983294,lgVD_test
3648,,0.7546790563094135,lgVD_test
3649,,0.526302479282295,lgVD_test
3653,,0.7485035635726955,lgVD_test
3676,0.255272505,0.09755626893599345,lgVD_test
3685,,0.8447349435973388,lgVD_test
3686,,0.21863971017084105,lgVD_test
3687,,-0.07511648647627252,lgVD_test
3693,,-0.018440533029855474,lgVD_test
3702,,-0.1630900494899673,lgVD_test
3734,,-0.5844043644159473,lgVD_test
3735,,-0.4772939258384531,lgVD_test
3746,,0.22310792412337993,lgVD_test
3747,,0.27844093759275884,lgVD_test
3749,-0.026872146,-0.09034913437864138,lgVD_test
3750,,0.5004242531665593,lgVD_test
3755,,-0.21994009924184824,lgVD_test
3778,,0.013679528207411196,lgVD_test
3779,0.176091259,0.48411225883566683,lgVD_test
3780,,0.37660096116412073,lgVD_test
3783,,0.72275776472426,lgVD_test
3817,,-0.2559696903251182,lgVD_test
3822,0.591064607,0.869392649165587,lgVD_test
3869,0.681241237,0.636329293312826,lgVD_test
3877,,0.1241766069793937,lgVD_test
3883,-0.552841969,-0.16521842100323447,lgVD_test
3889,,-0.6238708467135948,lgVD_test
3899,,0.4166953351317008,lgVD_test
3913,,0.47368092078194507,lgVD_test
3915,,0.09782448569456262,lgVD_test
3918,,0.9412038382725774,lgVD_test
3932,,-0.09617928614590572,lgVD_test
3938,,0.3795697010839168,lgVD_test
3947,,0.5771960254152191,lgVD_test
3948,,0.2632297787975758,lgVD_test
3955,,0.592199428168046,lgVD_test
3956,,-0.3615407083848365,lgVD_test
3957,,0.20238138039546166,lgVD_test
3961,-0.431798276,-0.07516544365157564,lgVD_test
3965,,-0.6513407054479488,lgVD_test
3981,,0.27694617261716964,lgVD_test
4004,,-0.4013179371220005,lgVD_test
4030,0.079181246,-0.28858966822217974,lgVD_test
4031,,0.4849109846756016,lgVD_test
4034,,0.8831256497196949,lgVD_test
4041,,0.22642869521832049,lgVD_test
4047,,0.08180642317959766,lgVD_test
4053,,-0.20921375309613038,lgVD_test
4062,-0.022276395,0.20783721518501708,lgVD_test
4066,,1.0345759903746126,lgVD_test
4076,,0.3040350319203336,lgVD_test
4078,,0.7514062997839459,lgVD_test
4080,,0.5740266998428478,lgVD_test
4087,,0.5578029247644427,lgVD_test
4101,,0.3836763524447963,lgVD_test
4103,,-0.47606153208039353,lgVD_test
4109,,0.147097743830705,lgVD_test
4115,,0.7075080024111193,lgVD_test
4130,,-0.28992974442780584,lgVD_test
4133,,-0.04182181888719039,lgVD_test
4140,,0.3065717391509914,lgVD_test
4163,,0.28180370000602056,lgVD_test
4169,,0.05623261262181345,lgVD_test
4174,,0.0023876081113292924,lgVD_test
4184,,1.0009748754661807,lgVD_test
4196,,0.4486323933607747,lgVD_test
4197,-0.602059991,-0.11233759557860398,lgVD_test
4212,1.079181246,0.7418093752323982,lgVD_test
4240,,0.32147410048850505,lgVD_test
4260,,0.7208915704998633,lgVD_test
4264,,0.14315818945337255,lgVD_test
4271,,0.01496443524184321,lgVD_test
4284,,0.046459831085255004,lgVD_test
4409,,0.1712365442714695,lgVD_test
4411,0.278753601,0.1773687631284207,lgVD_test
4419,,0.7354203101196337,lgVD_test
4422,,0.925971517107196,lgVD_test
4428,,0.8673821136732702,lgVD_test
4440,0.380211242,0.3741825124736015,lgVD_test
4443,,-0.4976321032364639,lgVD_test
4451,,0.5086472547954421,lgVD_test
4460,,-0.30310279912351157,lgVD_test
4475,,0.5483499354753072,lgVD_test
4477,,-0.32009090183862265,lgVD_test
4488,,-0.4419275132084889,lgVD_test
4493,,-0.11707816751322289,lgVD_test
4495,,-0.38155318821791306,lgVD_test
4500,,0.4908495949135246,lgVD_test
4506,0.230448921,0.0023714785296042873,lgVD_test
4509,,-0.34111839147489276,lgVD_test
4536,,0.5466920588085498,lgVD_test
4542,,0.5124742123259907,lgVD_test
4552,,0.44206276745234,lgVD_test
4580,,-0.5025425942304305,lgVD_test
4583,0.204119983,0.10396235758758857,lgVD_test
4594,-0.619788758,-0.3272624244923316,lgVD_test
4599,,-0.04619178918058042,lgVD_test
4601,,0.8850075030409339,lgVD_test
4603,,0.3225728573436869,lgVD_test
4605,,-0.18574068847937814,lgVD_test
4615,,0.2407589792813984,lgVD_test
4627,,0.35471729820061376,lgVD_test
4631,,0.17941562498161595,lgVD_test
4632,,-0.2899430018614072,lgVD_test
4634,-0.070581074,0.41741189771108006,lgVD_test
4641,,-0.7461857117694872,lgVD_test
4675,,-0.24425720353503064,lgVD_test
4679,-0.769551079,-0.17625183389160834,lgVD_test
4684,,0.21315247555555034,lgVD_test
4685,,0.34177567114956486,lgVD_test
4723,,0.05095956426977705,lgVD_test
4724,,0.37008015436381786,lgVD_test
4727,,0.0035315883960170547,lgVD_test
4736,,0.8906513639633638,lgVD_test
4739,,0.02391745268322812,lgVD_test
4744,,1.140649346418497,lgVD_test
4745,,1.140063121065114,lgVD_test
4746,,0.45687765730654223,lgVD_test
4759,,-0.4528418149848738,lgVD_test
4760,,-0.35426773444130405,lgVD_test
4764,,-0.5254983034057391,lgVD_test
4766,,-0.6162490676632025,lgVD_test
4782,,0.5257275420590655,lgVD_test
4790,,0.0016609407496775974,lgVD_test
4793,,-0.022766876513825654,lgVD_test
4794,,-0.3920358258275627,lgVD_test
4811,,0.5980518710445037,lgVD_test
4819,,0.012817678803250548,lgVD_test
4826,,0.2451980286408968,lgVD_test
4831,-0.055517328,0.021952289321728158,lgVD_test
4835,,-0.5919677205325717,lgVD_test
4836,,-0.5411738415750549,lgVD_test
4853,,0.4880370253923176,lgVD_test
4870,,0.3065016468195466,lgVD_test
4872,,0.00431786346113619,lgVD_test
4883,,0.3273822119044459,lgVD_test
4885,,0.7461617670650451,lgVD_test
4889,,0.12614700674993384,lgVD_test
4890,,0.16470712642428947,lgVD_test
4891,,-0.056214050700638174,lgVD_test
4906,0.568201724,0.07325224460284008,lgVD_test
4909,,-0.020790690986911414,lgVD_test
4919,-0.13076828,0.6511398465446212,lgVD_test
4920,,0.7912531027568144,lgVD_test
4928,,0.19215311278264863,lgVD_test
4929,,0.631984593131802,lgVD_test
4931,,0.007816349460912558,lgVD_test
4933,,-0.18088643529945156,lgVD_test
4934,,-0.1588815269780482,lgVD_test
4936,,0.4814242674402572,lgVD_test
4937,,0.4244494781525085,lgVD_test
4944,,-0.0011151443752988877,lgVD_test
4947,,-0.3438510171605712,lgVD_test
4951,,-0.06756701552235571,lgVD_test
4976,,1.2214564093945057,lgVD_test
4999,,0.3991208607083217,lgVD_test
5005,,-0.13356792226406314,lgVD_test
5018,,0.9092677982910495,lgVD_test
5021,,0.6542722196232325,lgVD_test
5029,-0.657577319,-0.38527464187885524,lgVD_test
5035,0.875061263,0.75780972740107,lgVD_test
5036,,-0.2342377855294237,lgVD_test
5052,,0.2775334307880439,lgVD_test
5053,,0.24632404297495464,lgVD_test
5054,,0.04624904275762498,lgVD_test
5064,,0.051148982550966615,lgVD_test
5076,,-0.30998307995268604,lgVD_test
5092,,0.027728293671116677,lgVD_test
5095,0.886490725,0.3497236172365043,lgVD_test
5097,,0.6514897385553282,lgVD_test
5102,,0.4964314933027812,lgVD_test
5106,,-0.14074155656297294,lgVD_test
5118,,0.3768710115882831,lgVD_test
5125,,-0.13166796798113897,lgVD_test
5143,,-0.6397421224625055,lgVD_test
5144,,0.43471159379542196,lgVD_test
5152,,0.5674306557663047,lgVD_test
5155,,-0.18976701666541926,lgVD_test
5184,,0.38093178902262875,lgVD_test
5203,,1.2579546758191495,lgVD_test
5210,,1.1445210343423353,lgVD_test
5215,-0.537602002,-0.27346273211407035,lgVD_test
5216,,0.24252692482010657,lgVD_test
5224,,-0.2919702275298909,lgVD_test
5253,0.113943352,0.15207025529092832,lgVD_test
5291,0.591064607,1.1749767532176298,lgVD_test
5297,,-0.1639454510904382,lgVD_test
5304,,0.5841229696315393,lgVD_test
5314,,-0.43462802592577093,lgVD_test
5317,,-0.6191242387519065,lgVD_test
5320,,-0.4724734484804131,lgVD_test
5323,,-0.7165682595870928,lgVD_test
5324,,0.17704820782679997,lgVD_test
5325,,-0.2875299029038425,lgVD_test
5327,,-0.292973170547558,lgVD_test
5328,,-0.37641488727124467,lgVD_test
5329,-0.522878745,-0.39916043569426124,lgVD_test
5330,,-0.48004856051521405,lgVD_test
5335,,-0.29152762666392484,lgVD_test
5336,,-0.3049764981270232,lgVD_test
5338,,-0.3917255445325879,lgVD_test
5339,-0.958607315,-0.5564357073658273,lgVD_test
5340,,-0.25552046511700355,lgVD_test
5344,-0.769551079,-0.28054368623978637,lgVD_test
5345,,-0.5499106301706651,lgVD_test
5352,,-0.32882246943466353,lgVD_test
5355,,0.06780319672744395,lgVD_test
5358,0.230448921,0.2152433651391334,lgVD_test
5366,,-0.26330986810433443,lgVD_test
5372,,-0.1038432015903826,lgVD_test
5376,,0.9796373046598903,lgVD_test
5378,,0.6578795513769484,lgVD_test
5379,0.230448921,0.21194688382298016,lgVD_test
5383,,-0.1115650325269828,lgVD_test
5391,,-0.06301982244168394,lgVD_test
5396,,-0.38954763647502044,lgVD_test
5402,,0.8994190941980924,lgVD_test
5403,0.176091259,0.37344023288438105,lgVD_test
5405,,0.8118061283581721,lgVD_test
5407,,0.49835032177990485,lgVD_test
5411,,0.5627702321789678,lgVD_test
5429,,-0.30462049407574476,lgVD_test
5430,,0.16022141215535513,lgVD_test
5452,,1.3072241579016664,lgVD_test
5467,0.041392685,-0.053946677539677926,lgVD_test
5468,,-1.0115983838648805,lgVD_test
5470,,0.5843153331758344,lgVD_test
5471,,-0.6785054476218693,lgVD_test
5472,,0.5713957842017319,lgVD_test
5475,,1.0198831037696816,lgVD_test
5480,,0.4701550348416729,lgVD_test
5486,,-0.36490400832333814,lgVD_test
5496,,-0.22973509257023927,lgVD_test
5503,,-0.4796356461459911,lgVD_test
5504,,0.5510447992279637,lgVD_test
5509,,-0.7563372674781703,lgVD_test
5514,,0.13837546917669352,lgVD_test
5515,,0.1631445916027866,lgVD_test
5516,,0.99471651760152,lgVD_test
5525,,-0.09886946245341696,lgVD_test
5526,,-0.3844300280105032,lgVD_test
5538,,-0.2230165551185282,lgVD_test
5543,,0.27397584804464437,lgVD_test
5564,,0.2685119718309575,lgVD_test
5566,,1.0479376439044714,lgVD_test
5567,,1.1576783454640924,lgVD_test
5568,,1.2746855300234412,lgVD_test
5569,,-0.17301684125325223,lgVD_test
5572,,0.6556950634356378,lgVD_test
5574,,1.0724044064377403,lgVD_test
5576,,0.05808851647444832,lgVD_test
5588,,0.6864427790500207,lgVD_test
5595,,0.5279768519554393,lgVD_test
5596,,0.30767785835968553,lgVD_test
5625,,0.1655095071007157,lgVD_test
5645,,0.06410846485261418,lgVD_test
5650,,-0.531832299152792,lgVD_test
5672,,0.42377908780862134,lgVD_test
5673,,0.3976293555498414,lgVD_test
5677,,-0.20262276615500519,lgVD_test
5685,,-0.02655700451901738,lgVD_test
5694,,-0.47061224458192563,lgVD_test
5718,,0.07340356967761669,lgVD_test
5724,,-0.4471678026743834,lgVD_test
5733,,-0.7674845913434016,lgVD_test
5735,0.113943352,0.2978919632030045,lgVD_test
5736,,1.1662058884320876,lgVD_test
5749,,-0.042836002736565806,lgVD_test
5775,,0.6388917036567334,lgVD_test
5794,,0.5150763771877338,lgVD_test
5833,,0.554938888813008,lgVD_test
5838,,-0.0690244731652995,lgVD_test
5853,,-0.1926544944144451,lgVD_test
5918,,0.34878430440063213,lgVD_test
5953,,0.44598983455913904,lgVD_test
5954,,0.3917522740735036,lgVD_test
6001,,0.6414381086228109,lgVD_test
6009,,-0.1219632246474075,lgVD_test
6018,,0.47110013414923085,lgVD_test
6051,,-0.3094079002347851,lgVD_test
6082,,0.3628921352600668,lgVD_test
6093,,-0.18489582680534422,lgVD_test
6129,,0.20968049888849288,lgVD_test
6249,-0.657577319,-0.4855740970357598,lgVD_test
6292,,-0.12316900014688736,lgVD_test
6294,,0.49246412761572184,lgVD_test
6336,,0.2062222018658743,lgVD_test
6451,,-0.37645491740369413,lgVD_test
6464,,0.011435606509851426,lgVD_test
6473,,-0.09646913604115642,lgVD_test
6476,,0.06717513330837921,lgVD_test
6505,,-0.0388063336822647,lgVD_test
6569,,-0.1575356059630849,lgVD_test
6610,,0.6699206228356493,lgVD_test
6619,,0.24511951671736676,lgVD_test
6623,,0.30611756298380666,lgVD_test
6626,,-0.46382151695970764,lgVD_test
6634,,-0.45265884109734356,lgVD_test
6643,,0.5080951138908378,lgVD_test
6720,,0.13684893049962488,lgVD_test
6734,,0.5567281345416517,lgVD_test
6781,,0.19261222680746165,lgVD_test
6795,,0.21630214035793716,lgVD_test
6834,,0.5959214327852584,lgVD_test
6838,,-0.14874505075448158,lgVD_test
6839,,-0.07512487956624223,lgVD_test
6853,,0.5396885515075514,lgVD_test
6895,,0.3740418298530112,lgVD_test
6896,,0.5243911652570705,lgVD_test
6914,,0.06428613754339277,lgVD_test
6917,,-0.07560143139197201,lgVD_test
6937,,0.4857037528542237,lgVD_test
6950,,-0.2710756696148609,lgVD_test
7000,,0.37381039161833013,lgVD_test
7005,,0.049327005605208474,lgVD_test
7013,,0.5252694649896668,lgVD_test
7017,,-0.031224293878460166,lgVD_test
7031,,0.19322870500444783,lgVD_test
7047,,0.18969885081788712,lgVD_test
7057,,0.5122943454368629,lgVD_test
7059,,0.2234735383859341,lgVD_test
7061,,0.6020054895821527,lgVD_test
7095,,0.30115175535514627,lgVD_test
7108,,0.7295209048952085,lgVD_test
7111,,0.5465398967318289,lgVD_test
7127,,0.3477088200001731,lgVD_test
7175,,0.12724874335085823,lgVD_test
7181,,-0.43629551908559583,lgVD_test
7184,,0.13748655040436836,lgVD_test
7185,,-0.006886709779249572,lgVD_test
7204,,-0.6879084895028378,lgVD_test
7220,,-0.17529330005332752,lgVD_test
7242,,0.4218334129732038,lgVD_test
7247,,0.3391948907232962,lgVD_test
7255,,0.4480642060491275,lgVD_test
7263,,0.3724501658080935,lgVD_test
7270,,0.3845284377264176,lgVD_test
7271,,0.3012041745117256,lgVD_test
7309,,0.5216125039971371,lgVD_test
7311,,0.7225146445155861,lgVD_test
7393,,0.5064979178904998,lgVD_test
7410,,-0.12221919330057793,lgVD_test
7416,,-0.15907683678350373,lgVD_test
7421,,0.1540179358086165,lgVD_test
7422,,-0.13541468696187947,lgVD_test
7430,,-0.011540324124912502,lgVD_test
7447,,-0.09017351547189947,lgVD_test
7450,,0.5346404155344564,lgVD_test
7452,,-0.08936044921856523,lgVD_test
7453,,0.4364183936532701,lgVD_test
7456,,0.0010016943826701152,lgVD_test
7471,,0.47495420057172993,lgVD_test
7473,,-0.1141909484532646,lgVD_test
7500,,0.23905196759315517,lgVD_test
7501,,0.23755903496538028,lgVD_test
7541,,0.32010265257050513,lgVD_test
7542,,-0.8562628314925038,lgVD_test
7560,,-0.2527836535626821,lgVD_test
7564,,0.5385352290664691,lgVD_test
7567,,0.6391917419744362,lgVD_test
7577,,0.6154356925419939,lgVD_test
7579,,0.5542098065591605,lgVD_test
7585,,0.23936307891242187,lgVD_test
7594,,0.6106007251468197,lgVD_test
7603,,0.5047930570000119,lgVD_test
7641,,-0.019092354417521745,lgVD_test
7642,,-0.07679590963248509,lgVD_test
7670,,0.46234554800084066,lgVD_test
7694,,0.6508463773544855,lgVD_test
7714,,0.24308693559667688,lgVD_test
7768,,-0.1851426609332115,lgVD_test
7780,,0.07025678591297477,lgVD_test
7784,,0.03692440126580063,lgVD_test
7812,,0.46228113078388927,lgVD_test
7813,,0.42623942604309867,lgVD_test
7820,,-0.18832758340902314,lgVD_test
7845,,0.01752290478530391,lgVD_test
7934,,0.3655233782280531,lgVD_test
7964,,0.16462143215514424,lgVD_test
8035,,-0.1902427439520241,lgVD_test
8041,,-0.1719338733114239,lgVD_test
8058,,0.1074118614942356,lgVD_test
8098,,-0.05962547302686699,lgVD_test
8117,,-0.019790781272215424,lgVD_test
8133,,0.05976470686707433,lgVD_test
8139,,0.0885250517748272,lgVD_test
8141,,0.05266647944603625,lgVD_test
8153,,0.060072162484816005,lgVD_test
8189,,0.08137158022180199,lgVD_test
8190,,0.06336496657113358,lgVD_test
8223,0.556302501,-0.06670275189047194,lgVD_test
8227,,0.5006731910595177,lgVD_test
8249,,0.4006395424289267,lgVD_test
8268,,0.7047511482461379,lgVD_test
8271,,-0.10173193355907557,lgVD_test
8280,,0.07748806569937061,lgVD_test
8289,,-0.4979769076691262,lgVD_test
8295,,-0.32720354467393786,lgVD_test
8341,,0.13534254890905417,lgVD_test
8346,,0.013371960948211109,lgVD_test
8370,,0.2607500802150696,lgVD_test
8411,,0.39852874373682995,lgVD_test
8413,,0.6546549924978715,lgVD_test
8418,,0.3890978686520938,lgVD_test
8425,,0.1911962993316969,lgVD_test
8427,,-0.750872073967275,lgVD_test
8434,,0.1124233730904077,lgVD_test
8445,,0.36984870150355914,lgVD_test
8449,,0.20769492559464442,lgVD_test
8456,,0.40595830373347946,lgVD_test
8461,,-0.15719761253478864,lgVD_test
8468,,-0.6759635006620501,lgVD_test
8554,,0.047298263068075885,lgVD_test
8560,,0.32146074753598647,lgVD_test
8561,,0.3434621330485469,lgVD_test
8571,,-0.5254821574551862,lgVD_test
8572,,-0.41389374099645726,lgVD_test
8575,,-0.6274726658765863,lgVD_test
8635,,0.11005883303851804,lgVD_test
8652,,-0.06609038407094064,lgVD_test
8693,,0.1808691264223713,lgVD_test
8698,,0.14199334563854266,lgVD_test
8784,,-0.8028636808852501,lgVD_test
8800,,-0.14146775292394503,lgVD_test
8814,,0.6874077702698462,lgVD_test
8854,,-0.5325400167787611,lgVD_test
8944,,0.6875028233825966,lgVD_test
9047,,-0.5136338908452157,lgVD_test
9076,,0.4729468926610298,lgVD_test
9153,,0.43424846896943975,lgVD_test
9154,,0.4626134178623548,lgVD_test
9161,,0.4356895820669025,lgVD_test
9340,,1.1450763235542374,lgVD_test
9395,,-0.31578078414024685,lgVD_test
9417,,0.6732098982598766,lgVD_test
9502,,-0.0765385862165687,lgVD_test
9554,,-0.13328624546405757,lgVD_test
9555,,-0.1358610995563118,lgVD_test
9560,,-0.5831239041223846,lgVD_test
9565,,-0.5467472217920073,lgVD_test
9801,,0.9303542566176815,lgVD_test
10229,,0.0182650702005398,lgVD_test
10298,,0.484879227566731,lgVD_test
10303,,-0.5815182184311702,lgVD_test
10391,,0.010465665056542534,lgVD_test
10517,,0.8432894604781438,lgVD_test
10518,,-0.07409428704093787,lgVD_test
10698,,0.23036400918473227,lgVD_test
10707,,-0.34580709565788237,lgVD_test
10788,,0.055194023205002385,lgVD_test
10800,,-0.29165840487870065,lgVD_test
11293,,0.49180046916137127,lgVD_test
11335,,0.13559613001955106,lgVD_test
11369,,0.7284317503337641,lgVD_test
11442,,0.46557166794993593,lgVD_test
11450,,0.43013030980872496,lgVD_test
11485,,-0.15054801605094092,lgVD_test
11487,,0.3693043839290188,lgVD_test
11742,,0.44719314612264466,lgVD_test
11761,,-0.3574927763072029,lgVD_test
11813,,-0.30376038626538476,lgVD_test
12059,,0.34626586021682604,lgVD_test
12101,,0.1797181750972332,lgVD_test
12281,,0.4824159379255509,lgVD_test
12454,,1.0485704118821273,lgVD_test
12512,,0.4213213411141678,lgVD_test
12560,-0.022276395,0.5403596697308677,lgVD_test
12668,,0.16084721222457965,lgVD_test
12894,,-0.267773656930555,lgVD_test
12901,,-0.0592246084765658,lgVD_test
12932,,-0.060977717530274464,lgVD_test
12968,,0.04249594821239869,lgVD_test
13089,,0.7043245739607558,lgVD_test
13097,,-0.14195126385151613,lgVD_test
13263,,0.5056673052729861,lgVD_test
13283,,0.6662911919971541,lgVD_test
13342,1.447158031,0.7690830266097588,lgVD_test
13387,,-0.1305932309689443,lgVD_test
13492,,0.39677634720788196,lgVD_test
13505,,0.6857005164801402,lgVD_test
13542,,-0.12843580159057463,lgVD_test
13709,,-0.597008634747606,lgVD_test
13728,,-0.1756399111765593,lgVD_test
13754,,-0.5132057535353702,lgVD_test
13878,,0.0928033969110669,lgVD_test
13930,,0.03609770291265135,lgVD_test
14242,,-0.13625426276141767,lgVD_test
14337,,0.18831608382702542,lgVD_test
14403,,-0.005876029320147358,lgVD_test
14955,,-0.2884648779957852,lgVD_test
15004,,-0.24608961611969088,lgVD_test
15278,,0.23340227515550227,lgVD_test
15330,,0.6405237550773761,lgVD_test
15331,,-0.3745401975865016,lgVD_test
15413,,0.38263457743545776,lgVD_test
15415,,-0.49832916534037586,lgVD_test
15438,,-0.20640986543483036,lgVD_test
15488,,-0.2628149153207934,lgVD_test
15531,,-0.25735482457987924,lgVD_test
15553,,-0.7314679951108869,lgVD_test
15600,,0.03684479556082362,lgVD_test
15629,,-0.08430234323340564,lgVD_test
15730,,0.4765512783114086,lgVD_test
15797,,0.4645690164243074,lgVD_test
15965,,-0.36517065890707934,lgVD_test
16003,,0.038218368475967046,lgVD_test
16004,,0.6812318598853802,lgVD_test
16181,,0.193382838325792,lgVD_test
16224,,0.5040754772035785,lgVD_test
16231,,0.18727783815238253,lgVD_test
16421,,-0.16245696868911005,lgVD_test
16562,,0.3003826783138561,lgVD_test
16653,,0.1657670568948167,lgVD_test
16720,,0.5383069124447362,lgVD_test
16886,,0.08935594217203782,lgVD_test
16888,,-0.5234364930724253,lgVD_test
16945,,-0.134644365702655,lgVD_test
16958,,0.10335302384297915,lgVD_test
17004,,0.5024195453770766,lgVD_test
17012,,0.6728660298660707,lgVD_test
17016,,0.2318944059394254,lgVD_test
17142,,-0.12054920525045545,lgVD_test
17432,,0.38650434985147003,lgVD_test
17520,,-0.21616710367909484,lgVD_test
17581,,0.5147321921121613,lgVD_test
17739,,0.12462017133778625,lgVD_test
17818,,0.327152007671391,lgVD_test
18020,,0.9328030558887594,lgVD_test
18206,,0.1209812318076986,lgVD_test
18752,,-0.6837027402139468,lgVD_test
19191,,-0.5663753822529534,lgVD_test
19395,,-0.3346152265982737,lgVD_test
19539,,-0.9367162517160934,lgVD_test
19861,,0.811494476207725,lgVD_test
19988,,-0.8937335547691962,lgVD_test
20313,,0.23520533537888888,lgVD_test
20352,,0.5305235162699318,lgVD_test
20392,,-0.7158502605355028,lgVD_test
21262,,0.5926769476756912,lgVD_test
21307,,-0.05953150614661168,lgVD_test
21772,,1.0452593828437011,lgVD_test
21803,,0.11679259696674232,lgVD_test
22401,,0.6915249402605899,lgVD_test
22530,,0.8126878472780721,lgVD_test
22563,,0.23672525796362276,lgVD_test
23353,,-0.5662755674414863,lgVD_test
23568,,-0.4040048868465872,lgVD_test
24749,,-0.00950861125536484,lgVD_test
25215,,0.08464405275525075,lgVD_test
25429,,-0.2643478387513154,lgVD_test
25654,,0.19970772033833717,lgVD_test
25670,,0.1375761877073965,lgVD_test
26177,,-0.20810566993294446,lgVD_test
26388,,0.2219134887966192,lgVD_test
26618,,-0.40670082066856456,lgVD_test
26709,,0.41009347854855344,lgVD_test
27189,,-0.022104769269626956,lgVD_test
27195,,-0.08087547354301143,lgVD_test
27400,,0.9156002982568985,lgVD_test
27447,-0.677780705,-0.47546045837712325,lgVD_test
27775,,0.12123074838367814,lgVD_test
28061,,-0.014695688503200882,lgVD_test
28780,,-0.3193093712879128,lgVD_test
28871,,-0.6952338987435136,lgVD_test
29393,,-0.2888531883473354,lgVD_test
29732,,0.5142475297344116,lgVD_test
30479,,0.2754417415132072,lgVD_test
30623,,-0.14150122261790885,lgVD_test
30692,,0.38123118140751494,lgVD_test
30773,,0.23255715522648412,lgVD_test
30951,,-0.5752549899906725,lgVD_test
31070,,0.20078411538893343,lgVD_test
31072,,-0.1911709362613797,lgVD_test
31099,,-0.09763721792050914,lgVD_test
31200,,-0.5274169947622135,lgVD_test
31208,,0.2024075475658632,lgVD_test
31236,,0.2162244816000583,lgVD_test
31275,,0.33652572364050043,lgVD_test
31307,,-0.19195604484260173,lgVD_test
31315,,-0.5681000507993564,lgVD_test
31356,,-0.22723461297577935,lgVD_test
31357,,-0.3516934346003541,lgVD_test
31405,,0.6605795178451368,lgVD_test
31423,,0.41707117929854126,lgVD_test
31553,,-0.08779266831023719,lgVD_test
31645,,0.02959240978520558,lgVD_test
31657,,0.05553085934941823,lgVD_test
31677,,0.25015555332891004,lgVD_test
31703,1.342422681,1.258718513997108,lgVD_test
31729,,0.6286425957358905,lgVD_test
31736,,-0.7089917357693836,lgVD_test
32154,,0.11755400570650976,lgVD_test
32184,,-0.3781979946781148,lgVD_test
32329,,0.5871193427313199,lgVD_test
32490,,0.07379160956469119,lgVD_test
32518,,0.1787515879956182,lgVD_test
32778,,-0.4455232082725194,lgVD_test
32872,,0.055812547173603094,lgVD_test
33255,-0.920818754,-0.7410643084937731,lgVD_test
33259,,-0.3440534716143979,lgVD_test
33360,,0.09400591607275269,lgVD_test
33443,,0.07926872065138948,lgVD_test
33528,,0.08473635931300422,lgVD_test
33584,,0.4205345451225088,lgVD_test
33613,-0.602059991,-0.4612293938023016,lgVD_test
33671,,-0.9022874196812973,lgVD_test
34192,,0.16335728392617954,lgVD_test
34312,,-0.2533888977074686,lgVD_test
34469,,-0.17646931198670845,lgVD_test
34526,,-0.2773077803255672,lgVD_test
35455,,-0.574226121295967,lgVD_test
35510,,0.780119569416273,lgVD_test
35754,,-0.12712479023265305,lgVD_test
35935,,-0.7655011919206891,lgVD_test
36187,,0.4851523918661262,lgVD_test
36242,,0.40315723612142845,lgVD_test
36324,,0.22847422366674697,lgVD_test
36339,,0.11411727445875053,lgVD_test
36382,,0.7144062967697855,lgVD_test
36400,,0.44996184348392726,lgVD_test
36458,,-0.13736017664913355,lgVD_test
36565,,-0.15946023852746272,lgVD_test
36647,,0.3693982924940546,lgVD_test
36679,,-0.042607333153175816,lgVD_test
37034,,0.37353121335431155,lgVD_test
37123,,-0.13551414031639877,lgVD_test
37175,,0.6174954575047753,lgVD_test
37393,,1.180510568681235,lgVD_test
37497,,0.13363216809071976,lgVD_test
37517,,-0.12360098956081937,lgVD_test
37910,0.602059991,0.35787719167067894,lgVD_test
38024,,0.38714926858021453,lgVD_test
38103,-0.677780705,-0.6147318930559219,lgVD_test
38207,,1.1162934530679374,lgVD_test
38360,,0.6033749881891757,lgVD_test
38409,,-0.6561331127378103,lgVD_test
38479,,-0.22900122639318604,lgVD_test
38853,-0.161150909,-0.03837296513635109,lgVD_test
38854,,0.07506476312883184,lgVD_test
38945,0.255272505,0.12263771464458739,lgVD_test
39042,,-0.5938639061636641,lgVD_test
39186,0.612783857,0.31714854446069374,lgVD_test
39223,,-0.19170456866864533,lgVD_test
39327,,0.24910711206189706,lgVD_test
39385,,0.17111385274766333,lgVD_test
39425,,0.4151589074142415,lgVD_test
39676,,0.09944808709504363,lgVD_test
39941,,-0.5913873654520592,lgVD_test
39965,,0.11228073722847359,lgVD_test
39985,,0.3137265687377959,lgVD_test
40087,,-0.5552139385726813,lgVD_test
40326,,0.6621384579458758,lgVD_test
41049,0.51851394,0.7284293475429795,lgVD_test
41317,,-0.4127165499597818,lgVD_test
41368,,0.3798752466147615,lgVD_test
41381,,-0.17869257121016047,lgVD_test
41384,,0.2533726095925988,lgVD_test
41385,,-0.3857028286836543,lgVD_test
41428,,-0.5092822534791089,lgVD_test
41684,,-0.234501327869204,lgVD_test
41781,-0.677780705,-0.4623383992062005,lgVD_test
41987,,0.7306026764277962,lgVD_test
42510,,0.7508245091740786,lgVD_test
42586,,-0.25749520140411797,lgVD_test
42614,,-0.21979706680884625,lgVD_test
42616,,0.010056873290794105,lgVD_test
42667,,-0.6351293317335838,lgVD_test
42981,,0.10353277414449488,lgVD_test
43079,,0.7820345304753675,lgVD_test
43085,,-0.829035074955667,lgVD_test
43226,,0.4159521467287786,lgVD_test
43234,,0.6333360527639957,lgVD_test
43260,,0.30214772758274533,lgVD_test
44073,,-0.5910922706160288,lgVD_test
44097,,-0.5081912885686084,lgVD_test
44112,,0.912970935474505,lgVD_test
44463,,0.21870407717804535,lgVD_test
47326,,0.34105353832002877,lgVD_test
47528,0.146128036,-0.09692060065572719,lgVD_test
47866,,0.25230688322047135,lgVD_test
47898,,0.6853886167194654,lgVD_test
47938,,-0.035947771280429,lgVD_test
47965,-0.638272164,-0.45379473602396686,lgVD_test
49750,,0.13766233296185082,lgVD_test
50367,,0.09868010306817646,lgVD_test
50465,,-0.49092365001782917,lgVD_test
50896,,0.6904987283739181,lgVD_test
50897,,0.5331914609719901,lgVD_test
51081,0.176091259,0.07746296843810563,lgVD_test
51556,,-0.4307688670846108,lgVD_test
51605,,0.19712880804167082,lgVD_test
52999,,-0.9520862498699172,lgVD_test
53084,0.146128036,0.2374395001168323,lgVD_test
53232,,0.0023005627926842576,lgVD_test
53276,0.041392685,0.18056270328355495,lgVD_test
54382,,0.6305063629752192,lgVD_test
54454,,0.11051335936923995,lgVD_test
54477,-0.187086643,0.4935364740621216,lgVD_test
54585,,-0.7626940111738016,lgVD_test
54738,,-0.38334148113383176,lgVD_test
54739,,-0.4447642640230531,lgVD_test
54740,,-0.40322470770162655,lgVD_test
54745,,0.468509923399341,lgVD_test
54766,0.204119983,0.1981063125663695,lgVD_test
54778,,0.18230775418814787,lgVD_test
54901,,1.0194629923808252,lgVD_test
54960,,-0.7423816938752807,lgVD_test
55185,,0.6804608565298962,lgVD_test
55473,,0.718914574049619,lgVD_test
55492,,0.20213017723631355,lgVD_test
55756,,-0.37030156433693134,lgVD_test
57469,,0.4529502517442984,lgVD_test
58505,-0.086186148,-0.0026978413408763613,lgVD_test
59708,,-0.15420561890281995,lgVD_test
59823,,0.6589937403820925,lgVD_test
60063,0.278753601,0.02739975386175217,lgVD_test
60149,,0.986155881146046,lgVD_test
60172,-0.37675071,-0.17383135311751302,lgVD_test
60404,-0.366531544,-0.034573758354423556,lgVD_test
60464,0.591064607,0.29850980888965123,lgVD_test
60648,0.041392685,-0.24923668580981848,lgVD_test
60712,,-0.44851352130713457,lgVD_test
60719,,-0.8452139802670053,lgVD_test
60726,-0.958607315,-0.6151524980513287,lgVD_test
60751,,-0.2217465369737418,lgVD_test
60753,1.079181246,0.0006275991655229907,lgVD_test
60795,0.69019608,0.593459838832318,lgVD_test
60831,,0.86855517114131,lgVD_test
60854,0.0,0.5951500374704528,lgVD_test
60855,-0.638272164,-0.48311250811436385,lgVD_test
60857,0.255272505,0.4480841679961584,lgVD_test
60858,,0.6428781365205647,lgVD_test
60871,,-0.033761414898243,lgVD_test
60939,,0.7823310328476243,lgVD_test
61073,,0.3360618461184041,lgVD_test
61247,,0.3560567171590239,lgVD_test
61719,,0.9062536372783527,lgVD_test
61799,,-0.4832921576521574,lgVD_test
62097,,0.013937859322489005,lgVD_test
62210,,-0.12082032104540165,lgVD_test
62276,,0.05500722268494235,lgVD_test
62389,,0.2566783070771627,lgVD_test
62459,,0.13627282877859365,lgVD_test
62485,,0.64473924311841,lgVD_test
62867,,0.4676105266190928,lgVD_test
63062,,0.9539447784075354,lgVD_test
64139,,0.6361014279509682,lgVD_test
64929,,-0.6827714414721886,lgVD_test
64987,,-0.15023947630644693,lgVD_test
65394,,-0.7892533129571664,lgVD_test
65450,,0.06525947858879258,lgVD_test
65755,,-0.7561049640919353,lgVD_test
65820,-0.387216143,-0.04081709391266897,lgVD_test
65863,,0.48871973220746473,lgVD_test
65871,,-0.5658091144687643,lgVD_test
65906,-0.420216403,0.6067192608365226,lgVD_test
65938,,-0.21330675141743688,lgVD_test
65952,,0.927519340982194,lgVD_test
65981,-0.455931956,-0.28073927982892455,lgVD_test
65996,,0.323315212590814,lgVD_test
65999,0.72427587,-0.21816227124210374,lgVD_test
66166,,0.3714341276796193,lgVD_test
66461,,0.42863510251663933,lgVD_test
66494,,-0.8987265464054188,lgVD_test
67172,,-0.29918356424941395,lgVD_test
67174,,-0.4980895554108918,lgVD_test
67542,,-0.10119086506310494,lgVD_test
67734,,-0.11268015767669694,lgVD_test
67815,,-0.04264803934356158,lgVD_test
67818,,-0.1237616710789656,lgVD_test
67821,,-0.1355435294192071,lgVD_test
68602,,0.3518508032474161,lgVD_test
68740,-0.22184875,-0.2790383898789882,lgVD_test
68741,-0.26760624,-0.25941194781467936,lgVD_test
68770,0.51851394,0.22152330267970538,lgVD_test
68778,,0.9233934221403381,lgVD_test
68870,,-0.596781857008492,lgVD_test
68942,,-0.13958542097320734,lgVD_test
69785,,-0.1350106613046005,lgVD_test
69861,,0.661325244793213,lgVD_test
70837,,-0.7854820052859661,lgVD_test
71301,,0.7091187738538027,lgVD_test
71329,0.51851394,-0.04910233958568293,lgVD_test
71453,,-0.40232560331397604,lgVD_test
71482,,-0.19335092772178172,lgVD_test
71616,0.342422681,0.3167028836661335,lgVD_test
71733,0.230448921,0.15763533854418715,lgVD_test
71771,,-0.5220698081654891,lgVD_test
72054,,0.5564097700024706,lgVD_test
72828,,-0.051279361882500124,lgVD_test
72938,,0.4276094259870376,lgVD_test
73282,,-0.8721177112766585,lgVD_test
73665,,0.08891003655980978,lgVD_test
73670,,0.1303581205187075,lgVD_test
73672,,0.26300725223571364,lgVD_test
73675,,0.44045167868607477,lgVD_test
73852,,-0.3706889390715131,lgVD_test
73864,,0.5165786697698473,lgVD_test
74483,,-0.13485192204637517,lgVD_test
75066,,-0.12032743402278735,lgVD_test
75575,,0.04053725630602595,lgVD_test
75576,,0.022498068136190957,lgVD_test
75908,,0.5559379201725334,lgVD_test
76302,,0.1457276434628293,lgVD_test
77222,,-0.13588884350192637,lgVD_test
77463,,0.4780240818616523,lgVD_test
77999,-0.698970004,0.047285297160479745,lgVD_test
78435,,-0.14374731017554265,lgVD_test
79878,,-0.5562598110447436,lgVD_test
80277,,0.8794878377788073,lgVD_test
82146,,0.07730530571724054,lgVD_test
83656,,0.6810873477466857,lgVD_test
83969,,-0.21945099291588585,lgVD_test
83975,,0.6311323944255214,lgVD_test
84029,0.176091259,0.6344398212876623,lgVD_test
84098,,0.10385067147884314,lgVD_test
85026,,0.40255989446097357,lgVD_test
86102,,0.2892850804745881,lgVD_test
86132,,0.4826136515095197,lgVD_test
86137,,-0.3605377675876492,lgVD_test
86138,,0.21781966824853133,lgVD_test
86160,,0.570590630770252,lgVD_test
86173,,0.8135669780378239,lgVD_test
86211,,0.46108060597160555,lgVD_test
86233,,0.35244301444490395,lgVD_test
86296,,0.25789784361600143,lgVD_test
86298,,0.037898723398623047,lgVD_test
86354,,0.3387971929864732,lgVD_test
86367,,0.39956420515385577,lgVD_test
86369,,0.028429939148005012,lgVD_test
86398,,0.08069713555888713,lgVD_test
86400,,-0.048862391565440394,lgVD_test
86412,,0.2136211508992819,lgVD_test
86416,,-0.7331676715226934,lgVD_test
86418,,0.07226346583619778,lgVD_test
86429,,0.1733379180041626,lgVD_test
86443,,-0.6911392968075185,lgVD_test
87250,,-0.17040004923422306,lgVD_test
89386,,0.41391851829494136,lgVD_test
91270,,-0.3241249616634962,lgVD_test
91276,,0.18454027423299352,lgVD_test
91550,,-0.16761119128808655,lgVD_test
91605,,-0.28723159244701735,lgVD_test
91610,,-0.3183637509523086,lgVD_test
91649,,-0.1919122548973312,lgVD_test
91650,,0.17915763398920054,lgVD_test
91655,,0.1584357763015508,lgVD_test
91699,,0.5343728713048941,lgVD_test
91731,,-0.11223731619083716,lgVD_test
91738,,0.49165636496040216,lgVD_test
91739,,-0.8056574966265357,lgVD_test
91744,,0.1633061106285842,lgVD_test
91751,,-0.6948380784849979,lgVD_test
91753,,0.3357665991199571,lgVD_test
91754,,0.8420899952584588,lgVD_test
91756,,-0.6766354556664864,lgVD_test
91757,,0.7765951156904223,lgVD_test
91758,,-0.4750538968581676,lgVD_test
91759,,-0.37855515461431277,lgVD_test
91763,,-0.7815461264920758,lgVD_test
91770,,-0.3403546381802666,lgVD_test
91773,,-0.09413923302928434,lgVD_test
91776,,0.4294579016484074,lgVD_test
91779,,-0.5583961117372787,lgVD_test
91781,,-0.9424886659311091,lgVD_test
92299,,0.1549120435357721,lgVD_test
92425,,-0.03430904633875727,lgVD_test
92434,,-0.6322030016333597,lgVD_test
92727,,-0.30138702441842846,lgVD_test
92873,,-0.2638585922742668,lgVD_test
93052,,-0.37930194402762807,lgVD_test
93118,,-0.08462699220776679,lgVD_test
93162,,0.7090431489044422,lgVD_test
93379,,-0.3315101916453027,lgVD_test
93516,,0.056511764986174245,lgVD_test
93541,,0.22199854786699075,lgVD_test
96088,,0.3332335737692107,lgVD_test
104838,-0.619788758,-0.6281006099799364,lgVD_test
104850,,0.45833004022243523,lgVD_test
104865,-0.537602002,-0.04814385277066041,lgVD_test
105010,,-0.06324169678721232,lgVD_test
105031,,0.3409097639447284,lgVD_test
107646,,0.04273331433088193,lgVD_test
107688,,-0.153025103992846,lgVD_test
107760,,0.5406621869984265,lgVD_test
107838,,0.7260055601501385,lgVD_test
107994,-0.886056648,-0.10406407047229915,lgVD_test
107996,,0.2123181359744697,lgVD_test
108031,,0.8121763785481166,lgVD_test
108057,,-0.15595813287986143,lgVD_test
108143,,-0.08714322995916524,lgVD_test
115224,,0.2349954574610827,lgVD_test
115237,0.747078717,0.7040602207996998,lgVD_test
115355,,-0.2741257956726425,lgVD_test
116545,,-0.5667049104839337,lgVD_test
119607,-0.124938737,0.06861180376756693,lgVD_test
121892,0.397940009,0.18800080354676868,lgVD_test
122010,,-0.17127705109552013,lgVD_test
122087,,0.4904962374466261,lgVD_test
122116,,-0.16400283640771068,lgVD_test
122252,,0.9080028037454462,lgVD_test
122316,,0.2147350265324089,lgVD_test
124072,,-0.0898221612736841,lgVD_test
124087,,1.0623156074993134,lgVD_test
124431,,0.9113483312529873,lgVD_test
125017,,0.6344958642442144,lgVD_test
125098,,0.03257385784625108,lgVD_test
125368,,0.0479407947643922,lgVD_test
126941,-0.366531544,0.091609352564849,lgVD_test
129211,-0.677780705,-0.0231999905395414,lgVD_test
129497,,0.4228257013867675,lgVD_test
129539,,0.40192457613561644,lgVD_test
130021,,-0.393521319422262,lgVD_test
130904,,0.8241477077337027,lgVD_test
131182,,0.18583649764843563,lgVD_test
132231,,0.7653784195959759,lgVD_test
132787,,0.6904789921596932,lgVD_test
149096,0.079181246,0.0921611971880085,lgVD_test
150610,-0.920818754,-0.6402539297921994,lgVD_test
150716,,-0.3312169686045206,lgVD_test
151067,,-0.6070931091187459,lgVD_test
151075,,-0.040564557204471316,lgVD_test
151115,,0.5926379629558329,lgVD_test
151166,,-0.5631012961012936,lgVD_test
151170,,-0.4907944765303727,lgVD_test
151171,-0.119186408,0.2045288716228973,lgVD_test
151172,,0.012844568660061118,lgVD_test
151174,-0.552841969,-0.4825441763098877,lgVD_test
152946,0.146128036,0.15646818718397998,lgVD_test
153974,,0.7414106355975583,lgVD_test
155774,-0.193820026,-0.08769988608796384,lgVD_test
155815,,-0.3386363365250836,lgVD_test
156328,,0.45658107427725253,lgVD_test
156422,,1.016540106094387,lgVD_test
156850,,0.347869180134199,lgVD_test
157047,,0.6441785659163111,lgVD_test
158781,-0.614649118,-0.5679750291586323,lgVD_test
161464,,0.13377989234112736,lgVD_test
164087,,0.8531519052121761,lgVD_test
175805,-0.124938737,0.045218246510071336,lgVD_test
175967,,-0.31998144653081007,lgVD_test
176167,,0.5670692802075461,lgVD_test
176879,,-0.1127528547391024,lgVD_test
177355,,-0.7546946691674936,lgVD_test
182336,,0.5581234228831273,lgVD_test
182475,,-0.12333509882706434,lgVD_test
182951,,0.3674460063377026,lgVD_test
183797,-0.638272164,-0.2964230499350472,lgVD_test
183812,,0.09939541717586492,lgVD_test
188653,,0.777541521722896,lgVD_test
204102,,0.26222553788307423,lgVD_test
208898,1.301029996,0.4004858860385067,lgVD_test
208908,,0.6776450997562495,lgVD_test
213013,,0.05346584733591911,lgVD_test
213016,,0.5407028932053106,lgVD_test
213021,,0.27509226454895125,lgVD_test
213023,,0.4334489257461132,lgVD_test
213027,,0.1078210551727451,lgVD_test
213031,,0.41034579007234756,lgVD_test
213032,,-0.2059473105422137,lgVD_test
213043,,0.50920490938905,lgVD_test
214356,-0.823908741,-0.5262051384233635,lgVD_test
215639,,-0.13924052870418321,lgVD_test
216210,-0.070581074,0.16543943907372544,lgVD_test
216235,,-0.08356550738210242,lgVD_test
242973,,0.15700997126151084,lgVD_test
248862,,0.17353963062377148,lgVD_test
249098,,0.403744826065554,lgVD_test
254320,,0.11258896920936112,lgVD_test
256278,,0.5618571586519769,lgVD_test
274115,,-0.3784044271528149,lgVD_test
274159,,0.2788933874669012,lgVD_test
293810,,0.19644505569350806,lgVD_test
300385,,0.12007316405493085,lgVD_test
319260,,0.5789929901614903,lgVD_test
319954,,0.3296400887516795,lgVD_test
354624,,0.4125024306792621,lgVD_test
394397,,-0.5358979431756035,lgVD_test
396646,,0.7524511927573367,lgVD_test
400633,,-0.057328175370367274,lgVD_test
411697,,0.715837054084639,lgVD_test
417452,,-0.1555243808653651,lgVD_test
429017,,0.1660980669456219,lgVD_test
439739,,0.47967031672035737,lgVD_test
441140,,-0.03607460943860087,lgVD_test
441243,0.556302501,0.10912921674014292,lgVD_test
441314,-0.552841969,0.07498072214958215,lgVD_test
443031,,-0.4712891062029945,lgVD_test
443879,0.176091259,0.7963927084554692,lgVD_test
446156,-0.48148606,-0.15332701340289803,lgVD_test
446598,-0.102372909,-0.207786173210646,lgVD_test
447912,,0.18729202911295412,lgVD_test
448014,,-0.29152501117705787,lgVD_test
448677,,-0.5186300942727446,lgVD_test
449035,,-0.48268510164935685,lgVD_test
449193,0.283301229,0.6934225988485014,lgVD_test
453069,,0.6642004630219625,lgVD_test
455468,,0.3089881853274287,lgVD_test
459877,,0.1292609740450798,lgVD_test
461399,0.176091259,0.1694247882721137,lgVD_test
468595,,0.6412440075522026,lgVD_test
481709,,-0.42155118778109507,lgVD_test
481711,,-0.3189356008592839,lgVD_test
484898,,0.41651674428538193,lgVD_test
490476,,-0.4905226668529167,lgVD_test
500199,,0.4242810583351055,lgVD_test
504312,,0.17058965612704474,lgVD_test
504457,,0.527236684084406,lgVD_test
506074,,-0.5756693814548126,lgVD_test
507868,,-0.36754503241250913,lgVD_test
510212,,0.5969249975824946,lgVD_test
521308,,0.43939019384818484,lgVD_test
521928,,0.8315338971407311,lgVD_test
522636,,0.2463034436806275,lgVD_test
541103,,0.8234281383143418,lgVD_test
541123,,0.349576905961462,lgVD_test
599772,,0.7979833707732613,lgVD_test
616765,,0.3359741282331664,lgVD_test
619285,,0.4416601363716937,lgVD_test
624590,,0.19861825510534942,lgVD_test
633097,,0.3666323981075756,lgVD_test
644809,,-0.5692364066417817,lgVD_test
646135,,-0.6374062315015652,lgVD_test
647120,,0.4689488386093474,lgVD_test
649290,,-0.2579790863163348,lgVD_test
650148,,0.16690186589567357,lgVD_test
650703,,-0.10534526562227003,lgVD_test
652840,,-0.14676691765789704,lgVD_test
653473,,-0.1809176301567073,lgVD_test
656344,,-0.12988330753906843,lgVD_test
656982,,-0.2486233232536199,lgVD_test
658856,,0.2894138145018907,lgVD_test
665387,,-0.15359558765993522,lgVD_test
667657,,0.06913648764698582,lgVD_test
668390,,-0.3036330604450804,lgVD_test
669092,,-0.062213952621712906,lgVD_test
688763,,0.0801735991540522,lgVD_test
697993,,0.17784402705335306,lgVD_test
707035,,0.05648059904840236,lgVD_test
711223,,0.3480869047603534,lgVD_test
731455,,-0.008551749459802693,lgVD_test
752807,,0.31102051901484756,lgVD_test
752812,,-0.04459419376705798,lgVD_test
757671,,-0.03658879491415502,lgVD_test
768655,,-0.23524249247296752,lgVD_test
776740,,-0.19081104231363902,lgVD_test
789893,,-0.06800695478486414,lgVD_test
804228,,0.1936898466480893,lgVD_test
806021,,0.3638228676134327,lgVD_test
807100,,-0.4074937492151544,lgVD_test
808844,,-0.27416102741953735,lgVD_test
839099,,-0.32945269059549764,lgVD_test
840853,,-0.14263582617122234,lgVD_test
851157,,-0.21430620070583167,lgVD_test
853790,,-0.8019745980872994,lgVD_test
854749,,-0.29487159178764444,lgVD_test
856421,,0.3557328175778145,lgVD_test
864334,,-0.6300439208984516,lgVD_test
881003,,-0.218206924085879,lgVD_test
931186,,-0.24528441144949167,lgVD_test
941651,,0.5559706008476759,lgVD_test
946898,,0.7864622008379214,lgVD_test
965336,,-0.08235275930951161,lgVD_test
973122,,-0.8665664467742478,lgVD_test
979755,,-0.3371018823389278,lgVD_test
1012759,,-0.47927569786417906,lgVD_test
1034421,,0.43931364659461086,lgVD_test
1048267,,-0.5137963116887816,lgVD_test
1067829,,0.9075043523779545,lgVD_test
1088438,,-0.15594855763750118,lgVD_test
1150897,,0.23460690529321127,lgVD_test
1153439,,-0.12206823299931527,lgVD_test
1226363,,-0.08122044996486916,lgVD_test
1246102,,-0.41847740018213025,lgVD_test
1252823,,0.29890792944176875,lgVD_test
1374121,,-0.005629362015959566,lgVD_test
1470715,,0.10015377810474033,lgVD_test
1470719,,-0.018230172389661584,lgVD_test
1470839,,-0.13609959515801073,lgVD_test
1470848,,-0.023182016146591627,lgVD_test
1474141,,-0.09530380873545043,lgVD_test
1483671,,-0.42997977415410743,lgVD_test
1536986,,-0.20478425367104253,lgVD_test
1548994,,-0.022237756752570892,lgVD_test
1549000,,-0.37777863462953076,lgVD_test
1987212,,-0.20161202521323957,lgVD_test
2072949,,0.2557269926177412,lgVD_test
2086961,,0.435582783154513,lgVD_test
2106159,,-0.22259024989500592,lgVD_test
2129427,,-0.38895181021575714,lgVD_test
2161807,,-0.28333118213379715,lgVD_test
2187415,,-0.13736965164396245,lgVD_test
2306530,,-0.004911009230603669,lgVD_test
2399901,,-0.17169710421053885,lgVD_test
2583694,,-0.3832366035027608,lgVD_test
2596914,,-0.0154896832977027,lgVD_test
2723601,0.460897843,0.028580468697446182,lgVD_test
2738343,,0.13832160406021787,lgVD_test
2741649,,0.49084654238063613,lgVD_test
2747154,,0.5293286636801906,lgVD_test
2755911,,-0.31184979848627414,lgVD_test
2764068,,0.1549177432119534,lgVD_test
2766326,,0.7708502296165805,lgVD_test
2766807,,-0.49563004454847864,lgVD_test
2795955,,0.5028494481837196,lgVD_test
2804743,,0.16182108042455445,lgVD_test
2804997,,0.48874647578499936,lgVD_test
2807133,,-0.20561224960512173,lgVD_test
2824466,,-0.030784407593621707,lgVD_test
2835211,,0.5996137038612923,lgVD_test
2858699,,-0.30849677462934433,lgVD_test
2864688,,0.2817998592172202,lgVD_test
2880709,,-0.20909969888987537,lgVD_test
2933592,,-0.1807187896140547,lgVD_test
2951910,,0.8051389027281017,lgVD_test
2973198,,0.09730592689869541,lgVD_test
3000226,,-0.22735526667548367,lgVD_test
3000540,0.0,-0.2486137941365853,lgVD_test
3022645,,0.13498419239184145,lgVD_test
3025811,,-0.11130804081931205,lgVD_test
3025944,,0.14140364059443516,lgVD_test
3026856,,0.5414291663905308,lgVD_test
3029409,,0.0745766586773291,lgVD_test
3032791,,-0.1177499334739267,lgVD_test
3033226,,-0.055479188294599316,lgVD_test
3033626,,-0.04609101398808027,lgVD_test
3038517,,0.19202782266850688,lgVD_test
3081304,,-0.4601862412583807,lgVD_test
3083546,,0.17654084731029468,lgVD_test
3115757,,0.01270429900825601,lgVD_test
3117357,,-0.0188041938895889,lgVD_test
3137736,,0.29253469720033043,lgVD_test
3146235,,0.08807899579446726,lgVD_test
3197630,,-0.436209300865013,lgVD_test
3240858,,-0.38062736909070133,lgVD_test
3243871,,-0.26342167152241025,lgVD_test
3317081,,0.45295728930704265,lgVD_test
3342298,,-0.10590128719656491,lgVD_test
3353638,,-0.31290240097704974,lgVD_test
3366298,,-0.10067365716987402,lgVD_test
3379829,,0.4321165956875947,lgVD_test
3391107,,0.7680813802322144,lgVD_test
3430687,,0.03220167351687156,lgVD_test
3473995,,0.3169075370557778,lgVD_test
3504707,,0.058392563080550186,lgVD_test
3565209,,0.09856245645670722,lgVD_test
3572127,,-0.2089149908451251,lgVD_test
3606392,,0.27286990569100555,lgVD_test
3637030,,0.9011385522925839,lgVD_test
3714053,,0.42534671197787494,lgVD_test
3715739,,-0.12085719855885209,lgVD_test
3717450,,0.08093999120563272,lgVD_test
3763520,,0.49605722411753334,lgVD_test
3787925,,0.3334952559364709,lgVD_test
3794430,,0.36941654174307487,lgVD_test
3814068,,0.22350072278394467,lgVD_test
3829283,,0.39253026445209266,lgVD_test
3831985,,0.7304968910980632,lgVD_test
3854666,,-0.43207095415772806,lgVD_test
3874387,,-0.3007479805629071,lgVD_test
4014291,,-0.10516610992246667,lgVD_test
4092426,,0.1390829919002668,lgVD_test
4101947,,-0.48423975783023837,lgVD_test
4104620,,-0.3441094455208799,lgVD_test
4104621,,-0.24872800053815317,lgVD_test
4113848,,0.11157534687943457,lgVD_test
4169159,,0.006990042991593753,lgVD_test
4181867,,0.13557459897513263,lgVD_test
4183806,,0.26441902547793544,lgVD_test
4293406,,-0.2985282815132175,lgVD_test
4302940,,0.19101669215888517,lgVD_test
4307629,,0.12334139501833541,lgVD_test
4369524,,0.26080056370460264,lgVD_test
4400696,,-0.07136184149597767,lgVD_test
4432690,,-0.13888699023800338,lgVD_test
4460698,,-0.1305844856757407,lgVD_test
4460995,,0.6893290751291483,lgVD_test
4474225,,-0.40217841042479985,lgVD_test
4474936,,-0.2408838870106901,lgVD_test
4475098,,-0.1678308566324473,lgVD_test
4475886,,-0.11315897044105383,lgVD_test
4487900,,-0.49644039964666764,lgVD_test
4488114,,-0.3932606364049914,lgVD_test
4519532,,-0.583445631715414,lgVD_test
4560140,,0.28487857850879916,lgVD_test
4580358,,-0.15149534699955636,lgVD_test
4611851,,-0.04701119104540294,lgVD_test
4616292,,0.18212964312396862,lgVD_test
4630261,,-0.8524357967007068,lgVD_test
4630412,,-0.7548104008917935,lgVD_test
4636600,,0.008910893048401314,lgVD_test
4659180,,0.3452452504414215,lgVD_test
4659388,,0.46858425118204045,lgVD_test
4659568,,-0.4650942300021474,lgVD_test
4687013,,-0.03072100941092097,lgVD_test
4687521,,-0.034925668415148325,lgVD_test
4751686,,-0.6938506146037018,lgVD_test
4899465,,-0.023888167630191873,lgVD_test
4908365,,0.42050974662697765,lgVD_test
4914117,,0.7429856899374965,lgVD_test
4979942,,0.44461684507253435,lgVD_test
4988454,,0.08840460975713427,lgVD_test
5078908,,-0.10289828453903443,lgVD_test
5150939,,0.1289272985169811,lgVD_test
5176753,,-0.18355297136848284,lgVD_test
5201447,,-0.3128180361467957,lgVD_test
5206924,,-0.3796606616652213,lgVD_test
5229712,,-0.7917180686096057,lgVD_test
5230270,,0.6010355176134432,lgVD_test
5275444,,-0.3405607990098894,lgVD_test
5275766,,0.5980187619062662,lgVD_test
5279171,,-0.1781356506726119,lgVD_test
5280053,,-0.4240790364060953,lgVD_test
5280373,,-0.4247325573206769,lgVD_test
5280961,,-0.5482409629028122,lgVD_test
5281037,-0.769551079,-0.5680969582750379,lgVD_test
5281040,-0.823908741,-0.08468186114854853,lgVD_test
5281708,,-0.4298145943081945,lgVD_test
5281881,,0.6578937531587963,lgVD_test
5282181,,-0.4113705093707457,lgVD_test
5282337,,-0.2953217917245555,lgVD_test
5282339,,0.5243860968006988,lgVD_test
5282380,,-0.17498127790173568,lgVD_test
5282443,,0.7000545204373889,lgVD_test
5282539,,0.4858512534832648,lgVD_test
5282542,,0.5568134072835988,lgVD_test
5282545,,0.2925213664130702,lgVD_test
5284371,0.544068044,0.3830825834488389,lgVD_test
5284566,,0.5122626727405699,lgVD_test
5284596,0.230448921,0.6588447206896717,lgVD_test
5284603,0.397940009,0.5344410066099143,lgVD_test
5288320,,-0.07100072325536763,lgVD_test
5288494,,-0.2552509272372797,lgVD_test
5288826,0.361727836,0.5018060132862336,lgVD_test
5309581,,0.22904142112350095,lgVD_test
5310993,,-0.45409297080976174,lgVD_test
5311426,,0.9766259671036404,lgVD_test
5328120,,0.22707693635114123,lgVD_test
5329328,,0.23692652420095833,lgVD_test
5329329,,0.5921998016699943,lgVD_test
5329330,,0.24331487387693007,lgVD_test
5329331,,0.12715548830636142,lgVD_test
5329332,,0.2098840196015886,lgVD_test
5329333,,0.06453833336363068,lgVD_test
5329334,,0.19243313288969005,lgVD_test
5329335,,0.15055335190671243,lgVD_test
5329336,,0.11918538087142094,lgVD_test
5330524,,0.8032345938328875,lgVD_test
5330790,,0.2870406108340319,lgVD_test
5361092,1.079181246,0.6683135057449394,lgVD_test
5362065,-0.619788758,-0.7083398346588448,lgVD_test
5362119,-0.050609993,0.009601289524814066,lgVD_test
5362124,,-0.284499280393664,lgVD_test
5362129,,-0.2735936946228849,lgVD_test
5362440,-0.086186148,0.06504528672542234,lgVD_test
5385077,,-0.019172509164474452,lgVD_test
5388962,,-0.22959853253604237,lgVD_test
5392139,,-0.3645242048447598,lgVD_test
5462501,-0.420216403,-0.0798237076368655,lgVD_test
5466794,,0.3228713099092572,lgVD_test
5479530,-0.920818754,-0.872655000424807,lgVD_test
5479537,-0.552841969,-0.47282204207042955,lgVD_test
5487888,-0.552841969,-0.5705941804043924,lgVD_test
5715869,,-0.051230783783114575,lgVD_test
5742673,-0.721246399,-0.6810668846871084,lgVD_test
5742832,-0.744727495,-0.5083609217687234,lgVD_test
5743186,,-0.034667812611184,lgVD_test
6101856,,1.4229443411546638,lgVD_test
6102792,,-0.3369529311448442,lgVD_test
6328646,,-0.2955081414201695,lgVD_test
6410758,-0.657577319,-0.6586152405610624,lgVD_test
6419807,,0.5510367598452091,lgVD_test
6422843,,-0.0289554222961724,lgVD_test
6433102,,0.3147962994579138,lgVD_test
6433110,0.230448921,0.629641191348074,lgVD_test
6436013,,0.31881634369306744,lgVD_test
6450817,,0.7520937358163025,lgVD_test
6451164,,0.6410361545212884,lgVD_test
6478681,,-0.38949924343070624,lgVD_test
6478689,,-0.4610323778899706,lgVD_test
6479022,,-0.41968405738166775,lgVD_test
6479024,,-0.3971369256119952,lgVD_test
6540210,,0.29139011507456375,lgVD_test
6603939,,0.12220818692286056,lgVD_test
6619879,,0.25251775415855937,lgVD_test
6803597,,-0.5534892968768235,lgVD_test
6850811,,-0.1077277212639179,lgVD_test
6914657,,-0.36562874957069447,lgVD_test
6915744,,0.5386302152924289,lgVD_test
6916151,,-0.1542028671671078,lgVD_test
6918554,1.28780173,0.7463217938484352,lgVD_test
6918643,,-0.1956934463783739,lgVD_test
6918924,,0.21469408300049148,lgVD_test
7386658,,0.05081473894018912,lgVD_test
7483151,,-0.455351144207998,lgVD_test
7586151,,-0.3944665823887825,lgVD_test
7594067,,-0.20998637003590537,lgVD_test
7687661,,-0.4085406670586346,lgVD_test
7802604,,0.5065419864180174,lgVD_test
8068410,,0.18892316113997332,lgVD_test
8097905,,0.09487881999212969,lgVD_test
9551399,,-0.006200939334405936,lgVD_test
9794475,,0.06021447084647466,lgVD_test
9795327,,0.0440436609100506,lgVD_test
9799417,,0.49704763817821823,lgVD_test
9800339,,0.4583973648373008,lgVD_test
9804052,,-0.16026587126769318,lgVD_test
9808828,,0.6160360463153769,lgVD_test
9809656,-0.638272164,-0.6488780586440219,lgVD_test
9811357,,0.05924984530540672,lgVD_test
9817917,,0.5399557550035052,lgVD_test
9818903,,0.681936119083616,lgVD_test
9819350,,-0.35332749876720826,lgVD_test
9821945,,0.30245599506704385,lgVD_test
9822241,,0.47061547826157374,lgVD_test
9826520,,0.9019986295234024,lgVD_test
9827968,,0.0007418618629284335,lgVD_test
9837038,,-0.4107356634621645,lgVD_test
9837769,,0.13082145041962262,lgVD_test
9839360,,-0.4112380197592402,lgVD_test
9841240,,-0.16251014344498507,lgVD_test
9841364,,0.5499018262927717,lgVD_test
9841667,,-0.17796604205252511,lgVD_test
9842742,,0.5960040368581208,lgVD_test
9845817,,0.4220352566831386,lgVD_test
9846410,,-0.006660632259325644,lgVD_test
9852981,-0.27572413,-0.6937008234422668,lgVD_test
9853559,,-0.3842750973469001,lgVD_test
9853710,,-0.25279172403598454,lgVD_test
9862076,,-0.1264957421799636,lgVD_test
9864647,,1.0828587412879844,lgVD_test
9865365,,-0.08889906548416848,lgVD_test
9865774,,0.15770027083486943,lgVD_test
9866250,,0.11554714133531291,lgVD_test
9866964,,-0.16445784639589495,lgVD_test
9867609,,-0.10088233294337756,lgVD_test
9869105,,0.37886010430040434,lgVD_test
9870183,,-0.27395363049820165,lgVD_test
9870185,,0.3427779792198745,lgVD_test
9870627,,0.037031250690045064,lgVD_test
9877750,,0.4338430276700577,lgVD_test
9881626,,0.1633244734249279,lgVD_test
9882672,,0.6621791172148428,lgVD_test
9883333,,0.04303144867583095,lgVD_test
9884103,,-0.5794317091905563,lgVD_test
9885204,,0.9049326421712083,lgVD_test
9885323,,0.5605087690845354,lgVD_test
9885495,,0.188857133155178,lgVD_test
9886249,,0.5890004771073645,lgVD_test
9889871,,-0.029100021076306534,lgVD_test
9890816,,-0.47573248456015815,lgVD_test
9890863,,1.0167651844877341,lgVD_test
9895868,,0.5226747692076745,lgVD_test
9896267,,0.19494622693464275,lgVD_test
9896918,,-0.3342820995085116,lgVD_test
9899945,,0.4001730452439311,lgVD_test
9903497,,0.07798348116317774,lgVD_test
9905588,,-0.3229168596074036,lgVD_test
9906124,,0.23526385211330886,lgVD_test
9906973,,0.7749449032166806,lgVD_test
9907093,,0.36047462761644283,lgVD_test
9908306,,0.7556409909532742,lgVD_test
9908783,,0.2699554215526235,lgVD_test
9910169,,0.8520780252957667,lgVD_test
9910790,,-0.03721339844055502,lgVD_test
9913085,,0.6585398049772229,lgVD_test
9913233,,-0.46817078390973693,lgVD_test
9913767,,-0.07149469562959512,lgVD_test
9915041,,0.17949850832860365,lgVD_test
9916282,,0.6954425143940564,lgVD_test
9917862,,0.007044124291513049,lgVD_test
9925334,,0.2786844434833394,lgVD_test
9925908,,0.3012604001408183,lgVD_test
9926615,,-0.28902730505997326,lgVD_test
9927727,,0.33110190404975814,lgVD_test
9929222,,-0.39085586491361923,lgVD_test
9930941,,-0.2468998234903209,lgVD_test
9931329,,0.42135173688974065,lgVD_test
9931954,0.515873844,1.0126778405288719,lgVD_test
9932580,,0.5838419646094277,lgVD_test
9932689,,0.5252211721001157,lgVD_test
9936739,,0.10060023559850895,lgVD_test
9939050,,0.05114798582477123,lgVD_test
9944610,,0.39441809665148236,lgVD_test
9949821,,0.05287097425743273,lgVD_test
9951932,,-0.3262995513174367,lgVD_test
9952109,,-0.1865809000913623,lgVD_test
9953906,,0.46945270970769953,lgVD_test
9954607,,0.015184974765140219,lgVD_test
9954899,,0.2449875061296366,lgVD_test
9955534,,-0.36652947116600193,lgVD_test
9955782,,-0.03559209377317593,lgVD_test
9955886,,-0.6732673231184585,lgVD_test
9956119,,0.907662775319215,lgVD_test
9959269,,0.24751847588330045,lgVD_test
9971942,,0.2004780220108629,lgVD_test
9974121,,-0.44842234636187556,lgVD_test
9984136,,0.07431668066742017,lgVD_test
10002122,,-0.09120503012893522,lgVD_test
10002440,,0.013119210639338852,lgVD_test
10005242,,0.08044577511152792,lgVD_test
10018576,,0.09886281688134765,lgVD_test
10022229,,-0.42011071543977935,lgVD_test
10023121,,0.7135425267870008,lgVD_test
10023245,,-0.40240715767801255,lgVD_test
10024898,,0.07806867231336206,lgVD_test
10024993,,0.42137550514198135,lgVD_test
10026604,,-0.17214459462728304,lgVD_test
10046404,,-0.10080230205737283,lgVD_test
10046647,,0.7169738136879158,lgVD_test
10047141,,-0.4832847524137955,lgVD_test
10047731,,0.2906659107471605,lgVD_test
10065020,,0.6553585355264158,lgVD_test
10066327,,-0.3877312775451145,lgVD_test
10069991,,-0.42667564791608326,lgVD_test
10073306,,-0.41301610103693626,lgVD_test
10074190,,-0.45309550047799235,lgVD_test
10084648,,1.0668308527095272,lgVD_test
10090208,,-0.5103844294296759,lgVD_test
10092649,,0.7181728391558457,lgVD_test
10094246,,-0.2709777607834295,lgVD_test
10094429,,0.3161665557949549,lgVD_test
10095464,,-0.050612679315759024,lgVD_test
10096162,,0.03704189866161112,lgVD_test
10096946,,0.1922755079502786,lgVD_test
10097037,,-0.01898002708246596,lgVD_test
10097082,,0.7869916735576634,lgVD_test
10108847,,0.39506929655752315,lgVD_test
10109058,,0.2915245523033287,lgVD_test
10112695,,-0.15550999058609996,lgVD_test
10113744,,-0.155068317356474,lgVD_test
10115684,,0.13003594354483683,lgVD_test
10126799,,0.07035828794520654,lgVD_test
10131006,,-0.35666876237541645,lgVD_test
10134976,,-0.3028149608056515,lgVD_test
10135509,,-0.34571325649018164,lgVD_test
10136016,,0.2467249504862284,lgVD_test
10137016,,0.16739773827085136,lgVD_test
10139173,,-0.01313547816024338,lgVD_test
10140931,,-0.34843048456157333,lgVD_test
10141691,,0.004715167629831429,lgVD_test
10155136,,0.3796698294940722,lgVD_test
10160166,,-0.09410610517944744,lgVD_test
10161305,,-0.10458013440288219,lgVD_test
10167277,,0.5738295296311218,lgVD_test
10171487,,0.4149085999545267,lgVD_test
10171540,,-0.09734223816280348,lgVD_test
10175096,,0.4207600806928313,lgVD_test
10175126,,0.19049293496016867,lgVD_test
10182400,,-0.28515309561880586,lgVD_test
10183134,,0.4378567386331504,lgVD_test
10184774,,0.39453943273208886,lgVD_test
10194504,,-0.23491100430353198,lgVD_test
10202422,,0.5818305594901334,lgVD_test
10210815,,0.13531885021512818,lgVD_test
10215932,,-0.46003305023671,lgVD_test
10223158,,-0.2749108555987084,lgVD_test
10224207,,-0.08983143091003809,lgVD_test
10231705,,0.6323334885337213,lgVD_test
10237369,,-0.46355037487685397,lgVD_test
10239342,,0.1827566784414223,lgVD_test
10239608,,0.22537367686517396,lgVD_test
10239769,,0.16111457988301203,lgVD_test
10250606,,0.17639947988198001,lgVD_test
10250607,,0.2562585688261847,lgVD_test
10268287,,0.3974456251982366,lgVD_test
10273252,,1.02137465855769,lgVD_test
10278166,,0.6582090614673595,lgVD_test
10278617,,0.549396902039964,lgVD_test
10279136,,0.3979959152263453,lgVD_test
10282265,,0.46398960516765214,lgVD_test
10287138,,-0.2644020346906252,lgVD_test
10287292,,-0.16762895414117834,lgVD_test
10290834,,-0.12148723726803945,lgVD_test
10291931,,0.37030260433113354,lgVD_test
10291948,,0.4255105615902059,lgVD_test
10293231,,0.04915634779613526,lgVD_test
10298858,,0.1391654332493752,lgVD_test
10302451,,1.3825660744898542,lgVD_test
10308710,,-0.03474267830781888,lgVD_test
10310138,,-0.1582860517716967,lgVD_test
10310524,,0.006561963582791069,lgVD_test
10310632,,0.7417670160623213,lgVD_test
10311867,,0.28013461510751114,lgVD_test
10316203,,1.1862362538741433,lgVD_test
10326800,,0.685143161661214,lgVD_test
10332398,,0.15630450342502394,lgVD_test
10337564,,-0.5279059433176503,lgVD_test
10340798,,-0.053587381182542346,lgVD_test
10341154,,-0.029663505170344995,lgVD_test
10347529,,-0.28308646240134605,lgVD_test
10348973,,0.6664436199240071,lgVD_test
10364560,,0.36210935594684907,lgVD_test
10367012,,-0.07975335921178534,lgVD_test
10376960,,-0.32089590172613364,lgVD_test
10387417,,0.10651307711417124,lgVD_test
10387489,,0.26031403789630875,lgVD_test
10389239,,-0.45921683828697885,lgVD_test
10405318,,-0.6632723645204743,lgVD_test
10407275,,-0.41559948167256483,lgVD_test
10407503,,-0.3431454056501483,lgVD_test
10409908,,-0.36392931063721556,lgVD_test
10410468,,0.0810268683107288,lgVD_test
10411605,,-0.39004710491492695,lgVD_test
10411907,,0.619718554954205,lgVD_test
10412910,,-0.3100351145180859,lgVD_test
10428273,,-0.3739495225915952,lgVD_test
10430450,,0.21538210879558056,lgVD_test
10432087,,-0.2056653879640884,lgVD_test
10433988,,-0.12141683388106311,lgVD_test
10452640,,0.10594942022129367,lgVD_test
10456473,,-0.42201661075157515,lgVD_test
10459564,,0.9989238002373351,lgVD_test
10465965,,0.33840550799587993,lgVD_test
10470886,,0.34938898073151614,lgVD_test
10476254,,-0.14802501525258532,lgVD_test
10477093,,0.21301505538844406,lgVD_test
10477191,,0.14087019195396888,lgVD_test
10477292,,-0.15073030171305576,lgVD_test
10478142,,0.10449937976690815,lgVD_test
10478515,,0.2446531770533798,lgVD_test
10479502,,-0.0709242729778896,lgVD_test
10483360,,-0.2770761116075318,lgVD_test
10529121,,-0.48982132583258514,lgVD_test
10643071,,-0.00839305625420414,lgVD_test
10669349,,-0.2798431435216645,lgVD_test
10714850,,0.03383816393490563,lgVD_test
10729608,,-0.15070909727715048,lgVD_test
10742217,,-0.46791339686335165,lgVD_test
10809911,,0.03211823911946737,lgVD_test
10833571,,-0.2370771429535155,lgVD_test
10861643,,0.10904855456702997,lgVD_test
11027582,,-0.613811863930281,lgVD_test
11058021,,0.6016731719200288,lgVD_test
11097730,,-0.6861328697176705,lgVD_test
11122429,,-0.44006623809728623,lgVD_test
11134241,,-0.2604340708388463,lgVD_test
11139492,,0.40845728393984065,lgVD_test
11149862,,0.591811543450971,lgVD_test
11152667,,0.40450586452473286,lgVD_test
11154496,,-0.5017393550197151,lgVD_test
11155871,,0.08722197291748479,lgVD_test
11159621,,-0.308464818956914,lgVD_test
11185559,,0.6411757490223804,lgVD_test
11188322,,0.2670564216974156,lgVD_test
11189402,,-0.4323188242631167,lgVD_test
11189693,,0.204400723081907,lgVD_test
11189887,,-0.04383491293347826,lgVD_test
11193842,,0.18317304687679725,lgVD_test
11200189,,0.6300450320747644,lgVD_test
11200344,,0.14877596922488345,lgVD_test
11225163,,-0.06061001897727486,lgVD_test
11226207,,-0.3722343949370713,lgVD_test
11227406,,0.3324820243304347,lgVD_test
11236372,,0.02782774183347317,lgVD_test
11243969,,0.06737112076109089,lgVD_test
11244984,,0.32161194435545387,lgVD_test
11246973,,0.6849382916859044,lgVD_test
11248978,,0.13595512366493046,lgVD_test
11258980,,-0.24024833043798158,lgVD_test
11271947,,-0.3729365080630685,lgVD_test
11272103,,-0.007723576769151835,lgVD_test
11281300,,-0.5911921396979745,lgVD_test
11284707,,-0.5104264584675344,lgVD_test
11289630,,-0.43797184986315185,lgVD_test
11292789,,-0.23733272635338448,lgVD_test
11293438,,-0.051530145904094785,lgVD_test
11302765,,0.7207108827548541,lgVD_test
11307532,,0.22954740913542065,lgVD_test
11313946,,0.24334951520231124,lgVD_test
11314287,,0.6611283772892074,lgVD_test
11319053,-0.065501549,0.12829778994930163,lgVD_test
11320069,,0.028346114003057837,lgVD_test
11325699,,-0.7483895000390088,lgVD_test
11326126,,-0.6753913279957728,lgVD_test
11328012,,0.2740232725508751,lgVD_test
11328459,,-0.1184710848902805,lgVD_test
11329244,,0.4654712138811527,lgVD_test
11334232,,-0.15116717335311342,lgVD_test
11338777,,-0.7419883155586764,lgVD_test
11340230,,-0.5240027341881754,lgVD_test
11340940,,0.03172174637132408,lgVD_test
11351875,,-0.13624731213448119,lgVD_test
11361885,,-0.30667570274228195,lgVD_test
11372308,,0.3014466059603942,lgVD_test
11372756,,0.34052152457767076,lgVD_test
11373432,,0.3227542264256968,lgVD_test
11375301,,0.3171356691904328,lgVD_test
11381416,,-0.2619634345529225,lgVD_test
11403482,,-0.7461670210453812,lgVD_test
11405875,,-0.49123544283359893,lgVD_test
11407074,,-0.181051085268494,lgVD_test
11407637,,-0.2799312436855038,lgVD_test
11409499,,-0.685902593595473,lgVD_test
11417954,,0.8094391025795065,lgVD_test
11419598,,-0.6771519786164188,lgVD_test
11427975,,-0.13820578680959494,lgVD_test
11452690,,-0.39996281994432326,lgVD_test
11453391,,-0.0043156088810459015,lgVD_test
11462174,,-0.42602133240838,lgVD_test
11462546,,0.07480238300062905,lgVD_test
11463807,,-0.22861610062763663,lgVD_test
11485656,,0.1725647727170655,lgVD_test
11486328,,-0.3342294524146078,lgVD_test
11488320,,0.46911915938863574,lgVD_test
11488817,,0.09458398256826886,lgVD_test
11495680,,0.19728555635740164,lgVD_test
11500877,,0.07038018574273044,lgVD_test
11502371,,0.1751568957869517,lgVD_test
11503160,,-0.29399727354224003,lgVD_test
11503417,,-0.2380725812590744,lgVD_test
11505089,,1.3575269323279213,lgVD_test
11505808,,0.22884627937034646,lgVD_test
11509189,,0.7289724473617567,lgVD_test
11510392,,0.5596688961048326,lgVD_test
11510579,,0.4050281618938996,lgVD_test
11511776,,0.17758285661953582,lgVD_test
11514705,,-0.5505475749465544,lgVD_test
11516136,,0.2539276307803524,lgVD_test
11517212,,0.631855473606149,lgVD_test
11517780,,-0.6198971613305848,lgVD_test
11518018,,0.5621468862375236,lgVD_test
11519784,,0.3409958971089927,lgVD_test
11526078,,-0.19222004176165147,lgVD_test
11531460,,-0.4312340885964276,lgVD_test
11531799,,0.09240591007038826,lgVD_test
11538251,,0.6470898751432346,lgVD_test
11546350,,0.052966508121569944,lgVD_test
11546947,,-0.5832159366949322,lgVD_test
11547499,,-0.21455657631523542,lgVD_test
11552706,0.222716471,0.8967032853170345,lgVD_test
11554040,,0.6827840220077837,lgVD_test
11556911,,-0.2762172903797182,lgVD_test
11561674,,-0.2687588050666091,lgVD_test
11562302,,1.4029513808551108,lgVD_test
11562549,,-0.014821641228856389,lgVD_test
11567957,,0.5627592143894957,lgVD_test
11568443,,-0.49623849148800586,lgVD_test
11570626,,-0.012479820115476381,lgVD_test
11573765,,0.1547130915450114,lgVD_test
11574877,,-0.2768569449410492,lgVD_test
11576663,,0.6930284382242144,lgVD_test
11578047,,0.3634020730972379,lgVD_test
11578126,,1.1937846286748128,lgVD_test
11581936,,0.11827958697566082,lgVD_test
11595037,,0.47781765307847296,lgVD_test
11596881,,0.14615276533165228,lgVD_test
11597571,,1.3281233244478003,lgVD_test
11597959,,0.09080474512051356,lgVD_test
11603378,,-0.12542572647680048,lgVD_test
11603648,,0.5450276248654011,lgVD_test
11607042,,-0.24514323283352352,lgVD_test
11610553,,0.12025860164780622,lgVD_test
11611215,,-0.48618437294231287,lgVD_test
11614352,,0.035351303267087825,lgVD_test
11617559,,0.3757271925742251,lgVD_test
11622909,,0.5779345723068108,lgVD_test
11623092,,0.5607494986429955,lgVD_test
11625340,,-0.2124108426481704,lgVD_test
11626927,,-0.015393878768302033,lgVD_test
11631866,,0.4251980171692689,lgVD_test
11632704,,0.03677867735439208,lgVD_test
11634645,,1.1849987896328702,lgVD_test
11634725,,0.8890361719389792,lgVD_test
11635365,,-0.14393477344197927,lgVD_test
11641563,,-0.34525344518235157,lgVD_test
11646514,,0.23378587615719054,lgVD_test
11647025,,0.8187123436193207,lgVD_test
11655069,,-0.6410941844637248,lgVD_test
11656002,,0.8094395049426424,lgVD_test
11657311,,0.0007208075588627239,lgVD_test
11663809,,-0.13295675360773013,lgVD_test
11667741,,-0.4548560556609506,lgVD_test
11667832,,0.6370010113261262,lgVD_test
11671467,,-0.40040604459765944,lgVD_test
11675054,,0.2558694096838408,lgVD_test
11675388,,0.16366052176403634,lgVD_test
11675688,,-0.5816955695432657,lgVD_test
11676720,,0.691501490894235,lgVD_test
11676786,,0.8616160403830431,lgVD_test
11682247,,-0.47735945029526305,lgVD_test
11682482,,0.029030835069747435,lgVD_test
11683125,,-0.5971614364013859,lgVD_test
11690372,,0.1262708460517979,lgVD_test
11696868,,-0.2352531233551442,lgVD_test
11704625,,0.41639451481657314,lgVD_test
11705608,,0.025775675670261067,lgVD_test
11710694,,0.5317755101584836,lgVD_test
11710873,,0.14409536182079308,lgVD_test
11712583,,0.9371739410213289,lgVD_test
11712662,,0.0006475132585984922,lgVD_test
11712898,,0.27531257077107546,lgVD_test
11715767,,-0.06103489257434598,lgVD_test
11716665,,-0.03718225234949517,lgVD_test
11718030,,0.07541219509225233,lgVD_test
11723708,,0.4126825559790617,lgVD_test
11739248,,0.15699711459111454,lgVD_test
11742188,,-0.21040786577236398,lgVD_test
11751490,,-0.38549355765326043,lgVD_test
11751922,,0.7149038314150655,lgVD_test
11754770,,-0.20610039381724032,lgVD_test
11757187,,-0.004574245639187263,lgVD_test
11779217,,0.12554730412727066,lgVD_test
11784975,,-0.4170516096052847,lgVD_test
11785059,,0.420298565627612,lgVD_test
11818138,,-0.5529148150795551,lgVD_test
11843159,,0.9708945598850209,lgVD_test
11844351,,1.088711128042543,lgVD_test
11844916,,0.17195739983990727,lgVD_test
11848206,,0.6836260857610514,lgVD_test
11848679,,0.37874680339201844,lgVD_test
11848948,,-0.11750296472468065,lgVD_test
11848949,,-0.13038494514098814,lgVD_test
11853814,,0.44160090422509607,lgVD_test
11857680,,0.7954314924848391,lgVD_test
11957265,,0.03954353773541042,lgVD_test
11960529,,0.1514070401947038,lgVD_test
11964036,,0.35455707786025564,lgVD_test
11964344,,0.02740881913703233,lgVD_test
11974019,,1.0173921739197722,lgVD_test
11978451,,0.6784562745978184,lgVD_test
11983362,,0.7795975730038605,lgVD_test
11989761,,0.5128954303977191,lgVD_test
11992827,,0.7961393125121161,lgVD_test
11993740,0.278753601,0.008181286326175763,lgVD_test
11995989,,-0.3153105547042684,lgVD_test
11995990,,-0.3044655595388463,lgVD_test
11995991,,-0.38602251506355056,lgVD_test
11996130,,-0.26927407769041245,lgVD_test
11996131,,-0.3213481579812233,lgVD_test
11996132,,-0.27280275300042167,lgVD_test
11996136,,-0.31216718405802574,lgVD_test
11996283,,-0.295882783523379,lgVD_test
12000797,,0.08289239168009821,lgVD_test
12002012,,-0.40477395467520993,lgVD_test
12004316,,-0.4806282529910521,lgVD_test
12073809,,0.4005720234060271,lgVD_test
12073810,,0.26212909426149766,lgVD_test
12285397,,0.18354108555457127,lgVD_test
12850146,,0.2693483196591354,lgVD_test
12877832,,-0.4117284085299194,lgVD_test
12941612,,-0.16064698259414578,lgVD_test
12962084,,-0.6512784123320619,lgVD_test
12983887,,-0.13989889861039714,lgVD_test
13035349,,-0.3776522606754621,lgVD_test
13044278,,-0.10051037804012036,lgVD_test
13135186,,-0.1745307848951356,lgVD_test
13175019,,0.09874983729244702,lgVD_test
13217488,,0.520353211689597,lgVD_test
13559279,,0.6796762380527177,lgVD_test
13728862,,-0.5973404727087974,lgVD_test
14445453,,0.25299796040156186,lgVD_test
14475373,,-0.1425909272879932,lgVD_test
14545018,,0.05360012745237769,lgVD_test
14748561,,-0.09218801747641381,lgVD_test
15015051,,0.9280747901204627,lgVD_test
15219215,,-0.15813048180015452,lgVD_test
15230353,,1.0106524160475439,lgVD_test
15434242,,-0.03171875769860878,lgVD_test
15458385,,-0.0571074313506328,lgVD_test
15887336,,-0.22717702685417557,lgVD_test
15940799,,-0.04535590959199634,lgVD_test
15940800,,-0.004645892327585305,lgVD_test
15940801,,0.029338341720910266,lgVD_test
15941083,,0.03784303697496913,lgVD_test
15941086,,0.11541573516758502,lgVD_test
15941255,,0.10428354142697707,lgVD_test
15947119,,0.6637809057695532,lgVD_test
15949822,,-0.12431206216565463,lgVD_test
15950755,,0.256175768323368,lgVD_test
15953802,,0.49022164930982187,lgVD_test
15958273,,-0.2976998778016783,lgVD_test
15958274,,0.1464440695863335,lgVD_test
15958275,,-0.0712548581154123,lgVD_test
15958276,,-0.08331429243797424,lgVD_test
15958277,,-0.22252591658519377,lgVD_test
15958278,,-0.2527734136657777,lgVD_test
15958279,,-0.3507572372528023,lgVD_test
15958280,,-0.12075930582982837,lgVD_test
15958281,,-0.21604608269003772,lgVD_test
15958282,,-0.29412922050718326,lgVD_test
15959138,,0.3186155578247566,lgVD_test
15959139,,0.16966129039561662,lgVD_test
15959141,,0.11838370433648521,lgVD_test
15959142,,0.15015484558796072,lgVD_test
15981237,,-0.07551754570946331,lgVD_test
15981891,,0.23610975509879117,lgVD_test
15981895,,0.6142255101108647,lgVD_test
15982018,,0.3049989779474619,lgVD_test
15982019,,0.6042292665176356,lgVD_test
15982149,,0.22476282615370785,lgVD_test
15982150,,0.22991696929476424,lgVD_test
15982151,,0.46216483360669386,lgVD_test
15982407,,0.6251630927461691,lgVD_test
15982534,,0.26997112549029073,lgVD_test
15983301,,-0.23477684564471607,lgVD_test
15983430,,0.5561288105207367,lgVD_test
15983549,,0.545505526771304,lgVD_test
15983550,,0.5095475467800217,lgVD_test
15983552,,0.7335990344802417,lgVD_test
15983553,,0.6265663932361023,lgVD_test
15983677,,0.6889166756723633,lgVD_test
15983679,,0.6475412648993508,lgVD_test
15983680,,0.42650349005222005,lgVD_test
15983809,,0.636286746824545,lgVD_test
15983810,,0.3367328374192189,lgVD_test
15984101,,-0.17800077757096083,lgVD_test
15984937,,0.7223168907212147,lgVD_test
15985912,,-0.11386225679703775,lgVD_test
15988711,,-0.3304591835364054,lgVD_test
15991573,,0.4452057087927012,lgVD_test
16005753,,1.1860682292256597,lgVD_test
16007367,,0.5686461098836872,lgVD_test
16008685,,0.1385916846993573,lgVD_test
16010689,,-0.1402381059839608,lgVD_test
16015156,,-0.06544856715268635,lgVD_test
16036825,,0.2634271580720779,lgVD_test
16038120,,1.0390982238822672,lgVD_test
16040318,,-0.1453440024976809,lgVD_test
16041224,,0.012514009998691428,lgVD_test
16041411,,-0.04006990220699384,lgVD_test
16041594,,0.02496944352296443,lgVD_test
16045418,,0.6313980589369574,lgVD_test
16048554,,0.09511882995771392,lgVD_test
16049824,,0.17957349732264993,lgVD_test
16059780,,0.6096696952395775,lgVD_test
16066663,,-0.1219251429342049,lgVD_test
16069302,,0.4307006716907649,lgVD_test
16086088,,0.43358461933467046,lgVD_test
16086114,,0.7111861331275833,lgVD_test
16086657,,0.8760910996607767,lgVD_test
16097523,,0.5171020679933496,lgVD_test
16102868,,0.43213560735028095,lgVD_test
16109001,,0.7959226732235847,lgVD_test
16118192,,0.3518735276073016,lgVD_test
16118193,,0.32873815761438036,lgVD_test
16118324,,0.3002676802527021,lgVD_test
16118737,,0.34681565013007665,lgVD_test
16124479,,0.5011177197056373,lgVD_test
16202164,,-0.08631562441642518,lgVD_test
16221816,,-0.37211762332710935,lgVD_test
16290686,,-0.08756488204791958,lgVD_test
16415729,,0.2289199135676223,lgVD_test
16722832,,1.0591534879395452,lgVD_test
16727102,,0.31237502111730425,lgVD_test
16727103,,-0.019354563812318454,lgVD_test
16732433,,0.46132338507440457,lgVD_test
16734800,,1.385187544541547,lgVD_test
16736529,,0.2564584717546362,lgVD_test
16739244,,0.2640079854628693,lgVD_test
16749353,,0.1491109766173767,lgVD_test
16749996,,-0.18429250843774783,lgVD_test
16755780,,0.9405150928662778,lgVD_test
16956771,,0.27722891099029867,lgVD_test
17583883,,-0.220028946153527,lgVD_test
17754438,,-0.04126133693775008,lgVD_test
17754772,,0.06177153849092404,lgVD_test
17755052,,0.3179264609819404,lgVD_test
17756785,,-0.02065629400191371,lgVD_test
17756786,,-0.02611490620642523,lgVD_test
17756939,,-0.2862808734183385,lgVD_test
17963196,,-0.01644358115116444,lgVD_test
17963201,,0.09555291998282636,lgVD_test
17963208,,0.06404342224749374,lgVD_test
17963227,,0.041726972268001705,lgVD_test
17963258,,0.1332886457339092,lgVD_test
17963315,,-0.08472155917578918,lgVD_test
17963332,,-0.10991052786596658,lgVD_test
17963334,,-0.08258472155064592,lgVD_test
17963363,,0.04415740850311839,lgVD_test
17974226,,-0.049172282385861216,lgVD_test
18336924,,0.7758846060956783,lgVD_test
18381542,,0.7114568418030986,lgVD_test
18381562,,0.214035049543556,lgVD_test
18385573,,0.49405414098260875,lgVD_test
18407230,,-0.04818862729894362,lgVD_test
18445520,,0.42571480112151533,lgVD_test
18449306,,0.8585973946102263,lgVD_test
18612709,,-0.1503688591502581,lgVD_test
18785796,,0.8613723169269374,lgVD_test
18785851,,0.752785851686786,lgVD_test
19028691,,0.2741720885470481,lgVD_test
19082200,,0.3462029149277964,lgVD_test
19371515,,0.35024287886061173,lgVD_test
19582717,,-0.17611089145721914,lgVD_test
20471564,,0.6778741794353516,lgVD_test
20629114,,-0.05865340527607543,lgVD_test
20793887,,-0.5536043791345495,lgVD_test
20816892,,-0.46344635960812636,lgVD_test
20819668,,0.5357696841788511,lgVD_test
21093784,,0.08329446001593127,lgVD_test
21157547,,0.13428767148568227,lgVD_test
21177736,,-0.34071701440071084,lgVD_test
21190508,,0.11460029490674828,lgVD_test
21348140,,0.3620836185710713,lgVD_test
21365956,,-0.13802179153982921,lgVD_test
21635104,,0.8254059557829934,lgVD_test
21638785,,0.4253036858810018,lgVD_test
21696352,,-0.011628852105991058,lgVD_test
21717212,,0.5990382596273949,lgVD_test
21867111,,0.4231893781613913,lgVD_test
21874792,,0.5184784631640638,lgVD_test
21881641,,-0.06258540426437735,lgVD_test
21902176,,0.1379968129714183,lgVD_test
21905905,,-0.06444322878147335,lgVD_test
21906847,,0.0998427964812145,lgVD_test
21906861,,-0.3553728200771085,lgVD_test
21946298,,-0.11768692691218743,lgVD_test
22041171,,0.936866209648717,lgVD_test
22049997,,0.5230403890836408,lgVD_test
22052039,,0.9151316073533291,lgVD_test
22137455,,0.1005533993542018,lgVD_test
22170354,,0.14508692394837536,lgVD_test
22263065,,0.4299147002871326,lgVD_test
22263778,,-0.016806030828995566,lgVD_test
22273644,,0.1830823529755367,lgVD_test
22287510,,-0.20036788327497942,lgVD_test
22291085,,0.310015058805631,lgVD_test
22313306,,0.6316368886452772,lgVD_test
22320083,,0.6040154878747588,lgVD_test
22341299,,0.7100226343983922,lgVD_test
22570509,,0.4832791660306888,lgVD_test
22644568,,0.35937138509121563,lgVD_test
22648920,,0.6385896641627851,lgVD_test
22649035,,0.6830432955084236,lgVD_test
22896913,,0.5970253117168809,lgVD_test
22949130,,0.2850113081790142,lgVD_test
23111123,,-0.1915283487130639,lgVD_test
23275090,,0.4568932823833555,lgVD_test
23401859,,-0.17303653281967707,lgVD_test
23519852,,0.3435480446007454,lgVD_test
23545473,,0.416980725549231,lgVD_test
23624703,,-0.0068006761710784625,lgVD_test
23626131,,0.01594711718884964,lgVD_test
23626132,,0.04003883374365441,lgVD_test
23626282,,0.43796296917858507,lgVD_test
23626283,,0.303137352354984,lgVD_test
23626923,,0.11955474156048856,lgVD_test
23626924,,0.12012935349622256,lgVD_test
23630085,,0.39123493554919936,lgVD_test
23630121,,-0.006541476524683926,lgVD_test
23630122,,0.16559943477305067,lgVD_test
23630124,,0.6127141984401441,lgVD_test
23630125,,0.16666258403686118,lgVD_test
23630127,,0.5697759439121604,lgVD_test
23630162,,0.6097500955908446,lgVD_test
23633343,,0.5904564428303303,lgVD_test
23642165,,0.09567602316154047,lgVD_test
23661672,,0.03912152787137904,lgVD_test
23729877,,0.3463776770641322,lgVD_test
24180125,,0.40303760074543066,lgVD_test
24180585,,0.7506304738903302,lgVD_test
24244526,,0.19624289804855571,lgVD_test
24745335,,0.42510990515830654,lgVD_test
24749711,,-0.0977750138350556,lgVD_test
24757938,,0.40558365866331986,lgVD_test
24757965,,0.9855625423892147,lgVD_test
24757966,,0.9165577905178095,lgVD_test
24758141,,0.007277719660951837,lgVD_test
24759089,,0.06465404653573037,lgVD_test
24759558,,1.0146438497019197,lgVD_test
24759663,,0.9968315879031455,lgVD_test
24759665,,1.0577662119842264,lgVD_test
24759666,,0.9848163637838674,lgVD_test
24760653,,0.5840125703352299,lgVD_test
24765332,,0.058794435593965744,lgVD_test
24776307,,-0.3821462942819488,lgVD_test
24785538,,0.05671603323840313,lgVD_test
24795070,,0.8217078333665546,lgVD_test
24800231,,1.0167876390461124,lgVD_test
24810867,,0.3464485784275012,lgVD_test
24823590,,0.4134372151289491,lgVD_test
24825266,,0.5858882716415756,lgVD_test
24849206,,-0.19212869137216657,lgVD_test
24857598,,0.5065686398290121,lgVD_test
24857813,,-0.11804225493046364,lgVD_test
24864107,,0.7635474007646688,lgVD_test
24865725,,0.47688119042098903,lgVD_test
24866867,,0.6850246712443873,lgVD_test
24870864,,-0.2689240199505738,lgVD_test
24871512,,-0.08948151493256534,lgVD_test
24877326,,0.6341352277598624,lgVD_test
24878044,,-0.430388469284271,lgVD_test
24879232,,-0.0541368380004698,lgVD_test
24882716,,0.24008595050058618,lgVD_test
24883012,,0.5849063201959666,lgVD_test
24891645,,0.6694809210889126,lgVD_test
24891647,,0.4489533371338745,lgVD_test
24891699,,0.4187034672041105,lgVD_test
24894017,,0.5449240058497735,lgVD_test
24898133,,-0.07233253853908128,lgVD_test
24900259,,0.30687356091241685,lgVD_test
24906267,,1.0846838085185073,lgVD_test
24936155,,0.03778994317582876,lgVD_test
24936215,,-0.09125779382132257,lgVD_test
24939268,,0.36309268479452855,lgVD_test
24959177,,0.002027098659348997,lgVD_test
24961094,,0.3822651465423608,lgVD_test
24963252,,0.5236520135382399,lgVD_test
24963293,,0.43562574389272063,lgVD_test
24964937,,0.3682841337348323,lgVD_test
24965291,,0.42461592456062286,lgVD_test
24968277,,0.5190887553173935,lgVD_test
24985115,,0.3042119010247988,lgVD_test
24986335,,0.7743377303845054,lgVD_test
24988644,,0.046000972502581894,lgVD_test
24993178,,0.4021592660103645,lgVD_test
24994634,,0.30477906922935155,lgVD_test
24996322,,0.4180148611885321,lgVD_test
24996644,,0.6449019118551851,lgVD_test
25001849,,0.8262603764154146,lgVD_test
25001850,,0.8867208376224829,lgVD_test
25001851,,1.080975744773072,lgVD_test
25003030,,0.06558199134820775,lgVD_test
25006676,,0.017746909991048943,lgVD_test
25008409,,0.5270055809263308,lgVD_test
25008410,,0.5457306016996177,lgVD_test
25008586,,0.8263294164528758,lgVD_test
25008935,,1.0135043491592248,lgVD_test
25014511,,0.6608284351790563,lgVD_test
25014684,,0.8276345381491643,lgVD_test
25014844,,0.4822706416646773,lgVD_test
25015647,,1.071956403923581,lgVD_test
25015691,,0.9689632889284614,lgVD_test
25017033,,0.6349710699801723,lgVD_test
25018003,,-0.42065860765126345,lgVD_test
25019940,,0.12519836191287925,lgVD_test
25025298,,-0.028889542489816608,lgVD_test
25026044,,0.453045484747117,lgVD_test
25026445,,0.5839526334820575,lgVD_test
25026446,,0.28098015605507926,lgVD_test
25030708,,-0.22580241164096632,lgVD_test
25032869,,-0.036692321298289365,lgVD_test
25054452,,0.2622754157836853,lgVD_test
25056080,,-0.009726248562842571,lgVD_test
25059320,,0.045664038448175515,lgVD_test
25060093,,0.3052466931569607,lgVD_test
25062766,,0.729347962138887,lgVD_test
25067404,,-0.03021989426114237,lgVD_test
25068753,,0.7738889481193685,lgVD_test
25070031,,0.46988621435557826,lgVD_test
25070577,,0.5796059070685919,lgVD_test
25071004,,0.7589199515075724,lgVD_test
25071319,,0.8818020529483153,lgVD_test
25071940,,0.8726779671290013,lgVD_test
25093775,,0.5516776800153158,lgVD_test
25094630,,-0.025950859313436964,lgVD_test
25094902,,0.09140659307529611,lgVD_test
25094903,,0.030184375769531868,lgVD_test
25095678,,0.3172452422555919,lgVD_test
25101945,,0.8333058607958781,lgVD_test
25105690,,0.7131508544813556,lgVD_test
25114551,,0.6208093096391203,lgVD_test
25115962,,0.007279222259358398,lgVD_test
25115964,,0.1183894799081961,lgVD_test
25116186,,0.08018121733228556,lgVD_test
25116191,,0.26103706632139845,lgVD_test
25118125,,0.3077318086297992,lgVD_test
25118127,,0.29166031041865487,lgVD_test
25118477,,0.24874807550501554,lgVD_test
25121505,,0.49715935930927374,lgVD_test
25122581,,0.7555205787564272,lgVD_test
25125014,,0.3829812545694971,lgVD_test
25128822,,0.826404422570429,lgVD_test
25128823,,0.8602111503134116,lgVD_test
25128824,,0.8322151478285849,lgVD_test
25129042,,-0.29525308663754074,lgVD_test
25129043,,-0.38340757191019437,lgVD_test
25129169,,0.9697220229467549,lgVD_test
25129523,,0.613715963714891,lgVD_test
25130088,,-0.2576928428288492,lgVD_test
25130235,,0.575003298266543,lgVD_test
25130576,,0.5814019300175843,lgVD_test
25133836,,-0.3690032295275961,lgVD_test
25134303,,0.015446586053981054,lgVD_test
25141776,,0.5190195809093932,lgVD_test
25141777,,0.5326384827756621,lgVD_test
25141896,,0.3792427375430471,lgVD_test
25147644,,0.0032296985679584056,lgVD_test
25147692,,-0.16243569040632058,lgVD_test
25148271,,-0.37754816577190065,lgVD_test
25148347,,-0.3790878071806998,lgVD_test
25154847,,-0.3626058683864938,lgVD_test
25154848,,-0.31708408961573437,lgVD_test
25159060,,0.3675849108350659,lgVD_test
25159779,,0.5673200146644191,lgVD_test
25169382,,0.6659248716346742,lgVD_test
25171873,,0.4345120098883019,lgVD_test
25171874,,0.5224922799737286,lgVD_test
25172085,,0.4177872931460546,lgVD_test
25172265,,0.3188515312035843,lgVD_test
25180108,,0.07987756345366359,lgVD_test
25181471,,0.22094875422672772,lgVD_test
25181480,,-0.14935367831163754,lgVD_test
25181481,,0.059067158683918375,lgVD_test
25181502,,0.49566369646561365,lgVD_test
25181577,,0.4580768386889971,lgVD_test
25181771,,0.23109889856321658,lgVD_test
25189891,,0.24438200726412035,lgVD_test
25195162,,0.10080971255669788,lgVD_test
25195461,,0.33922317667588137,lgVD_test
25196164,,1.0000568069488585,lgVD_test
25196320,,0.30659562251670314,lgVD_test
25197227,,0.23893942699160997,lgVD_test
25207583,,0.48799003701976035,lgVD_test
25207689,,0.40805164236708485,lgVD_test
25211910,,0.34703261477380914,lgVD_test
25217563,,0.6035511127685189,lgVD_test
25218397,,0.544720638706977,lgVD_test
25222038,,0.636226993948114,lgVD_test
25223021,,-0.28220762324188203,lgVD_test
25223022,,-0.24876660052349586,lgVD_test
25223122,,-0.22645736045098191,lgVD_test
25223126,,-0.25666396853826956,lgVD_test
25223221,,-0.16477026827999683,lgVD_test
25223222,,-0.2860760011610142,lgVD_test
25223322,,-0.30915013563120863,lgVD_test
25223323,,-0.35817979492310226,lgVD_test
25223419,,-0.3166976828914002,lgVD_test
25223515,,-0.19314663157558054,lgVD_test
25223619,,-0.1807083274568115,lgVD_test
25223721,,-0.29182939610646025,lgVD_test
25223723,,-0.22305913533851207,lgVD_test
25225622,,-0.5310880396829699,lgVD_test
25227436,,0.2129284597061078,lgVD_test
25229646,,-0.18244546346542698,lgVD_test
25230181,,0.12067917924252292,lgVD_test
25253556,,0.0855040567886621,lgVD_test
25263223,,0.10166180248409756,lgVD_test
25263944,,-0.1944264145137461,lgVD_test
26644345,,0.04473084345282807,lgVD_test
27656063,,-0.43668858291409796,lgVD_test
33657234,,-0.0672371754221115,lgVD_test
35372055,,-0.1293788438513943,lgVD_test
38032499,,-0.05186427010346653,lgVD_test
39779000,,0.31133819995356865,lgVD_test
42606928,,0.4218972641645487,lgVD_test
42609962,,-0.28492508686449003,lgVD_test
42618040,,0.43685408685953314,lgVD_test
42623223,,0.2615063859550663,lgVD_test
42623385,,0.09950637294919501,lgVD_test
42624149,,0.14368709020360054,lgVD_test
42631007,,0.3543411915743144,lgVD_test
42641863,,-0.09281591103681164,lgVD_test
42642654,,0.3127672452856199,lgVD_test
42644786,,-0.43834937941301827,lgVD_test
42645111,,0.3091441339777264,lgVD_test
42645487,,0.14381328057354853,lgVD_test
42883604,,-0.1169129495284571,lgVD_test
44123747,,1.1193495872691344,lgVD_test
44125987,,-0.12835511863701915,lgVD_test
44125988,,0.19787826814229476,lgVD_test
44125989,,-0.05892995077486521,lgVD_test
44125990,,0.622612072037233,lgVD_test
44125991,,-0.23719904331940142,lgVD_test
44126023,,0.944160435298534,lgVD_test
44126032,,-0.35786007512775253,lgVD_test
44126528,,0.7676081252370206,lgVD_test
44135978,,0.2239182896316339,lgVD_test
44135979,,0.26281559685159384,lgVD_test
44137226,,0.28629627532446333,lgVD_test
44137675,,-0.15856140822608175,lgVD_test
44138030,,0.9153166459230715,lgVD_test
44138107,,0.4359454782846374,lgVD_test
44142782,,-0.19144977998930623,lgVD_test
44156749,,-0.023173604732336747,lgVD_test
44156750,,-0.23759714017091504,lgVD_test
44156964,,0.09923013325422372,lgVD_test
44157038,,-0.377001135628828,lgVD_test
44158492,,-0.03158046002809109,lgVD_test
44189740,,-0.3437932537015632,lgVD_test
44191096,,-0.42706342723094,lgVD_test
44199337,,0.6261292866231021,lgVD_test
44202487,,0.7929091236560206,lgVD_test
44205381,,-0.18642029634628837,lgVD_test
44205420,,0.030495111099657968,lgVD_test
44205421,,0.020971396042589546,lgVD_test
44205422,,-0.22712948769051094,lgVD_test
44205637,,-0.13208671335810163,lgVD_test
44205639,,-0.009830328725997262,lgVD_test
44205825,,-0.19906520421338258,lgVD_test
44207909,,-0.3757621707233843,lgVD_test
44208982,,0.209023224893433,lgVD_test
44211070,,0.6430838778638575,lgVD_test
44215900,,0.8607757059323269,lgVD_test
44219451,,-0.4312266224954516,lgVD_test
44219912,,-0.43653468314343413,lgVD_test
44232443,,-0.5026540576380643,lgVD_test
44246713,,-0.002501837863409767,lgVD_test
44249821,,-0.06803226711026389,lgVD_test
44274398,,0.817529781697927,lgVD_test
44274399,,0.6726775284590569,lgVD_test
44274413,,0.6490475743787527,lgVD_test
44274423,,0.7005894573713911,lgVD_test
44281580,,-0.05259894555740077,lgVD_test
44281581,,-0.08993533298040941,lgVD_test
44281595,,-0.08085046095912762,lgVD_test
44281805,,-0.07483785240693785,lgVD_test
44296532,,-0.07177410294107042,lgVD_test
44296580,,-0.05505436589165032,lgVD_test
44296824,,-0.03788627382416379,lgVD_test
44296901,,-0.00020999724966655475,lgVD_test
44302023,,-0.12083917137693635,lgVD_test
44302024,,-0.449262114023439,lgVD_test
44302042,,-0.40203703562381404,lgVD_test
44302096,,-0.5806811042412295,lgVD_test
44302162,,-0.48619855407199825,lgVD_test
44302200,,-0.48753624152058467,lgVD_test
44302339,,-0.5686409310276528,lgVD_test
44302357,,-0.4269127183000223,lgVD_test
44302410,,-0.5473453133634045,lgVD_test
44302416,,-0.29178408045617554,lgVD_test
44302429,,-0.3326913600435655,lgVD_test
44302627,,-0.6336066064161089,lgVD_test
44302661,,-0.19611608813385478,lgVD_test
44302952,,-0.20264239942750523,lgVD_test
44324820,,-0.4501734576902821,lgVD_test
44329367,,1.0390379584196943,lgVD_test
44336199,,0.05348182526804757,lgVD_test
44338989,,0.7094477565563297,lgVD_test
44348118,,0.4197263715033169,lgVD_test
44366410,,-0.4121683954419389,lgVD_test
44370209,,0.8594834613791578,lgVD_test
44384785,,-0.3127769386398725,lgVD_test
44384855,,-0.45601827634196473,lgVD_test
44392176,,0.17599622402855436,lgVD_test
44393621,,-0.3017936270308156,lgVD_test
44393766,,-0.3695876475582656,lgVD_test
44395035,,0.17403970445844424,lgVD_test
44395101,,0.09793464614728886,lgVD_test
44395109,,0.44364067868708507,lgVD_test
44395166,,0.6849926601532237,lgVD_test
44395257,,0.331506640079738,lgVD_test
44410987,,0.37725423942320485,lgVD_test
44412343,,-0.09922451899417437,lgVD_test
44414678,,-0.47719269936253417,lgVD_test
44414728,,-0.41635228538807767,lgVD_test
44414758,,-0.5472334412524384,lgVD_test
44422668,,0.30982208635526326,lgVD_test
44426760,,0.6403318719886282,lgVD_test
44431186,,0.7305749106669819,lgVD_test
44431211,,0.4146926357090956,lgVD_test
44434716,,0.2651656700707019,lgVD_test
44441607,,-0.08797156606562398,lgVD_test
44441608,,-0.17324878874820096,lgVD_test
44441609,,-0.26441317417068777,lgVD_test
44441617,,-0.34120219656626405,lgVD_test
44441623,,-0.2354434127733977,lgVD_test
44443835,,0.7561510431408067,lgVD_test
44444387,,0.46402761381827246,lgVD_test
44446421,,-0.061505521702395885,lgVD_test
44446422,,0.035475473183870565,lgVD_test
44446423,,0.10756960989228548,lgVD_test
44446450,,0.09491647115904336,lgVD_test
44446821,,-0.08761275745436355,lgVD_test
44447915,,-0.10455233281653267,lgVD_test
44447929,,-0.10923203944932387,lgVD_test
44448230,,0.018625048817282608,lgVD_test
44448299,,-0.06707925199488289,lgVD_test
44448812,,-0.16985926519846054,lgVD_test
44449086,,-0.17424999731567975,lgVD_test
44449880,,-0.06944702224307232,lgVD_test
44452662,,0.15930534940360064,lgVD_test
44455010,,0.6160611403726892,lgVD_test
44455014,,0.36408281845924967,lgVD_test
44455045,,0.06428353630114536,lgVD_test
44455234,,0.4260375538568752,lgVD_test
44455386,,0.27908030887226903,lgVD_test
44455404,,0.13845501694250745,lgVD_test
44455559,,0.7399741404315914,lgVD_test
44455561,,0.828806697780736,lgVD_test
44455591,,0.6428938912800655,lgVD_test
44455592,,0.8157606621353883,lgVD_test
44455593,,0.83001791577037,lgVD_test
44455623,,0.38994868545537703,lgVD_test
44462758,,0.6656797255899467,lgVD_test
44473100,,-0.1768516379105255,lgVD_test
44473151,,0.014690381261256658,lgVD_test
44476261,,0.41137616538358796,lgVD_test
44483269,,0.24902392123849948,lgVD_test
44492448,,0.6642091930268486,lgVD_test
44493436,,0.8207804803245189,lgVD_test
44493933,,0.5836463570171053,lgVD_test
44511091,,0.6009911899477793,lgVD_test
44511871,,0.7372398603273229,lgVD_test
44511934,,0.6438714802088297,lgVD_test
44511935,,0.7649375082761718,lgVD_test
44511938,,0.8832826888655887,lgVD_test
44511967,,0.5123188453376193,lgVD_test
44512001,,0.8226508341805425,lgVD_test
44512058,,0.6097275298884286,lgVD_test
44512090,,0.6455775305193139,lgVD_test
44512349,,0.7407517576681935,lgVD_test
44513473,,-0.11797321757486261,lgVD_test
44517589,,-0.10401393342579059,lgVD_test
44517635,,-0.2634576447656645,lgVD_test
44517795,,-0.23455723851392074,lgVD_test
44517831,,0.2728911739846841,lgVD_test
44520827,,0.22439541999885465,lgVD_test
44520830,,0.19973788935666842,lgVD_test
44525553,,-0.11369443048106151,lgVD_test
44525560,,0.009818185407721142,lgVD_test
44538404,,0.7089122865152506,lgVD_test
44540282,,0.37131975292723224,lgVD_test
44544347,,0.32519905756863837,lgVD_test
44544851,,0.31906463102937527,lgVD_test
44544853,,0.19095475222459313,lgVD_test
44547414,,-0.07805419359286392,lgVD_test
44552684,,0.0629917494185592,lgVD_test
44555196,,0.13033390342785983,lgVD_test
44555481,,0.4222639044651029,lgVD_test
44555978,,0.13825659305328902,lgVD_test
44562058,,0.3326500076675567,lgVD_test
44562545,,1.133063046182649,lgVD_test
44570645,,0.9468132245121894,lgVD_test
44570646,,1.113231549397617,lgVD_test
44570689,,1.0452468100205932,lgVD_test
44570804,,0.1767719541573013,lgVD_test
44570809,,1.1796320486068474,lgVD_test
44570810,,1.1089160420527748,lgVD_test
44570811,,0.9937442726830326,lgVD_test
44570857,,1.0392432844032136,lgVD_test
44571019,,0.8681089740120629,lgVD_test
44571020,,0.8753312221440315,lgVD_test
44571021,,0.8779263667311492,lgVD_test
44571022,,0.7977736734634919,lgVD_test
44571098,,1.232140292623519,lgVD_test
44571102,,0.7613544686125311,lgVD_test
44571103,,0.7826147520009601,lgVD_test
44571104,,0.7726827215002186,lgVD_test
44571105,,0.7054832933344672,lgVD_test
44571106,,0.9537204607455825,lgVD_test
44571145,,1.368330395919656,lgVD_test
44571146,,1.6163565127904433,lgVD_test
44571147,,0.8906443131308179,lgVD_test
44571176,,-0.36272192159952765,lgVD_test
44571187,,1.381659692034917,lgVD_test
44571188,,1.6267155010658438,lgVD_test
44571189,,1.5204788184462317,lgVD_test
44571191,,1.0485679380164583,lgVD_test
44571192,,1.071158793203766,lgVD_test
44571193,,1.172364998548939,lgVD_test
44571221,,1.2531590965294945,lgVD_test
44571222,,1.4467707096977456,lgVD_test
44571223,,1.107358489987759,lgVD_test
44571224,,1.2857728993365454,lgVD_test
44571225,,1.206710320338263,lgVD_test
44571226,,0.8700694079245719,lgVD_test
44571227,,0.9571987870457173,lgVD_test
44571228,,0.4123914212998882,lgVD_test
44571270,,0.32190001168526533,lgVD_test
44571271,,0.9741060452880144,lgVD_test
44571272,,1.024394436897807,lgVD_test
44571305,,1.1022026962745506,lgVD_test
44571306,,0.6334524963561596,lgVD_test
44571307,,0.7084723750624398,lgVD_test
44571308,,1.0064803216144544,lgVD_test
44571336,,1.1301096402995792,lgVD_test
44571337,,1.1010569864772592,lgVD_test
44571338,,1.011353990714821,lgVD_test
44571548,,0.1545748430070557,lgVD_test
44571582,,0.1123486281578171,lgVD_test
44571915,,0.7013957991912432,lgVD_test
44574108,,0.37537283031953,lgVD_test
44579014,,-0.012693943162629395,lgVD_test
44579068,,-0.11526884510222224,lgVD_test
44579069,,-0.22617550580978568,lgVD_test
44579070,,-0.12992948870800047,lgVD_test
44581547,,0.7501671829151468,lgVD_test
44581573,,0.4649487143048419,lgVD_test
44581574,,0.755395464597997,lgVD_test
44581788,,-0.3675503488225913,lgVD_test
44581857,,-0.2974049284454381,lgVD_test
44581858,,-0.2574129243239824,lgVD_test
44581859,,-0.2209864172609555,lgVD_test
44590341,,0.38339219267438435,lgVD_test
44610687,,0.08494782891763802,lgVD_test
44623998,,0.18406523153932985,lgVD_test
44626323,,0.8539208057232548,lgVD_test
44631974,,-0.28575748527901257,lgVD_test
44816721,,-0.412115332289008,lgVD_test
45102733,,0.4676207284806237,lgVD_test
45102767,,0.057802596172693566,lgVD_test
45103523,,-0.1159221040358366,lgVD_test
45103680,,0.6061490498622728,lgVD_test
45103681,,0.36367403204266463,lgVD_test
45103723,,-0.23523157468552375,lgVD_test
45109905,,0.7611355950559722,lgVD_test
45267385,,1.1222313702944993,lgVD_test
45270144,,0.037299424233605494,lgVD_test
45270841,,1.2064702230581859,lgVD_test
45271673,,1.1445721072360115,lgVD_test
45275362,,-0.24616701147317532,lgVD_test
45279815,,-0.6280485656864958,lgVD_test
45375948,,0.42716419228953323,lgVD_test
45381703,,-0.3207710549645556,lgVD_test
45381704,,-0.3698118635491201,lgVD_test
45482789,,-0.30132351644230876,lgVD_test
45486519,,0.6931605326812671,lgVD_test
45487870,,0.20012065514611388,lgVD_test
45889074,,-0.10075439788673748,lgVD_test
46174640,,-0.024635639740605522,lgVD_test
46180604,,0.3478361905753408,lgVD_test
46182708,,-0.3551058696330717,lgVD_test
46187843,,-0.5789347658588708,lgVD_test
46190695,,-0.10675533988550534,lgVD_test
46191454,,-0.20482174454613106,lgVD_test
46198031,,0.6600134283613046,lgVD_test
46199584,,0.6448676922526515,lgVD_test
46202081,,0.6118647751505397,lgVD_test
46202743,,0.5594779675635138,lgVD_test
46203864,,0.5822989778881376,lgVD_test
46206291,,0.7812562097662261,lgVD_test
46206296,,0.5982591651947611,lgVD_test
46206642,,0.7918518617325887,lgVD_test
46206977,,0.5081925427958689,lgVD_test
46209133,,0.40212890793924844,lgVD_test
46212866,,0.030990388773796146,lgVD_test
46213054,,-0.009140549680043769,lgVD_test
46216675,,-0.001587952524673114,lgVD_test
46216676,,0.34899250747341637,lgVD_test
46222481,,0.19304927458294968,lgVD_test
46222701,,0.19735159130277868,lgVD_test
46232366,,-0.3276404453505159,lgVD_test
46232367,,-0.42135526411121693,lgVD_test
46232368,,-0.49523076245614134,lgVD_test
46232598,,0.10363554014196463,lgVD_test
46232900,,-0.293878096374569,lgVD_test
46232952,,-0.5109014393720235,lgVD_test
46232953,,-0.5191772851241969,lgVD_test
46232991,,-0.3993681817851807,lgVD_test
46232994,,-0.5553048320530486,lgVD_test
46232995,,-0.44026835398220865,lgVD_test
46233031,,-0.37755963662994907,lgVD_test
46233061,,-0.47780954635517037,lgVD_test
46233063,,-0.3108316481991282,lgVD_test
46233064,,-0.3555729711857787,lgVD_test
46233114,,0.5972766554745432,lgVD_test
46233115,,0.652984862143082,lgVD_test
46233287,,-0.01434955107203989,lgVD_test
46233691,,0.6956841730131198,lgVD_test
46398810,,0.6558750215506377,lgVD_test
46700737,,0.1222678795106989,lgVD_test
46701790,,-0.25169098562171877,lgVD_test
46830489,,0.5288810236704653,lgVD_test
46830777,,0.6603710098739626,lgVD_test
46835136,,1.1301281788274102,lgVD_test
46836562,,0.1582868220326692,lgVD_test
46836713,,0.30782773902972943,lgVD_test
46836714,,0.29699361616166015,lgVD_test
46840946,,-0.17357852241885113,lgVD_test
46841215,,0.3624836043947773,lgVD_test
46841216,,-0.1476837204299168,lgVD_test
46841499,,0.4638505117987674,lgVD_test
46841789,,-0.2565234787138492,lgVD_test
46847337,,0.2962743247148267,lgVD_test
46852212,,0.37465550758362326,lgVD_test
46853654,,-0.02301229293341961,lgVD_test
46853755,,-0.6053852939718307,lgVD_test
46861530,,0.15830838236366285,lgVD_test
46863661,,0.0294309609467035,lgVD_test
46865097,,-0.113043087090958,lgVD_test
46865311,,-0.4777314882372976,lgVD_test
46865592,,0.10651893153113495,lgVD_test
46865762,,-0.6988045186743179,lgVD_test
46865874,,-0.6755982552879098,lgVD_test
46866074,,-0.6495569953255829,lgVD_test
46866266,,-0.5891399673182511,lgVD_test
46866381,,-0.4806260330339394,lgVD_test
46866382,,-0.5655848150676619,lgVD_test
46866705,,0.05246826675054528,lgVD_test
46869193,,-0.012080325726871524,lgVD_test
46869951,,-0.07217107648153649,lgVD_test
46871497,,-0.013326492788180697,lgVD_test
46871757,,0.09252005770016483,lgVD_test
46871825,,-0.011558758018549747,lgVD_test
46879802,,-0.004692139476722673,lgVD_test
46879860,,0.00772196608978562,lgVD_test
46879894,,0.09963039505105983,lgVD_test
46885171,,0.5720961573130141,lgVD_test
46893367,,0.3599861215235722,lgVD_test
46897844,,-0.16686322249271332,lgVD_test
46898088,,-0.499116145978123,lgVD_test
46911015,,1.3590585307739802,lgVD_test
46911124,,-0.12277990254200859,lgVD_test
46934289,,-0.4165016800731139,lgVD_test
46934729,,-0.2984335283404454,lgVD_test
46934730,,-0.324820768033973,lgVD_test
46942544,,0.6460223912213312,lgVD_test
46943323,,0.4765216314161493,lgVD_test
46945659,,0.4474921872919993,lgVD_test
49765871,,0.6779457878087314,lgVD_test
49771641,,-0.24566554722189243,lgVD_test
49778730,,0.35864142841587,lgVD_test
49784002,,0.17389945620086988,lgVD_test
49784894,,0.49263744124302306,lgVD_test
49787489,,0.5868133373088111,lgVD_test
49789564,,0.5408590699124227,lgVD_test
49792792,,0.5540480620741595,lgVD_test
49800096,,0.21042422132580046,lgVD_test
49831162,,0.45907867610035363,lgVD_test
49831257,,0.05377603944971088,lgVD_test
49835845,,-0.5134008611567478,lgVD_test
49835853,,-0.48331069360461,lgVD_test
49837912,,-0.5063292576266994,lgVD_test
49840814,,0.6585451615562643,lgVD_test
49846142,,-0.5313915589615306,lgVD_test
49846226,,-0.4124828510582227,lgVD_test
49847173,,-0.5091815710390596,lgVD_test
49847377,,0.16444976465845002,lgVD_test
49847379,,0.22136871481890086,lgVD_test
49848656,,0.021153580973521824,lgVD_test
49848777,,0.073740282754606,lgVD_test
49848778,,0.1413127492877881,lgVD_test
49848895,,0.2471581265661173,lgVD_test
49848897,,0.29601527676112915,lgVD_test
49848898,,0.07477456836504526,lgVD_test
49849002,,0.09683176907231902,lgVD_test
49849008,,0.20447067250532935,lgVD_test
49849912,,0.1780168924624158,lgVD_test
49855496,,0.3995013657974365,lgVD_test
49855886,,0.3653091421468479,lgVD_test
49857571,,0.3118769044094776,lgVD_test
49857811,,0.2856272977237564,lgVD_test
49858150,,0.33062991253112767,lgVD_test
49858346,,0.31042496764869326,lgVD_test
49858377,,0.29701595354924754,lgVD_test
49862986,,0.3259383273556692,lgVD_test
49863017,,0.5669220536525665,lgVD_test
49863138,,0.15457233115675967,lgVD_test
49863173,,0.12989545922129114,lgVD_test
49863206,,-0.004076775590970999,lgVD_test
49863207,,-0.10708367223354454,lgVD_test
49863241,,0.021812301949651808,lgVD_test
49864459,,-0.41084128801251407,lgVD_test
49864483,,-0.4330437659931126,lgVD_test
49865397,,-0.5156692883563778,lgVD_test
49865399,,-0.5102177317311609,lgVD_test
49865400,,-0.5327943784695097,lgVD_test
49865401,,-0.5711220569764776,lgVD_test
49865822,,0.718932985566926,lgVD_test
49865875,,0.7086977461451849,lgVD_test
49865877,,0.9093053166033229,lgVD_test
49865878,,0.4500526861464699,lgVD_test
49865879,,0.6112962116244516,lgVD_test
49865880,,0.7106546321549256,lgVD_test
49865936,,0.5550202676568521,lgVD_test
49865937,,0.6916881427637633,lgVD_test
49869312,,0.4928984060853841,lgVD_test
49869313,,0.4155781178370958,lgVD_test
49871766,,0.35797203544734896,lgVD_test
49871817,,0.2827480623808636,lgVD_test
49872381,,0.4259248898895029,lgVD_test
49872384,,0.5511154962323144,lgVD_test
49872483,,0.46674601047781367,lgVD_test
50910523,,-0.12460746905658682,lgVD_test
50910542,,-0.5295026665518299,lgVD_test
50910548,,-0.39083401255225697,lgVD_test
50910549,,-0.5474491200872337,lgVD_test
50915132,,0.0632574044360456,lgVD_test
50916528,,-0.1789223025154785,lgVD_test
50925404,,0.21230587519561434,lgVD_test
50925541,,0.5102444994664164,lgVD_test
50940507,,0.7172097022978263,lgVD_test
50941212,,0.12567629801459007,lgVD_test
50990921,,-0.0220198694706404,lgVD_test
50991056,,0.19963030681569072,lgVD_test
50992246,,0.3324855950122853,lgVD_test
50994593,,0.14761941194454736,lgVD_test
50994597,,-0.057755234342303535,lgVD_test
50996844,,0.7861127128020271,lgVD_test
51001932,,0.1886108258955444,lgVD_test
51003505,,-0.34326578002722974,lgVD_test
51003592,,0.4579965978980122,lgVD_test
51003683,,0.03589346290096926,lgVD_test
51003693,,-0.07735198691312747,lgVD_test
51003727,,-0.4590079722041559,lgVD_test
51029603,,-0.09964190362071038,lgVD_test
51029604,,0.10631939012839883,lgVD_test
51030711,,0.396397609514693,lgVD_test
51030897,,0.03467054533398545,lgVD_test
51030898,,0.28546728965424567,lgVD_test
51030901,,0.027674337297073776,lgVD_test
51031020,,0.02326644986752613,lgVD_test
51039927,,0.19069533888309215,lgVD_test
51040288,,0.08826251681021491,lgVD_test
51346808,,0.9941688731545855,lgVD_test
51355576,,-0.15642973368810448,lgVD_test
51357585,,0.04128442878770264,lgVD_test
52330067,,0.11249582960191704,lgVD_test
52913813,,0.880682094667776,lgVD_test
52918271,,0.44762047240715,lgVD_test
52918272,,0.29392017044678614,lgVD_test
52918894,,0.037431357075095345,lgVD_test
52919672,,-0.024140385552045174,lgVD_test
52920145,,-0.3732347106207233,lgVD_test
52920146,,-0.14959729069577368,lgVD_test
52920147,,-0.3878477012377621,lgVD_test
52920150,,0.0730104371396687,lgVD_test
52934180,,0.6560547738858613,lgVD_test
52934274,,0.05694707087962683,lgVD_test
52934829,,-0.12021496477764096,lgVD_test
52938668,,-0.12738723606253885,lgVD_test
52938669,,-0.20448667623927014,lgVD_test
52938764,,0.3702833828047834,lgVD_test
52939517,,-0.470835586962714,lgVD_test
52940465,,-0.4802004040574641,lgVD_test
52941857,,0.6866109759786321,lgVD_test
53232451,,0.13674637465111644,lgVD_test
53233899,,-0.14560089719076555,lgVD_test
53234870,,0.2423929172313833,lgVD_test
53235532,,0.8546446223940636,lgVD_test
53236190,,0.5558019764690898,lgVD_test
53236431,,0.833384119869206,lgVD_test
53236607,,0.12324949616598008,lgVD_test
53236824,,0.9567816588908291,lgVD_test
53237048,,0.2545181153274409,lgVD_test
53237049,,0.27332855695740005,lgVD_test
53237257,,0.2997160015595883,lgVD_test
53237261,,0.49167001315902764,lgVD_test
53237536,,0.6637993481984845,lgVD_test
53237719,,0.3845973540691547,lgVD_test
53237720,,0.29372847202832736,lgVD_test
53237721,,0.33955954117465303,lgVD_test
53237773,,0.5396644961756454,lgVD_test
53238002,,0.5772673770683012,lgVD_test
53238005,,0.8254085643111524,lgVD_test
53242178,,-0.18569791833643717,lgVD_test
53244396,,0.15422551555789965,lgVD_test
53245441,,-0.34896190511827335,lgVD_test
53245590,,0.254798361996229,lgVD_test
53246020,,0.14281597819362946,lgVD_test
53247212,,-0.053104271735212025,lgVD_test
53251322,,0.6722547321228385,lgVD_test
53251476,,0.08391660966437411,lgVD_test
53251628,,-0.11433537651531506,lgVD_test
53251631,,-0.16318973266557008,lgVD_test
53251632,,-0.09379972913863914,lgVD_test
53259031,,0.33465965468162057,lgVD_test
53307432,,0.4195579782052084,lgVD_test
53307604,,0.5002714197825782,lgVD_test
53307606,,-0.12657086276123325,lgVD_test
53311070,,0.656827451985246,lgVD_test
53311138,,-0.0014479194178880495,lgVD_test
53311215,,0.035320656096128,lgVD_test
53311230,,0.8678305791852097,lgVD_test
53311392,,0.18488028791511107,lgVD_test
53311393,,0.24958363037648712,lgVD_test
53311484,,0.24196105257632772,lgVD_test
53311562,,0.21026620545888336,lgVD_test
53311566,,0.3378232948580003,lgVD_test
53315082,,0.026426160943710947,lgVD_test
53315818,,0.003709688732664057,lgVD_test
53317503,,-0.6636570209474886,lgVD_test
53317735,,0.22544086979760253,lgVD_test
53318615,,0.4956875317174891,lgVD_test
53318852,,1.0805595987264853,lgVD_test
53319416,,-0.3390961740684737,lgVD_test
53320167,,0.20261684397673974,lgVD_test
53320168,,0.22185689439679623,lgVD_test
53320169,,0.8959879356395586,lgVD_test
53320219,,-0.345021259651135,lgVD_test
53321481,,0.9234016158385272,lgVD_test
53321535,,-0.3346883988220525,lgVD_test
53323475,,0.04478123809283652,lgVD_test
53324991,,-0.212223485471777,lgVD_test
53325491,,-0.25228885414733665,lgVD_test
53326696,,0.19265863061952992,lgVD_test
53326697,,0.21428665586504142,lgVD_test
53326698,,1.0845148181183508,lgVD_test
53326699,,1.0882681780633503,lgVD_test
53326866,,0.3985130247106094,lgVD_test
53327817,,1.1154299389748594,lgVD_test
53341130,,0.22264618396143415,lgVD_test
53347902,,-0.2851231397376564,lgVD_test
53348188,,1.255046054312957,lgVD_test
53350233,,0.4280014994389823,lgVD_test
53358901,,0.6043493769005768,lgVD_test
53359023,,-0.33590347531096687,lgVD_test
53361128,,0.8831635668484583,lgVD_test
53361524,,1.028824022979932,lgVD_test
53363442,,0.4059476419318316,lgVD_test
53363480,,0.39391477360984145,lgVD_test
53373573,,-0.09739390120142202,lgVD_test
53378051,,0.9636790123290311,lgVD_test
53378456,,0.5850171250177469,lgVD_test
53379404,,0.18145654256937177,lgVD_test
53380290,,0.018554057263286017,lgVD_test
53380818,,0.33324057652293,lgVD_test
53382523,,0.05309145679937563,lgVD_test
53382542,,0.18595718605319805,lgVD_test
53384864,,0.49247798699366535,lgVD_test
53387844,,0.22948161947403345,lgVD_test
53389570,,-0.057837010737952485,lgVD_test
53389580,,0.10948612091188006,lgVD_test
53393954,,0.007818510346456808,lgVD_test
53394043,,-0.15924763048656743,lgVD_test
53394893,,-0.09002317895914444,lgVD_test
53395436,,0.19663215692612307,lgVD_test
53397745,,0.22976254558842013,lgVD_test
53442201,,0.06643955383481293,lgVD_test
53461729,,0.2906203992549552,lgVD_test
53461774,,0.23349665183825996,lgVD_test
53465297,,0.501557272824044,lgVD_test
53472153,,0.7474844598825816,lgVD_test
53472374,,0.38685989682098215,lgVD_test
53472377,,0.3669830473935655,lgVD_test
53472426,,0.2899808386806459,lgVD_test
53472427,,0.19376920351022442,lgVD_test
53472469,,0.364509617628984,lgVD_test
53472470,,0.6153314006549209,lgVD_test
53472471,,0.2325905143023621,lgVD_test
53472473,,0.413815676695896,lgVD_test
53475321,,0.5729387458895729,lgVD_test
53477157,,0.2800546457952012,lgVD_test
53493001,,0.7106337118736521,lgVD_test
53494972,,0.21699381245314436,lgVD_test
53681538,,0.12892234731125451,lgVD_test
54034211,,0.3572411319358427,lgVD_test
54085540,,0.27025710986954926,lgVD_test
54098558,,-0.27985637367969907,lgVD_test
54237161,,-0.009113615417024351,lgVD_test
54276218,,0.002493674712860522,lgVD_test
54289283,,-0.17542112299248278,lgVD_test
54334651,,0.5991786246903763,lgVD_test
54413479,,-0.11776350225787817,lgVD_test
54546894,,0.4006804706553411,lgVD_test
54576288,,0.48929446878025323,lgVD_test
54576289,,0.352879237187404,lgVD_test
54576290,,0.1385192564231677,lgVD_test
54576291,,0.3202409745920134,lgVD_test
54576499,,0.0844712944215889,lgVD_test
54576501,,0.11025236518054768,lgVD_test
54576503,,0.2926462387921954,lgVD_test
54576721,,0.14892118655929892,lgVD_test
54577781,,0.14049858654092418,lgVD_test
54577784,,0.8932233745313756,lgVD_test
54580312,,0.33509864265397055,lgVD_test
54580765,,-0.3882530856972683,lgVD_test
54581776,,-0.44700778869884245,lgVD_test
54581822,,-0.2367758423324411,lgVD_test
54581862,,-0.4039962918134979,lgVD_test
54583733,,-0.44483881841717915,lgVD_test
54585641,,-0.4303639326547541,lgVD_test
54585642,,-0.5847183586657869,lgVD_test
54585716,,-0.3204985383526757,lgVD_test
54586192,,0.2807814043581647,lgVD_test
54586637,,-0.6873976488719185,lgVD_test
54587655,,-0.4947771172694304,lgVD_test
54587659,,-0.7194006369890888,lgVD_test
54587696,,-0.3626560207317652,lgVD_test
54590906,,0.011235519501765323,lgVD_test
54669771,,-0.6997008597259928,lgVD_test
54670732,,1.1492518031968344,lgVD_test
54677470,-0.823908741,-0.6634620627241481,lgVD_test
54677472,,0.22642761336637124,lgVD_test
54677473,,0.28370653451558897,lgVD_test
54677477,,0.06030770306850833,lgVD_test
54677514,,-0.13429312964728018,lgVD_test
54677537,,-0.012062442500948262,lgVD_test
54677551,,0.31944491945017467,lgVD_test
54677580,,0.16973614807269216,lgVD_test
54677593,,-0.04012446328837438,lgVD_test
54677595,,0.13837933812612846,lgVD_test
54677617,,0.44667035440287534,lgVD_test
54677623,,0.33845781179086615,lgVD_test
54677971,-0.721246399,-0.6782348063512966,lgVD_test
54678776,,0.1014663993062668,lgVD_test
54681772,,0.02034981044244505,lgVD_test
54682240,,-0.4071870827923659,lgVD_test
54682241,,-0.37355854064361843,lgVD_test
54682245,,-0.44138395259778884,lgVD_test
54682251,,-0.24298825851984152,lgVD_test
54698990,,-0.4669720541009394,lgVD_test
54709833,,-0.47901845146643496,lgVD_test
54709839,,-0.42582657806287,lgVD_test
54716246,,-0.2222849710236833,lgVD_test
54720507,,-0.46244372138861195,lgVD_test
54733178,,-0.5714555439495689,lgVD_test
54733197,,-0.07119058552283772,lgVD_test
54733202,,-0.016054400674491418,lgVD_test
54735090,,-0.2771190878374435,lgVD_test
54735094,,-0.1913964020702237,lgVD_test
54735095,,-0.23683756250971255,lgVD_test
54735096,,-0.18807478534986585,lgVD_test
54735097,,-0.13587846362596392,lgVD_test
54735098,,-0.14127862767635857,lgVD_test
54735099,,0.03476012873600079,lgVD_test
54735101,,0.4243615670068737,lgVD_test
54752118,,0.18838751624111671,lgVD_test
54752774,,0.24999995177853912,lgVD_test
54752951,,-0.13949526755461558,lgVD_test
54753437,,0.44316314814609753,lgVD_test
54758482,,0.7549084220168722,lgVD_test
54769301,,1.269513684529497,lgVD_test
54769529,,1.074179135686234,lgVD_test
54769530,,0.9919792017153108,lgVD_test
54769531,,1.0731809633990186,lgVD_test
56587994,,0.4025859257943341,lgVD_test
56589600,,-0.5055684607538642,lgVD_test
56592910,,-0.011829009393911419,lgVD_test
56593152,,-0.1319806330503393,lgVD_test
56593934,,0.15706002610788838,lgVD_test
56594384,,-0.8201939613833731,lgVD_test
56594517,,-0.6174713059991055,lgVD_test
56594647,,-0.6125569100149477,lgVD_test
56594648,,-0.5701669500872045,lgVD_test
56594649,,-0.6512884221472937,lgVD_test
56594650,,-0.5418692853706826,lgVD_test
56594781,,-0.5343868994536825,lgVD_test
56594782,,-0.6087657261918458,lgVD_test
56594784,,-0.6017509487056852,lgVD_test
56594785,,-0.58119736339675,lgVD_test
56594904,,-0.6093943072750136,lgVD_test
56595047,,-0.5913225167237189,lgVD_test
56603823,,-0.2572356467290111,lgVD_test
56642133,,-0.01295263720670288,lgVD_test
56643412,,0.1938096705552091,lgVD_test
56643450,,0.5462653293574518,lgVD_test
56643478,,0.2384142097334236,lgVD_test
56644424,,0.19227217989373013,lgVD_test
56649677,,0.014383882925929958,lgVD_test
56659408,,0.5101160289657429,lgVD_test
56662035,,0.6003388396546545,lgVD_test
56662691,,0.7384645646489321,lgVD_test
56662692,,0.9260923573728719,lgVD_test
56662793,,-0.022573729982612076,lgVD_test
56666341,,0.43394826457794683,lgVD_test
56668190,,-0.01198645991115703,lgVD_test
56668950,,0.2792427954918767,lgVD_test
56669554,,0.6854847843377834,lgVD_test
56670621,,0.24873758560307868,lgVD_test
56673074,,0.6892880707716165,lgVD_test
56673075,,0.942868210010624,lgVD_test
56673241,,0.4583330792889682,lgVD_test
56676509,,-0.18943114479378254,lgVD_test
56677275,,0.5038487961540898,lgVD_test
56679719,,0.778939763070488,lgVD_test
56682216,,0.11662236949422627,lgVD_test
56682553,,0.1297964817740223,lgVD_test
56683157,,-0.28627628596148064,lgVD_test
56688330,,-0.2356832787574153,lgVD_test
56834574,,0.8742819205090013,lgVD_test
56834575,,0.8189355313394662,lgVD_test
56834577,,0.5809011369592041,lgVD_test
56834578,,0.6341632841105773,lgVD_test
56834579,,0.679962492751355,lgVD_test
56834944,,-0.061019261852739495,lgVD_test
56835088,,0.2710957569250101,lgVD_test
56835090,,0.2902587985090291,lgVD_test
56835139,,0.03298773120440235,lgVD_test
56835140,,0.0223499307321606,lgVD_test
56835159,,0.06991502040014558,lgVD_test
56835160,,0.09690314532631716,lgVD_test
56840969,,0.42216611606226834,lgVD_test
56929216,,0.027648931392599746,lgVD_test
56934550,,-0.3989888615605949,lgVD_test
56944164,,-0.18156558466724942,lgVD_test
56946209,,-0.030506165709385746,lgVD_test
56949326,,-0.043737783416727835,lgVD_test
56949966,,0.08531507937658478,lgVD_test
56951368,,-0.11952433862990351,lgVD_test
56953730,,0.25656684448938283,lgVD_test
56954305,,-0.3640257330101152,lgVD_test
56964577,,-0.17811940157868691,lgVD_test
56964907,,-0.10047978480222668,lgVD_test
56965901,,-0.043678287454726725,lgVD_test
57325398,,0.009358225474117104,lgVD_test
57325589,,-0.19676718089664436,lgVD_test
57330141,,0.6190187856250198,lgVD_test
57330203,,0.10829714546328195,lgVD_test
57335019,,0.20479671199999705,lgVD_test
57343797,,-0.3229927609823467,lgVD_test
57345400,,-0.19383241621979208,lgVD_test
57345538,,-0.1399600098236392,lgVD_test
57384005,,0.09708096580099876,lgVD_test
57384006,,0.10798585306433672,lgVD_test
57384039,,0.09391051611038914,lgVD_test
57384040,,0.6647727266765306,lgVD_test
57384257,,0.43180776221964395,lgVD_test
57384510,,0.0986140204355587,lgVD_test
57384535,,0.4590371162445946,lgVD_test
57384536,,0.3472749733897234,lgVD_test
57384537,,0.2734330006052771,lgVD_test
57384750,,0.2913072817458602,lgVD_test
57385371,,0.3834524012588136,lgVD_test
57385877,,0.36266876152266525,lgVD_test
57387166,,0.24447106231196247,lgVD_test
57387775,,0.20878969730792007,lgVD_test
57390665,,0.09247258015214399,lgVD_test
57390666,,0.17137136209073756,lgVD_test
57390700,,-0.6170861297182435,lgVD_test
57390720,,0.11167493478509469,lgVD_test
57390766,,0.25549422917831144,lgVD_test
57391102,,0.025150721820008742,lgVD_test
57391205,,0.3862386405509705,lgVD_test
57391458,,-0.7140036805632279,lgVD_test
57391459,,0.01259774741476552,lgVD_test
57391636,,0.029090355338616786,lgVD_test
57391773,,0.1514518603052537,lgVD_test
57391774,,0.28722585395392486,lgVD_test
57391775,,0.2717349949821901,lgVD_test
57391796,,0.7148812223203804,lgVD_test
57392303,,0.5638894921789006,lgVD_test
57392462,,0.21902828521507844,lgVD_test
57392505,,-0.6626512363513892,lgVD_test
57392515,,0.229135610404602,lgVD_test
57392520,,-0.0673982269632128,lgVD_test
57392521,,0.18434278851515673,lgVD_test
57392872,,-0.21053702090727217,lgVD_test
57392963,,0.15645299854383132,lgVD_test
57392964,,-0.09566942631417107,lgVD_test
57392969,,0.8283347902617484,lgVD_test
57393503,,0.23257436887335436,lgVD_test
57394057,,0.5675701146286507,lgVD_test
57394058,,0.44158726746472327,lgVD_test
57394170,,0.28160575854285114,lgVD_test
57394213,,-0.3561235354425517,lgVD_test
57394233,,0.2831546268093942,lgVD_test
57394609,,-0.34733861273755845,lgVD_test
57394706,,-0.2545308669906753,lgVD_test
57394707,,-0.12753805273452515,lgVD_test
57394711,,0.9325277113758081,lgVD_test
57394837,,0.4032294647832186,lgVD_test
57395096,,0.2948132937397911,lgVD_test
57395097,,0.2994362735924891,lgVD_test
57395222,,0.2444768906555958,lgVD_test
57395817,,0.5862619483171398,lgVD_test
57395978,,-0.1652153274960598,lgVD_test
57395989,,0.28947187258002866,lgVD_test
57395990,,0.37290022372856063,lgVD_test
57395991,,0.14157728961158628,lgVD_test
57396059,,0.3200920929127247,lgVD_test
57396625,,0.14391046182412315,lgVD_test
57396866,,0.349555249241139,lgVD_test
57397597,,1.2299583478506917,lgVD_test
57397598,,0.3714383795240232,lgVD_test
57397744,,0.1262841240332307,lgVD_test
57397745,,0.11413889934000249,lgVD_test
57397746,,0.12975193439831084,lgVD_test
57397779,,-0.21218102608492725,lgVD_test
57397790,,0.380046294893536,lgVD_test
57397791,,0.2691189670511676,lgVD_test
57397793,,0.012200403451994857,lgVD_test
57397794,,0.02363502634726089,lgVD_test
57398166,,-0.29039391970713446,lgVD_test
57398258,,0.15397657350931448,lgVD_test
57398392,,0.019338148345287826,lgVD_test
57398473,,-0.23888667940940414,lgVD_test
57398710,,0.015529089062674362,lgVD_test
57398751,,0.3570572993023052,lgVD_test
57398771,,0.5057802062323418,lgVD_test
57399404,,0.17838131667937157,lgVD_test
57399406,,0.10175588420906076,lgVD_test
57399407,,0.14595248467490274,lgVD_test
57399408,,0.27178578585054797,lgVD_test
57399796,,-0.24173961618659334,lgVD_test
57399910,,-0.16020732856867326,lgVD_test
57400038,,0.41552850194068885,lgVD_test
57400138,,-0.5305677482427121,lgVD_test
57400294,,0.39819861431254183,lgVD_test
57400384,,0.07852051151612482,lgVD_test
57400424,,0.2590013543780017,lgVD_test
57401151,,0.5582650053887157,lgVD_test
57401170,,0.08147513801094192,lgVD_test
57401204,,-0.6686631295689047,lgVD_test
57401205,,-0.590458951301831,lgVD_test
57401217,,0.05054916633182063,lgVD_test
57401218,,0.16315031925534618,lgVD_test
57401219,,-0.04649574999673253,lgVD_test
57401272,,0.35638346023242756,lgVD_test
57401273,,0.23528936300403414,lgVD_test
57401681,,-0.047719387031788504,lgVD_test
57401682,,-0.14989164146344647,lgVD_test
57401683,,-0.003172600157534844,lgVD_test
57401684,,0.025179590624263115,lgVD_test
57401865,,0.23207505141623197,lgVD_test
57401867,,0.12976044372976447,lgVD_test
57401936,,-0.368715018259294,lgVD_test
57401937,,-0.26562714692977896,lgVD_test
57402183,,-0.1146472426779875,lgVD_test
57402223,,0.16070723301087803,lgVD_test
57402253,,0.6828117443135449,lgVD_test
57402653,,-0.5187606797741007,lgVD_test
57402801,,0.745495375037269,lgVD_test
57402802,,0.22590084426350315,lgVD_test
57402931,,0.09044915617798072,lgVD_test
57402970,,-0.05317321054214222,lgVD_test
57403021,,0.3127270371412365,lgVD_test
57403176,,-0.08577109134346099,lgVD_test
57403577,,0.06771018917769595,lgVD_test
57403670,,-0.3405532070138015,lgVD_test
57403853,,0.20390927015647298,lgVD_test
57403940,,-0.01609454191388844,lgVD_test
57403965,,0.15400075727860535,lgVD_test
57403966,,0.338881802187166,lgVD_test
57404290,,0.25766493325755835,lgVD_test
57404548,,0.4131505264228213,lgVD_test
57405264,,-0.22661814642613676,lgVD_test
57406911,,0.45873582013190356,lgVD_test
57411983,,-0.3728605818986266,lgVD_test
57459022,,0.36014776138481347,lgVD_test
57459482,,0.5480771051287829,lgVD_test
57459488,,0.8103449391216582,lgVD_test
57459494,,0.8358624375993242,lgVD_test
57459497,,0.8817600435975754,lgVD_test
57470134,,0.955822699140294,lgVD_test
57479606,,0.6124679127334101,lgVD_test
57484593,,0.14697305793499382,lgVD_test
57504264,,0.12504919836077305,lgVD_test
57504472,,-0.11060182624699501,lgVD_test
57505195,,0.13926267015002192,lgVD_test
57505196,,-0.22842964169109992,lgVD_test
57505238,,-0.04210346631739584,lgVD_test
57505239,,0.22647603560962637,lgVD_test
57505241,,-0.10037768769846867,lgVD_test
57505242,,0.14595254089064635,lgVD_test
57505332,,-0.20535356943835625,lgVD_test
57519532,,1.5007409718219695,lgVD_test
57520598,,-0.331662496379283,lgVD_test
57521916,,-0.5119329859246418,lgVD_test
57522810,,0.279591139085961,lgVD_test
57522812,,0.33263914909768366,lgVD_test
57522815,,0.3260069068308148,lgVD_test
57522939,,0.324703679871569,lgVD_test
57523281,,0.14940712060576977,lgVD_test
57523282,,-0.15314388938668724,lgVD_test
57523311,,-0.10739378084371545,lgVD_test
57523313,,-0.14420764783122167,lgVD_test
57523342,,-0.02519616443791743,lgVD_test
57523343,,-0.07788753176611529,lgVD_test
57523372,,-0.03814982168224479,lgVD_test
57523375,,-0.10953169427144865,lgVD_test
57523403,,-0.15132401914854401,lgVD_test
57523404,,-0.08915023070035508,lgVD_test
57523405,,-0.12817401980752946,lgVD_test
57523406,,-0.0405012699566437,lgVD_test
57523434,,-0.15063894110318526,lgVD_test
57656715,,0.2000140487270618,lgVD_test
57942817,,0.08668955930181249,lgVD_test
57977652,,0.1659831337229576,lgVD_test
57992036,,-0.14481318414462832,lgVD_test
57992122,,-0.43059826734407347,lgVD_test
57992140,,0.5307047469314341,lgVD_test
57992198,,-0.4263122300308172,lgVD_test
58063117,,-0.09721991057898399,lgVD_test
58063225,,-0.178278085429599,lgVD_test
58063334,,0.3448258522529244,lgVD_test
58063487,,0.17874473196243668,lgVD_test
58348375,,0.3907295594198547,lgVD_test
58379533,,0.09997241548943428,lgVD_test
58398817,,-0.04994233860966346,lgVD_test
58439416,,0.8064503660060147,lgVD_test
58457005,,-0.27881747092399534,lgVD_test
58457146,,-0.2258583086892878,lgVD_test
58464413,,0.26946830726950805,lgVD_test
58464414,,0.09033141758559035,lgVD_test
58464429,,-0.35729724369399063,lgVD_test
58464432,,0.12223642248244904,lgVD_test
58464439,,0.4061626052928668,lgVD_test
58464441,,0.3334794408706019,lgVD_test
58464474,,0.3862116879263133,lgVD_test
58464480,,0.43599323647793503,lgVD_test
58464487,,0.3267423466284115,lgVD_test
58464510,,0.44605406351682403,lgVD_test
58464524,,0.3907557202583662,lgVD_test
58464533,,-0.30275661811978705,lgVD_test
58464537,,0.2787207055918708,lgVD_test
58628171,,-0.32924665963777927,lgVD_test
58751587,,0.4295192567392951,lgVD_test
58834906,,0.22261213644733246,lgVD_test
58834946,,0.30104582751489595,lgVD_test
58834953,,0.6957359736034912,lgVD_test
58834969,,0.05071856195445834,lgVD_test
58835000,,0.7171173705139822,lgVD_test
58835024,,0.11108503254021218,lgVD_test
58835027,,0.10962382381133248,lgVD_test
58835113,,-0.046708494403978854,lgVD_test
58835114,,0.20156950738827845,lgVD_test
58835155,,0.25673231400760455,lgVD_test
58835217,,0.07763678083300346,lgVD_test
59179619,,0.5379905407406851,lgVD_test
59208340,,-0.06519849800744568,lgVD_test
59208355,,-0.31037260704346176,lgVD_test
59239114,,0.4230317784383401,lgVD_test
59239194,,0.3122055040595496,lgVD_test
59239356,,0.38996252410654136,lgVD_test
59239369,,0.35417123268607087,lgVD_test
59239456,,0.5656949544125722,lgVD_test
59295938,,0.20973217942021793,lgVD_test
59296066,,0.08909538648803944,lgVD_test
59296090,,0.08228656950263144,lgVD_test
59296100,,0.004832111462078265,lgVD_test
59296111,,0.03131580444363938,lgVD_test
59406936,,-0.3000569675442971,lgVD_test
59456096,,0.34265066969767033,lgVD_test
59456102,,0.00029202778697104415,lgVD_test
59458061,,-0.011271082429004015,lgVD_test
59458228,,0.10859541269853215,lgVD_test
59473233,,0.150408672860661,lgVD_test
59604787,,0.18140046052430958,lgVD_test
59606138,,0.35343910517989835,lgVD_test
59618273,,-0.39093851987789313,lgVD_test
59618368,,-0.4325737381159742,lgVD_test
59618511,,-0.36677792250055913,lgVD_test
59627005,,0.1316559707317792,lgVD_test
59627683,,-0.5088776512096478,lgVD_test
59864749,,-0.2525957675608552,lgVD_test
60148507,,-0.356639405474549,lgVD_test
60148508,,0.7276702832478148,lgVD_test
60148981,,0.03289619732514315,lgVD_test
60149247,,0.2767777602659135,lgVD_test
60149678,,0.0972724384532935,lgVD_test
60150483,,0.25607435918974536,lgVD_test
60150614,,0.31960517244733017,lgVD_test
60168069,,0.06598224569942335,lgVD_test
60168109,,0.07786909701131786,lgVD_test
60168110,,0.11264820505172951,lgVD_test
60168115,,0.06865442408294797,lgVD_test
60168116,,0.1545343224018358,lgVD_test
60168117,,0.08185176709389541,lgVD_test
60169980,,0.03209305563490478,lgVD_test
60170163,,0.12941100383794424,lgVD_test
60170339,,-0.019926642045388465,lgVD_test
60170342,,-0.11667785884519405,lgVD_test
60195902,,-0.4512628253464477,lgVD_test
60197821,,0.2544966439648978,lgVD_test
60197937,,-0.05252426565236752,lgVD_test
60198399,,0.08427395718913044,lgVD_test
60198530,,-0.014964248095817395,lgVD_test
60198589,,0.10485803919996886,lgVD_test
60201088,,0.3025964784960255,lgVD_test
60201255,,0.3470800006732938,lgVD_test
60201256,,0.5004506101563944,lgVD_test
60201257,,0.024329928484380092,lgVD_test
60203901,,-0.014819946751502486,lgVD_test
60204017,,0.14356981772024052,lgVD_test
62705686,,-0.32865055330049253,lgVD_test
62705687,,-0.34067553793764654,lgVD_test
62705689,,-0.2879454121040814,lgVD_test
62705690,,0.1874580261553977,lgVD_test
62705859,,0.26608904396234695,lgVD_test
62705860,,0.259551023733381,lgVD_test
62706106,,0.10032423765473661,lgVD_test
62706107,,-0.07504226413416286,lgVD_test
62706108,,0.10892030280425061,lgVD_test
62706109,,0.123357799507324,lgVD_test
62706110,,-0.09297194247921048,lgVD_test
66549342,,0.24581688293845116,lgVD_test
66549529,,-0.0004112376675988183,lgVD_test
66549904,,0.05205919768068884,lgVD_test
66551245,,0.5937214422742545,lgVD_test
66553128,,-0.19589639902648534,lgVD_test
66553168,,-0.7000722059304028,lgVD_test
66557945,,-0.1728534199763856,lgVD_test
66558213,,-0.24697212526527376,lgVD_test
66559115,,-0.2072066746198084,lgVD_test
66559116,,-0.1611282107078067,lgVD_test
66559118,,-0.21983993114061365,lgVD_test
66609540,,-0.10064231696744125,lgVD_test
66610342,,0.14890908590599972,lgVD_test
66615628,,0.47856088568133875,lgVD_test
66624461,,0.7136909916456955,lgVD_test
66735960,,0.9370448496567234,lgVD_test
66780180,,-0.3191506030859617,lgVD_test
66838204,,1.0876896584861708,lgVD_test
66850717,,-0.4249268427896169,lgVD_test
67083591,,0.6130276756487829,lgVD_test
67083902,,-0.569952634862197,lgVD_test
67103709,,0.8742068588341807,lgVD_test
67103712,,0.896178460184482,lgVD_test
67103722,,0.8094692333977274,lgVD_test
67103909,,1.082526345806329,lgVD_test
67103974,,0.8715730162224398,lgVD_test
67104025,,0.8666563467653539,lgVD_test
67165188,,0.8081420588820962,lgVD_test
67165238,,0.8604354966177701,lgVD_test
67165970,,0.8568686125818565,lgVD_test
67166664,,0.9312328233066631,lgVD_test
67192973,,0.8643914919995119,lgVD_test
67246999,,0.09985682734382567,lgVD_test
67374618,,0.10116127201635869,lgVD_test
67375395,,0.49136954525228854,lgVD_test
67379186,,0.08900630724847203,lgVD_test
67379418,,0.20408348269156545,lgVD_test
67379447,,-0.29302079057202923,lgVD_test
67432893,,-0.3491041079367796,lgVD_test
67432993,,-0.37985442455132623,lgVD_test
67433356,,-0.3945478867098224,lgVD_test
67436594,,-0.10088298371221172,lgVD_test
67437893,,-0.08531610429712458,lgVD_test
67437917,,0.11470549423234666,lgVD_test
67439764,,0.504512609192121,lgVD_test
67460268,,-0.47856894442174275,lgVD_test
67460401,,-0.40879146344406986,lgVD_test
67463112,,-0.4361926152945908,lgVD_test
67463976,,-0.4161395970416004,lgVD_test
67496729,,-0.1890356971229261,lgVD_test
67960135,,0.061922127127577276,lgVD_test
67979331,,0.2514537664581167,lgVD_test
68008456,,0.5183621659212838,lgVD_test
68008606,,0.46722371839107063,lgVD_test
68008713,,0.21119711613811826,lgVD_test
68011817,,-0.21705803941226232,lgVD_test
68181883,,0.35732911662931727,lgVD_test
68181896,,0.6562744328416079,lgVD_test
68181954,,0.44327919840743685,lgVD_test
68276725,,0.05922454975687308,lgVD_test
68277248,,0.13671193561287837,lgVD_test
68277492,,0.17451363635343203,lgVD_test
68277518,,-0.1087951650720214,lgVD_test
68277611,,-0.07607256437143214,lgVD_test
68287006,,0.40542119460102405,lgVD_test
68290289,,0.01348340488137631,lgVD_test
68290572,,0.08989046776743959,lgVD_test
68486699,,0.5623099177992863,lgVD_test
68488997,,0.8278109688346011,lgVD_test
68489225,,0.42856865031952446,lgVD_test
68490094,,0.5219846494148408,lgVD_test
68517306,,-0.2947307346022008,lgVD_test
68517356,,-0.28759837773966423,lgVD_test
68519747,,-0.28718754216091047,lgVD_test
68533570,,0.6974044628691334,lgVD_test
68560980,,-0.35620206548202715,lgVD_test
68637051,,0.7735229728126856,lgVD_test
68639684,,0.0948034082453976,lgVD_test
68747277,,0.6910877532670239,lgVD_test
68778068,,0.08825919745463431,lgVD_test
68780878,,0.1818005828630977,lgVD_test
68804289,,0.28547589616180163,lgVD_test
68804310,,0.33950837494493286,lgVD_test
68804512,,0.2364246678074326,lgVD_test
68804537,,0.3643634018104804,lgVD_test
68874427,,0.15351253692110717,lgVD_test
68908007,,0.5437468582281371,lgVD_test
68910242,,0.5582796442860085,lgVD_test
68911088,,-0.3736251794681238,lgVD_test
68914580,,-0.3806156258715796,lgVD_test
68924158,,0.766804276432528,lgVD_test
68931719,,0.07991135824684487,lgVD_test
69003776,,0.689104682893465,lgVD_test
69093106,,0.9116428194613524,lgVD_test
69093344,,0.9744006189826926,lgVD_test
69093439,,0.7165842881263875,lgVD_test
69093509,,0.673939980249328,lgVD_test
69093928,,0.9660289833142917,lgVD_test
69167248,,-0.0891676906031012,lgVD_test
69173353,,0.6154527405393664,lgVD_test
69190708,,0.31953802658549674,lgVD_test
69262172,,0.09136966142472905,lgVD_test
69272932,,-0.0823663729907404,lgVD_test
69274365,,0.012037302691436963,lgVD_test
69347719,,0.25562351656850496,lgVD_test
69621061,,-0.12722749699584873,lgVD_test
69676686,,0.6786781675984723,lgVD_test
69826668,,0.5153798327589565,lgVD_test
69866278,,-0.06086412497279814,lgVD_test
69930037,,0.5022038562977686,lgVD_test
70276605,,-0.43369796161812096,lgVD_test
70276990,,-0.2460327023933392,lgVD_test
70278898,,-0.35445185341704455,lgVD_test
70280758,,-0.2541505083218054,lgVD_test
70496411,,-0.41370106298781434,lgVD_test
70660712,,-0.10852656543345708,lgVD_test
70662627,,0.11777361733866615,lgVD_test
70680234,,1.0027971473152053,lgVD_test
70681026,,1.1062272187518094,lgVD_test
70681028,,0.89195036343428,lgVD_test
70681031,,0.39943417175735746,lgVD_test
70681209,,0.5174584234506574,lgVD_test
70681372,,1.0754970656571992,lgVD_test
70681611,,1.1791635573337902,lgVD_test
70681624,,1.2503794062790679,lgVD_test
70681625,,1.1527355443895935,lgVD_test
70682196,,0.16817814685704519,lgVD_test
70682211,,0.7011796230453369,lgVD_test
70682212,,0.650610627752344,lgVD_test
70682213,,0.8548664044742593,lgVD_test
70682494,,0.23359105579655554,lgVD_test
70682502,,-0.3476523422463267,lgVD_test
70682601,,-0.041042604898241616,lgVD_test
70682602,,0.3164420395014136,lgVD_test
70682603,,0.7262115430366891,lgVD_test
70682777,,-0.1888161554702227,lgVD_test
70682976,,-0.17669682680619614,lgVD_test
70683152,,0.6664481858413058,lgVD_test
70683497,,1.1191433197995189,lgVD_test
70683558,,0.9942220463151219,lgVD_test
70683752,,1.2633696755098045,lgVD_test
70683753,,1.1494165220275268,lgVD_test
70684294,,-0.051716276036447684,lgVD_test
70684298,,0.07125060838797989,lgVD_test
70684312,,0.5135888035368881,lgVD_test
70684313,,0.5255225621744284,lgVD_test
70684314,,0.2805082564216946,lgVD_test
70685233,,0.7970325587467355,lgVD_test
70685575,,1.0594831811787433,lgVD_test
70685577,,1.0740480739314813,lgVD_test
70685868,,1.0230638014523727,lgVD_test
70686373,,0.28498980859853734,lgVD_test
70686471,,0.27382285821154406,lgVD_test
70686472,,0.3654071937271635,lgVD_test
70686473,,0.5630861738611037,lgVD_test
70686474,,0.547742668768813,lgVD_test
70687384,,0.06836513925400581,lgVD_test
70687387,,0.38496437949970425,lgVD_test
70687388,,0.3336370110432126,lgVD_test
70687546,,0.2531798657483279,lgVD_test
70687547,,0.47669871442471917,lgVD_test
70688017,,-0.054939476151188285,lgVD_test
70688019,,1.1665295075391486,lgVD_test
70688020,,1.0868454272247885,lgVD_test
70688021,,1.1167623172402668,lgVD_test
70688022,,1.171461901546335,lgVD_test
70688263,,-0.4026988487461465,lgVD_test
70688545,,0.08879912130918768,lgVD_test
70688555,,0.5538721930376407,lgVD_test
70688556,,0.1333637813995493,lgVD_test
70688569,,0.7690465836727123,lgVD_test
70688570,,0.6937702718894518,lgVD_test
70688913,,0.10735463490090749,lgVD_test
70688922,,0.1640717121374779,lgVD_test
70689444,,0.433259757619526,lgVD_test
70689446,,0.6245891536542576,lgVD_test
70689447,,0.668484048701987,lgVD_test
70689768,,0.9180550128566318,lgVD_test
70689799,,0.9955128098354153,lgVD_test
70690050,,1.2239936395394757,lgVD_test
70690051,,1.3565461864107202,lgVD_test
70690053,,1.1775617716192273,lgVD_test
70690054,,1.2819410191292075,lgVD_test
70690618,,0.18278046220339944,lgVD_test
70690634,,0.11029715220819003,lgVD_test
70690636,,0.1007085241608569,lgVD_test
70690637,,0.8083675883152128,lgVD_test
70690638,,0.5852212143167903,lgVD_test
70691008,,0.265109934834349,lgVD_test
70691486,,0.32371318145937683,lgVD_test
70691849,,-0.4331712629846305,lgVD_test
70691913,,1.0934629937167548,lgVD_test
70691914,,0.42792547757213045,lgVD_test
70691939,,1.1134469360623938,lgVD_test
70691981,,-0.04726955008350034,lgVD_test
70692198,,1.3869828861677904,lgVD_test
70692199,,1.0399914464697786,lgVD_test
70692435,,-0.435034267696798,lgVD_test
70692446,,-0.5213459023576877,lgVD_test
70692760,,0.30595249586856715,lgVD_test
70692773,,0.21323274235534745,lgVD_test
70692774,,0.7687091806893687,lgVD_test
70692775,,0.6001380335946414,lgVD_test
70692915,,0.11674279534263887,lgVD_test
70693142,,0.4635983960481688,lgVD_test
70693802,,0.22654904089327377,lgVD_test
70693803,,0.2802482792699689,lgVD_test
70693804,,0.36413025263242943,lgVD_test
70694038,,1.0043043626205275,lgVD_test
70694039,,1.0990826069123938,lgVD_test
70694040,,1.14209055309147,lgVD_test
70694041,,1.0901699161749843,lgVD_test
70694042,,1.1168621060807848,lgVD_test
70694788,,-0.05829000205237787,lgVD_test
70694789,,-0.05469412979935158,lgVD_test
70694800,,0.17329740129508342,lgVD_test
70694801,,0.16751993695144324,lgVD_test
70694805,,-0.021420946412756686,lgVD_test
70694812,,0.21832323570121898,lgVD_test
70694813,,0.2698925144831949,lgVD_test
70695087,,-0.42343201008373044,lgVD_test
70695088,,-0.4333311433828459,lgVD_test
70695171,,-0.24577740298699358,lgVD_test
70695756,,0.4104184682298249,lgVD_test
70695757,,0.6873551703158378,lgVD_test
70695758,,0.8848058964150527,lgVD_test
70695898,,0.6456450245231724,lgVD_test
70696089,,1.0640829601466555,lgVD_test
70696357,,1.2580622160551487,lgVD_test
70696545,,-0.46540566359957525,lgVD_test
70696850,,0.6260962781009596,lgVD_test
70696862,,0.22956244921594493,lgVD_test
70696863,,0.3088886378599358,lgVD_test
70696864,,0.45150103473285724,lgVD_test
70696865,,0.43378018141453684,lgVD_test
70702000,,-0.5976674226902297,lgVD_test
70702001,,-0.6759608726717294,lgVD_test
70702306,,0.8961690256365777,lgVD_test
70791303,,0.3362964555709761,lgVD_test
70812854,,-0.1324619691723578,lgVD_test
70812857,,-0.05471137303154383,lgVD_test
70903618,,-0.42272786097398024,lgVD_test
71054529,,0.33600384728083077,lgVD_test
71151588,,-0.1308736411089356,lgVD_test
71259491,,0.47094207749267664,lgVD_test
71279311,,0.3771401107555152,lgVD_test
71279444,,0.03820279033884791,lgVD_test
71279507,,-0.03719087897603264,lgVD_test
71279543,,0.11954636338270058,lgVD_test
71279672,,0.1388963969049828,lgVD_test
71279693,,0.5107768703799325,lgVD_test
71280008,,-0.065048582949289,lgVD_test
71280067,,0.6186707750892098,lgVD_test
71280128,,0.4657348841404387,lgVD_test
71280539,,-0.01427234450365629,lgVD_test
71287917,,-0.07670128472318107,lgVD_test
71288456,,0.014670374543194337,lgVD_test
71300299,,1.4362455874325297,lgVD_test
71301451,,0.005575352642426645,lgVD_test
71419478,,0.9130202416309139,lgVD_test
71449273,,0.11593395339754836,lgVD_test
71449274,,-0.08724993141119361,lgVD_test
71449452,,0.8800482580713791,lgVD_test
71449523,,0.5698141674736075,lgVD_test
71449584,,-0.08562031560567646,lgVD_test
71449585,,0.015311883055826508,lgVD_test
71450420,,0.4549287593849803,lgVD_test
71450668,,-0.15004082810284888,lgVD_test
71450704,,-0.5014008286803133,lgVD_test
71451078,,0.6149669773569375,lgVD_test
71451084,,0.6055081480099185,lgVD_test
71451085,,0.7861856580735813,lgVD_test
71451192,,0.3535966358092177,lgVD_test
71451196,,0.4750145834633826,lgVD_test
71451733,,-0.3065252762149572,lgVD_test
71452498,,-0.3290180457799264,lgVD_test
71453071,,0.8481500340815584,lgVD_test
71453505,,-0.0024211031538411143,lgVD_test
71453559,,-0.2726451952384183,lgVD_test
71453560,,-0.5021471232540917,lgVD_test
71453987,,0.6725535225151758,lgVD_test
71454287,,-0.3711048605317361,lgVD_test
71454296,,0.17845112988640405,lgVD_test
71454660,,0.0011799926782002645,lgVD_test
71454661,,-0.126801875752591,lgVD_test
71454678,,0.789304290384554,lgVD_test
71454747,,0.4662737255529294,lgVD_test
71455276,,-0.37147980583120765,lgVD_test
71455277,,-0.2406139641327324,lgVD_test
71455278,,-0.4050079232160509,lgVD_test
71455780,,0.5410224996143058,lgVD_test
71456042,,-0.6920994257749526,lgVD_test
71456394,,-0.031030682591917713,lgVD_test
71456404,,0.5270470916480321,lgVD_test
71456413,,0.5933784098243675,lgVD_test
71456725,,0.02097976813584085,lgVD_test
71456899,,0.5599080681966839,lgVD_test
71457010,,0.017522862955669932,lgVD_test
71457189,,-0.21662581091069777,lgVD_test
71457272,,0.6272915651093727,lgVD_test
71457756,,0.6687948466141622,lgVD_test
71457757,,0.7643331540512501,lgVD_test
71458120,,-0.5188729314762057,lgVD_test
71458231,,0.059399809491158695,lgVD_test
71458232,,0.003089920577447447,lgVD_test
71458736,,0.5299054951428304,lgVD_test
71458753,,0.5789430425110746,lgVD_test
71458868,,0.27211528286189185,lgVD_test
71458869,,-0.1434422577107758,lgVD_test
71458921,,-0.432099349985501,lgVD_test
71458922,,-0.2634796132501347,lgVD_test
71458923,,-0.4359104640523298,lgVD_test
71459117,,0.48203847609001377,lgVD_test
71459168,,0.37958434643242417,lgVD_test
71459762,,0.27859423191012234,lgVD_test
71460090,,0.10704682743166727,lgVD_test
71460091,,0.11312521091550035,lgVD_test
71460098,,0.6102274237876872,lgVD_test
71460547,,0.1312946788307584,lgVD_test
71460731,,-0.40949166821840244,lgVD_test
71460733,,-0.37001453887106206,lgVD_test
71461395,,0.9958226786597717,lgVD_test
71461814,,-0.14850305904874994,lgVD_test
71461830,,0.5907814178800441,lgVD_test
71462281,,0.44639546630522414,lgVD_test
71462389,,0.0037607815102951025,lgVD_test
71462595,,-0.26115480702924143,lgVD_test
71462891,,0.5491013589195808,lgVD_test
71462956,,1.0045351196264183,lgVD_test
71463148,,-0.012380676271219929,lgVD_test
71481187,,0.12508917196247687,lgVD_test
71488864,,0.5742315727795961,lgVD_test
71496459,,0.7221270033544822,lgVD_test
71496460,,0.6616892998750126,lgVD_test
71515461,,0.5824355897672855,lgVD_test
71517044,,0.10216659592780303,lgVD_test
71517045,,0.08545206548255943,lgVD_test
71517046,,0.3161503876853482,lgVD_test
71517047,,0.6234678946381542,lgVD_test
71517049,,0.3341048037473574,lgVD_test
71517192,,0.6046128599108593,lgVD_test
71517195,,0.6156541793336114,lgVD_test
71517196,,0.4849080104552798,lgVD_test
71517197,,0.5836129207156213,lgVD_test
71519496,,0.2760330367542105,lgVD_test
71520373,,-0.06673405267621454,lgVD_test
71520487,,-0.06244357626650829,lgVD_test
71520488,,0.005197280851504116,lgVD_test
71520489,,-0.07699313234492278,lgVD_test
71520490,,0.09769900513520016,lgVD_test
71520491,,-0.012285570834364254,lgVD_test
71520575,,-0.0865661524114752,lgVD_test
71521225,,-0.020600117924392827,lgVD_test
71522361,,0.5394305082761792,lgVD_test
71526207,,0.2954213975557323,lgVD_test
71540073,,-0.14945658782381877,lgVD_test
71541373,,1.1171908193625182,lgVD_test
71544705,,0.5914299784940136,lgVD_test
71544706,,0.6743786665850597,lgVD_test
71545856,,0.8372023008540013,lgVD_test
71547862,,-0.06040133859208996,lgVD_test
71548930,,0.7933310854077242,lgVD_test
71549486,,0.14278530944725815,lgVD_test
71560819,,-0.38968285951072523,lgVD_test
71560946,,-0.43449348198438614,lgVD_test
71561201,,-0.20247175872382817,lgVD_test
71562042,,1.333263684428074,lgVD_test
71562045,,1.2237176988406462,lgVD_test
71569947,,-0.28297626730714814,lgVD_test
71582799,,0.03492755334276382,lgVD_test
71582941,,1.1524974687552316,lgVD_test
71582942,,1.0793402460982962,lgVD_test
71583044,,0.4389755232308567,lgVD_test
71584401,,0.5906559135380856,lgVD_test
71584402,,0.7722389996534076,lgVD_test
71584542,,0.7657992595423613,lgVD_test
71584544,,1.0569208837692798,lgVD_test
71584661,,1.3059102847328337,lgVD_test
71598549,,0.33383471368659895,lgVD_test
71600846,,-0.016740298296975473,lgVD_test
71601111,,-0.00870276781386567,lgVD_test
71601807,,0.3729725362141984,lgVD_test
71622396,,0.053987027086482176,lgVD_test
71626755,,0.6775806046732848,lgVD_test
71626896,,0.7587486407570336,lgVD_test
71663531,,-0.19191234206104354,lgVD_test
71663696,,-0.45117420400320113,lgVD_test
71678005,,-0.16203412072150347,lgVD_test
71679327,,-0.180560197842073,lgVD_test
71680510,,-0.1392668079159861,lgVD_test
71682929,,-0.4155483439626009,lgVD_test
71712584,,0.7455447133098188,lgVD_test
71713018,,0.4480083193349383,lgVD_test
71713766,,0.10903448139275118,lgVD_test
71716733,,-0.0555903056794817,lgVD_test
71717496,,-0.01638519936868847,lgVD_test
71717540,,0.43174533921359176,lgVD_test
71720776,,0.49263900090476503,lgVD_test
71722055,,-0.15637615951961117,lgVD_test
71727133,,1.0006981506136714,lgVD_test
71728054,,-0.10027092963570078,lgVD_test
71737771,,0.1849141187108862,lgVD_test
71746611,,-0.44759283630381985,lgVD_test
71816193,,0.11870420131641296,lgVD_test
71818875,,-0.0024167114454630156,lgVD_test
71818876,,0.1351965007695572,lgVD_test
71819015,,0.20514355517801525,lgVD_test
71819152,,-0.09117258757838853,lgVD_test
71819426,,0.510496120331472,lgVD_test
72249131,,0.1688446829067044,lgVD_test
72249166,,0.6810749774437777,lgVD_test
72381284,,0.43732040492972396,lgVD_test
72543916,,-0.2674451735264335,lgVD_test
72543918,,-0.4099630745042294,lgVD_test
72545051,,-0.06336065487595703,lgVD_test
72545281,,-0.04120980450579982,lgVD_test
72545282,,0.03635182368530421,lgVD_test
72545283,,0.03750962945415809,lgVD_test
72545285,,-0.0006204045974111116,lgVD_test
72545525,,0.007309347873747374,lgVD_test
72545526,,-0.04196112598888606,lgVD_test
72545527,,-0.17471844403227163,lgVD_test
72545528,,0.01493372522192557,lgVD_test
72545529,,-0.1886383297945785,lgVD_test
72545530,,-0.17547263422018292,lgVD_test
72545782,,-0.17174944597547304,lgVD_test
72545783,,-0.17670327533918412,lgVD_test
72545784,,0.05324335869706334,lgVD_test
72545785,,-0.19577860629841268,lgVD_test
72545786,,-0.2053654539120795,lgVD_test
72545787,,-0.22985140412277627,lgVD_test
72546024,,-0.17045786876385322,lgVD_test
72546025,,-0.18474711401025148,lgVD_test
72546026,,-0.13609094880077827,lgVD_test
72546260,,0.009285723535739948,lgVD_test
72546261,,0.0838152313526426,lgVD_test
72546262,,0.018104340838072747,lgVD_test
72546263,,0.020612903824968637,lgVD_test
72546493,,0.020068325227817957,lgVD_test
72546494,,-0.001976227329243213,lgVD_test
72546496,,-0.2979814364848554,lgVD_test
72546736,,-0.2783630609222586,lgVD_test
72546737,,-0.2635651688268207,lgVD_test
72546739,,-0.3269684142237813,lgVD_test
72546991,,-0.22871282894878667,lgVD_test
72546992,,-0.3342135497362348,lgVD_test
72546993,,-0.31453997346022655,lgVD_test
72546994,,-0.29468458334618386,lgVD_test
72546995,,-0.2980719763335411,lgVD_test
72547252,,-0.29508677950319395,lgVD_test
72547253,,-0.2912344157309795,lgVD_test
72547497,,-0.31800581718079457,lgVD_test
72547498,,-0.18606874477356064,lgVD_test
72547500,,-0.1910742532856503,lgVD_test
72547501,,-0.30528244564168855,lgVD_test
72679312,,0.3551291474416448,lgVD_test
72681820,,0.6329103009735693,lgVD_test
72734611,,-0.005119907488014358,lgVD_test
72735960,,-0.07308567690942824,lgVD_test
72736173,,-0.22357294635211566,lgVD_test
72737641,,-0.006609738290548117,lgVD_test
72737723,,0.4281685080124756,lgVD_test
72762568,,0.1422411438448135,lgVD_test
72779166,,-0.20151061917282037,lgVD_test
72785625,,-0.24578410722872146,lgVD_test
72792630,,-0.12542351642800825,lgVD_test
72792631,,-0.05572777391400245,lgVD_test
72792632,,-0.07942931410995302,lgVD_test
72792633,,0.05390042296655331,lgVD_test
72792692,,-0.0826766560752593,lgVD_test
72817803,,0.6306940797172138,lgVD_test
72946092,,0.07815592949932709,lgVD_test
72987440,,0.059621928932896834,lgVD_test
73046449,,0.4023733271164291,lgVD_test
73095101,,0.2796547471975456,lgVD_test
73155303,,0.9392185510433624,lgVD_test
73159892,,1.1272249785491153,lgVD_test
73173678,,0.021130842493431834,lgVD_test
73191664,,-0.17396134327991888,lgVD_test
73227269,,0.8018895477334496,lgVD_test
73325016,,0.07370163292912213,lgVD_test
73347805,,-0.14203938046986342,lgVD_test
73349098,,-0.341543328233012,lgVD_test
73350757,,-0.1652949328930371,lgVD_test
73350913,,-0.22147144685483694,lgVD_test
73353867,,-0.1483135431552184,lgVD_test
73443026,,0.31073818397697683,lgVD_test
73458970,,0.6536711746884001,lgVD_test
73671602,,0.6291573006531037,lgVD_test
73683263,,-0.0015392378145910601,lgVD_test
74081525,,-0.24009254431146967,lgVD_test
74083125,,0.2217091783773133,lgVD_test
74369376,,0.9253125086657197,lgVD_test
74387420,,0.9226958305106026,lgVD_test
74387438,,0.34377116210816944,lgVD_test
74387487,,0.5794407556686414,lgVD_test
74405853,,0.4907849612496365,lgVD_test
74422681,,0.5284090026136468,lgVD_test
74426336,,0.31135172024245045,lgVD_test
74983355,,0.761494184969917,lgVD_test
75045440,,0.43053207909361874,lgVD_test
75059310,,1.2248646762678785,lgVD_test
75059709,,0.5099609799859759,lgVD_test
75081385,,0.49159066840659676,lgVD_test
75081388,,0.3830725046958194,lgVD_test
75081426,,0.6038547250514064,lgVD_test
75114427,,-0.2789768420556604,lgVD_test
75114463,,-0.26077697650356335,lgVD_test
75225240,,1.081022605606491,lgVD_test
75253234,,0.12113007557198452,lgVD_test
75632113,,-0.08525595472844172,lgVD_test
75969643,,0.9133253532990508,lgVD_test
75972143,,-0.26697062442102365,lgVD_test
76008259,,0.43773346016892717,lgVD_test
76044982,,-0.2764070058919347,lgVD_test
76309856,,-0.2857598449793386,lgVD_test
76310047,,-0.2017627121645202,lgVD_test
76310149,,0.45982956408262315,lgVD_test
76310500,,0.07811381030027906,lgVD_test
76310501,,0.20923161658703715,lgVD_test
76310502,,0.1740177388346839,lgVD_test
76314159,,0.007904208562280218,lgVD_test
76314160,,0.22746804261616788,lgVD_test
76314161,,0.18509674953443545,lgVD_test
76314163,,0.10843665426489152,lgVD_test
76317705,,0.1928596625754886,lgVD_test
76317726,,0.17171025574755178,lgVD_test
76317727,,0.13039469947882354,lgVD_test
76321414,,0.4233813739617373,lgVD_test
76321433,,0.15765128718634575,lgVD_test
76321434,,0.13202101042448,lgVD_test
76321435,,0.16950499451092604,lgVD_test
76325029,,-0.0730873136307192,lgVD_test
76325030,,-0.033844990639847944,lgVD_test
76325031,,0.14485279091247344,lgVD_test
76325614,,0.2745469814699466,lgVD_test
76328583,,0.1873177072611038,lgVD_test
76328604,,0.16001699900984534,lgVD_test
76328605,,0.13899020898400033,lgVD_test
76328606,,0.13003738704188222,lgVD_test
76328607,,0.20411029661789643,lgVD_test
76328608,,0.22555707156352062,lgVD_test
76328873,,0.20757903096474384,lgVD_test
76332283,,0.11917570786859288,lgVD_test
76332284,,0.2516752772175114,lgVD_test
76332285,,0.1607281976883696,lgVD_test
76332286,,0.08340892939971117,lgVD_test
76332483,,-0.36687535649954306,lgVD_test
76333400,,-0.1405944605631838,lgVD_test
76335927,,0.11616512939394597,lgVD_test
76335928,,-0.08096292622532494,lgVD_test
76335929,,-0.023441706062023185,lgVD_test
76335930,,0.11088524123554735,lgVD_test
76446078,,0.34234848320433625,lgVD_test
76450046,,0.500500359757962,lgVD_test
76471706,,0.52041741941531,lgVD_test
76523041,,0.1405600018240974,lgVD_test
76782327,,0.4131431265363246,lgVD_test
77171539,,0.6111257833377202,lgVD_test
77171613,,0.5521306147620286,lgVD_test
77171691,,0.734435562509894,lgVD_test
77171763,,0.5852109553418141,lgVD_test
77291204,,-0.27430766066740875,lgVD_test
77542371,,0.08912521326997902,lgVD_test
77543165,,0.06817661411640671,lgVD_test
77562917,,-0.06570885379616245,lgVD_test
78073694,,0.3623531951817976,lgVD_test
78075630,,0.3638737608825372,lgVD_test
78121259,,1.0821107405609827,lgVD_test
78210303,,0.40502611533499316,lgVD_test
78357783,,0.8181611689212624,lgVD_test
86287525,,0.027833894315721724,lgVD_test
86294748,,0.42724371039396986,lgVD_test
86298614,,-0.0673355171811793,lgVD_test
86298673,,0.06820436645161118,lgVD_test
86677234,,0.8996930057761392,lgVD_test
86677253,,0.7913448453345115,lgVD_test
86677265,,0.8683556214470034,lgVD_test
86677270,,0.6586855243287819,lgVD_test
86690644,,-0.23761502392462594,lgVD_test
86705475,,0.10067689687995734,lgVD_test
86765163,,-0.05056029911264487,lgVD_test
87377617,,0.7384161339032282,lgVD_test
87496344,,-0.2966742740561761,lgVD_test
89698858,,-0.3629591510037572,lgVD_test
89698941,,-0.27741319339481835,lgVD_test
89699082,,-0.3513539991390303,lgVD_test
89699171,,-0.27687165372603145,lgVD_test
89699181,,-0.16452954335461076,lgVD_test
89699203,,-0.26696393663678075,lgVD_test
89699216,,-0.46531309816291705,lgVD_test
89699240,,-0.038109789862104795,lgVD_test
89699260,,-0.049466099663313695,lgVD_test
89699295,,-0.29280143065372627,lgVD_test
89699316,,-0.2349295964730645,lgVD_test
89699322,,-0.184233334487393,lgVD_test
89699327,,-0.3247528411963125,lgVD_test
89699349,,-0.31657598562778066,lgVD_test
89699369,,-0.31553148370432527,lgVD_test
89793496,,0.036691818006919924,lgVD_test
89793516,,-0.13341749498321692,lgVD_test
89795553,,0.49200712536032815,lgVD_test
90467013,,0.12575143679362927,lgVD_test
90467014,,0.10215742058833166,lgVD_test
90467156,,-0.03214853279365419,lgVD_test
90467159,,-0.17128388597426258,lgVD_test
90467162,,0.04207596053725324,lgVD_test
90644511,,0.6258575215959297,lgVD_test
90644762,,0.6046870510067102,lgVD_test
90644766,,0.33192364585068607,lgVD_test
90644769,,0.3601697004361599,lgVD_test
90644770,,0.4500232911446462,lgVD_test
90644773,,0.6791997792742244,lgVD_test
90645249,,0.08377433800723108,lgVD_test
90645250,,0.030040671944256414,lgVD_test
90645251,,-0.0031545034985354103,lgVD_test
90645252,,0.09586669942492604,lgVD_test
90645256,,0.09596039736504286,lgVD_test
90645521,,0.21311284363511845,lgVD_test
90654375,,-0.32663681862758986,lgVD_test
90654376,,-0.30942957759507084,lgVD_test
90654377,,-0.2684733044755154,lgVD_test
90654378,,-0.2056884572540869,lgVD_test
90654379,,-0.08074630774747533,lgVD_test
90654380,,-0.23747082572244574,lgVD_test
90654381,,-0.2557342690655837,lgVD_test
90654387,,-0.3393175835426569,lgVD_test
90654388,,-0.3633682329888118,lgVD_test
90654389,,-0.32768442043079393,lgVD_test
90654392,,-0.26216896396597184,lgVD_test
90654394,,-0.3592763918991284,lgVD_test
90654395,,-0.3094334333586656,lgVD_test
90654396,,-0.2980938679060656,lgVD_test
90654397,,-0.292672028283951,lgVD_test
90654398,,-0.3173091252291471,lgVD_test
90654399,,-0.4109671527629406,lgVD_test
90654400,,-0.41135590489553053,lgVD_test
90654401,,-0.47428643726923897,lgVD_test
90654402,,-0.5051150783334796,lgVD_test
90654404,,-0.32000692045503276,lgVD_test
90654405,,-0.2416287563251464,lgVD_test
90654406,,-0.23438500421058167,lgVD_test
90654407,,-0.21090127676698822,lgVD_test
90654408,,-0.39915292028451604,lgVD_test
90654409,,-0.31737238192049066,lgVD_test
90654410,,-0.3042900008153049,lgVD_test
90654412,,-0.3196363967360931,lgVD_test
90665949,,0.025073295664454792,lgVD_test
90665950,,0.32724466573811534,lgVD_test
90668345,,0.05336480915916367,lgVD_test
90668346,,0.42789629718250505,lgVD_test
90668347,,0.5278832228453076,lgVD_test
90668348,,0.4642487999700036,lgVD_test
90668349,,0.2686786411221434,lgVD_test
90668350,,0.46677431827218446,lgVD_test
90680811,,0.21708804500812567,lgVD_test
90684390,,0.12491970005311637,lgVD_test
90684391,,0.38075937494277884,lgVD_test
90762292,,-0.1481041326385515,lgVD_test
91172081,,0.04343362167823772,lgVD_test
91356670,,0.38970993555530503,lgVD_test
91614131,,0.650797303305567,lgVD_test
91668260,,-0.032570209172921846,lgVD_test
91754231,,0.15274379496649876,lgVD_test
91799687,,-0.2882110828612937,lgVD_test
91826722,,0.9916558294676325,lgVD_test
91885438,,0.3081203128232076,lgVD_test
91933841,,0.00726837793919366,lgVD_test
91971978,,0.4787329786900936,lgVD_test
92239323,,0.09234679778787283,lgVD_test
101884761,,0.8168574719286279,lgVD_test
101884762,,0.9221887863465985,lgVD_test
101891769,,0.11802163743847821,lgVD_test
118030039,,0.08510134451581783,lgVD_test
118706139,,0.28706749299798895,lgVD_test
118706214,,0.6081955201531244,lgVD_test
118706757,,0.06602376722696329,lgVD_test
118707647,,-0.31403246745116375,lgVD_test
118707648,,-0.23062417273754404,lgVD_test
118707649,,-0.19620825157375257,lgVD_test
118707650,,-0.09248271594449867,lgVD_test
118707651,,-0.13173944786490574,lgVD_test
118707652,,-0.19401252100629926,lgVD_test
118707653,,-0.38657764060746364,lgVD_test
118707654,,-0.25189368219090313,lgVD_test
118707655,,-0.2454034799027095,lgVD_test
118707656,,-0.26871833195791023,lgVD_test
118707657,,-0.32909650103196,lgVD_test
118707658,,-0.17365601449691037,lgVD_test
118707659,,-0.2540867999429462,lgVD_test
118707660,,0.1432931705031627,lgVD_test
118707661,,0.3629425534738151,lgVD_test
118708873,,-0.33864957950993313,lgVD_test
118708881,,-0.3549249423048574,lgVD_test
118708939,,-0.25849833068656647,lgVD_test
118709092,,0.3465332154116835,lgVD_test
118709578,,0.9479749878534136,lgVD_test
118709579,,0.8301433085230494,lgVD_test
118709582,,0.8559494601853348,lgVD_test
118709583,,0.8487844993812246,lgVD_test
118709784,,0.7676076393785849,lgVD_test
118709786,,0.7631508809402461,lgVD_test
118709832,,0.8065814899641257,lgVD_test
118709837,,0.8691846677065862,lgVD_test
118709848,,0.9177232225810728,lgVD_test
118710245,,-0.42705043868369197,lgVD_test
118713119,,0.2955823419339018,lgVD_test
118714107,,-0.013150579975262963,lgVD_test
118715109,,0.05602537384427572,lgVD_test
118716079,,0.32581483466258543,lgVD_test
118719503,,0.3439490831442223,lgVD_test
118722566,,-0.4040576511335502,lgVD_test
118722567,,-0.3509254981207815,lgVD_test
118722568,,-0.2924205373212433,lgVD_test
118722569,,-0.17603634020801914,lgVD_test
118722757,,0.4015824612242424,lgVD_test
118722758,,0.44419598375282715,lgVD_test
118722759,,0.05249894180243722,lgVD_test
118723134,,-0.16985499884424804,lgVD_test
118723135,,-0.17524744727264602,lgVD_test
118723136,,-0.28716585744143863,lgVD_test
118723137,,-0.4643232283247782,lgVD_test
118723138,,-0.26148194873607045,lgVD_test
118724903,,0.6644560074004586,lgVD_test
118725719,,0.7826666318159479,lgVD_test
118725724,,0.8278913351154262,lgVD_test
118725727,,0.58823144213873,lgVD_test
118725729,,0.7120916077223405,lgVD_test
118729163,,-0.0023748152887136387,lgVD_test
118730345,,-0.3373564839084775,lgVD_test
118730351,,-0.291134245597459,lgVD_test
118730352,,-0.28079903639564546,lgVD_test
118730711,,0.8434670248966787,lgVD_test
118732694,,-0.2992332897970882,lgVD_test
118732695,,-0.2632847500944966,lgVD_test
118732696,,-0.2544750405616535,lgVD_test
118732697,,-0.3967245868933041,lgVD_test
118732698,,-0.328285353327348,lgVD_test
118732699,,-0.3997205804209356,lgVD_test
118732700,,-0.3862056106126696,lgVD_test
118732701,,-0.29853475119333145,lgVD_test
118732702,,-0.4058603547106844,lgVD_test
118732703,,-0.22439529557169605,lgVD_test
118732705,,-0.20189487008796925,lgVD_test
118732706,,-0.1606639925216063,lgVD_test
118732707,,-0.20550585471753746,lgVD_test
118732708,,-0.1682779353368823,lgVD_test
118732709,,-0.2509937557103682,lgVD_test
118732710,,-0.28286430962225884,lgVD_test
118732711,,-0.21490180943320653,lgVD_test
118732712,,-0.19156746096895466,lgVD_test
118732713,,-0.15515410428529924,lgVD_test
118732714,,-0.20839132181905198,lgVD_test
118732715,,-0.21151508516315426,lgVD_test
118732716,,-0.2176190714128251,lgVD_test
118732717,,-0.20313653796018727,lgVD_test
118734875,,0.11232249852568912,lgVD_test
118734876,,0.06352537802453537,lgVD_test
118735390,,0.2777582303600212,lgVD_test
118737136,,0.4590576947520581,lgVD_test
118737138,,0.26954464839101067,lgVD_test
118737793,,-0.06195013057162828,lgVD_test
118737794,,0.16869841198269836,lgVD_test
118737807,,-0.14042256677340723,lgVD_test
118737808,,0.17705776339364576,lgVD_test
118737848,,-0.05174788923430797,lgVD_test
118737849,,0.07605786379580975,lgVD_test
118737850,,0.11662415791133879,lgVD_test
118737851,,-0.18012423422095314,lgVD_test
118737852,,-0.07120105528568207,lgVD_test
118737853,,0.03867807787358005,lgVD_test
118737854,,0.08404887069298547,lgVD_test
118737855,,0.17882454197713304,lgVD_test
118737856,,-0.08657402536096016,lgVD_test
118737857,,0.049875242267697295,lgVD_test
118737858,,0.38576827333147184,lgVD_test
118737859,,0.31467872129646607,lgVD_test
118737860,,0.3547641981133187,lgVD_test
118737861,,0.2964586191499606,lgVD_test
123481990,,0.8711746631948729,lgVD_test
123778558,,-0.18824117126471313,lgVD_test
134828043,,0.4515184431605486,lgVD_test
135398495,,0.19965702005278246,lgVD_test
135398513,-0.148741651,0.03018519259747865,lgVD_test
135398519,,0.1798159449556962,lgVD_test
135398735,,0.042169232532723866,lgVD_test
135398739,-0.113509275,-0.07673292516376148,lgVD_test
135398740,0.0,0.09983631221294176,lgVD_test
135398744,0.133538908,0.37223822823798575,lgVD_test
135398748,0.041392685,0.11758195612506944,lgVD_test
135398752,,-0.44989946710013445,lgVD_test
135400189,0.477121255,0.29373567916601223,lgVD_test
135400456,,-0.18224721175959602,lgVD_test
135401907,-0.236572006,-0.47965675604786384,lgVD_test
135403648,-0.602059991,0.04865489275423934,lgVD_test
135409409,,-0.11842319424934203,lgVD_test
135414361,,-0.07913196913256922,lgVD_test
135418940,,0.45426237504870687,lgVD_test
135434911,,0.025528767529141627,lgVD_test
135441196,,-0.1851847755477275,lgVD_test
135446234,,-0.05151202500799254,lgVD_test
135446244,,-0.031170782006675432,lgVD_test
135446276,,-0.021748881225619923,lgVD_test
135446290,,0.015373699399575808,lgVD_test
135448133,,-0.05028227606387227,lgVD_test
135450461,,0.08445237186660581,lgVD_test
135455617,,-0.24860455353628969,lgVD_test
135456161,,-0.5106203945992026,lgVD_test
135480622,,-0.03725859614253772,lgVD_test
135483437,,0.23762214140363452,lgVD_test
135512673,,-0.023442682885153845,lgVD_test
135513721,,0.4687300933920668,lgVD_test
135539077,,0.6564350310878395,lgVD_test
135541381,,-0.06948054617421823,lgVD_test
135547119,,0.06903640579068382,lgVD_test
135565424,,0.07647661004042114,lgVD_test
135566371,,0.2129612021506625,lgVD_test
135566935,,0.12221922981073413,lgVD_test
135605572,,0.23502661214122766,lgVD_test
135724997,,-0.01788326761661521,lgVD_test
135761774,,0.15118866343219522,lgVD_test
135771894,,-0.10996379778834758,lgVD_test
135779792,,0.08270709606626528,lgVD_test
135869565,,0.5297999738837471,lgVD_test
135873861,,0.30440479903986684,lgVD_test
135934887,,0.676869550153131,lgVD_test
135934888,,0.5429064644187183,lgVD_test
135949122,,-0.15649657634395467,lgVD_test
135950129,,-0.002176004056850228,lgVD_test
135960729,,0.8177768982594331,lgVD_test
135985898,,0.3573970646952192,lgVD_test
135999136,,-0.07158140172290076,lgVD_test
136002656,,0.5776183599086289,lgVD_test
136034774,,-0.5645989323897902,lgVD_test
136036546,,0.4309063670845685,lgVD_test
136069669,,-0.29845840252076306,lgVD_test
136087045,,0.13865228396470064,lgVD_test
136087052,,-0.1472652061690658,lgVD_test
136189879,,0.4077968782244859,lgVD_test
136193032,,0.6898485564464729,lgVD_test
136205833,,0.809700039474857,lgVD_test
136216653,,0.3134933293316471,lgVD_test
136216668,,0.28159442951790503,lgVD_test
136227360,,0.05949128140069743,lgVD_test
136229137,,0.404027172956615,lgVD_test
136229138,,0.41162256207533027,lgVD_test
136229139,,0.23646588692965648,lgVD_test
136229142,,0.41527053336384806,lgVD_test
136229143,,0.4753961828529996,lgVD_test
136229147,,0.3553353911623495,lgVD_test
136234639,,0.5787304151392298,lgVD_test
136234640,,0.37997146899259243,lgVD_test
136234641,,0.22969555174037204,lgVD_test
136234642,,0.46539738311669293,lgVD_test
136234643,,0.5463466536158839,lgVD_test
136234644,,0.5937268424089184,lgVD_test
136234645,,0.2919327111232664,lgVD_test
136234646,,0.36173870838122063,lgVD_test
136234647,,0.44251664129264406,lgVD_test
136234648,,0.15063218432886338,lgVD_test
136235504,,-0.011192705787514745,lgVD_test
136244545,,0.33945349091879695,lgVD_test
136260791,,0.13585028264511534,lgVD_test
136662663,,0.4116130636626955,lgVD_test
136961620,,-0.3330128797392975,lgVD_test
139595999,,-0.5707868678010533,lgVD_test
141042209,,-0.2586479879115059,lgVD_test
145852589,,0.370640051486203,lgVD_test
146677457,,0.03110275829575118,lgVD_test
146677670,,0.11225156861815819,lgVD_test
146677708,,-0.1256563593070005,lgVD_test
146678163,,-0.12573806029007792,lgVD_test
146678316,,-0.12102841777926666,lgVD_test
146678318,,0.07064672752131443,lgVD_test
146678787,,-0.26452231819075434,lgVD_test
146679188,,0.008313813798708436,lgVD_test
146679283,,-0.5768405009450561,lgVD_test
146679644,,-0.23941581772160678,lgVD_test
165367714,,0.13491016416999269,lgVD_test
168313356,,0.4014660369072533,lgVD_test
