PUBCHEM_CID,Actual,Predicted,Dataset
15,-1.504455662,-1.1401442278124883,lgFu_train
72,-0.101549075,-0.21246855060470027,lgFu_train
135,-0.188090026,-0.287929225764223,lgFu_train
191,-0.161150909,-0.11010922433687464,lgFu_train
214,-1.096910018,-0.889605152779336,lgFu_train
237,-0.987162775,-1.5973087521483023,lgFu_train
241,-0.337242168,-0.4992358276580606,lgFu_train
253,-0.09691001,-0.19711577703565797,lgFu_train
288,-0.001087096,-0.05769221286569248,lgFu_train
322,-0.458420762,-0.5135747762159482,lgFu_train
323,-0.716156253,-0.8163705655006184,lgFu_train
335,-0.420168459,-0.41896199496204367,lgFu_train
338,-0.931814138,-0.4922286805583649,lgFu_train
342,-0.440093375,-0.43776697396708397,lgFu_train
356,-0.986867724,-1.066343466917307,lgFu_train
370,-0.166215622,-0.2662907200097966,lgFu_train
401,-0.09691001,-0.1383371155715658,lgFu_train
444,-0.434752706,-0.3346722255097644,lgFu_train
460,-0.244887734,-0.3448522538801817,lgFu_train
564,-0.03621217,-0.13634461711153567,lgFu_train
568,-3.0,-2.2489900525898636,lgFu_train
581,-0.769551079,-0.6694506948674862,lgFu_train
596,-0.041615157,0.05683446919141444,lgFu_train
698,-1.393618635,-1.3936554071158003,lgFu_train
709,-0.570651515,-0.6759588292903891,lgFu_train
727,-1.568100731,-1.668385812554751,lgFu_train
815,-0.004364805,-0.0816291618041074,lgFu_train
836,-0.086627728,-0.18666909791047015,lgFu_train
838,-0.301029996,-0.2872328140215914,lgFu_train
861,-1.698970004,-1.5305715249156715,lgFu_train
904,-0.031517049,-0.12133296641984259,lgFu_train
931,-1.8069332,-1.4343446278982117,lgFu_train
938,-0.210709505,-0.16116769038986334,lgFu_train
951,-0.301029996,-0.27707542975538035,lgFu_train
957,-0.189095719,-0.2893262051181601,lgFu_train
971,-0.001087096,-0.10099999034392604,lgFu_train
978,-0.11577123,-0.2159053508858335,lgFu_train
980,-0.810165983,-0.7103484509309441,lgFu_train
992,-1.527148513,-1.6270437037624874,lgFu_train
1027,-0.698970004,-1.3435061844413503,lgFu_train
1046,-0.045757491,0.04728337735182486,lgFu_train
1054,-0.001087096,-0.10137008424934058,lgFu_train
1065,-0.789146639,-0.6768371372090716,lgFu_train
1072,-0.397940003,-0.4982669392104182,lgFu_train
1130,-1.096910013,-0.3984138719106698,lgFu_train
1134,-0.014573526,0.08553762707373513,lgFu_train
1140,-0.522878745,-0.6228565057040955,lgFu_train
1148,-0.698970004,-0.5986604638245522,lgFu_train
1183,-0.492144128,-0.5924345020078141,lgFu_train
1206,-0.070581072,-0.3044361111662096,lgFu_train
1207,-0.276708554,-0.5762836873393479,lgFu_train
1211,-0.241592809,-0.3416500024780913,lgFu_train
1234,-1.0,-1.0814342483007928,lgFu_train
1287,-1.055517318,-1.1554640835445262,lgFu_train
1480,-1.896196279,-1.734724829620253,lgFu_train
1486,-1.38695141,-1.4866574651681816,lgFu_train
1489,-2.116007775,-1.4811658839081523,lgFu_train
1546,-0.0275066,-0.07236585922516614,lgFu_train
1615,-0.455931962,-0.35573171913479196,lgFu_train
1732,-1.140861703,-1.0406377967747134,lgFu_train
1744,-2.721246399,-2.5435581877435007,lgFu_train
1775,-1.0,-0.9000006878692036,lgFu_train
1923,-0.926645015,-0.4859472355521973,lgFu_train
1935,-0.346787486,-1.2201444464913689,lgFu_train
1971,-0.301029996,-0.33980759738859667,lgFu_train
1973,-1.46470588,-1.5649264565138772,lgFu_train
1981,-1.0,-1.4716335721417937,lgFu_train
1982,-0.061282438,-0.16160828920647252,lgFu_train
1983,-0.055517328,-0.28075910234406154,lgFu_train
1986,-1.221848753,-0.2524841298608339,lgFu_train
1988,-0.804515477,-0.7110845727104378,lgFu_train
1989,-0.602059991,-1.0576586538055537,lgFu_train
1997,-0.698970004,-0.5096718471968391,lgFu_train
2021,-0.022276397,-0.12245989052949158,lgFu_train
2078,-0.873462748,-0.6189729079268349,lgFu_train
2082,-0.931481269,-1.0860488474170527,lgFu_train
2083,-0.045757491,-0.05773112833435623,lgFu_train
2086,-0.318017926,-0.21805294777920492,lgFu_train
2087,-1.872963349,-1.772773334964261,lgFu_train
2088,-0.677780716,-0.33460347344252106,lgFu_train
2092,-0.93930216,-0.8392636368372721,lgFu_train
2118,-0.698970004,-0.803430958967981,lgFu_train
2119,-0.657577319,-0.400473087096996,lgFu_train
2123,-1.22184875,-1.1221638920339976,lgFu_train
2130,-0.48148606,-0.38146690479140066,lgFu_train
2132,-1.0,-0.6811904069395798,lgFu_train
2140,-0.010995384,-0.11096852945845215,lgFu_train
2142,-0.048176962,-0.14838242690271453,lgFu_train
2145,-0.201579567,-0.25927832259375716,lgFu_train
2153,-0.387216143,-0.17268442283514274,lgFu_train
2157,-1.397940009,-1.4979034430548877,lgFu_train
2159,-0.075720714,-0.08605255001898904,lgFu_train
2160,-1.200659451,-1.100290397654937,lgFu_train
2162,-1.420216403,-1.3201124515453324,lgFu_train
2164,-0.346787486,-0.44652627907641307,lgFu_train
2170,-0.98029294,-1.1411566221778018,lgFu_train
2177,-1.0,-1.1001344516934395,lgFu_train
2187,-0.251811973,-0.35204625299505343,lgFu_train
2193,-0.758545929,-1.0924263398214993,lgFu_train
2196,-0.468521083,-0.3688294741425744,lgFu_train
2206,-0.045757491,-0.14602130648087774,lgFu_train
2215,-1.007961484,-0.9077887619074192,lgFu_train
2218,-1.301029987,-0.9932645923010195,lgFu_train
2226,-0.036212168,-0.11863753994378379,lgFu_train
2244,-0.522878745,-0.5102777912003245,lgFu_train
2247,-1.638272164,-1.738582504345088,lgFu_train
2249,-0.283996656,-0.18378800389111305,lgFu_train
2250,-1.698970004,-1.8781110139409454,lgFu_train
2256,-0.915990045,-1.2353494563531464,lgFu_train
2262,-1.173925184,-1.1722532972117559,lgFu_train
2265,-0.489857301,-0.41924577483598247,lgFu_train
2267,-0.920818754,-1.2110756974826808,lgFu_train
2271,-0.177178354,-0.2473917621036099,lgFu_train
2273,-1.397940009,-1.497908428622098,lgFu_train
2282,-0.09691001,-0.1972053123525188,lgFu_train
2284,-0.154901963,-0.32420861471407936,lgFu_train
2307,-0.886056648,-0.9864331892721707,lgFu_train
2308,-0.886056648,-0.9863091394471207,lgFu_train
2314,-0.704394786,-0.6044429289752292,lgFu_train
2319,-2.903089987,-2.803423247560561,lgFu_train
2328,-1.6821107,-0.5119063303677989,lgFu_train
2333,-2.0,-2.0996174146055084,lgFu_train
2336,-1.588211995,-1.7372022194823185,lgFu_train
2337,-0.4710833,-0.5329112681700172,lgFu_train
2341,-0.886056648,-0.9752957249436194,lgFu_train
2366,-0.013228259,-0.061725315045042084,lgFu_train
2367,-1.019542108,-1.1194441476473778,lgFu_train
2368,-0.045757495,-0.10323301591775835,lgFu_train
2369,-0.301029996,-0.40091985788369455,lgFu_train
2372,-1.645153066,-1.334387022565391,lgFu_train
2375,-1.441891698,-1.3416551647244424,lgFu_train
2377,-1.301029987,-0.9889281702310353,lgFu_train
2405,-0.148741651,-0.24886860527470622,lgFu_train
2431,-0.031517049,-0.13152068877676326,lgFu_train
2443,-1.609182141,-1.5091994488771596,lgFu_train
2446,-0.221848746,-0.25417082183414275,lgFu_train
2451,-1.026872146,-1.1267481815932543,lgFu_train
2467,-0.397940009,-0.2979071428569502,lgFu_train
2468,-0.045757495,-0.14604481059380703,lgFu_train
2472,-1.273001271,-0.79146013026573,lgFu_train
2477,-0.975584955,-0.700224414872706,lgFu_train
2478,-0.170053304,-0.06995338093231118,lgFu_train
2479,-0.130768277,-0.23047888998803645,lgFu_train
2512,-0.229147999,-0.45246981845500267,lgFu_train
2518,-0.468521083,-0.45177143027181543,lgFu_train
2519,-0.193820026,-0.2941757317685132,lgFu_train
2520,-1.0,-0.8998768872486189,lgFu_train
2524,-1.778151242,-1.8780245883342466,lgFu_train
2538,-1.732828272,-1.3580965003345975,lgFu_train
2540,-2.0,-1.8999306123988648,lgFu_train
2554,-0.439986227,-0.5401380958377359,lgFu_train
2560,-0.275539839,-0.3130083503671316,lgFu_train
2561,-2.124938737,-2.025003187330519,lgFu_train
2563,-0.193820029,-0.2933176408421331,lgFu_train
2566,-0.375382856,-0.540594365069105,lgFu_train
2576,-0.376750715,-0.4769555202407346,lgFu_train
2578,-0.638272164,-0.7380698774771494,lgFu_train
2581,-2.0,-2.2353659741042042,lgFu_train
2583,-0.070581069,-0.17073414599833936,lgFu_train
2584,-0.142667499,-0.24251264726820387,lgFu_train
2609,-0.124938737,-0.22504223183445948,lgFu_train
2614,-0.596307666,-0.6959921888630671,lgFu_train
2616,-0.293851411,-0.3744886160563302,lgFu_train
2624,-0.397940009,-0.49795707264952527,lgFu_train
2626,-0.719195919,-0.6829238297522158,lgFu_train
2628,-0.738737131,-0.79841744507146,lgFu_train
2635,-0.221848742,-0.32174372970192133,lgFu_train
2638,-0.209363038,-0.16388650778250358,lgFu_train
2645,-0.148741657,-0.24858576519853137,lgFu_train
2646,-0.21944268,-0.20763163399828277,lgFu_train
2650,-0.089175568,-0.18929559515797378,lgFu_train
2654,-0.455931962,-0.35556616481784353,lgFu_train
2657,-1.259637311,-0.8746698871776553,lgFu_train
2659,-0.207608308,-0.2039358089275486,lgFu_train
2662,-1.74878644,-1.258182355471238,lgFu_train
2663,-0.124938737,-0.22499744235485797,lgFu_train
2678,-1.15490196,-1.2505140003054676,lgFu_train
2691,-0.376647318,-0.47670279805366256,lgFu_train
2717,-0.301029996,-0.20085345583976644,lgFu_train
2719,-0.332547047,-0.5454558693096,lgFu_train
2720,-0.522878738,-0.565306484979717,lgFu_train
2725,-0.424812155,-0.5249519983434692,lgFu_train
2726,-1.408935393,-1.4589868692626,lgFu_train
2727,-1.522878745,-1.420844345221009,lgFu_train
2728,-1.367542708,-1.2673156888230852,lgFu_train
2729,-2.0,-1.6431694096887237,lgFu_train
2730,-2.100621237,-2.6062984833744975,lgFu_train
2735,-0.455931956,-1.717933488960808,lgFu_train
2747,-0.301029996,-0.8993353840405733,lgFu_train
2749,-1.346787486,-1.2466390347359853,lgFu_train
2751,-0.124938737,-0.2245863086264187,lgFu_train
2754,-1.425968732,-1.5257499682213012,lgFu_train
2763,-1.301029987,-2.0063517989520085,lgFu_train
2769,-1.698970004,-1.4108871334503987,lgFu_train
2771,-0.744727495,-0.6445306853778836,lgFu_train
2789,-0.778151251,-0.7901281548977251,lgFu_train
2797,-1.698970004,-1.7819208065073022,lgFu_train
2803,-0.15490196,-0.25494649207330755,lgFu_train
2804,-0.301029996,-0.40122850598687676,lgFu_train
2809,-1.045757481,-1.1458011819805511,lgFu_train
2811,-2.0,-1.7301657459652393,lgFu_train
2814,-1.301029987,-1.2008963341587835,lgFu_train
2825,-0.193820028,-0.31392100614671103,lgFu_train
2833,-0.204860029,-0.6687453053305454,lgFu_train
2863,-1.301029987,-0.8173514443640072,lgFu_train
2871,-2.903039612,-2.803280405663604,lgFu_train
2882,-0.494850028,-0.5948425676436244,lgFu_train
2895,-1.130292948,-1.2537038534389895,lgFu_train
2900,-0.201349355,-0.11040700744515752,lgFu_train
2913,-1.602059991,-1.1893654357094237,lgFu_train
2914,-1.233587153,-1.3335560524287642,lgFu_train
2943,-1.778272583,-1.6780706791789075,lgFu_train
2952,-0.958607315,-1.058830673418345,lgFu_train
2955,-0.602059991,-0.5018207494138462,lgFu_train
2958,-1.522878745,-1.3205386940440984,lgFu_train
2966,-0.823908726,-0.19867024771822417,lgFu_train
2973,-0.045757491,-0.18609616506476123,lgFu_train
2982,-2.0,-2.340436127448287,lgFu_train
2995,-0.787812396,-0.6877083813528836,lgFu_train
2997,-1.522878745,-1.4228980867747985,lgFu_train
2999,-1.691791416,-1.5566975887069505,lgFu_train
3007,-0.15442564,-0.2545086031850714,lgFu_train
3008,-0.27572413,-0.37570925061778193,lgFu_train
3009,-0.001087096,-0.06724233926261558,lgFu_train
3017,-1.685079944,-2.0967972655831497,lgFu_train
3026,-1.490679337,-1.0594652259250237,lgFu_train
3030,-0.827475879,-0.7946036774694663,lgFu_train
3031,-1.209691376,-1.1096799823934806,lgFu_train
3033,-2.301029996,-2.0124799039112182,lgFu_train
3037,-2.346787486,-2.246614023721233,lgFu_train
3042,-2.0,-1.8996702192237227,lgFu_train
3048,-1.848703451,-1.7483717072762435,lgFu_train
3049,-0.455931956,-1.3058061783758355,lgFu_train
3052,-0.001087096,-0.10138464759510013,lgFu_train
3054,-2.330218385,-2.2214461314253313,lgFu_train
3059,-2.55478949,-1.6919539826849306,lgFu_train
3061,-1.205279651,-1.1052802863926254,lgFu_train
3066,-1.15490196,-1.2550938884518679,lgFu_train
3070,-2.0,-1.8898827475665207,lgFu_train
3073,-0.012000143,-0.06777454574310626,lgFu_train
3082,-0.015854045,-0.11597256894701813,lgFu_train
3100,-0.815308569,-0.7155478675524085,lgFu_train
3102,-1.184222449,-1.4058471820506941,lgFu_train
3108,-1.0,-0.9001000596427647,lgFu_train
3114,-0.37161107,-0.47175592536942323,lgFu_train
3117,-0.301029996,-0.4010336850797399,lgFu_train
3120,-0.782671815,-0.6823774392273542,lgFu_train
3121,-0.924453039,-0.8286181475521958,lgFu_train
3143,-1.416423418,-1.3160853223418034,lgFu_train
3148,-0.522878738,-0.6231729135119309,lgFu_train
3150,-0.036212173,-0.13636377023499624,lgFu_train
3152,-0.989198642,-1.5203201676580704,lgFu_train
3154,-0.154901963,-0.2550113740064325,lgFu_train
3155,-0.823908726,-1.2643638386910736,lgFu_train
3158,-0.673459331,-0.9250499715200842,lgFu_train
3181,-1.522878745,-1.3543287694874289,lgFu_train
3182,-0.22184875,-0.12183213016145067,lgFu_train
3191,-1.698970004,-2.0208697673072966,lgFu_train
3198,-2.257274869,-2.225424903677899,lgFu_train
3224,-2.903089987,-2.802910434444134,lgFu_train
3225,-0.061980903,-0.04495485273875577,lgFu_train
3235,-1.002176919,-1.1022147977392311,lgFu_train
3247,-1.234331445,-1.3854601981457721,lgFu_train
3261,-1.15490196,-0.8755107320392208,lgFu_train
3278,-1.0,-1.1000962890080754,lgFu_train
3279,-0.459045191,-0.3592853819418691,lgFu_train
3281,-0.338818553,-0.43916463612884504,lgFu_train
3282,-0.301029996,-0.4026728536037121,lgFu_train
3285,-1.744727495,-1.6443115221518145,lgFu_train
3286,-3.0,-2.4984500338360855,lgFu_train
3291,-0.001087096,0.01239406457171266,lgFu_train
3293,-1.970858927,-1.8705100274477733,lgFu_train
3295,-0.958607315,-0.8993165030446469,lgFu_train
3304,-0.488116639,-0.5880918185297087,lgFu_train
3307,-1.15490196,-1.077563802729476,lgFu_train
3308,-2.0,-1.9138758246592544,lgFu_train
3312,-2.0,-1.9001476112793938,lgFu_train
3314,-0.716334739,-0.7205938898491424,lgFu_train
3324,-0.070581069,-0.1516169308612214,lgFu_train
3331,-0.11350928,-0.21319072463152178,lgFu_train
3333,-2.0,-1.899960690094828,lgFu_train
3335,-1.756961951,-1.85951566236388,lgFu_train
3336,-1.618285999,-1.6780585904863359,lgFu_train
3339,-2.042153366,-2.0508155654072704,lgFu_train
3341,-0.920818754,-0.8207830759415035,lgFu_train
3342,-2.187086643,-2.1170123065891766,lgFu_train
3345,-0.756961951,-0.6777267888405438,lgFu_train
3346,-2.903089987,-2.7771931948715687,lgFu_train
3348,-0.443513273,-0.9792235634557253,lgFu_train
3352,-2.903089987,-2.623489146340919,lgFu_train
3360,-0.823908726,-1.3896231785569502,lgFu_train
3366,-0.015472687,-0.11535369792203176,lgFu_train
3367,-0.086627728,0.013597829753914992,lgFu_train
3371,-1.0,-1.626752393845125,lgFu_train
3372,-1.539677499,-1.4396289884315747,lgFu_train
3378,-1.301029987,-1.401117196571731,lgFu_train
3379,-0.301029996,-0.4330940258685585,lgFu_train
3380,-0.632023214,-0.7321247133091289,lgFu_train
3383,-0.721475035,-1.6947916273125925,lgFu_train
3386,-1.177157896,-0.9069217177461002,lgFu_train
3387,-2.0,-1.1642442053716846,lgFu_train
3393,-1.522878745,-1.4229794365610007,lgFu_train
3394,-2.0,-1.93131833246363,lgFu_train
3397,-1.328496553,-1.3007008924206434,lgFu_train
3399,-1.348888667,-1.2863339198853103,lgFu_train
3403,-2.196594427,-1.4175445348153186,lgFu_train
3404,-0.611721137,-0.6901820484934361,lgFu_train
3406,-0.001087096,-0.10134035987322854,lgFu_train
3410,-0.293439007,-0.47646404985818047,lgFu_train
3413,-0.795880017,-0.6956908334517437,lgFu_train
3415,-0.070581074,-0.06414349020036125,lgFu_train
3420,-1.301029987,-1.4013749097966182,lgFu_train
3440,-0.46470588,-0.8209297217304821,lgFu_train
3461,-0.002176919,0.02214879399454106,lgFu_train
3463,-2.080575455,-2.165792836003325,lgFu_train
3468,-1.858767067,-1.758644279331256,lgFu_train
3473,-0.850780887,-0.7505957784924057,lgFu_train
3475,-1.045757491,-1.122106286185564,lgFu_train
3476,-2.079181237,-1.9790374119007053,lgFu_train
3487,-0.301029996,-0.27790023311280176,lgFu_train
3488,-2.331270369,-2.3193455660637907,lgFu_train
3494,-0.305394801,-0.261691834772261,lgFu_train
3503,-2.0,-1.8999313754555816,lgFu_train
3510,-0.455931958,-0.4231157383781733,lgFu_train
3518,-0.022276397,0.0778818348630419,lgFu_train
3589,-1.363231924,-1.4633412196464763,lgFu_train
3592,-0.001087096,-0.2501758868981334,lgFu_train
3606,-2.1123827,-2.2124300771403163,lgFu_train
3608,-0.277091992,-0.37738189921753673,lgFu_train
3627,-1.217527376,-1.1172747596015415,lgFu_train
3637,-0.903089987,-0.7550646819630275,lgFu_train
3639,-0.22184875,-0.3216619852483884,lgFu_train
3647,-0.602059991,-0.6143243601791368,lgFu_train
3648,-0.056340637,-0.11917146095945763,lgFu_train
3649,-0.657577319,-0.5637162439641497,lgFu_train
3652,-0.257013164,-0.468485290875605,lgFu_train
3653,-1.756961951,-1.8571543175148908,lgFu_train
3658,-1.087246696,-0.9910220067323663,lgFu_train
3672,-1.15490196,-1.054591376742133,lgFu_train
3685,-1.193820026,-1.294033384934894,lgFu_train
3686,-1.0,-1.0999173039398071,lgFu_train
3687,-0.001087096,-0.10136255112081027,lgFu_train
3690,0.0,-0.10021085283668008,lgFu_train
3693,-0.09691001,-0.19710677519905673,lgFu_train
3696,-0.522878745,-0.7119004307363815,lgFu_train
3702,-0.654547728,-1.1454709867485569,lgFu_train
3715,-2.0,-1.8448270636067923,lgFu_train
3718,-2.0,-1.4642706456061574,lgFu_train
3734,-0.000543208,-0.10041297236025204,lgFu_train
3735,-0.677780716,-0.9290791843454482,lgFu_train
3736,-0.004364804,-0.10418947385452548,lgFu_train
3737,-0.008773924,-0.10849658935068573,lgFu_train
3746,-0.09691001,-0.15795700282953007,lgFu_train
3747,-2.27572413,-2.175508337955261,lgFu_train
3750,-0.353046123,-0.45270605815883713,lgFu_train
3755,-0.022276395,-0.12231015092872233,lgFu_train
3778,-0.045757495,-0.5564017095080949,lgFu_train
3780,-0.121095399,-0.021397849309956474,lgFu_train
3783,-0.001087096,-0.35607900232762224,lgFu_train
3793,-2.664207931,-2.5555086085911105,lgFu_train
3817,-2.0,-1.9001187682611054,lgFu_train
3821,-0.169853759,-0.2700190186033342,lgFu_train
3826,-1.795880017,-1.3315390243824274,lgFu_train
3827,-0.698970004,-0.7927275921936813,lgFu_train
3877,-0.062983893,0.037042772064355356,lgFu_train
3878,-0.350338985,-0.566010016502332,lgFu_train
3889,-0.366531544,-0.4665548361985239,lgFu_train
3899,-2.0,-1.6608034168287362,lgFu_train
3902,-0.397940009,-0.547453515552284,lgFu_train
3913,-0.110698297,-0.4450845449161851,lgFu_train
3915,-0.346787489,-0.8900412138050435,lgFu_train
3918,-0.221848742,-0.1986500192250762,lgFu_train
3932,-2.397940009,-1.9304773505389718,lgFu_train
3938,-0.522878738,-0.6228158810183124,lgFu_train
3947,-2.0,-1.9585616501213976,lgFu_train
3948,-0.145086978,-0.24499794788533924,lgFu_train
3955,-1.328000466,-1.2281435590461087,lgFu_train
3956,-0.124938737,-0.22480949109026716,lgFu_train
3957,-1.702458332,-1.9661953190679564,lgFu_train
3981,-1.0,-0.8141960134565664,lgFu_train
4004,-1.132237975,-1.032540160822071,lgFu_train
4011,-0.920818754,-0.8204656333281372,lgFu_train
4031,-0.602059991,-1.0596099251798814,lgFu_train
4037,-2.0,-2.099663715672041,lgFu_train
4044,-2.0,-1.7761168395624671,lgFu_train
4047,-0.455931962,-0.5757895033250656,lgFu_train
4053,-0.886056648,-0.6421586218945644,lgFu_train
4060,-0.221848742,-0.30205356879454404,lgFu_train
4064,-0.022276396,-0.1225679015612311,lgFu_train
4066,-1.0,-1.100031321494168,lgFu_train
4075,-0.366531544,-0.32054581971329954,lgFu_train
4076,-0.070581069,-0.17084896031623686,lgFu_train
4078,-1.11463878,-1.1636342912379525,lgFu_train
4080,-1.698970004,-1.7117306161600987,lgFu_train
4087,-0.259637311,-0.1027658300791634,lgFu_train
4091,0.0,-0.10004464883108222,lgFu_train
4095,-0.795880017,-0.8355500618450264,lgFu_train
4100,-0.346787491,-0.3746204771803959,lgFu_train
4101,-0.453457337,-0.5536310583381981,lgFu_train
4103,-0.323306394,-0.22322128052255263,lgFu_train
4109,-0.145086978,-0.24515690277307833,lgFu_train
4114,-1.036623047,-1.2983780061427943,lgFu_train
4115,-2.008773924,-2.5296441638166174,lgFu_train
4130,-1.605767273,-1.8417951589954846,lgFu_train
4133,-0.970616222,-0.8027801008756318,lgFu_train
4139,-0.420216403,-0.5199718246510117,lgFu_train
4140,-0.18708665,-0.46564970419546237,lgFu_train
4158,-0.122340757,-0.22259452457219642,lgFu_train
4162,-0.397940003,-0.23677052201940874,lgFu_train
4163,-0.468521083,-0.43355066966536715,lgFu_train
4168,-0.15490196,-0.24360114871136251,lgFu_train
4169,-0.750663017,-0.6506138445877148,lgFu_train
4170,-1.301029996,-1.200971795434342,lgFu_train
4171,-0.055517328,-0.19232371198299592,lgFu_train
4173,-0.096910013,-0.12904422177847863,lgFu_train
4184,-0.978810701,-0.8787296278669947,lgFu_train
4189,-1.301029987,-2.124535158055094,lgFu_train
4192,-1.408935393,-1.3089156169150917,lgFu_train
4196,-2.280136336,-2.2678855266824867,lgFu_train
4205,-0.823908741,-0.6519875898380236,lgFu_train
4235,-0.113509275,-0.21376788832699622,lgFu_train
4236,-0.397940003,-0.49802482718666197,lgFu_train
4240,-2.638272164,-2.4279587321851603,lgFu_train
4260,-0.130768277,-0.23042699497913643,lgFu_train
4271,-1.522878745,-1.4228417761723837,lgFu_train
4284,-0.447957823,-0.34780605538180454,lgFu_train
4409,-2.0,-1.6805787983224045,lgFu_train
4417,-1.0,-0.8998276213927723,lgFu_train
4419,-0.204989441,-0.10470722793551124,lgFu_train
4422,-0.191563947,-0.17811274439291003,lgFu_train
4428,-0.100544297,-0.12833933258482189,lgFu_train
4443,-1.572676214,-1.1766823178986054,lgFu_train
4449,-2.0,-1.530091762500802,lgFu_train
4450,-0.568636236,-0.6871930048207991,lgFu_train
4451,-2.0,-2.0997527903770323,lgFu_train
4456,-0.030739442,0.0693307323615362,lgFu_train
4460,-0.010995385,-0.14844045718567722,lgFu_train
4463,-0.397940009,-0.7945317786442303,lgFu_train
4474,-1.301029996,-1.3503749937167886,lgFu_train
4475,-1.301029987,-1.2010963883380357,lgFu_train
4477,-2.109247462,-2.2087956704683873,lgFu_train
4488,-1.0,-1.3942191021926613,lgFu_train
4493,-0.777283529,-0.9902028614262139,lgFu_train
4495,-1.560667306,-1.6606038586331837,lgFu_train
4497,-1.301029996,-1.4008917124632057,lgFu_train
4500,-0.316322701,-0.47598750866513595,lgFu_train
4510,-0.397940003,-0.4978231826044439,lgFu_train
4528,-0.397940009,-0.6743401912893567,lgFu_train
4536,-0.900319359,-1.2728089089521046,lgFu_train
4539,-0.064492734,-0.16420965337199656,lgFu_train
4542,-1.449429031,-1.4800900676112279,lgFu_train
4543,-0.920818754,-1.0209704796091152,lgFu_train
4552,-2.886056648,-2.4250958688273054,lgFu_train
4580,-3.0,-2.2197015318015154,lgFu_train
4595,-0.568636236,-0.6526958410337034,lgFu_train
4599,-2.0,-1.9000804039846406,lgFu_train
4601,-0.096910013,-0.8163991061152049,lgFu_train
4603,-0.236572006,-0.1364925867158886,lgFu_train
4605,-0.001087096,-0.1009339460268408,lgFu_train
4614,-2.935235613,-2.3691245744063796,lgFu_train
4615,-1.045757481,-1.433013997139017,lgFu_train
4616,-1.397940009,-1.4581314071347344,lgFu_train
4627,-0.031517049,-0.13116898135811317,lgFu_train
4632,-2.021363052,-1.8693409438794069,lgFu_train
4641,-2.0,-1.7065662741227627,lgFu_train
4649,-0.420216403,-0.3199924706573336,lgFu_train
4674,-0.065501546,-0.16564727367539023,lgFu_train
4675,-1.045757491,-0.9457489104002178,lgFu_train
4680,-1.13667714,-1.2369725457174143,lgFu_train
4684,-0.638272164,-0.6690049593678035,lgFu_train
4685,-1.639974911,-1.5932252564372484,lgFu_train
4723,-0.301029996,-0.20073700665201544,lgFu_train
4724,-1.301029987,-0.8705995544094798,lgFu_train
4727,-0.698970004,-0.7330196827614177,lgFu_train
4735,-0.522878738,-0.5913767216674867,lgFu_train
4736,-0.410795331,-0.40511830717260866,lgFu_train
4737,-0.346787486,-0.28204317208371577,lgFu_train
4740,-0.001087096,-0.10103349299093156,lgFu_train
4744,-1.301029987,-1.2566234560728164,lgFu_train
4745,-1.0,-0.8997228806516944,lgFu_train
4748,-1.15490196,-1.336923482950624,lgFu_train
4754,-0.206084489,-0.3735714162726741,lgFu_train
4759,-0.602059991,-0.5019359604677389,lgFu_train
4760,-1.522878745,-1.6224747257636678,lgFu_train
4763,-0.305394801,-0.34445661657076554,lgFu_train
4764,-1.506401826,-1.6067430415342758,lgFu_train
4766,-0.95210857,-1.5850596504099195,lgFu_train
4781,-1.677780705,-1.613666144222609,lgFu_train
4782,-0.309803916,-0.2095605719001986,lgFu_train
4793,-2.367542708,-2.267094608324253,lgFu_train
4794,-0.004364803,-0.006015383285539411,lgFu_train
4810,-0.031517051,-0.09581483412096659,lgFu_train
4811,-0.155522824,-0.2556132895239398,lgFu_train
4819,-0.004364803,-0.1047490472656245,lgFu_train
4826,-0.221848742,-0.32151629220756583,lgFu_train
4829,-2.049816436,-2.2155901065789623,lgFu_train
4835,-0.259637308,-0.3465470072892647,lgFu_train
4848,-0.084172168,-0.3898693691190497,lgFu_train
4849,-1.231608588,-1.3312751907760498,lgFu_train
4853,-0.886056648,-0.6176855420730103,lgFu_train
4870,-0.823908726,-0.7856200647938343,lgFu_train
4872,-1.22184875,-1.3219678527717291,lgFu_train
4883,-0.154901963,-0.1343433128324265,lgFu_train
4884,-0.022276397,-0.12237768590874687,lgFu_train
4885,-0.070581069,-0.20017816751104056,lgFu_train
4889,-0.371761397,-0.47179882403740225,lgFu_train
4890,-1.522878745,-1.4919054937360547,lgFu_train
4891,-0.769551079,-0.6695064476034909,lgFu_train
4893,-1.309894379,-1.2099566608519843,lgFu_train
4908,-0.546617055,-0.44684843265782226,lgFu_train
4909,-0.09691001,-0.19713810781569452,lgFu_train
4911,-0.886056648,-0.5983374558539191,lgFu_train
4913,-0.088842391,-0.04809909179035454,lgFu_train
4914,-0.026872146,-0.12718920349126894,lgFu_train
4917,-1.57921938,-1.497022281236415,lgFu_train
4920,-1.604978734,-1.3521475851969817,lgFu_train
4923,-0.823908726,-0.5381733157998311,lgFu_train
4926,-0.958607315,-1.0587982779511838,lgFu_train
4927,-1.15490196,-1.255133972261361,lgFu_train
4928,-1.804100348,-1.206339072957486,lgFu_train
4931,-0.462180905,-0.4063913724993219,lgFu_train
4932,-1.301029996,-1.280535837348578,lgFu_train
4933,-1.432973634,-0.9190399667340786,lgFu_train
4936,-1.876148359,-1.9760253964604326,lgFu_train
4937,-1.426913626,-1.5268094811571542,lgFu_train
4942,-1.124938737,-0.9655663233984573,lgFu_train
4944,-0.664224932,-0.5640390856109427,lgFu_train
4946,-1.0,-0.6787534621941395,lgFu_train
4947,-1.588380294,-1.488122584902467,lgFu_train
4951,-0.823908726,-0.9239091875504258,lgFu_train
4991,0.0,-0.05602760872656387,lgFu_train
4993,-1.032442655,-0.8291175653708587,lgFu_train
4999,-1.301029987,-1.3077679679509353,lgFu_train
5005,-1.450851232,-0.9964513324025543,lgFu_train
5018,-1.096367484,-0.9147331458483686,lgFu_train
5021,-1.207608311,-1.0418485870536567,lgFu_train
5036,-1.562249437,-1.6620226033305803,lgFu_train
5052,-2.222286703,-2.122339561493438,lgFu_train
5053,-2.903089987,-2.4084825785095187,lgFu_train
5054,-0.127964965,-0.22806836314406342,lgFu_train
5064,-0.004364804,0.028258025890641747,lgFu_train
5071,-0.221848742,-0.321402935478158,lgFu_train
5073,-1.0,-0.9000155693138713,lgFu_train
5078,-0.065501547,-0.22552837804449477,lgFu_train
5090,-1.023603778,-1.1236531828234397,lgFu_train
5092,-0.762456262,-0.9970733595304522,lgFu_train
5097,-1.142667504,-1.0787051437425197,lgFu_train
5102,-1.667830947,-1.7679563682560988,lgFu_train
5106,-0.657577319,-0.7078139370322177,lgFu_train
5118,-0.960585881,-0.8606337623432503,lgFu_train
5143,-0.156144577,-0.34219629521333594,lgFu_train
5144,-1.747362981,-0.6788642564082699,lgFu_train
5152,-1.288869275,-1.0018669459249574,lgFu_train
5184,-0.045757491,-0.14571395261758813,lgFu_train
5203,-1.869368565,-1.522643354786228,lgFu_train
5210,-1.301029987,-0.8265744060042304,lgFu_train
5224,-0.823908734,-0.239436599059064,lgFu_train
5245,-0.119186408,-0.18079469901940737,lgFu_train
5297,-0.194952476,-0.2948653749434137,lgFu_train
5304,-0.3400838,-0.23989317572421265,lgFu_train
5311,-0.537602006,-0.6379626245589493,lgFu_train
5314,-0.154901963,-0.2546609252181622,lgFu_train
5316,-0.207608311,-0.2818544692765883,lgFu_train
5317,-0.301029996,-0.340032967061466,lgFu_train
5320,-0.744727483,-0.3023971454833516,lgFu_train
5323,-1.301029987,-1.4081167600586006,lgFu_train
5324,-0.036212168,-0.1359565550085906,lgFu_train
5325,-0.823908726,-0.5797006610728787,lgFu_train
5327,-0.789146628,-1.0614376868993527,lgFu_train
5328,-1.187086643,-1.2872071755953576,lgFu_train
5330,-0.602059991,-0.7826460636951179,lgFu_train
5335,-1.765088987,-1.249911710128147,lgFu_train
5336,-0.301029996,-0.4138105993933756,lgFu_train
5338,-2.431798276,-1.222001755670785,lgFu_train
5340,-0.481486054,-0.5814420988633057,lgFu_train
5342,-1.769551079,-1.6692059375123123,lgFu_train
5345,-2.124938737,-2.0978335881295616,lgFu_train
5352,-1.15490196,-1.2546241489889236,lgFu_train
5355,-0.180456064,-0.20480639023656177,lgFu_train
5359,-2.0,-1.900078292107341,lgFu_train
5366,-0.14976232,-0.24987565098171582,lgFu_train
5372,-1.397940009,-1.2975322605410544,lgFu_train
5376,-2.47820835,-2.3683843024765876,lgFu_train
5378,-0.154901963,-0.2551567308682037,lgFu_train
5381,-2.301029996,-2.401073891473155,lgFu_train
5383,-0.379305034,-0.47924795951554067,lgFu_train
5391,-1.619788758,-1.5197190331523731,lgFu_train
5394,-0.070581069,-0.05937666404507991,lgFu_train
5396,-2.42404283,-2.262325636780786,lgFu_train
5401,-1.0,-0.9742143593611483,lgFu_train
5402,-2.0,-1.9000994783526135,lgFu_train
5405,-1.698970004,-1.598901319046211,lgFu_train
5407,-0.823908741,-1.0313432326747294,lgFu_train
5411,-0.823908726,-0.135401771680143,lgFu_train
5426,-0.383699568,-0.30934509474274485,lgFu_train
5429,-0.019996628,-0.19345897878994123,lgFu_train
5430,-0.858989447,-0.9912474531981293,lgFu_train
5452,-2.051964354,-1.8816236134780064,lgFu_train
5453,-0.045757493,-0.14554385175355766,lgFu_train
5468,-1.698970004,-2.0787203739868225,lgFu_train
5470,-1.397940009,-1.37964919450352,lgFu_train
5471,-0.28539086,-0.3287690725982524,lgFu_train
5475,-0.286257522,-0.53181450534184,lgFu_train
5479,-0.055517328,-0.15569638567937916,lgFu_train
5480,-1.096910018,-1.1972362207820586,lgFu_train
5486,-0.317068892,-0.49109009267435166,lgFu_train
5496,-0.010995385,-0.11085692038720452,lgFu_train
5503,-1.22184875,-1.121589958009469,lgFu_train
5505,-1.301029996,-1.210961114980148,lgFu_train
5509,-2.338890353,-1.536108157242528,lgFu_train
5514,-0.070581069,-0.17071830221422157,lgFu_train
5515,-0.155937227,-0.40578844646684176,lgFu_train
5516,-1.602059991,-2.200990421643518,lgFu_train
5523,-0.087069761,-0.20529047453468663,lgFu_train
5525,-0.795880017,-0.6954458396507337,lgFu_train
5526,-0.013228259,0.013092129224171689,lgFu_train
5533,-1.096910013,-0.7820197581144294,lgFu_train
5538,-1.301029987,-1.400932721806109,lgFu_train
5543,-2.903089987,-3.0033141237031824,lgFu_train
5546,-0.431993948,-0.532150167703837,lgFu_train
5564,-2.469800302,-2.5699536089122814,lgFu_train
5567,-1.11463878,-1.1530391060870815,lgFu_train
5568,-1.301029996,-1.2711853310155723,lgFu_train
5569,-2.424812155,-2.756768141178375,lgFu_train
5572,-0.431798276,-0.6000602971790211,lgFu_train
5574,-0.823908726,-1.1469712423532756,lgFu_train
5576,-0.033467187,0.026385105951538756,lgFu_train
5578,-0.251811973,-0.4917359509588932,lgFu_train
5583,-1.346787486,-1.188141721334303,lgFu_train
5584,-1.301029996,-0.8525271345233437,lgFu_train
5588,-0.59508552,-0.6953603092319072,lgFu_train
5591,-2.775291647,-2.6900962324684525,lgFu_train
5595,-0.522878738,-0.4226335534136104,lgFu_train
5596,-0.488116639,-0.38839818211919996,lgFu_train
5625,-1.698970004,-1.7991782080733874,lgFu_train
5645,-1.522878745,-1.422418823003558,lgFu_train
5650,-2.01037761,-1.9103685367831884,lgFu_train
5656,-0.13667714,-0.23654478995256079,lgFu_train
5665,-0.001087096,-0.10102918050263665,lgFu_train
5666,-1.0,-0.5675370163949619,lgFu_train
5672,-0.161150909,-0.26106306845023186,lgFu_train
5673,-0.468521083,-0.5687833271037259,lgFu_train
5677,-0.065501546,-0.1654061336721966,lgFu_train
5685,-1.619788758,-1.519830604536768,lgFu_train
5694,-2.263280208,-2.3319412516354276,lgFu_train
5718,-0.013228259,0.08679096707930412,lgFu_train
5719,-0.397940009,-0.8007034279858828,lgFu_train
5724,-2.040958608,-1.8292440474032108,lgFu_train
5732,-1.124938737,-0.9589195285319624,lgFu_train
5733,-1.756961951,-1.656687482366082,lgFu_train
5734,-0.221848742,-0.32196966295325646,lgFu_train
5736,-1.522878745,-1.6451235365184633,lgFu_train
5743,-0.638272164,-0.5384665956154957,lgFu_train
5749,-1.15490196,-0.7821520863784855,lgFu_train
5755,-0.698970004,-0.5988376288024047,lgFu_train
5757,-0.455931956,-0.5560026744649763,lgFu_train
5775,-0.337242164,-0.4373213279453958,lgFu_train
5794,-2.903089987,-1.8396566437847923,lgFu_train
5833,-1.0,-0.9582832064926619,lgFu_train
5838,-0.522878738,-0.31971010046333137,lgFu_train
5853,-0.15739076,-0.2574348936159726,lgFu_train
5865,-0.59345982,-0.6638834736836566,lgFu_train
5904,-0.37161107,-0.3482416373748797,lgFu_train
5953,-1.0,-0.6549899861277331,lgFu_train
6001,-3.0,-2.3005472984415563,lgFu_train
6009,-0.033858268,-0.3259187031258033,lgFu_train
6013,-1.698970004,-0.9557588483532684,lgFu_train
6018,-0.823908726,-0.4919421983654444,lgFu_train
6051,-1.767006887,-1.6666251580750988,lgFu_train
6082,-0.070581074,-0.11365983031914562,lgFu_train
6093,-0.823908726,-0.5433903785313252,lgFu_train
6129,-0.160077414,-0.501026062573148,lgFu_train
6196,-1.15490196,-1.1108980137852733,lgFu_train
6279,-1.0,-0.9636671641305103,lgFu_train
6294,-1.506597721,-2.6267011572281582,lgFu_train
6336,-1.078932033,-0.9791819979764709,lgFu_train
6451,-2.73754891,-2.6289506188721483,lgFu_train
6468,-0.455931956,-0.5560244894683636,lgFu_train
6473,-0.173925196,-0.27350027609190497,lgFu_train
6476,-0.001087096,-0.16021753567945218,lgFu_train
6505,-2.025949097,-1.4469742036887838,lgFu_train
6610,-1.779891912,-1.6842189725386487,lgFu_train
6619,-2.223298816,-2.323415378398882,lgFu_train
6623,-1.112595114,-1.3264934948045262,lgFu_train
6626,-1.239577517,-1.291559356631754,lgFu_train
6720,-2.903089987,-2.803168823582972,lgFu_train
6734,-1.343623028,-1.5984350793653253,lgFu_train
6741,-0.657577319,-0.7172679294909078,lgFu_train
6781,-0.721246399,-0.5642139600827542,lgFu_train
6795,-0.121860757,-0.02166752460617305,lgFu_train
6834,-0.552841969,-0.5438360487838767,lgFu_train
6838,-1.359706677,-1.2595683612084434,lgFu_train
6839,-0.031517049,-0.13141135585343355,lgFu_train
6853,-1.804961519,-1.8946045396013544,lgFu_train
6869,-0.346787486,-0.39156222946400754,lgFu_train
6895,-1.805014157,-2.16369206778435,lgFu_train
6896,-0.365418955,-0.38723660401606574,lgFu_train
6914,-1.820362048,-1.7553964827166744,lgFu_train
6917,-0.020907099,-0.06495558843634841,lgFu_train
6937,-1.578396073,-1.194444762037031,lgFu_train
6950,-3.0,-2.6667155575986694,lgFu_train
7000,-0.343668947,-0.30166418696891784,lgFu_train
7005,-1.166215625,-1.1414271926838957,lgFu_train
7013,-2.659555885,-2.3909502367326834,lgFu_train
7017,-1.389872382,-1.5757088857913186,lgFu_train
7031,-2.018181393,-1.4223471295588594,lgFu_train
7047,-0.691194508,-0.6012901640378154,lgFu_train
7057,-0.959014084,-0.832148090505556,lgFu_train
7059,-0.995678626,-0.7736857470344309,lgFu_train
7061,-1.367856647,-0.8412428019345414,lgFu_train
7095,-1.807712866,-1.7898588325155735,lgFu_train
7108,-2.366531544,-2.449955249958144,lgFu_train
7111,-0.703957932,-0.6019179902917184,lgFu_train
7127,-0.84897672,-0.5794229162989655,lgFu_train
7175,-1.116946315,-0.9165670225167302,lgFu_train
7181,-1.522878745,-1.455729320850977,lgFu_train
7184,-1.381199917,-1.0500695221114942,lgFu_train
7185,-3.0,-2.37497333058048,lgFu_train
7204,-1.736873076,-1.356384265053982,lgFu_train
7220,-0.542118103,-0.4418578456686757,lgFu_train
7242,-0.14691047,-0.2756148067457135,lgFu_train
7247,-0.808018319,-0.9301943828316261,lgFu_train
7255,-0.838631998,-0.7388009927782839,lgFu_train
7263,-0.428291168,-0.5224446668624286,lgFu_train
7270,-3.0,-2.656739715351018,lgFu_train
7271,-1.897531991,-1.8979579644433504,lgFu_train
7309,-1.342944147,-1.443175208741125,lgFu_train
7311,-0.841637508,-1.5133205719422997,lgFu_train
7393,-0.977942639,-0.8777851718551496,lgFu_train
7410,-0.4867824,-0.38662475324354173,lgFu_train
7416,-0.415233563,-0.4443679028439179,lgFu_train
7422,-1.1119382,-0.7463269426133274,lgFu_train
7430,-2.903089987,-2.354360012918856,lgFu_train
7447,-0.473742248,-0.5737145451031894,lgFu_train
7450,-1.907524987,-1.8072555341309526,lgFu_train
7452,-0.407823243,-0.5078653461441965,lgFu_train
7453,-1.216095728,-1.116393626762005,lgFu_train
7456,-1.151429592,-0.6942817379134805,lgFu_train
7471,-1.259779467,-0.6796439289060698,lgFu_train
7473,-0.575304697,-0.7019846972076538,lgFu_train
7500,-0.775725986,-0.7949215029489152,lgFu_train
7501,-0.744534518,-0.6489295242632659,lgFu_train
7541,-2.903089987,-2.5639535729072054,lgFu_train
7542,-1.662923616,-1.708168419731612,lgFu_train
7560,-0.248720896,-0.3488927192011796,lgFu_train
7564,-0.843599273,-1.0768966573619696,lgFu_train
7567,-2.955068454,-1.8024466133213117,lgFu_train
7577,-0.583359493,-0.6296387710468305,lgFu_train
7579,-0.483547923,-0.5940527578280573,lgFu_train
7585,-2.008557496,-1.8234285926369722,lgFu_train
7594,-0.105446359,-0.25398985756974,lgFu_train
7603,-0.849685929,-0.9843888080994434,lgFu_train
7641,-1.413254983,-1.5134819983200751,lgFu_train
7642,-1.505037681,-1.4706339246573161,lgFu_train
7670,-0.669586227,-0.7697112732726924,lgFu_train
7694,-1.222573178,-1.186148423139825,lgFu_train
7768,-0.118615343,-0.018399366910052617,lgFu_train
7780,-0.716698771,-0.816434675725404,lgFu_train
7784,-0.231211806,-0.4747301258885239,lgFu_train
7812,-0.578396073,-0.49448185522185817,lgFu_train
7813,-0.374687549,-0.2744681499987024,lgFu_train
7820,-2.48e-05,-0.10020477197889188,lgFu_train
7845,-0.298665198,-0.39841690880861047,lgFu_train
7934,-0.260427656,-0.3289624256024334,lgFu_train
8035,-0.031517051,-0.13166520052569908,lgFu_train
8041,0.0,0.026343594951727667,lgFu_train
8058,-0.714240217,-0.8138379574271747,lgFu_train
8098,-0.08365714,-0.17057299818685667,lgFu_train
8117,-0.013228266,-0.07545966333817011,lgFu_train
8133,-0.079271589,0.020461244995011008,lgFu_train
8139,-1.43920966,-1.5393631754836372,lgFu_train
8141,-1.090016305,-1.1754005178734037,lgFu_train
8153,-1.438898616,-1.3555052600558675,lgFu_train
8189,-0.180456064,-0.08060332039098417,lgFu_train
8190,0.0,-0.01737076851774133,lgFu_train
8227,-2.903089987,-2.8032262120788323,lgFu_train
8249,-0.075720722,-0.17567244146062833,lgFu_train
8271,-0.301029996,-0.401048304165611,lgFu_train
8280,-0.001087096,-0.10088906445411783,lgFu_train
8289,-2.544850479,-2.210601071273462,lgFu_train
8295,-0.356547324,-0.45681797737370944,lgFu_train
8341,-1.515700161,-1.4155365068979082,lgFu_train
8346,-1.632699562,-1.733092956639359,lgFu_train
8370,-2.0,-2.0996310029811567,lgFu_train
8413,-0.892440546,-0.792716986259411,lgFu_train
8418,-1.598668021,-1.8067216383619173,lgFu_train
8425,-2.902525771,-2.143138563228998,lgFu_train
8427,-2.041523725,-1.9411160080264778,lgFu_train
8434,-0.975735702,-0.7911665899979639,lgFu_train
8445,-0.393288611,-0.41275206818433396,lgFu_train
8449,-0.638272164,-1.5747469168131887,lgFu_train
8456,-1.037977707,-1.1381720785559069,lgFu_train
8468,-0.358030402,-0.4285025529347476,lgFu_train
8554,-0.182651609,-0.390520172759652,lgFu_train
8560,-0.016787887,-0.3264286134577441,lgFu_train
8561,-1.006123085,-1.1076532723332142,lgFu_train
8571,-1.450996738,-1.5511412107622389,lgFu_train
8572,-1.946921557,-1.739088748174191,lgFu_train
8575,-0.68104446,-0.8254168614327289,lgFu_train
8635,-0.649751982,-0.5470046286094178,lgFu_train
8693,-0.062983893,-0.16338251774434398,lgFu_train
8698,-0.504455662,-0.6940185533646225,lgFu_train
8800,-0.341912272,-0.4852370263266592,lgFu_train
8814,-1.720675335,-1.6206600725646831,lgFu_train
8854,-0.074228238,-0.17418776922359713,lgFu_train
8944,-1.301029996,-0.7948641647903274,lgFu_train
9034,-0.585026652,-0.4848848526384679,lgFu_train
9047,-0.59377061,-0.6938692312218684,lgFu_train
9076,-0.314258261,-0.5601839615927946,lgFu_train
9153,-1.975189,-1.8750697887713121,lgFu_train
9154,-1.850997164,-1.8913365417595422,lgFu_train
9161,-1.952451302,-1.7149033675654093,lgFu_train
9331,-1.215858388,-0.9036898302478934,lgFu_train
9340,-1.235823868,-1.090176923495467,lgFu_train
9395,-0.337242168,-0.4376585909429134,lgFu_train
9417,-1.0,-0.960454219897707,lgFu_train
9502,-0.975293409,-0.9802881522518356,lgFu_train
9554,-2.392551571,-2.326239611950114,lgFu_train
9555,-2.847711656,-2.9473423819735056,lgFu_train
9560,-0.171340103,-0.2600245505354073,lgFu_train
9651,-0.086186148,-0.18620096096437866,lgFu_train
9782,-0.443697499,-0.5852286710875467,lgFu_train
10229,-2.264799852,-2.0070123338906596,lgFu_train
10298,-0.970616222,-0.8703400675123426,lgFu_train
10303,-1.517126416,-1.617018053109721,lgFu_train
10517,-0.698970004,-1.0197934230473515,lgFu_train
10518,-0.207608311,-0.3366751718908221,lgFu_train
10698,-0.962573502,-0.9215205703260057,lgFu_train
10788,-0.05016885,-0.1501971076045865,lgFu_train
11226,-0.698970004,-0.6371376843933448,lgFu_train
11293,-0.628932138,-0.7289083048560974,lgFu_train
11335,-0.680729419,-0.5806033065520585,lgFu_train
11369,-1.047609599,-0.9472872172131641,lgFu_train
11442,-0.537534242,-0.7965210896187603,lgFu_train
11450,-0.935542011,-0.9043102218625367,lgFu_train
11485,-0.396855627,-0.31857895979246365,lgFu_train
11487,-2.488116639,-2.1309799046044193,lgFu_train
11742,-1.63638802,-1.5675900260261426,lgFu_train
11761,-0.472370099,-0.6220442021025123,lgFu_train
11813,-0.882801645,-0.963002267288527,lgFu_train
12059,-0.853871964,-0.859487584825522,lgFu_train
12101,-0.59345982,-0.7576978877088367,lgFu_train
12454,-1.698970004,-1.4870773344731951,lgFu_train
12512,-0.11768042,-0.1809645342431201,lgFu_train
12555,-0.079181248,-0.7016817561016413,lgFu_train
12668,-1.382664102,-1.48268743875456,lgFu_train
12894,-0.522878738,-0.6227392192663399,lgFu_train
12901,-1.321509255,-1.4213312523003427,lgFu_train
12968,-2.903089987,-2.8397026448921956,lgFu_train
13089,-3.0,-2.9000587329640934,lgFu_train
13097,-0.995678626,-1.0956323993643469,lgFu_train
13283,-0.6465127,-0.83676851690554,lgFu_train
13387,-0.051587034,-0.13094837304086093,lgFu_train
13492,-0.920818754,-1.0210173737574382,lgFu_train
13505,-0.809668302,-1.249383108895476,lgFu_train
13542,-0.584631077,-0.6846204719021982,lgFu_train
13709,-0.571194833,-0.6713394189210885,lgFu_train
13728,-0.521433504,-0.5375067776796412,lgFu_train
13754,-0.488428554,-0.4934193676856411,lgFu_train
13930,-1.971591689,-1.8715407818934209,lgFu_train
14242,-0.155581863,-0.10854324418371508,lgFu_train
14337,-2.903089987,-2.8029787261785657,lgFu_train
14403,-0.339134522,-1.624039863400785,lgFu_train
14955,-0.187086647,-0.2873825459847553,lgFu_train
15004,-0.602059991,-0.5019349747457671,lgFu_train
15278,-0.438898616,-0.9726758546484418,lgFu_train
15330,-0.672641066,-0.880000165654187,lgFu_train
15331,-0.027334408,-0.12749271214516678,lgFu_train
15413,-0.043351421,-0.1435446460314711,lgFu_train
15415,-0.269217724,-0.36892532570604586,lgFu_train
15438,-0.023191663,-0.017124351309995234,lgFu_train
15488,-0.311580178,-1.5065817075291508,lgFu_train
15531,-0.301029996,-0.40121521399511295,lgFu_train
15553,-0.346003954,-0.7279253579027893,lgFu_train
15600,-1.174119701,-1.273962852229134,lgFu_train
15629,-0.688246139,-0.7776648326837091,lgFu_train
15730,-3.0,-2.6925538705019845,lgFu_train
15797,-3.0,-2.900126196407336,lgFu_train
15965,-0.934607038,-1.0245132953649116,lgFu_train
16004,-2.903079894,-2.802711947620816,lgFu_train
16078,-1.522878745,-1.4657086118236275,lgFu_train
16181,-2.903089987,-2.803110647022449,lgFu_train
16224,-0.249698388,-0.34957321031836197,lgFu_train
16231,-0.179530822,-0.27947011481133366,lgFu_train
16362,-1.301029987,-1.659614906576333,lgFu_train
16562,-0.586444318,-0.5882385176065037,lgFu_train
16653,-1.010887751,-1.0096012414633304,lgFu_train
16720,-0.198405599,-0.3999876555439732,lgFu_train
16886,-0.000543208,0.020416130244579556,lgFu_train
16888,-1.821023053,-1.7209823896219876,lgFu_train
16945,-1.821511535,-1.7214301683913615,lgFu_train
16958,-3.0,-2.5017293132599985,lgFu_train
17012,-1.301029987,-1.5611356075240495,lgFu_train
17016,-1.041914151,-0.9440205104495114,lgFu_train
17134,-1.22184875,-1.0405423383347832,lgFu_train
17142,-0.395773947,-0.4954617917041577,lgFu_train
17432,-2.903089987,-2.779166980578353,lgFu_train
17520,-3.0,-1.7038429515146851,lgFu_train
17581,-0.238399255,-0.37123137706084375,lgFu_train
17739,-1.150580586,-1.250657313947275,lgFu_train
17818,-0.218963061,-0.24727500390137314,lgFu_train
17925,-1.301029996,-1.4006109046473891,lgFu_train
18020,-1.634512015,-1.1246384398186628,lgFu_train
18206,-0.28567024,-0.27349069946551585,lgFu_train
18343,-0.214670165,-0.10342682661087288,lgFu_train
18381,-1.48148606,-1.538977930931312,lgFu_train
18752,-0.341035157,-0.4412433462048402,lgFu_train
19191,-1.301029996,-1.3641161496819607,lgFu_train
19395,-1.68613278,-1.7636188138824265,lgFu_train
19539,-2.446116973,-1.8772292494206322,lgFu_train
19861,-0.045757495,-0.5378774072845756,lgFu_train
19988,-2.025949097,-1.925779051299282,lgFu_train
20313,-0.698970004,-0.7990369377668463,lgFu_train
20352,-0.782516056,-0.8340588453500748,lgFu_train
20392,-0.42945706,-0.451473198271806,lgFu_train
21262,-1.170053304,-0.9055771039930401,lgFu_train
21307,-0.75488356,-1.0045175278407155,lgFu_train
21319,-1.26760624,-1.3672648819423356,lgFu_train
21772,-1.301029987,-1.204134580073918,lgFu_train
21803,-2.903089987,-2.802987821201118,lgFu_train
22401,-0.176460566,-0.2993405781847386,lgFu_train
22530,-0.017728771,-0.8684026053154297,lgFu_train
22563,-0.313363731,-0.3344049640434428,lgFu_train
23353,-0.046723663,-0.1464907465126266,lgFu_train
23480,-1.096910013,-0.9967357262397327,lgFu_train
23568,-0.905412422,-1.0055927528847388,lgFu_train
24749,-0.154901963,-0.25461737902065074,lgFu_train
25215,-0.522878738,-0.9957002608861663,lgFu_train
25419,-0.193820029,-0.29384165980820753,lgFu_train
25429,-0.334166926,-0.434540835908215,lgFu_train
25654,-0.301029996,-0.4009528720693333,lgFu_train
25670,-1.514278574,-1.614480981242178,lgFu_train
26177,-1.967421528,-1.867745697751518,lgFu_train
26618,-2.0,-1.8476311075390037,lgFu_train
26709,-0.221848742,-0.6211985466045131,lgFu_train
26757,-0.823908741,-0.7695870785990222,lgFu_train
27189,-2.903089987,-1.7669802948356699,lgFu_train
27195,-1.124168865,-1.2241930426151142,lgFu_train
27400,-1.045757481,-1.01323155789888,lgFu_train
27661,0.0,-0.03185176717616445,lgFu_train
27775,-0.602059991,-0.7021009090574575,lgFu_train
28061,-0.070581069,-0.16289784463714785,lgFu_train
28780,-2.902782615,-1.0690568958628428,lgFu_train
28871,-2.602059991,-2.5019139338941585,lgFu_train
29732,-2.512861625,-2.5888455927401313,lgFu_train
30623,-0.003281884,-0.10325603937298267,lgFu_train
30692,-0.480172006,-0.5801957540549941,lgFu_train
30773,-0.49950692,-0.599688178647197,lgFu_train
30951,-2.0,-1.0686458831772845,lgFu_train
31070,-1.398483216,-1.0934359258421735,lgFu_train
31099,-0.052622326,-0.24478428536437047,lgFu_train
31200,-2.903089987,-2.5266839451546868,lgFu_train
31208,-1.235077015,-1.3793626645386319,lgFu_train
31236,-0.527801277,-0.4276460943127599,lgFu_train
31275,-0.026983044,0.07278569859012896,lgFu_train
31307,-0.494850022,-0.4228170852264804,lgFu_train
31356,-2.153044675,-2.0530422222203986,lgFu_train
31357,-1.458358549,-1.4189095538889078,lgFu_train
31405,-1.709208817,-1.6094500812519839,lgFu_train
31423,-1.61704792,-1.7265132185739551,lgFu_train
31553,-1.301029996,-1.3922244406036106,lgFu_train
31645,-0.788996551,-0.6887586193650544,lgFu_train
31657,-0.101039367,-0.20142748104753694,lgFu_train
31677,-2.903089987,-2.212260145198875,lgFu_train
31736,-1.453468842,-1.4240149306921055,lgFu_train
32184,-1.30980392,-1.322502205105023,lgFu_train
32329,-0.677780705,-0.4211702285240073,lgFu_train
32490,-0.074388511,-0.17467565058460743,lgFu_train
32518,-2.572045848,-2.4720243175261345,lgFu_train
32778,-1.15490196,-1.255205382867928,lgFu_train
32872,-1.978810701,-2.1356545075620463,lgFu_train
33259,-1.863279433,-1.763422546484037,lgFu_train
33360,-0.883132244,-0.8928684866679457,lgFu_train
33443,-1.336299075,-1.297627564323212,lgFu_train
33528,-1.549381298,-1.828519845476226,lgFu_train
33584,-2.602059991,-2.15788534543426,lgFu_train
33624,-0.045757491,-0.14574164551833313,lgFu_train
33625,-0.800427645,-1.0384140391181749,lgFu_train
33671,-1.718966633,-1.6226168522520266,lgFu_train
33887,-2.0,-1.7979327744720903,lgFu_train
34192,-2.903086721,-2.7420479855222943,lgFu_train
34312,-0.259637307,-0.4283408923808266,lgFu_train
34469,-2.903089987,-2.8032124287629157,lgFu_train
34521,-0.307593765,-0.25060708831802114,lgFu_train
34526,-2.099632871,-2.1461060102475082,lgFu_train
34633,-0.920818754,-1.0530648788330397,lgFu_train
35370,-0.207608311,-0.30752541590875926,lgFu_train
35455,-1.301029987,-1.4012360034918867,lgFu_train
35510,-0.126737541,-0.22687988458927033,lgFu_train
35754,-1.940247306,-1.1381832564725742,lgFu_train
36187,-3.0,-2.9001622204484008,lgFu_train
36242,-1.301899454,-1.201897249425592,lgFu_train
36314,-1.602059991,-1.5019800703708004,lgFu_train
36324,-2.903084741,-2.606698903766418,lgFu_train
36339,-0.628932141,-0.528703462296988,lgFu_train
36382,-2.158015195,-2.1204669788697013,lgFu_train
36400,-3.0,-2.900368959215774,lgFu_train
36458,-0.058637664,-0.15868802829719386,lgFu_train
36462,-1.522878745,-1.6229255470478297,lgFu_train
36565,-2.903089987,-2.803088804717105,lgFu_train
36647,-3.0,-2.9002068692219902,lgFu_train
36679,-0.588380294,-0.4843391420721729,lgFu_train
37034,-3.0,-2.9640432205903573,lgFu_train
37123,-1.511449283,-1.611564469905276,lgFu_train
37175,-1.523946496,-1.423635887257996,lgFu_train
37393,-0.455931956,-1.3378067656325716,lgFu_train
37497,-1.22184875,-0.583763274020534,lgFu_train
37517,-2.903089987,-2.019352315579776,lgFu_train
37632,-0.508638306,-0.6089873212758283,lgFu_train
38024,-3.0,-2.9002547567641983,lgFu_train
38207,-0.721246399,-0.7794183092429975,lgFu_train
38409,-2.0,-1.9636364540296694,lgFu_train
38854,-0.159266765,-0.2594749640266496,lgFu_train
39042,-1.301029987,-2.1113473404640475,lgFu_train
39223,-1.181125571,-1.1538271484813423,lgFu_train
39327,-0.914972385,-2.9184071030613614,lgFu_train
39385,-0.983593499,-0.8834986884413799,lgFu_train
39425,-0.070116435,-0.7805198485022662,lgFu_train
39676,-0.226314466,-0.5102155519133877,lgFu_train
39941,-2.309894379,-2.2882359211358168,lgFu_train
39965,-0.212896037,-0.31319032063754226,lgFu_train
39985,-2.903089987,-2.552651635741637,lgFu_train
40087,-1.546745379,-1.6466005636957206,lgFu_train
40326,-2.903086704,-2.856783399787139,lgFu_train
41317,-2.124938737,-2.0248059264558815,lgFu_train
41368,-0.897446816,-0.797578952989509,lgFu_train
41381,-2.903089987,-2.8032346461399396,lgFu_train
41428,-1.662980247,-1.7399299495942726,lgFu_train
41693,-1.031517051,-0.931345252353492,lgFu_train
41987,-1.0,-0.8510447352206613,lgFu_train
42510,-1.397940009,-1.0736216187630299,lgFu_train
42586,-0.136225232,-0.27802073179810094,lgFu_train
42614,-0.359518563,-0.459193477477041,lgFu_train
42616,-0.677780716,-0.7776172876692483,lgFu_train
42667,-1.756961951,-1.795169802618713,lgFu_train
42884,-0.823908741,-0.8129319446581034,lgFu_train
42981,-2.560667306,-2.460203243907695,lgFu_train
43079,-0.860729021,-1.8771572311405673,lgFu_train
43085,-0.158015195,-0.2581170239137147,lgFu_train
43226,-1.426528853,-1.6741234099581757,lgFu_train
43260,-0.107849722,-0.18516593877230347,lgFu_train
43815,-1.15490196,-1.1039557099753825,lgFu_train
44073,-2.167491087,-2.2482222957061957,lgFu_train
44093,-0.139661993,-0.3877890677019844,lgFu_train
44112,-0.455931962,-1.4673827690755306,lgFu_train
47326,-2.191114133,-2.0908435805944037,lgFu_train
47576,-2.0,-1.9001269826488454,lgFu_train
47866,-0.028783391,-0.12896087952389346,lgFu_train
47898,-1.71813749,-2.065547300978987,lgFu_train
47938,-2.586557851,-2.486586251202659,lgFu_train
48041,-0.698970004,-0.9763659694591188,lgFu_train
49750,-1.954677021,-1.8550321357480084,lgFu_train
50294,-0.698970004,-0.7992370916568822,lgFu_train
50367,-2.903089987,-2.2505875668016335,lgFu_train
50465,-1.037835151,-0.9571572596948463,lgFu_train
50896,-2.086716098,-2.1868602310368574,lgFu_train
50897,-2.483791361,-2.3887348764824976,lgFu_train
51263,-1.096910013,-0.996960916138816,lgFu_train
51605,-2.560667306,-2.2671776749211316,lgFu_train
52999,-1.062152079,-1.656683915127697,lgFu_train
53232,-1.301029996,-1.200936886704515,lgFu_train
54382,-2.903089987,-2.5828312974305496,lgFu_train
54454,-1.301029996,-1.4011097191713695,lgFu_train
54585,-2.0,-1.9001780790473821,lgFu_train
54687,-0.301029996,-0.2771237125182707,lgFu_train
54738,-0.035023976,-0.207317980950259,lgFu_train
54739,-0.821371688,-0.8073338412100582,lgFu_train
54745,-2.903089987,-2.802822356365484,lgFu_train
54778,-0.763060292,-0.8633342494984313,lgFu_train
54901,-2.903089987,-3.00310338395556,lgFu_train
54960,-2.238448011,-2.1381932387536264,lgFu_train
55185,-0.30980392,-0.48611321379485173,lgFu_train
55473,-0.017728767,-0.12447656963016551,lgFu_train
55756,-0.301029996,-0.9472980830503166,lgFu_train
56339,-1.301029987,-1.2013328350982606,lgFu_train
57363,-1.0,-1.099671847379689,lgFu_train
57469,-0.829444941,-0.7569471807252104,lgFu_train
59768,-0.346787486,-0.22481427978855228,lgFu_train
59823,-2.0,-1.8736214155224062,lgFu_train
60149,-2.124938737,-1.311794581504932,lgFu_train
60490,-1.15490196,-1.0549338248640856,lgFu_train
60542,-2.124938737,-2.0249491092645786,lgFu_train
60613,-0.023191663,0.030419900546091005,lgFu_train
60712,-3.0,-1.911607840431374,lgFu_train
60719,-2.468521083,-2.244145085068501,lgFu_train
60820,-2.0,-1.899700671306543,lgFu_train
60825,-0.113509275,-0.09188803809623303,lgFu_train
60831,-0.441779151,-0.54166106055692,lgFu_train
60846,-1.301029996,-1.7447862264828777,lgFu_train
60852,-0.823908741,-0.7235019751483758,lgFu_train
60858,-0.239703122,-0.6398013301706105,lgFu_train
60871,-0.017728767,-0.11742174276489847,lgFu_train
60937,-1.0,-0.9524034897390405,lgFu_train
60939,-1.22184875,-1.321689311850463,lgFu_train
61073,-2.198321941,-1.7578850983084782,lgFu_train
61247,-0.09165977,-0.1914903084108741,lgFu_train
61799,-0.855425792,-0.3746249851335006,lgFu_train
62097,-0.14327111,-0.2427797267766586,lgFu_train
62210,-2.903089987,-2.8030786677378803,lgFu_train
62276,-2.903089987,-2.8031375186908702,lgFu_train
62389,-0.860120914,-0.7212715874445264,lgFu_train
62485,-1.952725133,-2.0526027849051927,lgFu_train
62867,-0.259637307,-0.6587785031626396,lgFu_train
63062,-1.815308569,-1.9155075026341737,lgFu_train
64139,-2.698970004,-2.1613159698675397,lgFu_train
64929,-1.924453039,-2.100906575487887,lgFu_train
64987,-0.026641199,-0.12660444846580443,lgFu_train
65394,-2.0,-2.1875905005135574,lgFu_train
65450,-0.070581069,-0.46301590893995304,lgFu_train
65937,-1.619788758,-1.5197460766624538,lgFu_train
65952,-3.0,-2.6370840505870565,lgFu_train
66166,-1.739211711,-1.5080494129990933,lgFu_train
66461,-1.388985164,-1.4892062589306003,lgFu_train
66494,-2.037157319,-1.9371190696009504,lgFu_train
67172,-1.583359493,-1.683611001721069,lgFu_train
67174,-0.787812396,-1.385838474456692,lgFu_train
67542,-1.775703222,-1.6757070773826988,lgFu_train
67815,-1.713723932,-1.613454412182327,lgFu_train
67821,-3.0,-2.833924416469389,lgFu_train
68602,-1.22184875,-1.0595657864988555,lgFu_train
68778,-1.397940009,-1.032550947567171,lgFu_train
68870,-1.301029987,-1.153989240845956,lgFu_train
68916,-1.0,-0.9676629128235648,lgFu_train
68942,-2.602059991,-1.652872789805969,lgFu_train
69861,-0.809668302,-0.8517197065317956,lgFu_train
71158,-0.013228259,-0.0532888534496172,lgFu_train
71249,-1.756961951,-1.6251730155135495,lgFu_train
71301,-1.698970004,-1.5986903837889512,lgFu_train
71453,-0.026872146,-0.1267704227575981,lgFu_train
71482,-0.257274869,-0.3574002786335464,lgFu_train
71651,-0.769551079,-0.6352097492558076,lgFu_train
71983,-1.096910013,-1.3215950126124838,lgFu_train
72054,-1.505275091,-1.6055779121321954,lgFu_train
72287,-1.468521083,-1.368511687301217,lgFu_train
72938,-0.443697493,-0.34343854202021995,lgFu_train
73282,-1.647663094,-1.603684216306649,lgFu_train
73665,-1.662973582,-1.7491550155587086,lgFu_train
73670,-2.903089987,-2.459205994646479,lgFu_train
73672,-1.227433829,-1.8799398406772532,lgFu_train
73675,-1.53387413,-1.4550886139022716,lgFu_train
73852,-1.707743929,-1.6291970363477828,lgFu_train
73864,-2.164309429,-2.0640104617215598,lgFu_train
74483,-2.4768243,-2.3767146768008236,lgFu_train
75066,-1.576180908,-1.4760977769232717,lgFu_train
75575,-1.387216143,-1.2871774366182671,lgFu_train
75576,-1.370590401,-1.2845171738382803,lgFu_train
75908,-0.866461092,-0.8064896322421651,lgFu_train
76302,-2.903089987,-2.5904540511034186,lgFu_train
77222,-3.0,-2.6847332327118076,lgFu_train
77463,-1.416801226,-0.739280453524658,lgFu_train
77991,-0.207608311,-0.17073681198277324,lgFu_train
77992,-0.455931956,-0.5233144809183157,lgFu_train
78435,-1.474955193,-1.5385064525845187,lgFu_train
80277,-1.617268734,-1.8041133969971663,lgFu_train
82146,-2.0,-2.253734286679159,lgFu_train
83656,-2.058488567,-1.98231326619339,lgFu_train
83969,-0.522878738,-0.6228455455238004,lgFu_train
83975,-2.903089987,-2.3435022152979266,lgFu_train
84098,-1.794524963,-1.7223073622564091,lgFu_train
85026,-0.222573178,-0.4682286229068501,lgFu_train
86102,-1.180423987,-1.31812990424632,lgFu_train
86132,-0.962204443,-1.0622857339845944,lgFu_train
86137,-0.342812793,-0.22095951906643452,lgFu_train
86138,-1.972650392,-1.8580352830400682,lgFu_train
86160,-2.228584029,-2.3287494169385905,lgFu_train
86211,-1.879426069,-1.5100917183849631,lgFu_train
86233,-0.861562039,-1.409140341954221,lgFu_train
86296,-1.466138748,-1.5897856544773754,lgFu_train
86298,-1.029749233,-1.1296550216082135,lgFu_train
86354,-2.903089987,-2.69681527742475,lgFu_train
86369,-0.003247317,-0.5516907910420227,lgFu_train
86398,-2.488116639,-1.5213509000974135,lgFu_train
86400,-1.316301707,-1.4318585843987577,lgFu_train
86412,-1.634512015,-1.5343232792337123,lgFu_train
86416,-0.482804102,-1.128089890194103,lgFu_train
86418,-0.182671451,-0.20518055335750296,lgFu_train
86429,-0.861448383,-1.742420266212025,lgFu_train
86443,-1.216049994,-1.316213752514651,lgFu_train
87250,-1.346787486,-1.569073567874273,lgFu_train
89594,-0.022276395,-0.026265417152551374,lgFu_train
91276,-0.022276397,-0.12197918619067427,lgFu_train
91550,-0.008773924,-0.1091885645748103,lgFu_train
91605,-1.22184875,-2.1990690931606656,lgFu_train
91610,-2.0,-2.099946635974564,lgFu_train
91649,-0.928117993,-0.8279411743598154,lgFu_train
91650,-1.758067707,-1.356006709428633,lgFu_train
91655,-2.492144128,-2.5923534613597106,lgFu_train
91699,-2.264002116,-1.430021419224901,lgFu_train
91731,-2.488116639,-2.388472435962988,lgFu_train
91738,-1.715689611,-1.6238920108199166,lgFu_train
91739,-1.547717655,-1.4538694478738754,lgFu_train
91744,-0.635207384,-0.7355564339413486,lgFu_train
91751,-2.903089987,-2.007117648519957,lgFu_train
91753,-2.756961951,-2.5612398271722556,lgFu_train
91756,-1.783629532,-1.7167778596992125,lgFu_train
91757,-2.903089987,-2.8029689555945625,lgFu_train
91758,-0.337257273,-0.47577425260193007,lgFu_train
91759,-1.755859004,-1.5045127437689387,lgFu_train
91763,-2.034155732,-1.9342572120603911,lgFu_train
91770,-0.261645625,-0.2867086239349588,lgFu_train
91773,-1.477588366,-1.5774525558807548,lgFu_train
91776,-1.964903956,-2.0650821979126133,lgFu_train
91779,-0.20183432,-1.1603230128260063,lgFu_train
91781,-1.510493851,-1.610556836588693,lgFu_train
92299,-0.644481507,-0.8448445809459348,lgFu_train
92425,-1.547518429,-1.4473150235644958,lgFu_train
92434,-0.48239673,-1.6177247491697102,lgFu_train
92873,-1.943095149,-2.0431052958232234,lgFu_train
93118,-1.850780887,-1.666848782886153,lgFu_train
93162,-1.630784143,-1.730812639439747,lgFu_train
93379,-1.52614823,-1.5898668815964219,lgFu_train
93516,-2.903089987,-2.1826777983234185,lgFu_train
93541,-2.903089987,-2.621788232000558,lgFu_train
96088,-1.604217846,-1.5044402478674685,lgFu_train
104850,-2.301029996,-2.2010572318770505,lgFu_train
105031,-0.602059991,-0.6109333968351094,lgFu_train
107646,-0.081396053,-0.18136679763898722,lgFu_train
107688,-0.00877392,-0.18205714985067223,lgFu_train
107760,-2.337242168,-2.4376491570803367,lgFu_train
107838,-1.0,-0.6030400027529444,lgFu_train
107924,-3.0,-2.265747259460249,lgFu_train
107996,-0.580044252,-0.6801703048096022,lgFu_train
108031,-2.301029996,-2.200883623363443,lgFu_train
108051,-0.443697499,-0.44964095585249153,lgFu_train
108057,-0.070581069,-0.18347443054870372,lgFu_train
108143,-2.0,-2.028640960316577,lgFu_train
108185,-2.30980392,-2.2097866486881275,lgFu_train
114709,-0.423083044,-0.5192339492714532,lgFu_train
115224,-0.542699314,-0.6427069190164312,lgFu_train
116545,-1.769551079,-1.8698550842316863,lgFu_train
122068,-0.853871964,-0.91831386263747,lgFu_train
122116,-0.575343724,-1.1975282472393238,lgFu_train
122129,-0.397940009,-0.4977938300101259,lgFu_train
122252,-1.0,-1.1000953435227177,lgFu_train
122316,-1.045757491,-0.945816153273277,lgFu_train
123606,-0.212303432,-0.18946922261842802,lgFu_train
123619,-1.092409514,-1.299825021227616,lgFu_train
123631,-1.049797464,-1.2251453920829645,lgFu_train
124072,-1.300162274,-1.3998541778450406,lgFu_train
124087,-0.802719442,-0.8521710653300341,lgFu_train
124431,-2.674895017,-2.3018273679120043,lgFu_train
125017,-0.154901963,-0.11788890522956152,lgFu_train
125098,-0.547656345,-0.44787329838784384,lgFu_train
125368,-1.652960769,-1.174125310692679,lgFu_train
129497,-0.26744542,-0.367693213128249,lgFu_train
129539,-2.468521083,-2.0034940060411204,lgFu_train
131182,-2.397940009,-1.2149380041466733,lgFu_train
132231,-2.168770306,-2.0687198846193597,lgFu_train
132787,-1.581698709,-1.395451586614645,lgFu_train
150716,-0.301029996,-1.0415890915342927,lgFu_train
151067,-1.096910013,-0.9969607566287262,lgFu_train
151075,-2.045757491,-0.6932227186049353,lgFu_train
151166,-1.698970004,-1.9123166545588992,lgFu_train
151170,-2.05581664,-1.6234427769982798,lgFu_train
153974,-2.903089987,-2.5450851638185616,lgFu_train
154059,-1.698970004,-1.0648011638785466,lgFu_train
155815,-0.907279355,-1.282948531174866,lgFu_train
156328,-1.41453927,-0.8633358848838211,lgFu_train
156391,-2.0,-1.8013058777635527,lgFu_train
156422,-2.0,-2.08807221266322,lgFu_train
156850,-0.823908734,-0.9242784385481971,lgFu_train
157047,-1.482804102,-1.5964581185908182,lgFu_train
159303,-1.903089987,-1.803213082628732,lgFu_train
161464,-0.208590084,-0.3087795623702647,lgFu_train
164087,-0.745935547,-0.6992182222784423,lgFu_train
170361,-0.096910013,-0.19686088452686534,lgFu_train
175967,-0.450842597,-0.5510575235329334,lgFu_train
176167,-2.769551079,-2.0295981366857676,lgFu_train
176870,-1.266862839,-1.3667649973213267,lgFu_train
177355,-2.050122296,-1.6205603531477728,lgFu_train
182336,-0.017728771,-0.145339267547979,lgFu_train
182475,-0.657577319,-1.442319477313737,lgFu_train
182951,-0.361510743,-1.9050847704332,lgFu_train
183812,-1.254925208,-1.1666956686564776,lgFu_train
188653,-2.903089987,-1.9746238827360005,lgFu_train
204102,-1.022276395,-1.0513211047839512,lgFu_train
213013,-1.499365643,-2.20947414315998,lgFu_train
213016,-2.142667504,-2.0425734271422953,lgFu_train
213021,-0.241851693,-0.31342875791203284,lgFu_train
213023,-0.1837587,-0.2836495157692702,lgFu_train
213031,-1.240088011,-2.1921781730600456,lgFu_train
214348,-2.0,-1.9003576458041604,lgFu_train
215639,-0.863913903,-1.5030877742486144,lgFu_train
216235,-2.0,-2.101475571393573,lgFu_train
216468,-1.698970004,-1.7991444995651278,lgFu_train
249098,-1.301029987,-1.3459717075874393,lgFu_train
254320,-0.795880017,-0.9275232380532765,lgFu_train
256278,-0.221848742,-0.8462019799189324,lgFu_train
262961,-2.0,-1.4841079797512502,lgFu_train
274115,-1.679853714,-1.6001298537264252,lgFu_train
274159,-1.145693958,-1.244438635907105,lgFu_train
293810,-0.489857301,-0.3895649034342542,lgFu_train
300385,-1.512861625,-2.043734519718573,lgFu_train
319954,-0.795880017,-0.7884062371031404,lgFu_train
387447,-0.769551079,-0.6693001818504065,lgFu_train
394397,-1.301029996,-1.702757329648561,lgFu_train
396646,-1.245651664,-1.145483379026884,lgFu_train
400633,-0.154901963,-0.1599797405805663,lgFu_train
411697,-0.091514981,-0.17849517530716175,lgFu_train
417452,-0.124938737,-0.22515208276872078,lgFu_train
429017,-0.522878745,-0.5340908860204141,lgFu_train
441140,-0.795880017,-0.8956639382511826,lgFu_train
441401,-0.161150909,-0.14211987127172976,lgFu_train
443031,-1.974694135,-1.8746736063006078,lgFu_train
443872,-0.301029996,-0.40080475534436966,lgFu_train
446157,-1.420216403,-1.2974724014287653,lgFu_train
446220,-1.045757491,-0.3921573292906204,lgFu_train
446541,-1.698970004,-1.7516117104902609,lgFu_train
446987,0.0,-0.1002561014727219,lgFu_train
447912,-2.356547324,-2.2568569395448956,lgFu_train
448014,-2.494850022,-1.8472942242996537,lgFu_train
448677,-0.823908741,-0.7237604058949124,lgFu_train
449035,-1.649751982,-1.5494310037142083,lgFu_train
449381,-0.013228266,0.004491517081814056,lgFu_train
453069,-0.8467951,-0.7467170954256601,lgFu_train
455468,0.0,-1.2689304209376857,lgFu_train
456199,-0.301029996,-0.8320070847185972,lgFu_train
481709,-1.077793723,-1.0847680237387392,lgFu_train
481711,-0.745935547,-0.8018233235193264,lgFu_train
484898,-1.266642212,-1.3667627089058472,lgFu_train
490476,-0.039053804,-0.10219921553240807,lgFu_train
500199,-0.301029996,-0.4011937055935243,lgFu_train
504312,-2.552841969,-2.40400913957105,lgFu_train
504457,-2.853871964,-2.624331411379921,lgFu_train
506074,-0.770574152,-0.41291224180212094,lgFu_train
507868,-1.958607315,-1.645614931412268,lgFu_train
510212,-2.552841969,-2.412334224409035,lgFu_train
521308,-0.119186411,-0.21891680903458266,lgFu_train
521928,-0.93404701,-1.0342750579368278,lgFu_train
522636,-0.619788758,-0.5197837657517224,lgFu_train
541103,-1.0,-1.0999322121785486,lgFu_train
541123,-0.602059991,-0.7017852078870891,lgFu_train
599772,-1.349692477,-1.2493933351125763,lgFu_train
610479,-2.124938737,-1.929054704249957,lgFu_train
616765,-0.814473427,-0.7143215343695907,lgFu_train
624590,-0.154281982,-0.47140602264779774,lgFu_train
633097,-0.698970004,-0.5990552938631313,lgFu_train
647120,-1.679853714,-1.8905514021801109,lgFu_train
649290,-1.378823718,-1.2790687865293475,lgFu_train
650148,-2.283996656,-2.3836823244671552,lgFu_train
650703,-1.630784143,-1.3325721481187873,lgFu_train
652840,-1.493494968,-1.5938620506749492,lgFu_train
653473,-2.455931956,-2.0320700929913085,lgFu_train
656344,-2.744727495,-2.172866019369348,lgFu_train
656982,-0.067526235,-0.28443027405131205,lgFu_train
657298,-0.744727495,-0.6448072644489632,lgFu_train
658856,-0.301029996,-0.2006848254075314,lgFu_train
665387,-1.954677021,-1.566927226262008,lgFu_train
667490,-0.075074924,-0.1751937622380415,lgFu_train
667657,-0.469800302,-0.6019021242650073,lgFu_train
668390,-1.179798541,-1.0415750277393003,lgFu_train
688763,-1.142667504,-1.2428328765948564,lgFu_train
697993,-1.550856861,-1.4505648701148282,lgFu_train
707035,-0.397940009,-0.49830161206948587,lgFu_train
711223,-2.37675071,-1.7516267076649747,lgFu_train
731455,-1.407823243,-1.5883612792437682,lgFu_train
752807,-0.552686891,-0.6624377913611068,lgFu_train
757671,-1.886056648,-1.986303536914485,lgFu_train
768655,-2.13076828,-2.1094831549634923,lgFu_train
776740,-2.619788758,-1.956282182769129,lgFu_train
789893,-1.619788758,-1.7196685934430134,lgFu_train
804228,-2.22184875,-1.9658209706497223,lgFu_train
806021,-3.15490196,-2.5866132504193837,lgFu_train
807100,-1.397940009,-1.498164894308142,lgFu_train
808844,-2.698970004,-2.5057253874331473,lgFu_train
839099,-0.57446578,-0.7393580346893237,lgFu_train
840853,-0.1035289,-0.20327178369069898,lgFu_train
851157,-0.872571222,-0.7717433024255094,lgFu_train
853790,-0.281498311,-1.5457990455977617,lgFu_train
854749,-1.161150909,-1.3836130293322069,lgFu_train
856421,-1.53313238,-1.3262501866369343,lgFu_train
864334,-2.013228266,-1.7984287017165295,lgFu_train
881003,-2.214670165,-2.314763946247438,lgFu_train
931186,-2.769551079,-2.505826106517658,lgFu_train
946898,-0.996108834,-0.8864757282329303,lgFu_train
965336,-1.571865206,-0.8970489370637736,lgFu_train
973122,-2.698970004,-1.9672703688435138,lgFu_train
979755,-1.571865206,-1.4715080600309838,lgFu_train
1012759,-1.657577319,-1.7576145463206616,lgFu_train
1034421,-0.301029996,-1.0798299123371218,lgFu_train
1048267,-1.522878745,-1.3484524920608165,lgFu_train
1067829,-1.640164518,-1.5414952837427316,lgFu_train
1088438,-0.300162274,-0.4390398424254217,lgFu_train
1150897,-0.898596649,-0.6840958203427405,lgFu_train
1153439,-2.022276395,-1.767073005419535,lgFu_train
1226363,-2.113509275,-2.013346525145182,lgFu_train
1252823,-0.697236292,-0.6532731081308374,lgFu_train
1470715,-0.650139918,-1.0359016521881497,lgFu_train
1470719,-1.397940009,-1.419435122879568,lgFu_train
1470839,-0.469800302,-0.5700707870217729,lgFu_train
1470848,-1.179798541,-1.0066289534997048,lgFu_train
1474141,-0.787279846,-0.5573299216799154,lgFu_train
1483671,-2.522878745,-2.0438729962408617,lgFu_train
1548994,-1.301029996,-1.4010135219730642,lgFu_train
1549000,-0.982966661,-1.1645642048677434,lgFu_train
1712095,-0.920818754,-1.1019366941544122,lgFu_train
1987212,-0.996108834,-1.0961389506427563,lgFu_train
2072949,-1.032452024,-0.8752658298282371,lgFu_train
2086961,-0.228339041,-0.9829023947610183,lgFu_train
2129427,-1.416801226,-1.516539613231591,lgFu_train
2161807,-2.677780705,-2.5411477057041525,lgFu_train
2187415,-1.0,-1.0514499415074603,lgFu_train
2306530,-1.886056648,-1.4346504278030352,lgFu_train
2399901,-1.170053304,-1.4005989314393243,lgFu_train
2583694,-1.427128398,-1.3461955876436758,lgFu_train
2596914,-3.22184875,-1.932981113437989,lgFu_train
2724385,-0.110698297,-0.2106666286104707,lgFu_train
2738343,-1.301029996,-1.5717148329689543,lgFu_train
2741649,-1.0,-2.141099616057578,lgFu_train
2747154,-1.301029996,-1.470273856223238,lgFu_train
2755911,-0.721246399,-0.6210606977328427,lgFu_train
2761171,-0.154901963,-0.2550804433316096,lgFu_train
2764068,-0.881074247,-1.7770233546075467,lgFu_train
2766326,-0.337242168,-0.3117793878946541,lgFu_train
2766807,-1.8569852,-1.7571784412320528,lgFu_train
2795955,-1.0,-1.2903579516247632,lgFu_train
2804743,-1.301029996,-1.951473158887822,lgFu_train
2804997,-2.698970004,-2.59881752327775,lgFu_train
2807133,-1.0,-2.335088245116104,lgFu_train
2824466,-2.853871964,-2.3928317856410732,lgFu_train
2835211,-0.673459331,-0.5731057867789495,lgFu_train
2858699,-2.698970004,-1.9381088689153207,lgFu_train
2864688,-0.978397284,-1.0784863418806094,lgFu_train
2880709,-2.0,-1.9942823602568729,lgFu_train
2933592,-2.455931956,-2.354049859482878,lgFu_train
2951910,-1.924453039,-2.024533229513044,lgFu_train
2973198,-0.245193145,-0.1450528214889042,lgFu_train
3000226,-1.301029996,-1.2008584797914788,lgFu_train
3000715,-0.826328216,-0.7265460816258844,lgFu_train
3025811,-1.698970004,-1.6804485553524722,lgFu_train
3026856,-1.46470588,-1.3841469127610773,lgFu_train
3029409,-0.510322708,-0.848902506775205,lgFu_train
3032791,-0.36919,-0.4688020421508541,lgFu_train
3033226,-0.698970004,-0.7122156972591234,lgFu_train
3033626,-2.124938737,-1.1107633515998647,lgFu_train
3033637,-0.187086643,-0.2871560533946982,lgFu_train
3038517,-1.698970004,-1.6181896936838158,lgFu_train
3081304,-2.170910757,-2.2710994696782287,lgFu_train
3083546,-0.11407366,-1.0727563401589117,lgFu_train
3115757,-2.795880017,-2.4584752026366012,lgFu_train
3117357,-1.292429824,-1.1050946878063774,lgFu_train
3137736,-1.954677021,-1.9798448899750989,lgFu_train
3146235,-1.301029996,-1.9723664956946545,lgFu_train
3197630,-1.359518563,-1.3268280838326851,lgFu_train
3240858,-1.068542129,-1.365565829997003,lgFu_train
3243871,-0.996108834,-1.1499871335694782,lgFu_train
3342298,-1.698970004,-1.5987169139815336,lgFu_train
3353638,-1.397940009,-1.4756467451645556,lgFu_train
3366298,-1.8569852,-1.523516451769853,lgFu_train
3379829,-1.8569852,-1.7568342484910113,lgFu_train
3391107,-2.903089987,-2.6228772757677934,lgFu_train
3430687,-1.455931956,-1.338994772085933,lgFu_train
3473995,-0.960585881,-0.8604521859677811,lgFu_train
3565209,-1.374173292,-1.273807213471312,lgFu_train
3572127,-1.023191663,-1.3792723062101584,lgFu_train
3606392,-2.036212173,-1.935801090580949,lgFu_train
3637030,-0.001740662,-0.20474668528715312,lgFu_train
3714053,-0.951558196,-1.4391119167533033,lgFu_train
3715739,-0.249491605,-0.6535273394753769,lgFu_train
3717450,-0.425968731,-0.5260965395630187,lgFu_train
3763520,-0.960585881,-0.9982036614201342,lgFu_train
3787925,-1.397940009,-1.4982478562684969,lgFu_train
3814068,-1.610833916,-1.5106934393477496,lgFu_train
3831985,-1.105683937,-1.0056367488400384,lgFu_train
3854666,-2.568636236,-2.128598126014425,lgFu_train
3874387,-0.048986459,0.0041534430839971215,lgFu_train
4014291,-1.11463878,-1.2147716540123916,lgFu_train
4092426,-1.000434512,-1.0695119897401986,lgFu_train
4101947,-1.659555885,-1.6389979157336616,lgFu_train
4104620,-1.924453039,-1.4855996038372115,lgFu_train
4104621,-1.368556231,-1.2681429129357151,lgFu_train
4113848,-1.150117548,-1.0991155021871128,lgFu_train
4169159,-0.397940003,-0.4980082945923472,lgFu_train
4181867,-2.200659451,-2.3009212016387863,lgFu_train
4183806,-0.823908726,-1.0303443984821103,lgFu_train
4293406,-1.886056648,-1.5062047703273511,lgFu_train
4302940,-2.958607315,-2.3937405189393557,lgFu_train
4307629,-2.13076828,-1.838613837669766,lgFu_train
4369359,-0.207608311,-0.2014603627602095,lgFu_train
4369524,-1.747146969,-1.6468925362718017,lgFu_train
4400696,-0.443818153,-1.5524987587586543,lgFu_train
4432690,-0.070581064,-0.17055365308479242,lgFu_train
4460698,-0.236572006,-0.33648315138775875,lgFu_train
4460995,-1.0,-0.9708170879459106,lgFu_train
4474225,-2.0,-1.9528371897266197,lgFu_train
4474936,-0.301029996,-0.40128910826818087,lgFu_train
4475098,-0.008773922,-0.10826989981744739,lgFu_train
4487900,-0.046562487,-0.14660275891958796,lgFu_train
4488114,-0.03621217,-0.13652088959281183,lgFu_train
4519532,-1.73754891,-1.6310427904330418,lgFu_train
4560140,-2.903089987,-2.803119939978595,lgFu_train
4611851,-1.217527376,-1.5453653660369728,lgFu_train
4616292,-2.443697499,-2.1484745646522985,lgFu_train
4630261,-1.698970004,-0.9387727083636114,lgFu_train
4630412,-0.809668302,-0.9093817782968905,lgFu_train
4636600,-2.721246399,-2.262926428248954,lgFu_train
4659388,-1.823908741,-1.7241689508437923,lgFu_train
4659568,-1.698970004,-1.285881689758746,lgFu_train
4659569,-2.055517328,-2.1555770784038124,lgFu_train
4687013,-0.47820835,-0.37807631805378994,lgFu_train
4687521,-1.22184875,-1.121684506981988,lgFu_train
4751686,-1.8569852,-1.7565866757187982,lgFu_train
4899465,-0.729554092,-0.8294732519109753,lgFu_train
4908365,-0.638272164,-0.568436657432247,lgFu_train
4914117,-0.987162775,-0.8872061906204328,lgFu_train
4979942,-1.0,-1.4902659317430853,lgFu_train
5078908,-1.610833916,-1.5106827851779965,lgFu_train
5150939,-0.004364803,-0.10445001931461806,lgFu_train
5176753,-0.102686276,-0.1619135071431117,lgFu_train
5201447,-0.11268897,-0.34423513015708374,lgFu_train
5206924,-0.096910012,-0.1969033883770719,lgFu_train
5229712,-0.721246399,-0.6209118385903508,lgFu_train
5230270,-2.204119983,-1.4570849029927802,lgFu_train
5275444,-1.537602002,-1.3011821545692088,lgFu_train
5275766,-0.327902142,-0.42766690787719797,lgFu_train
5279171,-1.509108812,-1.4353414247728098,lgFu_train
5280053,-0.180456064,-0.08020314237484394,lgFu_train
5280373,-1.692503962,-1.7927461643898954,lgFu_train
5280980,-0.040958608,-0.08539520810064927,lgFu_train
5281004,-0.93930216,-0.8391760252972952,lgFu_train
5282337,-2.0,-1.999447193526075,lgFu_train
5282339,-2.13076828,-2.3803763452989157,lgFu_train
5282443,-1.0,-0.7407773108170927,lgFu_train
5282539,-3.0,-2.8551887246239325,lgFu_train
5282542,-2.568636236,-2.5618265884287377,lgFu_train
5282545,-0.443697499,-0.9829727291138082,lgFu_train
5284566,-0.455931956,-0.3558289174932623,lgFu_train
5288320,-0.821023053,-0.7903187829746336,lgFu_train
5288494,-2.698970004,-2.598664419511562,lgFu_train
5309581,-1.349692477,-1.4947820408458417,lgFu_train
5310993,-0.00877392,-0.10888597965185354,lgFu_train
5311426,-1.823908741,-1.9241469490738257,lgFu_train
5328120,-0.942714356,-0.9037494885369355,lgFu_train
5329328,-0.974694135,-0.8745487366824396,lgFu_train
5329329,-0.15864053,-0.5075905204137753,lgFu_train
5329330,-1.040958608,-0.9406545150071635,lgFu_train
5329331,-1.036212173,-0.9324997196826819,lgFu_train
5329332,-1.387216143,-1.0225509910144508,lgFu_train
5329333,-0.899629455,-0.9498417257027424,lgFu_train
5329335,-0.462180905,-0.5625032822296119,lgFu_train
5329336,-1.060480747,-1.065217230407253,lgFu_train
5330286,-0.642255675,-0.7424032461935569,lgFu_train
5362124,-1.48148606,-0.9795270999012515,lgFu_train
5362129,-0.568636236,-0.5958781479031487,lgFu_train
5385077,-0.886056648,-0.7859939528460587,lgFu_train
5388962,-0.346787486,-0.39304032757221796,lgFu_train
5392139,-1.826813732,-1.5331693846716297,lgFu_train
5466794,-1.22184875,-1.3220940061874682,lgFu_train
5479529,-0.301029996,-0.20112654699434818,lgFu_train
5715869,-1.301029996,-1.594021530896495,lgFu_train
5743186,-1.698970004,-1.786945819376862,lgFu_train
6101856,-1.301029991,-1.5343238655991063,lgFu_train
6102792,-2.602059991,-2.0210830502068093,lgFu_train
6328646,-0.537602002,-0.637276937444851,lgFu_train
6335986,-0.124938737,-0.13434596460913362,lgFu_train
6419807,-2.045757491,-1.538762966912504,lgFu_train
6433102,-1.15490196,-1.4006187297182369,lgFu_train
6436013,-0.567030709,-0.33987508535039956,lgFu_train
6450806,-3.0,-2.4103148680935877,lgFu_train
6450817,-2.156681866,-1.7839141756760384,lgFu_train
6451164,-2.0,-1.8996566700963107,lgFu_train
6478681,-0.036212173,-0.15151110348395824,lgFu_train
6478689,-0.173925197,-0.07372755145802246,lgFu_train
6479022,-0.031517051,-0.13133759540425594,lgFu_train
6479024,-0.060480747,-0.16054851018949057,lgFu_train
6540210,-2.22184875,-2.1717755909189416,lgFu_train
6619879,-1.493494968,-1.393332865125979,lgFu_train
6850811,-0.031517049,-0.13177102650135475,lgFu_train
6914657,-2.15490196,-1.7025300288312597,lgFu_train
6915744,-1.301029996,-1.2010259712034388,lgFu_train
6916151,-1.829738285,-1.7300843119404252,lgFu_train
6918643,-1.167491087,-1.1204177115750558,lgFu_train
7386658,-0.552686891,-1.5832772734946516,lgFu_train
7483151,-1.045757491,-1.2993891678866925,lgFu_train
7594067,-0.456677099,-0.42017756058339095,lgFu_train
7687661,-0.744727495,-1.3529124610413599,lgFu_train
7802604,-1.795880017,-1.8961592351298542,lgFu_train
8068410,-1.698970004,-1.5989522936016332,lgFu_train
8097905,-2.0,-1.8998934095373072,lgFu_train
9551399,-0.754240644,-0.7682998750190904,lgFu_train
9794475,-0.455931956,-0.3556882482526891,lgFu_train
9795327,-0.332080315,-0.43196200750870206,lgFu_train
9799417,-2.0,-2.099989426225278,lgFu_train
9808828,-1.896196279,-1.300688113200712,lgFu_train
9811357,-2.180456064,-1.9421852144140297,lgFu_train
9818903,-1.522878745,-1.143944738990661,lgFu_train
9819350,-1.899629455,-1.9300593551198701,lgFu_train
9821945,-1.175795597,-1.0761912552751833,lgFu_train
9822241,-2.096910013,-2.197029502533354,lgFu_train
9826520,-1.8569852,-1.9573586270102195,lgFu_train
9827968,-1.823908741,-1.7240217090438885,lgFu_train
9837038,-0.634699251,-0.47969534202790987,lgFu_train
9837769,-0.017728767,0.040373298891656306,lgFu_train
9839360,-1.870739895,-1.7707345046356804,lgFu_train
9841240,-1.161150909,-1.44022561392436,lgFu_train
9841364,-0.924818145,-1.2922037157639963,lgFu_train
9841667,-2.37675071,-2.2764695436123166,lgFu_train
9842188,-0.886056648,-0.7859202640205027,lgFu_train
9842742,-1.283996656,-1.284467168956583,lgFu_train
9845817,-0.5172693,-0.4948732862737326,lgFu_train
9846410,-0.124938737,-0.2249973603484703,lgFu_train
9853559,-0.202732459,-0.6480923384020205,lgFu_train
9853710,-2.045757491,-1.9452350893646115,lgFu_train
9862076,-1.292429824,-1.1786035540893767,lgFu_train
9864647,-1.097132646,-1.0477815949549867,lgFu_train
9865365,-2.259637311,-2.1593288593581232,lgFu_train
9865774,-0.455931956,-0.3555116725424663,lgFu_train
9866250,-0.838631998,-1.3031995716993365,lgFu_train
9866964,-0.48148606,-0.41041802963922214,lgFu_train
9867609,-0.356547324,-0.7485329454849785,lgFu_train
9869105,-1.216811309,-1.1167169071991514,lgFu_train
9870183,-0.217527376,-0.2763654845611294,lgFu_train
9870185,-1.698970004,-1.5988130603000887,lgFu_train
9870627,-2.522878745,-2.38637155692047,lgFu_train
9877750,-0.365119859,-0.46822681534170796,lgFu_train
9881626,-0.744727495,-0.8450113464763981,lgFu_train
9882672,-0.420216403,-0.31992026918260696,lgFu_train
9883333,-0.033858269,-0.13356633231714543,lgFu_train
9884103,-1.245651664,-1.6200794807711651,lgFu_train
9885204,-2.621175491,-2.520829553538134,lgFu_train
9885323,-2.795880017,-2.449632295252175,lgFu_train
9885495,-0.657774771,-0.5575166914598183,lgFu_train
9886249,-0.872571222,-0.7724725277755907,lgFu_train
9889871,-0.113509275,-0.21343002172298653,lgFu_train
9890816,-0.522878745,-0.4229456333417987,lgFu_train
9890863,-0.538351432,-0.6379924391950087,lgFu_train
9895868,-3.301029996,-2.923316761610699,lgFu_train
9896267,-1.698970004,-1.7987905302988054,lgFu_train
9896918,-2.823908741,-2.71831925668355,lgFu_train
9899945,-0.187086643,-1.0101386335182423,lgFu_train
9903497,-1.032452024,-1.331286100814402,lgFu_train
9905588,-1.958607315,-1.8685425796091386,lgFu_train
9906124,-1.826813732,-1.9269567915356092,lgFu_train
9906973,-1.680505921,-1.7803427492508885,lgFu_train
9907093,-1.274088368,-1.318507008403207,lgFu_train
9908306,-1.571865206,-1.0323486638527064,lgFu_train
9908783,-1.866461092,-1.0277570430522507,lgFu_train
9910169,-3.096910013,-1.7527005905729132,lgFu_train
9910790,-0.259637311,-0.22157844079513733,lgFu_train
9913085,-0.581864502,-1.872188653917902,lgFu_train
9915041,-0.958607315,-1.0624347902108042,lgFu_train
9916282,-1.698970004,-1.5205507410033021,lgFu_train
9917021,-2.301029996,-1.9678541056490082,lgFu_train
9917862,-2.0,-1.8996377933401845,lgFu_train
9925334,-0.920818754,-1.1550604000489646,lgFu_train
9925908,-0.366531544,-0.3623532974355076,lgFu_train
9926615,-1.245651664,-0.8433567204191157,lgFu_train
9927727,-2.0,-2.2819298120944183,lgFu_train
9929222,-1.22184875,-1.3254833909159536,lgFu_train
9930941,-1.640164518,-1.7400046758457397,lgFu_train
9931329,-0.996108834,-0.8959903103225899,lgFu_train
9932580,-2.522878745,-1.9028255454128493,lgFu_train
9936739,-2.903089987,-2.7279954145463243,lgFu_train
9939050,-0.634699251,-0.5346721767602329,lgFu_train
9944610,-0.259637311,-0.3598435273270367,lgFu_train
9949821,-0.729554092,-0.8298660474783076,lgFu_train
9951932,-1.397940009,-1.2977748653518228,lgFu_train
9952109,-1.48148606,-0.6660518938330944,lgFu_train
9953906,-1.11463878,-1.014416210272337,lgFu_train
9954607,-0.327902142,-0.22767311295257575,lgFu_train
9954899,-1.446116973,-1.5462194145682626,lgFu_train
9955534,-0.065501549,-0.48715178296473316,lgFu_train
9955782,-1.630784143,-1.43740402896076,lgFu_train
9955886,-2.488116639,-2.1400719804776624,lgFu_train
9956119,-1.728158393,-1.9236281258439258,lgFu_train
9959269,-2.48148606,-2.0142422062759104,lgFu_train
9971942,-1.0,-0.8996843805217225,lgFu_train
9984136,-2.22184875,-2.0176795811972106,lgFu_train
10002122,0.0,-0.10020025448661873,lgFu_train
10002440,0.0,-0.07544997745042226,lgFu_train
10005242,-0.92382494,-1.0236043129016945,lgFu_train
10018576,-0.978397284,-0.8142928381988771,lgFu_train
10022229,-2.200659451,-1.8473160090157539,lgFu_train
10023121,-1.718966633,-1.618791241722731,lgFu_train
10023245,-2.091514981,-1.9687343393408712,lgFu_train
10024898,-0.000434512,-0.010426668158700192,lgFu_train
10026604,-0.004364805,0.09557731681437365,lgFu_train
10046404,-2.397940009,-2.2479958873399895,lgFu_train
10047141,-1.896196279,-1.9540784920235348,lgFu_train
10047731,0.0,-0.10012023854837215,lgFu_train
10065020,-0.183660531,-0.2786591132025831,lgFu_train
10066327,-2.045757491,-1.9603639876351862,lgFu_train
10069991,-2.494850022,-2.5475521724199637,lgFu_train
10074190,-2.0,-1.4414552553063151,lgFu_train
10084648,-0.960585881,-0.8602029915970534,lgFu_train
10090208,-2.22184875,-2.2550873546415913,lgFu_train
10094246,-0.002176919,-0.054294438779655785,lgFu_train
10094429,-0.002176919,0.0468742876780146,lgFu_train
10095464,-0.000434512,-0.08647405921311369,lgFu_train
10096162,-0.000869459,-0.10119391618174833,lgFu_train
10096946,-0.007888512,0.09184629783490328,lgFu_train
10097037,-0.010105436,-0.1101744837868408,lgFu_train
10097082,-0.762456262,-0.7404915110778165,lgFu_train
10108847,-1.446116973,-1.417394298570853,lgFu_train
10109058,-0.476383581,-0.576662623962728,lgFu_train
10112695,-3.0,-2.9001740998176015,lgFu_train
10113744,-0.744727495,-1.1208033015272063,lgFu_train
10115684,-2.004364805,-1.3166660522307025,lgFu_train
10131006,-1.15490196,-0.8850882959876758,lgFu_train
10134976,-2.388276692,-2.287932520588268,lgFu_train
10135509,-1.522878745,-1.6945584757557388,lgFu_train
10136016,-1.777283529,-1.6771084620641956,lgFu_train
10137016,-0.568636236,-0.6689698662199346,lgFu_train
10139173,-1.142667504,-1.2423857753970273,lgFu_train
10140931,-1.600326279,-1.456590100101148,lgFu_train
10141691,-1.301029996,-1.2860698229136263,lgFu_train
10155136,-1.924453039,-1.4079577893933677,lgFu_train
10160166,-1.847711656,-1.7886465974180648,lgFu_train
10161305,-1.382999659,-1.8614248035777479,lgFu_train
10167277,-2.327902142,-2.0298455972440435,lgFu_train
10171487,-1.954677021,-1.9304649666923206,lgFu_train
10171540,-0.705313376,-1.1521937926421877,lgFu_train
10175096,-1.22184875,-1.1219604954354163,lgFu_train
10175126,-0.823908741,-0.9973145593214932,lgFu_train
10182400,-1.698970004,-1.2795050849917744,lgFu_train
10183134,-0.958607315,-1.32199696546998,lgFu_train
10184774,-0.443818153,-0.5438952567641507,lgFu_train
10194504,-0.000869459,-0.09153425973406848,lgFu_train
10202422,-0.960585881,-0.8167513573992711,lgFu_train
10210815,-3.0,-2.8562763809044154,lgFu_train
10215932,-2.886056648,-2.7657667875198024,lgFu_train
10223158,-1.504455662,-1.4041876221227194,lgFu_train
10224207,-0.823908741,-0.7270680887646642,lgFu_train
10237369,-2.0,-1.9984500859374674,lgFu_train
10239342,-0.841637508,-0.941891787017477,lgFu_train
10239608,-1.301029996,-0.9971097607809686,lgFu_train
10239769,-0.769551079,-0.869788527646211,lgFu_train
10250606,-0.000869459,-0.1009861436866828,lgFu_train
10250607,-0.000869459,0.09926749750599906,lgFu_train
10273252,-2.065501549,-1.9822016431971192,lgFu_train
10275777,-0.096910013,-0.7707320340109676,lgFu_train
10278166,-2.537602002,-2.346743532364497,lgFu_train
10278617,-0.420216403,-0.520485477341903,lgFu_train
10279136,-1.22184875,-1.3219778529498445,lgFu_train
10282265,-1.321481621,-1.7827986968332086,lgFu_train
10287138,-3.096910013,-2.996737061931662,lgFu_train
10287292,-0.000434512,-0.10082087958757935,lgFu_train
10290834,-0.173925191,-0.25174699465224704,lgFu_train
10291931,-1.2644011,-1.3646262628546804,lgFu_train
10291948,-1.359518563,-1.4185427884172348,lgFu_train
10293231,-0.236646891,-0.36149947747420874,lgFu_train
10308710,-1.388276692,-1.2880990377636794,lgFu_train
10309114,-0.476383581,-0.5184212751233394,lgFu_train
10310138,-0.000869459,-0.18043446468410296,lgFu_train
10310524,-0.604149624,-0.5038603131150231,lgFu_train
10310632,-1.3400838,-1.2398445478750932,lgFu_train
10311867,-1.301029996,-1.1508657838442933,lgFu_train
10316203,-0.920818754,-1.088046721186743,lgFu_train
10326800,-0.924818145,-1.025218293912648,lgFu_train
10332398,-1.3400838,-0.9171736067720189,lgFu_train
10337564,-2.301029996,-2.2012950771740387,lgFu_train
10340798,-2.397940009,-2.2976851666098885,lgFu_train
10341154,-0.406381692,-0.5948901792448055,lgFu_train
10347529,-1.823908741,-1.992229230714492,lgFu_train
10348973,-0.537602002,-1.1646930742167412,lgFu_train
10364560,-0.596707855,-1.0960105246338119,lgFu_train
10367012,-1.698970004,-1.658601696777738,lgFu_train
10368812,-1.337242168,-1.736355555596598,lgFu_train
10376960,-0.494850022,-0.5949948117179553,lgFu_train
10387417,-0.721475035,-1.2399682744557106,lgFu_train
10387489,-0.745935547,-0.8458963288563579,lgFu_train
10389239,-2.522878745,-2.071468340277514,lgFu_train
10405318,-2.443697499,-2.518243791748666,lgFu_train
10407275,-2.283996656,-2.086205340505331,lgFu_train
10407503,-2.366531544,-1.7660366392685956,lgFu_train
10409908,-1.368556231,-1.6148677660406878,lgFu_train
10410468,-0.002613616,-0.10274620608712448,lgFu_train
10411605,-1.096910013,-1.0600277783128136,lgFu_train
10411907,-1.327902142,-1.3323976614267345,lgFu_train
10428273,-1.769551079,-1.8860458255445873,lgFu_train
10430450,-0.000869459,0.08841117442358626,lgFu_train
10433988,-0.002176919,0.08018387310202457,lgFu_train
10452640,-0.000434512,0.024842193248222788,lgFu_train
10459564,-2.677780705,-1.6728371332563103,lgFu_train
10465965,-0.713319031,-0.6131983379004328,lgFu_train
10470886,-0.68131073,-0.7812015885199357,lgFu_train
10476254,-0.001740662,-0.07282552770165696,lgFu_train
10477093,-0.000434512,0.0680063513927498,lgFu_train
10477191,-0.001740662,0.0983939272312353,lgFu_train
10477292,-0.318758763,-0.27201727137582665,lgFu_train
10478142,-0.004803708,-0.04209047496900742,lgFu_train
10478515,-0.744727495,-0.602545686586368,lgFu_train
10479502,-2.537602002,-2.158773645516643,lgFu_train
10483360,-2.698970004,-2.598850683171774,lgFu_train
10529121,-0.920818754,-0.9755984362592398,lgFu_train
10643071,-1.041436117,-1.3177993307688043,lgFu_train
10669349,-1.397940009,-1.158664621240701,lgFu_train
10714850,-0.524328812,-0.6245213185608995,lgFu_train
10729608,-0.348334396,-0.956060432559781,lgFu_train
10742217,-0.585026652,-0.5630433324778996,lgFu_train
10809911,-0.431094585,-0.45232196190536733,lgFu_train
10833571,-0.821023053,-0.9212286016737913,lgFu_train
10861643,-0.284832642,-0.38439008765624283,lgFu_train
11027582,-2.128028356,-2.0280281119081915,lgFu_train
11058021,-0.545612533,-1.0387282062556473,lgFu_train
11097730,-0.007298132,-0.9450427920829626,lgFu_train
11122429,-0.408935393,-0.5087480665378719,lgFu_train
11134241,-1.301029996,-1.0798574505128142,lgFu_train
11139492,-0.455931956,-0.5584426101298755,lgFu_train
11149862,-0.933674075,-1.0340183119484219,lgFu_train
11152667,-0.585026652,-0.685305798119068,lgFu_train
11154496,-1.982966661,-2.083081484406197,lgFu_train
11155871,-1.886056648,-1.7243915998753976,lgFu_train
11159621,-0.996108834,-0.9977739280600102,lgFu_train
11185559,-1.207608311,-1.5402238866755988,lgFu_train
11188322,-0.201073261,-0.5607885917625789,lgFu_train
11189693,-1.698970004,-1.5588750473127861,lgFu_train
11189887,-0.823908741,-0.9241043093252181,lgFu_train
11193842,-0.552686891,-0.6522043608685806,lgFu_train
11200189,-0.437707136,-0.6730642996568373,lgFu_train
11200344,-1.301029996,-1.2013632213928895,lgFu_train
11226207,-0.698970004,-0.7988987259146169,lgFu_train
11227406,-1.431798276,-1.33155043715321,lgFu_train
11243969,-0.15490196,-0.2550396535554478,lgFu_train
11244984,-2.657577319,-2.3500899941230404,lgFu_train
11246973,-1.014124643,-1.1139463363993065,lgFu_train
11248978,-0.8467951,-0.9465076693949449,lgFu_train
11258980,-1.913640169,-2.0109666641804997,lgFu_train
11271947,-2.22184875,-1.292869108727595,lgFu_train
11272103,-1.096910013,-1.151247838640401,lgFu_train
11281300,-1.906578315,-2.0067368431017045,lgFu_train
11284707,-1.0,-1.0999013655685836,lgFu_train
11292789,-2.0,-2.1003056595149836,lgFu_train
11293438,-1.200659451,-1.1009883894345809,lgFu_train
11304743,-1.068542129,-0.9979951310886981,lgFu_train
11307532,-1.698970004,-1.5986967797063358,lgFu_train
11313946,-1.113509275,-0.7836947049423886,lgFu_train
11314287,-1.292429824,-1.99495636131988,lgFu_train
11320069,-1.698970004,-1.2514467921254515,lgFu_train
11325699,-1.562249437,-1.6623037268387604,lgFu_train
11326126,-2.537602002,-1.8578028953125272,lgFu_train
11328012,-1.886056648,-1.7858539305924848,lgFu_train
11328459,-0.823908741,-1.1991929903270637,lgFu_train
11329244,-1.508638306,-1.4084265766780923,lgFu_train
11334232,-0.863279433,-0.7634798277839903,lgFu_train
11338777,-2.805023443,-2.0915379129823557,lgFu_train
11340230,-2.397940009,-2.297830514302885,lgFu_train
11340940,-0.236646891,-0.33644829518205155,lgFu_train
11351875,-2.0,-1.3474460276189175,lgFu_train
11361885,-1.301029996,-1.2008137606448297,lgFu_train
11372308,-1.847711656,-2.1560059087634236,lgFu_train
11372756,-1.041436117,-1.14134712000611,lgFu_train
11373432,-0.191789027,-0.5446424360714831,lgFu_train
11375301,-2.096910013,-1.9970353556141522,lgFu_train
11381416,-0.113509275,-0.16005632063544795,lgFu_train
11405875,-2.698970004,-2.2945573311383187,lgFu_train
11407074,-2.0,-1.8998186834283581,lgFu_train
11407637,-1.11463878,-1.2146667139618257,lgFu_train
11409499,-2.903089987,-1.7610479212164367,lgFu_train
11417954,-0.377785977,-0.688005250985551,lgFu_train
11419598,-1.19280447,-1.2929748942989798,lgFu_train
11427975,-0.744727495,-1.1366116820709884,lgFu_train
11452690,-1.15490196,-1.201801374414233,lgFu_train
11453391,-2.301029996,-2.2009258910390526,lgFu_train
11462174,-2.193820026,-1.9308624609820693,lgFu_train
11462546,-2.075720714,-1.7811791943611042,lgFu_train
11463807,-1.53313238,-1.6296240897273497,lgFu_train
11485656,-2.0,-1.8996290119387649,lgFu_train
11488320,-1.173925197,-1.274257181143948,lgFu_train
11488817,-0.316322701,-0.2833453919789364,lgFu_train
11495680,-1.301029996,-1.4013430578883255,lgFu_train
11500877,-1.8569852,-1.7561881236119117,lgFu_train
11502371,-0.745935547,-0.6758415733908774,lgFu_train
11503160,-1.823908741,-1.7243150790381279,lgFu_train
11503417,-1.244125144,-0.7991324411095726,lgFu_train
11505089,-2.27572413,-2.0949064946760156,lgFu_train
11505808,-1.568636236,-1.6686969829162237,lgFu_train
11509189,-1.397940009,-1.1065901499082376,lgFu_train
11510392,-2.301029996,-2.1400105592958316,lgFu_train
11510579,-2.15490196,-2.416114170987221,lgFu_train
11511776,-1.494850022,-1.908393228314307,lgFu_train
11514705,-0.298432015,-1.8338872031495645,lgFu_train
11516136,-0.096910013,-0.06489184151751193,lgFu_train
11517780,-2.173925197,-1.7159295250139142,lgFu_train
11518018,-1.795880017,-1.895960674343609,lgFu_train
11519784,-1.443697499,-1.368850951983111,lgFu_train
11526078,-1.823908741,-1.8287228163285605,lgFu_train
11531460,-1.050609993,-1.4215992132547108,lgFu_train
11531799,-1.301029996,-0.8962929001366352,lgFu_train
11538251,-0.443697499,-0.6507527500818067,lgFu_train
11546350,-2.004364805,-1.9042920421582101,lgFu_train
11546947,-0.804100348,-1.4580620352724556,lgFu_train
11547499,-0.568636236,-0.46879076750819293,lgFu_train
11554040,-0.769551079,-0.9301303885830792,lgFu_train
11556911,-1.036684489,-0.9366132697783073,lgFu_train
11561674,-0.494850022,-0.5950383038444007,lgFu_train
11562302,-2.698970004,-2.484734214276364,lgFu_train
11562549,-1.292429824,-1.3636532722786876,lgFu_train
11567957,-2.522878745,-2.080448385569495,lgFu_train
11568443,-1.995678626,-1.6865533341670031,lgFu_train
11570626,-2.0,-2.099909095980881,lgFu_train
11573765,-0.602059991,-0.5133490388342716,lgFu_train
11574877,-1.591760035,-1.6638133808968125,lgFu_train
11576663,-2.045757491,-1.7137200917423592,lgFu_train
11578047,-1.397940009,-1.4980548675967797,lgFu_train
11578126,-2.0,-1.9309661024303297,lgFu_train
11581936,-2.920818754,-2.397196639248042,lgFu_train
11595037,-1.53313238,-1.9581831744885092,lgFu_train
11596881,-1.301029996,-1.3563738401809486,lgFu_train
11597571,-1.105683937,-1.0787712610945328,lgFu_train
11597959,-0.173925197,-0.27391049038425885,lgFu_train
11603378,-0.619788758,-0.3701055956240059,lgFu_train
11603648,-0.823908741,-0.8666364776049609,lgFu_train
11607042,-2.397940009,-2.2978495452646666,lgFu_train
11610553,-2.698970004,-2.320115817052317,lgFu_train
11611215,-1.427128398,-1.8243999126069235,lgFu_train
11614352,-0.301029996,-0.4006348551081258,lgFu_train
11617559,-1.698970004,-1.188928021042421,lgFu_train
11622909,-0.060480747,-0.23204652906579948,lgFu_train
11623092,-2.15490196,-2.054573890650698,lgFu_train
11625340,-0.744727495,-0.644981010455167,lgFu_train
11626927,-1.954677021,-1.8545093102575527,lgFu_train
11631866,-2.468521083,-2.368422472880038,lgFu_train
11634645,-0.933674075,-1.2307875909919521,lgFu_train
11641563,-1.301029996,-1.6268248357944126,lgFu_train
11646514,-1.866461092,-1.8413246746981093,lgFu_train
11647025,-0.721246399,-0.7858839464126947,lgFu_train
11655069,-1.92733963,-1.891373340452971,lgFu_train
11656002,-2.200659451,-2.230229237028452,lgFu_train
11657311,-2.698970004,-2.0021921347569056,lgFu_train
11667741,-0.991399828,-1.158689003073259,lgFu_train
11671467,-1.823908741,-1.7237520412383978,lgFu_train
11675054,-1.096910013,-0.7018581855830386,lgFu_train
11675388,-0.657577319,-0.7885682375763238,lgFu_train
11675688,-1.180456064,-1.6586101831828741,lgFu_train
11676720,-1.407823243,-1.508063164578766,lgFu_train
11676786,-2.408935393,-1.980111720174753,lgFu_train
11682247,-0.907279355,-1.7372226409296534,lgFu_train
11682482,-1.76700389,-1.8897989761939513,lgFu_train
11683125,-1.581698709,-1.6277150839929533,lgFu_train
11690372,-2.113509275,-2.013166287734261,lgFu_train
11704625,-1.600326279,-1.5000334637615196,lgFu_train
11705608,-2.0,-1.4434568159823638,lgFu_train
11710694,-0.356547324,-0.8840268717084905,lgFu_train
11712583,-1.571865206,-1.4717901056662104,lgFu_train
11712662,-1.698970004,-1.6891365674686774,lgFu_train
11712898,-1.920818754,-1.8205786955910448,lgFu_train
11715767,-0.232473101,-0.33266546233848826,lgFu_train
11716665,-0.855425792,-1.2945909140177028,lgFu_train
11718030,-2.568636236,-2.3795777238666593,lgFu_train
11723708,-1.381951903,-1.5101247396653397,lgFu_train
11739248,-1.397940009,-1.497867157572642,lgFu_train
11742188,-1.193820026,-1.727954107239241,lgFu_train
11751490,-2.22184875,-2.06643572789221,lgFu_train
11751922,-1.301029996,-1.8910374849630367,lgFu_train
11754770,-0.011441043,-0.10407081062178514,lgFu_train
11757187,-1.602059991,-1.5282786634020198,lgFu_train
11779217,-1.0,-0.6921970846066494,lgFu_train
11785059,-0.996108834,-1.9973848972037516,lgFu_train
11818138,-2.387216143,-2.0479085062793323,lgFu_train
11843159,-1.886056648,-1.7860983460133208,lgFu_train
11844351,-2.769551079,-2.2968948867021,lgFu_train
11844916,-1.301899454,-1.6538369418741627,lgFu_train
11848206,-2.022276395,-2.0574562139762533,lgFu_train
11848679,-0.524328812,-0.6244271783382862,lgFu_train
11848949,-1.522878745,-1.623077748519616,lgFu_train
11853814,-1.823908741,-1.9235857276902961,lgFu_train
11857680,-1.259637311,-1.3593430409941551,lgFu_train
11957265,-1.571865206,-1.6525798477271179,lgFu_train
11960529,-0.229147988,-0.2915626085490368,lgFu_train
11964036,-1.443697499,-1.3433802377902206,lgFu_train
11964344,-1.886056648,-1.7857648054253055,lgFu_train
11974019,-1.679853714,-1.5183173866124435,lgFu_train
11978451,-1.356547324,-1.8021500402846748,lgFu_train
11983362,-0.510322708,-0.6515523012932568,lgFu_train
11989761,-1.096910013,-1.5584104142248827,lgFu_train
11995990,-1.602059991,-1.6252943755134126,lgFu_train
11995991,-1.698970004,-1.5987377270827996,lgFu_train
11996130,-1.744727495,-1.752028724702083,lgFu_train
11996132,-1.721246399,-1.648265570302173,lgFu_train
11996136,-1.568636236,-1.5419395283358703,lgFu_train
11996283,-1.677780705,-1.5227889827340741,lgFu_train
12000797,-0.301029996,-0.4007163707891672,lgFu_train
12002012,-0.89279003,-0.8813100008867866,lgFu_train
12004316,-3.15490196,-2.793223481735463,lgFu_train
12073809,-2.522878745,-2.448046502271144,lgFu_train
12073810,-2.522878745,-2.3603029587278517,lgFu_train
12803450,-1.522878745,-1.576761318376029,lgFu_train
12850146,-0.698970004,-0.7401382983651497,lgFu_train
12877832,-0.065501546,-0.16589382246497775,lgFu_train
12941612,-0.107905406,-0.20801543308334736,lgFu_train
12962084,-2.045757491,-1.7459870213224171,lgFu_train
12983887,-0.046274232,-0.14588921044901904,lgFu_train
13035349,-0.09691001,-0.19669729639422828,lgFu_train
13044278,-0.301029996,-0.40111135264830455,lgFu_train
13135186,-1.054572448,-0.9137994383991069,lgFu_train
13175019,-0.113509275,-0.2136911100490988,lgFu_train
13217488,-0.327902142,-0.42808260130047415,lgFu_train
13728862,-0.408935393,-0.6930004273463154,lgFu_train
14445453,-1.0,-0.700525459743979,lgFu_train
14475373,-1.638272164,-1.6360764211153938,lgFu_train
14545018,-1.19859629,-1.4378413801464536,lgFu_train
14748561,-2.301029996,-1.7577569085596654,lgFu_train
15219215,-1.630901706,-1.5310663043606922,lgFu_train
15230353,-0.996108834,-1.0190715396710743,lgFu_train
15458385,-0.259637311,-0.1594055401079424,lgFu_train
15887336,-0.26520017,-0.36490821905831117,lgFu_train
15940799,-0.397940009,-0.3013450559821924,lgFu_train
15940800,-0.356547324,-0.2563595428474298,lgFu_train
15940801,-0.26760624,-0.1673404286796878,lgFu_train
15941083,-0.200659451,-0.3008166527883984,lgFu_train
15941086,-0.124938737,-0.324020616057763,lgFu_train
15941255,-0.27572413,-0.37596348968711013,lgFu_train
15947119,-1.096910013,-0.99787247642573,lgFu_train
15949822,-2.301029996,-2.4008834511898525,lgFu_train
15950755,-0.086186148,-0.2716365124455594,lgFu_train
15953802,-1.330683119,-1.1879150931201092,lgFu_train
15958273,-2.0,-1.6639218230485426,lgFu_train
15958274,-1.677780705,-1.1804146390050174,lgFu_train
15958275,-1.769551079,-1.536148128621261,lgFu_train
15958276,-0.777283529,-0.9493741606848851,lgFu_train
15958277,-1.356547324,-1.4569118737233038,lgFu_train
15958278,-1.769551079,-1.5957333445323167,lgFu_train
15958279,-1.744727495,-1.3084553046175171,lgFu_train
15958280,-1.657577319,-1.7578248738764655,lgFu_train
15958281,-1.48148606,-1.7109608332212212,lgFu_train
15959139,-1.0,-0.9284387294127114,lgFu_train
15959141,-1.0,-0.8798133350555257,lgFu_train
15959142,-1.0,-1.338180123724253,lgFu_train
15981237,-2.22184875,-2.12201958799331,lgFu_train
15981891,-0.604149624,-0.704175740545916,lgFu_train
15982018,-0.596707855,-0.6827295235307127,lgFu_train
15982019,-0.951558196,-0.5982977745676421,lgFu_train
15982149,-0.838033384,-0.7378646572556694,lgFu_train
15982150,-0.5172693,-0.6716098201927796,lgFu_train
15982151,-0.589222767,-0.6894980206916734,lgFu_train
15982407,-0.503485481,-0.5365707374241888,lgFu_train
15982534,-0.585026652,-0.6390883809387579,lgFu_train
15983301,-1.823908741,-1.5878434118304932,lgFu_train
15983430,-1.378823718,-0.6483517438553953,lgFu_train
15983549,-0.754240644,-0.8404698223742374,lgFu_train
15983550,-0.951558196,-0.9429421739761235,lgFu_train
15983552,-1.023191663,-0.9229527862696341,lgFu_train
15983553,-0.770574152,-0.7558527999645617,lgFu_train
15983677,-1.142667504,-1.0874557126652995,lgFu_train
15983679,-0.642255675,-0.7424913005800402,lgFu_train
15983680,-1.679853714,-1.2344446348692801,lgFu_train
15983810,-0.872571222,-0.7724751993069753,lgFu_train
15984101,-1.698970004,-1.5991214009742052,lgFu_train
15984937,-0.769551079,-0.9256127604886566,lgFu_train
15985912,-2.522878745,-2.4844273340244722,lgFu_train
15988711,-1.954677021,-1.8548345415635645,lgFu_train
15991573,-1.886056648,-2.0533345324377996,lgFu_train
16005753,-1.349692477,-1.4413566420609027,lgFu_train
16007367,-3.0,-2.5556671587458277,lgFu_train
16008685,-0.745935547,-0.8462702610925918,lgFu_train
16010689,-1.659669105,-1.8939715705539757,lgFu_train
16015156,-1.3400838,-1.4403619277234245,lgFu_train
16036825,-2.102372909,-1.8686953114285068,lgFu_train
16038120,-1.484126156,-1.4563699065976876,lgFu_train
16040318,-1.920818754,-1.569684576252397,lgFu_train
16041224,-1.086186148,-1.1786614084860703,lgFu_train
16041411,-1.065501549,-1.1658346712084562,lgFu_train
16041594,-1.008773924,-1.160484041873122,lgFu_train
16045418,-1.455931956,-1.362335704756245,lgFu_train
16048554,-1.005243055,-0.6352982269702606,lgFu_train
16049824,-1.397940009,-1.2447691763693627,lgFu_train
16059780,-0.602059991,-0.5382889022211078,lgFu_train
16066663,-2.37675071,-2.2767383993152555,lgFu_train
16069302,-1.906578315,-2.0069863439640234,lgFu_train
16086088,-1.420216403,-2.1390373330930093,lgFu_train
16086114,-1.301029996,-1.678557466610086,lgFu_train
16086657,-2.0,-2.0830426042257204,lgFu_train
16102868,-2.0,-1.7310533779590638,lgFu_train
16109001,-1.107905397,-1.0297105166479963,lgFu_train
16118192,-1.494850022,-1.5951118978512902,lgFu_train
16118193,-1.443697499,-1.543899071573511,lgFu_train
16118324,-1.37675071,-1.6544281635364226,lgFu_train
16118737,-1.48148606,-1.564652300933282,lgFu_train
16124479,-0.026872146,-0.2245086008910948,lgFu_train
16126651,-1.46470588,-1.565040630854642,lgFu_train
16202164,-2.0,-1.899742202384457,lgFu_train
16221816,-2.0,-2.1002395149055824,lgFu_train
16290686,-1.522878745,-1.4227280034814007,lgFu_train
16415729,-0.450261269,-0.8948574288662092,lgFu_train
16722832,-1.123782159,-1.023443687560216,lgFu_train
16727102,-1.123782159,-1.0240519659285352,lgFu_train
16727103,-1.105683937,-0.9675890968291385,lgFu_train
16732433,-1.747146969,-2.1246079029530467,lgFu_train
16734800,-3.22184875,-2.712352222157288,lgFu_train
16736529,-0.943095149,-0.8656623084227912,lgFu_train
16739244,-0.30980392,-0.6815232340459717,lgFu_train
16749353,-1.522878745,-1.838405768330937,lgFu_train
16749996,-0.288192771,-0.7938011974113398,lgFu_train
16755780,-0.958607315,-1.058870001866124,lgFu_train
17583883,-2.180456064,-1.5545366606702586,lgFu_train
17754438,-0.795880017,-0.9589856006499153,lgFu_train
17754772,-1.274088368,-1.1739067862534232,lgFu_train
17755052,-1.15490196,-1.2551453708001843,lgFu_train
17756786,-0.201814357,-0.3588635614603326,lgFu_train
17756939,-2.0,-1.9090996897292574,lgFu_train
17963196,-1.896196279,-1.6307062254329796,lgFu_train
17963201,-0.745935547,-1.4981879531600781,lgFu_train
17963208,-0.713319031,-1.5483294141413828,lgFu_train
17963227,-1.76700389,-1.6403854686699824,lgFu_train
17963258,-2.769551079,-1.746094930561209,lgFu_train
17963332,-1.388276692,-1.5322769125874165,lgFu_train
17963334,-0.978397284,-1.4891167363129414,lgFu_train
17963363,-0.483068191,-1.5545421083435311,lgFu_train
17974226,-1.292429824,-1.392513275235859,lgFu_train
18336924,-1.2644011,-1.1643410151748885,lgFu_train
18381542,-1.059483515,-1.1820858344627188,lgFu_train
18381562,-1.330683119,-0.9360921376546272,lgFu_train
18385573,-0.728158393,-1.3178059223661474,lgFu_train
18407230,-0.107905397,-0.5936817726873053,lgFu_train
18445520,-0.886056648,-1.1131072653458078,lgFu_train
18449306,-0.924818145,-1.388402436588957,lgFu_train
18612709,-0.70333481,-0.8033114936517736,lgFu_train
18785796,-0.483068191,-0.5831358137998904,lgFu_train
18785851,-0.443818153,-0.5222576544477535,lgFu_train
19028691,-0.316322701,-0.21594502994928,lgFu_train
19082200,-0.969400278,-1.0694783226278388,lgFu_train
19371515,-0.309360988,-0.40940712501607823,lgFu_train
19582717,-1.11463878,-1.0144099003602436,lgFu_train
20471564,-0.286509457,-0.26212725519861435,lgFu_train
20629114,-1.388276692,-1.2885071777715984,lgFu_train
20793887,-2.397940009,-2.2977576247377,lgFu_train
20816892,-1.512861625,-1.6146389269941461,lgFu_train
20819668,-1.568636236,-1.3745486697541598,lgFu_train
21093784,-1.600326279,-1.7734571715905614,lgFu_train
21157547,-1.096367484,-0.9963496231125293,lgFu_train
21190508,-1.619788758,-1.6221362196844635,lgFu_train
21348140,-0.744727495,-0.8446734845612522,lgFu_train
21365956,-1.747146969,-1.4718935338084014,lgFu_train
21635104,-1.187086643,-1.0869603115883975,lgFu_train
21696352,-0.853871964,-0.9537768137070755,lgFu_train
21717212,-1.886056648,-0.9142684391805478,lgFu_train
21867111,-2.0,-1.900366947852612,lgFu_train
21881641,-0.397940009,-0.4979837942443103,lgFu_train
21902176,-0.296708622,-0.39673155262575754,lgFu_train
21905905,-1.216096421,-1.305827716366903,lgFu_train
21906847,0.0,-0.10003101769476319,lgFu_train
21906861,-0.000434512,-0.10008271653558731,lgFu_train
22041171,-2.301029996,-2.020601064187014,lgFu_train
22049997,-1.189095719,-1.7140288277865148,lgFu_train
22052039,-2.356547324,-2.4086296771817466,lgFu_train
22170354,-1.251811973,-1.3881659014689567,lgFu_train
22263065,-1.179798541,-1.0800757338327842,lgFu_train
22263778,-1.688246139,-1.414744949781626,lgFu_train
22273644,-1.552841969,-1.4529577952963175,lgFu_train
22287510,-0.406381692,-0.5065082562289485,lgFu_train
22291085,-1.431798276,-1.6230735464992492,lgFu_train
22313306,0.0,-0.15220528526422616,lgFu_train
22320083,-1.707743929,-1.5939099035731628,lgFu_train
22570509,-0.619788758,-0.6421179583596067,lgFu_train
22644568,-2.251811973,-2.096091926903391,lgFu_train
22648920,-1.826813732,-1.9271601324507617,lgFu_train
22649035,-0.889747083,-1.3351752701345696,lgFu_train
22896913,-0.697236292,-0.5970188554591578,lgFu_train
22949130,-2.15490196,-2.054501097460391,lgFu_train
23111123,-0.496209317,-0.44852580239353323,lgFu_train
23275090,-0.48148606,-0.7872961711390085,lgFu_train
23401859,-3.0,-2.6859623531022097,lgFu_train
23545473,-1.301029996,-1.2008332316957473,lgFu_train
23583058,-2.698970004,-2.376901606122675,lgFu_train
23624703,-0.48148606,-0.5816524513702411,lgFu_train
23626131,-0.508638306,-0.6089336407429534,lgFu_train
23626132,-0.602059991,-0.5391839960147546,lgFu_train
23626283,-0.455931956,-0.556074524677152,lgFu_train
23626923,-0.920818754,-0.8203810862531683,lgFu_train
23626924,-1.0,-0.8128236934809301,lgFu_train
23630085,-2.397940009,-2.4293419663383427,lgFu_train
23630121,-2.698970004,-2.38674963434152,lgFu_train
23630122,-2.397940009,-2.298284252104493,lgFu_train
23630124,-1.924453039,-2.2878705011826757,lgFu_train
23630125,-2.698970004,-2.44955706852161,lgFu_train
23630127,-2.397940009,-2.497809265855201,lgFu_train
23630162,-2.455931956,-2.497384190837341,lgFu_train
23633343,-0.109020403,-0.20941635703496853,lgFu_train
23642165,-1.853871964,-1.707170805608516,lgFu_train
23661672,-2.0,-2.0663064988422253,lgFu_train
23729877,-0.829444941,-0.7488223987831499,lgFu_train
24180125,-2.004364805,-1.904316234143736,lgFu_train
24180585,-1.22184875,-0.9415181865346643,lgFu_train
24244526,-0.400335221,-0.5006530413514235,lgFu_train
24745335,-0.075720714,-0.17537838635904746,lgFu_train
24749711,-0.538351432,-0.43815408564150193,lgFu_train
24757938,-2.15490196,-2.054745928221071,lgFu_train
24757965,-1.22184875,-1.2042996463528637,lgFu_train
24757966,-0.337242168,-0.7301173989798346,lgFu_train
24758141,-0.37675071,-0.477004593541153,lgFu_train
24759089,-1.954677021,-1.6899767612408512,lgFu_train
24759558,-1.698970004,-1.598917208760912,lgFu_train
24759663,-0.795880017,-0.8958878682872872,lgFu_train
24759665,-1.148741651,-1.3073130220909328,lgFu_train
24759666,-1.22184875,-1.2279027866824082,lgFu_train
24760653,-2.013228266,-1.3848641756870779,lgFu_train
24765332,-1.15490196,-1.1320041321798855,lgFu_train
24776307,-2.0,-1.8738185618493457,lgFu_train
24785538,-1.387216143,-1.4871618673583786,lgFu_train
24795070,-1.407823243,-1.103098336407817,lgFu_train
24800231,-1.698970004,-1.5119914896569515,lgFu_train
24810867,-0.508638306,-0.6203629030725546,lgFu_train
24823590,-1.721246399,-1.6233295770680594,lgFu_train
24825266,-1.161150909,-1.0607644149707203,lgFu_train
24857598,-0.770574152,-1.1084210032133748,lgFu_train
24857813,-0.468521083,-0.5686321329205787,lgFu_train
24864107,-2.0,-1.8997972047432696,lgFu_train
24865725,-1.522878745,-1.5848002681601434,lgFu_train
24866867,-0.332080315,-0.4324838491557512,lgFu_train
24870864,-0.16193839,-0.1808642700361074,lgFu_train
24871512,-0.538351432,-0.4379681677368853,lgFu_train
24877326,-1.170053304,-1.343388294622526,lgFu_train
24878044,-2.0,-2.1002417903726354,lgFu_train
24879232,-2.387216143,-2.1867847430057434,lgFu_train
24882716,-1.619788758,-1.5619501244356533,lgFu_train
24883012,-0.581864502,-1.7108160851945755,lgFu_train
24891645,-1.76700389,-1.9140365371460486,lgFu_train
24891647,-1.718966633,-1.6532375332454574,lgFu_train
24891699,-1.581698709,-1.6243553611123724,lgFu_train
24894017,-0.958607315,-1.0588191263914248,lgFu_train
24898133,-0.823908741,-0.7623084345974706,lgFu_train
24900259,-0.585026652,-0.40281460418244175,lgFu_train
24906267,-0.978397284,-1.1581322761437889,lgFu_train
24936155,-1.15490196,-1.2549892155022464,lgFu_train
24936215,-0.468521083,-0.5687076020808134,lgFu_train
24939268,-2.004364805,-2.0765183735524815,lgFu_train
24958200,-0.795880017,-0.6958705458546552,lgFu_train
24959177,-2.0,-1.991213992377718,lgFu_train
24961094,-1.504455662,-1.4046536398321594,lgFu_train
24963252,-1.522878745,-1.1560264762227954,lgFu_train
24963293,-0.600326279,-0.5273419588303448,lgFu_train
24964937,-2.22184875,-1.9923544237275213,lgFu_train
24965291,-1.823908741,-1.7237763652397853,lgFu_train
24965990,-2.0,-1.8999657686986908,lgFu_train
24968277,-1.193820026,-1.4791381742163123,lgFu_train
24985115,-0.299296283,-1.165413175252879,lgFu_train
24986335,-1.581698709,-2.005116537271347,lgFu_train
24988644,-0.107849722,-0.12175891424003504,lgFu_train
24993178,-0.301029996,-0.39482980484428787,lgFu_train
24994634,-0.091514981,-0.1910804662027068,lgFu_train
24996644,-0.37675071,-0.45341036126903655,lgFu_train
25001849,-1.017728767,-0.9528855907802682,lgFu_train
25001850,-1.200659451,-1.0542708745237392,lgFu_train
25001851,-1.795880017,-1.2887156281741359,lgFu_train
25003030,-0.602059991,-0.7019757747422503,lgFu_train
25006676,-1.397940009,-1.2977701381301894,lgFu_train
25008409,-0.745935547,-0.6478609523283068,lgFu_train
25008410,-1.069001136,-0.7041036760381387,lgFu_train
25008586,-0.611721137,-0.7118306449081391,lgFu_train
25008935,-0.689306688,-0.7385277484190597,lgFu_train
25014844,-1.014124643,-1.0439851483938118,lgFu_train
25015647,-0.22184875,-0.35964359494379383,lgFu_train
25015691,-1.254925208,-1.15489784443167,lgFu_train
25017033,-2.180456064,-1.7323148810481113,lgFu_train
25018003,-1.260038956,-1.2714854073356434,lgFu_train
25019940,-1.026872146,-1.1266525180250044,lgFu_train
25026044,-1.494850022,-1.5751684948426041,lgFu_train
25026445,-2.397940009,-1.7292237281927623,lgFu_train
25030708,-1.27572413,-1.3871023556284894,lgFu_train
25032869,-1.958607315,-1.8183943444163146,lgFu_train
25054452,-0.795880017,-0.8961007241674978,lgFu_train
25056080,-0.431798276,-0.5322202211000534,lgFu_train
25059320,-0.37675071,-0.8960134081274175,lgFu_train
25060093,-0.677780705,-1.0262545196057786,lgFu_train
25062766,-0.987162775,-1.0865167629079946,lgFu_train
25067404,-1.698970004,-2.2010228897033306,lgFu_train
25070031,-0.251811973,-0.21931679815989136,lgFu_train
25070577,-0.420216403,-0.36676184068598416,lgFu_train
25071004,-0.292429824,-0.3924550354856785,lgFu_train
25071319,-0.251811973,-0.33060347581136107,lgFu_train
25071940,-0.229147988,-0.27984159093059946,lgFu_train
25093775,-0.735182177,-0.6350960200189042,lgFu_train
25094630,-0.823908741,-0.9240285281171895,lgFu_train
25094902,-1.236572006,-1.13656945208573,lgFu_train
25094903,-0.958607315,-0.9601646838466836,lgFu_train
25095678,-0.040958608,-0.09068303550096313,lgFu_train
25101945,-0.283996656,-0.38403216157356024,lgFu_train
25105690,-0.348334396,-0.6288624687686302,lgFu_train
25114551,-1.283996656,-1.157746353302996,lgFu_train
25115964,-0.795880017,-0.8961607789611211,lgFu_train
25116186,-1.091514981,-1.0963362331643025,lgFu_train
25116191,-0.508638306,-0.6088042053960645,lgFu_train
25118125,-0.060480747,-0.06594781208196987,lgFu_train
25118477,-0.091514981,-0.19138330685406668,lgFu_train
25121505,-0.524328812,-1.2560541548724575,lgFu_train
25125014,-1.244125144,-1.3229893735136575,lgFu_train
25128822,-0.657577319,-0.36854501578391596,lgFu_train
25128823,-0.142667504,-0.2545274825224062,lgFu_train
25128824,-0.408935393,-0.3085490370196394,lgFu_train
25129042,-0.769551079,-0.7616365315528536,lgFu_train
25129043,-1.091514981,-0.7138994923863428,lgFu_train
25129169,-0.387216143,-0.48744213831419814,lgFu_train
25129523,-0.292429824,-0.19222349084742363,lgFu_train
25130088,-0.552841969,-0.5465965636533257,lgFu_train
25130235,-0.187086643,-0.2706240547236064,lgFu_train
25130576,-0.031517051,-0.18360102984059168,lgFu_train
25133836,-0.301029996,-0.3453534344999114,lgFu_train
25134303,-3.045757491,-2.444819033456387,lgFu_train
25141776,-0.115204636,-0.21507975586211414,lgFu_train
25141777,-0.168770306,-0.21914908057323956,lgFu_train
25141896,-0.214670165,-0.1942482764853477,lgFu_train
25147644,-0.397940009,-0.8081896229643121,lgFu_train
25147692,-1.446116973,-1.4493933461053798,lgFu_train
25148271,-0.259637311,-0.14055826475393562,lgFu_train
25148347,-0.2069084,-0.30710210344740885,lgFu_train
25154847,-0.259637311,-0.16814262392426405,lgFu_train
25154848,-0.259637311,-0.1992988007390496,lgFu_train
25159060,-1.795880017,-1.734111344785341,lgFu_train
25159779,-1.698970004,-1.8526587115796254,lgFu_train
25166913,-1.040958608,-0.9409656086447054,lgFu_train
25169382,-0.787279846,-0.6870175718697574,lgFu_train
25171873,-0.5172693,-0.6501885721196494,lgFu_train
25171874,-0.762456262,-1.029382123227604,lgFu_train
25172085,-0.838033384,-0.9511442165532866,lgFu_train
25172265,-1.008773924,-1.1090764829409223,lgFu_train
25180108,-0.119186408,-0.3272145980701163,lgFu_train
25181471,-1.657577319,-1.6921403284232466,lgFu_train
25181480,-2.698970004,-2.555182761871648,lgFu_train
25181481,-1.193820026,-1.42304653840133,lgFu_train
25181502,-1.096910013,-1.6346814666118625,lgFu_train
25181771,-2.0,-1.900251729947953,lgFu_train
25189891,-0.080921908,-0.1811426591653451,lgFu_train
25195461,-2.301029996,-2.2548973311840266,lgFu_train
25196164,-0.795880017,-0.8651007100257486,lgFu_train
25196320,-1.484126156,-1.0678533642783217,lgFu_train
25197227,-1.436518915,-0.968694264646113,lgFu_train
25207583,-0.770574152,-0.8708881089895819,lgFu_train
25207689,-0.638272164,-0.6882210816266457,lgFu_train
25211910,-0.697236292,-1.3116041540438623,lgFu_train
25217563,-1.407823243,-1.8543802245678986,lgFu_train
25218397,-0.229147988,-0.4317714692045571,lgFu_train
25222038,-1.096910013,-1.196864196995942,lgFu_train
25223021,-1.017728767,-1.8503177332137917,lgFu_train
25223122,-2.0,-1.916976524107104,lgFu_train
25223126,-2.522878745,-1.9477379765366725,lgFu_train
25223323,-2.0,-1.8996637358125632,lgFu_train
25223419,-1.958607315,-1.833271774977212,lgFu_train
25223619,-2.0,-1.8999797395840976,lgFu_train
25223721,-1.721246399,-1.8153826645220825,lgFu_train
25223723,-1.443697499,-1.7853758416686238,lgFu_train
25225622,-0.065501549,-0.16545786606896629,lgFu_train
25227436,-0.651695137,-0.5977517918351913,lgFu_train
25229646,-0.536107011,-0.6064389815701904,lgFu_train
25230181,-0.823908741,-0.8052310877759383,lgFu_train
25253556,-1.251811973,-1.569912067095996,lgFu_train
25263223,-0.318758763,-0.41869725597299934,lgFu_train
25263944,-1.0,-0.7661826595978609,lgFu_train
26644345,-0.872571222,-2.130308085765136,lgFu_train
27656063,-1.698970004,-1.598975376466918,lgFu_train
33657234,-2.698970004,-2.118355451659407,lgFu_train
35372055,-0.538351432,-0.6386365612750049,lgFu_train
38032499,-2.096910013,-1.7021729801789842,lgFu_train
39779000,-0.524328812,-0.5154402598393628,lgFu_train
42618040,-1.679853714,-1.7798397855401034,lgFu_train
42623223,-0.431094585,-0.3308918584974857,lgFu_train
42623385,-2.0,-1.8617248175195376,lgFu_train
42624149,-0.585026652,-0.19710326652164845,lgFu_train
42631007,-0.769551079,-0.364189022945849,lgFu_train
42641863,-2.823908741,-2.72364297433598,lgFu_train
42642654,-2.301029996,-1.2759753042389936,lgFu_train
42644786,-1.292429824,-1.1922132871696591,lgFu_train
42645111,-1.48148606,-1.6534796975084498,lgFu_train
42645487,-1.455931956,-1.326970497822792,lgFu_train
42883604,-1.659555885,-1.5233125331609678,lgFu_train
44123747,-0.568636236,-0.4777335293968724,lgFu_train
44125987,-0.960585881,-1.060395070365683,lgFu_train
44125988,-0.889747083,-0.9263315726571488,lgFu_train
44125989,-1.105683937,-1.1735031479296931,lgFu_train
44125990,-1.522878745,-1.3516065952686376,lgFu_train
44125991,-1.2644011,-1.422704936702367,lgFu_train
44126023,-1.8569852,-1.957044517048606,lgFu_train
44126528,-3.096910013,-2.853339837584553,lgFu_train
44135978,-1.045757491,-1.1458718897764621,lgFu_train
44135979,-1.0,-1.1438047407438436,lgFu_train
44137226,-1.823908741,-1.2983659766092182,lgFu_train
44137675,-1.096910013,-1.028255060761897,lgFu_train
44138107,-3.045757491,-1.98030779819053,lgFu_train
44142782,-0.677780705,-0.8919194662867427,lgFu_train
44156749,-1.30980392,-1.1770778246506806,lgFu_train
44156750,-0.872895202,-0.7732141132346226,lgFu_train
44156964,-0.373659633,-0.7655839793721078,lgFu_train
44158492,-1.76700389,-2.14337016751821,lgFu_train
44189740,-1.397940009,-1.4980335086691554,lgFu_train
44191096,-1.657577319,-1.6672729340537964,lgFu_train
44199337,-0.744727495,-1.4006396361739144,lgFu_train
44202487,-2.0,-2.053771142724652,lgFu_train
44205381,-2.0,-1.7987848904651327,lgFu_train
44205420,-0.958607315,-1.0603874624984633,lgFu_train
44205421,-1.229147988,-1.129024859791157,lgFu_train
44205422,-0.853871964,-0.9603106402796855,lgFu_train
44205637,-1.356547324,-1.2567954920934206,lgFu_train
44205825,-1.397940009,-1.4353724320337518,lgFu_train
44207909,-0.552841969,-0.7924879093225703,lgFu_train
44208982,-1.397940009,-1.4978662173640294,lgFu_train
44211070,-0.863913903,-0.7698343866071301,lgFu_train
44215900,-1.161150909,-1.4841470113982358,lgFu_train
44219451,-1.397940009,-1.4980032480419467,lgFu_train
44219912,-1.721246399,-1.6209955996512009,lgFu_train
44232443,-1.698970004,-1.2892440133176113,lgFu_train
44246713,-0.698970004,-0.7989979694398798,lgFu_train
44249821,-0.301029996,-0.4013168512187404,lgFu_train
44274398,-0.027334408,-0.12759950183008684,lgFu_train
44274399,-0.034328029,-0.13406782022773345,lgFu_train
44274413,-0.075204004,-0.15184321563880498,lgFu_train
44274423,-0.023191663,-0.1231666061021166,lgFu_train
44281580,-0.148741651,-0.17857993024489427,lgFu_train
44281581,-0.091514981,-0.31559448106173127,lgFu_train
44281595,-0.22184875,-0.29034997090462666,lgFu_train
44281805,-0.207608311,-0.21304403897464697,lgFu_train
44296532,-1.055517328,-0.9830825654083533,lgFu_train
44296580,-1.552841969,-1.4528109915778087,lgFu_train
44296824,-1.602059991,-1.6725353869077888,lgFu_train
44296901,-1.823908741,-1.8551433840371732,lgFu_train
44302023,-2.522878745,-2.0581327026254375,lgFu_train
44302024,-1.619788758,-1.5202835809735866,lgFu_train
44302096,-1.236572006,-1.5130013710068495,lgFu_train
44302162,-2.15490196,-1.9097408060907017,lgFu_train
44302200,-1.455931956,-1.7456441163444414,lgFu_train
44302339,-1.638272164,-1.4749246380471779,lgFu_train
44302357,-1.958607315,-2.0588193934724366,lgFu_train
44302410,-1.004364805,-1.2766577301517188,lgFu_train
44302416,-2.15490196,-2.255057379544895,lgFu_train
44302429,-2.22184875,-1.927728422596691,lgFu_train
44302627,-2.522878745,-2.361867656010599,lgFu_train
44302661,-2.698970004,-2.5986163045573343,lgFu_train
44302952,-2.22184875,-2.269634682090874,lgFu_train
44324820,-2.301029996,-2.2012857237678025,lgFu_train
44329367,-2.292429824,-2.10519467359658,lgFu_train
44336199,-1.077793723,-0.9777981650984657,lgFu_train
44338989,-1.005243055,-1.386283214784219,lgFu_train
44348118,-1.698970004,-1.3891074960315841,lgFu_train
44366410,-0.251811973,-0.41970055455985955,lgFu_train
44370209,-0.68131073,-0.5810972029735955,lgFu_train
44384785,-0.770574152,-0.7854695339155602,lgFu_train
44384855,-1.292429824,-1.192392825279114,lgFu_train
44392176,-0.483068191,-1.1479662150913061,lgFu_train
44393621,-0.657577319,-0.7577082962787511,lgFu_train
44393766,-1.301029996,-1.1468050920321806,lgFu_train
44395035,-2.0,-2.1001782473080493,lgFu_train
44395101,-2.15490196,-2.0547415591098064,lgFu_train
44395109,-2.0,-2.1003902340636724,lgFu_train
44395166,-1.826813732,-1.667136361532157,lgFu_train
44395257,-1.698970004,-1.6049728879483491,lgFu_train
44410987,-1.0,-0.900092029839973,lgFu_train
44412343,-1.096367484,-1.1964116037227317,lgFu_train
44414678,-1.744727495,-1.9750615363503934,lgFu_train
44414758,-2.397940009,-2.2198557741665823,lgFu_train
44422668,-0.019542108,-0.11952766409935012,lgFu_train
44426760,-0.969400278,-1.1991633641191501,lgFu_train
44431186,-1.292429824,-1.7594472050298737,lgFu_train
44431211,-0.920818754,-1.0014311534872804,lgFu_train
44434716,-0.510322708,-0.7252304691033425,lgFu_train
44441607,-0.000434512,-0.8809656503865788,lgFu_train
44441608,-0.008330993,-0.10858490098915996,lgFu_train
44441609,-0.003488328,-0.34856330834364435,lgFu_train
44441617,-0.003488328,-0.24471024580832723,lgFu_train
44441623,-0.004803708,-0.1046905760419754,lgFu_train
44443835,-2.522878745,-2.148833367403513,lgFu_train
44444387,-1.301029996,-1.437346719723298,lgFu_train
44446422,-1.301029996,-1.3493847796220404,lgFu_train
44446423,-2.0,-1.8997566687249914,lgFu_train
44446450,-1.886056648,-1.3197518074143888,lgFu_train
44446821,-0.522878745,-0.6230349433142677,lgFu_train
44447929,-1.835647144,-1.7356692098006035,lgFu_train
44448230,-1.522878745,-1.4227123772147254,lgFu_train
44448299,-1.619788758,-0.8432228354303409,lgFu_train
44449086,-0.468521083,-0.5687968000958591,lgFu_train
44449880,-1.568636236,-1.468474063839822,lgFu_train
44452662,-2.920818754,-2.3398407978369544,lgFu_train
44455010,-1.769551079,-1.8698293946796007,lgFu_train
44455014,-1.920818754,-1.6852650415497499,lgFu_train
44455045,-1.958607315,-2.014005086436266,lgFu_train
44455234,-1.638272164,-1.469614624027759,lgFu_train
44455386,-2.045757491,-2.1309936280036528,lgFu_train
44455404,-1.744727495,-1.8449786118192453,lgFu_train
44455559,-1.431798276,-1.0824305062359387,lgFu_train
44455561,-1.568636236,-1.4407121274168533,lgFu_train
44455591,-1.346787486,-1.4464874383326736,lgFu_train
44455592,-1.337242168,-1.388196763379133,lgFu_train
44455593,-1.356547324,-1.2566533482086035,lgFu_train
44455623,-1.346787486,-1.446629264321456,lgFu_train
44473100,-0.920818754,-0.8210074182169547,lgFu_train
44473151,-2.301029996,-2.2008613133297112,lgFu_train
44476261,-1.954677021,-1.8522421682847305,lgFu_train
44483269,-2.823908741,-2.2791434014986875,lgFu_train
44492448,-2.0,-1.7892001872014203,lgFu_train
44493436,-2.0,-1.9376361663656414,lgFu_train
44493933,-2.0,-1.899841455170352,lgFu_train
44511091,-0.795880017,-0.8958025195979804,lgFu_train
44511934,-0.677780705,-0.846852456946859,lgFu_train
44511935,-0.823908741,-0.8997940625870553,lgFu_train
44511938,-0.795880017,-0.9561598814454917,lgFu_train
44511967,-0.102372909,-0.6342560091163065,lgFu_train
44512001,-0.677780705,-0.8830206408341893,lgFu_train
44512058,-1.045757491,-0.9455635803177336,lgFu_train
44512090,-1.698970004,-0.9656849689139024,lgFu_train
44513473,-0.289036881,-0.1365839649512368,lgFu_train
44517589,-0.787279846,-0.8849795303258698,lgFu_train
44517635,-0.728158393,-1.107189282533306,lgFu_train
44517795,-2.522878745,-1.8804779326811796,lgFu_train
44517831,-1.721246399,-1.6214942085197699,lgFu_train
44520827,-1.8569852,-1.7214787030967778,lgFu_train
44520830,-2.13076828,-1.7273035835950652,lgFu_train
44525553,-0.764471553,-1.134580766596409,lgFu_train
44525560,-1.0,-0.8999109132251465,lgFu_train
44538404,-0.337431033,-0.9289424943762173,lgFu_train
44540282,-1.023191663,-1.1108677616136724,lgFu_train
44544347,-1.446116973,-1.52906997110131,lgFu_train
44544851,-1.321481621,-1.4217715714366927,lgFu_train
44547414,-2.22184875,-2.121966900994487,lgFu_train
44555196,-1.032452024,-1.1341414216073122,lgFu_train
44555481,-0.769551079,-0.7333475530786615,lgFu_train
44555978,-2.0,-2.230846015599571,lgFu_train
44562058,-2.397940009,-2.4649185671425036,lgFu_train
44562545,-3.045757491,-1.6797209492371068,lgFu_train
44570646,-1.853871964,-1.7743589884407203,lgFu_train
44570689,-1.769551079,-1.1447356527050463,lgFu_train
44570804,-2.091514981,-1.4115317520673767,lgFu_train
44570809,-1.30980392,-1.4617378671017334,lgFu_train
44570810,-2.0,-1.7693322707703556,lgFu_train
44570811,-1.0,-1.366710648938703,lgFu_train
44570857,-0.408935393,-1.0542034498612594,lgFu_train
44571020,-1.443697499,-1.477237888603058,lgFu_train
44571021,-1.346787486,-1.4615784244173706,lgFu_train
44571022,-0.602059991,-0.8282036580490411,lgFu_train
44571098,-0.483068191,-0.857132806188297,lgFu_train
44571103,-1.236572006,-1.399086078085429,lgFu_train
44571105,-0.585026652,-0.6850428850310424,lgFu_train
44571106,-1.356547324,-1.2563193868825369,lgFu_train
44571145,-0.987162775,-1.0871411087430574,lgFu_train
44571146,-1.679853714,-1.7003433717365726,lgFu_train
44571147,-0.619788758,-0.7013071974632397,lgFu_train
44571176,-2.522878745,-2.067503962597768,lgFu_train
44571188,-2.22184875,-1.69767554128,lgFu_train
44571189,-1.378823718,-1.19590993842142,lgFu_train
44571191,-1.721246399,-1.6552864697837992,lgFu_train
44571192,-1.823908741,-1.7236994193043553,lgFu_train
44571193,-1.721246399,-1.5517541287847463,lgFu_train
44571221,-0.353890478,-0.46614625678560073,lgFu_train
44571223,-1.105683937,-0.9592123694198604,lgFu_train
44571224,-0.353890478,-0.4541455924405655,lgFu_train
44571225,-1.30980392,-1.6537167442092935,lgFu_train
44571226,-1.318758763,-1.4188414188428535,lgFu_train
44571227,-1.769551079,-1.669777799291784,lgFu_train
44571228,-1.017728767,-0.9720299918334732,lgFu_train
44571270,-0.795880017,-0.8959127444364059,lgFu_train
44571271,-1.337242168,-1.1694403762516248,lgFu_train
44571305,-0.508638306,-0.9998636901999656,lgFu_train
44571306,-1.075720714,-1.181554439162707,lgFu_train
44571307,-1.050609993,-0.9504353147736679,lgFu_train
44571308,-1.853871964,-1.3145796087193933,lgFu_train
44571336,-1.657577319,-1.2379592309483818,lgFu_train
44571337,-1.468521083,-1.386350319218715,lgFu_train
44571338,-2.096910013,-1.6180188565285216,lgFu_train
44571548,-1.070581074,-1.3489298396572122,lgFu_train
44571582,-1.096910013,-1.1968893574368156,lgFu_train
44571915,-1.924453039,-2.0675802492085813,lgFu_train
44574108,-0.230622674,-0.19014185378588366,lgFu_train
44579014,-1.657577319,-1.757790440125064,lgFu_train
44579069,-1.522878745,-1.3742147753792482,lgFu_train
44581573,-1.568636236,-1.570684243620403,lgFu_train
44581788,-0.090979146,-0.2610051086545231,lgFu_train
44581857,-0.259637311,-0.2689594602285983,lgFu_train
44581858,-0.259637311,-0.518961829490485,lgFu_train
44581859,-0.259637311,-0.8642456371782431,lgFu_train
44590341,-2.48148606,-2.3813798193299958,lgFu_train
44599207,-3.0,-2.9002225380326525,lgFu_train
44610687,-2.301029996,-2.200908916539787,lgFu_train
44623998,-1.657577319,-2.1441841689475254,lgFu_train
44626323,-2.004364805,-1.9499903011003414,lgFu_train
44631974,-1.431798276,-1.331696779886149,lgFu_train
45102733,-2.096910013,-1.188731540331798,lgFu_train
45102767,-1.698970004,-1.799229802356852,lgFu_train
45103523,-0.292429824,-0.4020119346353235,lgFu_train
45103680,-1.301029996,-1.4006711360550994,lgFu_train
45103681,-1.301029996,-1.4729775893864385,lgFu_train
45103723,-0.920818754,-0.6391886751615086,lgFu_train
45109905,-1.698970004,-1.5988124223443974,lgFu_train
45267385,-2.853871964,-2.121310603281821,lgFu_train
45270144,-2.408935393,-2.3091112714772217,lgFu_train
45270841,-1.504455662,-1.7812074217157308,lgFu_train
45271673,-1.886056648,-1.9462771403247576,lgFu_train
45275362,-1.920818754,-2.0210417334792488,lgFu_train
45279815,-2.522878745,-1.7922352690953216,lgFu_train
45375948,-0.259637311,-0.9030711055914884,lgFu_train
45381703,-0.886056648,-0.8385537476235554,lgFu_train
45381704,-1.026872146,-1.393329303432661,lgFu_train
45482789,-2.0,-2.1001613181738747,lgFu_train
45486519,-0.614393726,-0.5639852596285156,lgFu_train
45487870,-1.602059991,-1.4303743315780122,lgFu_train
45889074,-1.30980392,-1.209614334870837,lgFu_train
46174640,-0.000434512,-0.1004524228207968,lgFu_train
46182708,-3.0,-2.3699753605804776,lgFu_train
46187843,-1.48148606,-1.8543844594663659,lgFu_train
46190695,-1.397940009,-1.4981143366692444,lgFu_train
46191454,-0.337242168,-0.1560134336353527,lgFu_train
46198031,-1.388276692,-1.4355350855980535,lgFu_train
46199584,-1.718966633,-1.619034168783475,lgFu_train
46202081,-1.826813732,-1.6907198978753044,lgFu_train
46202743,-1.46470588,-1.5523021457358004,lgFu_train
46203864,-1.187086643,-1.4537741050682098,lgFu_train
46206291,-1.53313238,-1.5538734352516639,lgFu_train
46206642,-1.3400838,-1.4403354473762584,lgFu_train
46206977,-1.330683119,-1.3674232140174305,lgFu_train
46209133,-0.167491087,-0.26758943811941627,lgFu_train
46212866,-0.173925197,-0.2738752936099653,lgFu_train
46213054,-2.0,-1.8998424260190032,lgFu_train
46216675,-1.886056648,-1.7862331370998334,lgFu_train
46216676,-3.22184875,-3.121649956189185,lgFu_train
46222481,-2.004364805,-1.9045489495278796,lgFu_train
46222701,-1.747146969,-1.7682375072605307,lgFu_train
46232366,-1.408935393,-1.7165555570101185,lgFu_train
46232367,-0.649751982,-0.9386185532004931,lgFu_train
46232368,-1.769551079,-1.279631977714919,lgFu_train
46232900,-1.244125144,-1.3443819419547434,lgFu_train
46232952,-2.301029996,-1.5368171500551115,lgFu_train
46232953,-0.995678626,-1.3388073192607073,lgFu_train
46232991,-1.113509275,-1.3199515427308621,lgFu_train
46232994,-0.924453039,-1.0744852347603986,lgFu_train
46232995,-0.991399828,-1.1451160781885956,lgFu_train
46233031,-2.045757491,-1.7423963530279976,lgFu_train
46233061,-1.187086643,-1.489762553076792,lgFu_train
46233063,-1.920818754,-1.7127800712393049,lgFu_train
46233064,-1.744727495,-1.6490937791350246,lgFu_train
46233114,-1.301029996,-1.2011679989232409,lgFu_train
46233115,-1.397940009,-1.2982681919675734,lgFu_train
46233287,-0.508638306,-0.5276861630683329,lgFu_train
46233691,-1.397940009,-1.332039092847996,lgFu_train
46398810,-1.068542129,-0.9687508677138306,lgFu_train
46700737,-2.096910013,-1.9971547591108612,lgFu_train
46830489,-1.76700389,-1.6893762688263112,lgFu_train
46835136,-1.050609993,-1.075190715043324,lgFu_train
46836562,-2.22184875,-2.1219613708877985,lgFu_train
46836713,-1.508638306,-1.6087425058147762,lgFu_train
46836714,-1.443697499,-1.322446598880593,lgFu_train
46840946,-2.619788758,-2.519590525892475,lgFu_train
46841215,-1.698970004,-1.7475386465691245,lgFu_train
46841216,-2.229147988,-2.3294207109351843,lgFu_train
46841499,-1.795880017,-1.7293709314849166,lgFu_train
46841789,-2.468521083,-2.5688983118691073,lgFu_train
46847337,-0.928117993,-0.796063753090251,lgFu_train
46852212,-0.301029996,-0.20118801326939006,lgFu_train
46853654,-0.337431033,-0.43217264387489496,lgFu_train
46853755,-2.397940009,-2.471051991283068,lgFu_train
46861530,-1.318758763,-1.855282280341168,lgFu_train
46863661,-0.924818145,-0.8447916524622556,lgFu_train
46865097,-1.22184875,-1.1487291355726235,lgFu_train
46865311,-3.0,-2.5129562235635383,lgFu_train
46865592,-1.091514981,-1.0707455538803612,lgFu_train
46865762,-2.522878745,-2.4231151194567078,lgFu_train
46865874,-2.096910013,-2.2514275696697057,lgFu_train
46866074,-2.15490196,-2.112576898384503,lgFu_train
46866266,-2.397940009,-2.4237511857027,lgFu_train
46866381,-2.045757491,-2.167897881043463,lgFu_train
46866382,-2.22184875,-2.259030573717695,lgFu_train
46866705,-1.055517328,-1.0668696328882874,lgFu_train
46869193,-1.568636236,-1.6683175952687228,lgFu_train
46869951,-2.22184875,-2.017037844686966,lgFu_train
46871757,-1.721246399,-1.8212025336455238,lgFu_train
46871825,-1.721246399,-1.620934215366856,lgFu_train
46879802,-2.22184875,-2.11114315716532,lgFu_train
46879860,-1.552841969,-1.8774406836781647,lgFu_train
46879894,-1.795880017,-1.8985819350468032,lgFu_train
46885171,-2.769551079,-2.417498791627481,lgFu_train
46897844,-1.48148606,-1.5816973754051167,lgFu_train
46898088,-0.13667714,-0.2366153310802357,lgFu_train
46911015,-1.826813732,-1.7266143036270183,lgFu_train
46911124,-0.698970004,-1.2432809479852909,lgFu_train
46934289,-3.0,-2.4698175966507137,lgFu_train
46934729,-0.013228266,-0.44372706365281744,lgFu_train
46934730,-0.005682847,-0.273764230281511,lgFu_train
46942544,-1.552841969,-1.9148813400041829,lgFu_train
46943323,-2.619788758,-2.0677465907409482,lgFu_train
46945659,-0.455931956,-0.556241843709889,lgFu_train
49765871,-2.698970004,-2.38843315114016,lgFu_train
49771641,-2.0,-2.100291433697614,lgFu_train
49778730,-2.455931956,-2.3019197871649877,lgFu_train
49784002,-1.522878745,-1.4445414987639722,lgFu_train
49784894,-0.761953897,-0.6616123294221347,lgFu_train
49787489,-0.443818153,-0.43970446782739947,lgFu_train
49789564,-2.537602002,-2.637604358568275,lgFu_train
49792792,-2.568636236,-2.329019409711676,lgFu_train
49800096,-1.508638306,-1.5866117604458343,lgFu_train
49831162,-1.22184875,-1.321790346039347,lgFu_train
49831257,-0.166215625,-0.27214433717913655,lgFu_train
49835845,-0.958607315,-1.3492478377324124,lgFu_train
49835853,-1.301029996,-1.6627726253096209,lgFu_train
49837912,-0.301029996,-1.5521192010681668,lgFu_train
49840814,-1.408935393,-1.5586370292284268,lgFu_train
49846142,-2.096910013,-2.097235304308195,lgFu_train
49846226,-2.15490196,-1.9593537008358335,lgFu_train
49847173,-1.823908741,-1.9238070331308201,lgFu_train
49847377,-1.397940009,-1.7019782342618894,lgFu_train
49847379,-1.657577319,-1.757956293556104,lgFu_train
49848656,-2.301029996,-2.5867804694004928,lgFu_train
49848777,-2.698970004,-2.619943073521846,lgFu_train
49848778,-2.698970004,-2.7458761061289545,lgFu_train
49848895,-2.22184875,-1.9620998668841163,lgFu_train
49848897,-2.522878745,-1.9575322726844444,lgFu_train
49849002,-1.795880017,-1.6962652805247092,lgFu_train
49849008,-1.337242168,-1.6723131022618216,lgFu_train
49849912,-2.0,-1.8999472681760063,lgFu_train
49855496,-1.359518563,-1.4594193956548551,lgFu_train
49855886,-1.207608311,-1.3833367746561973,lgFu_train
49857571,-0.853871964,-1.24552686412248,lgFu_train
49857811,-0.096910013,-0.19667327228431652,lgFu_train
49858346,-0.552841969,-0.7402297862034484,lgFu_train
49862986,-0.958607315,-0.9483465136370874,lgFu_train
49863017,-1.522878745,-1.352278547111616,lgFu_train
49863138,-3.0,-2.7102284146775877,lgFu_train
49863173,-3.0,-2.6953900993605773,lgFu_train
49863206,-3.0,-2.597260482539486,lgFu_train
49863207,-1.886056648,-1.98642156325251,lgFu_train
49863241,-2.522878745,-2.6226934954411742,lgFu_train
49864459,-0.853871964,-1.4005412001486826,lgFu_train
49864483,-1.167491087,-1.2673742933865135,lgFu_train
49865399,-1.769551079,-1.8692493786697528,lgFu_train
49865400,-2.301029996,-2.4013628043270927,lgFu_train
49865401,-2.522878745,-2.422919656304524,lgFu_train
49865822,-0.853871964,-0.7536191466416031,lgFu_train
49865875,-0.236572006,-0.3366530330201294,lgFu_train
49865877,-0.408935393,-0.2876780040203788,lgFu_train
49865880,-0.301029996,-0.4091916268242015,lgFu_train
49865936,-0.431798276,-0.33528049409574523,lgFu_train
49865937,-0.443697499,-0.3434119832526338,lgFu_train
49869312,-1.189095719,-1.0780398136974678,lgFu_train
49869313,-1.301899454,-1.3625986565281116,lgFu_train
49871817,-2.065501549,-1.9653936970299635,lgFu_train
49872381,-1.568636236,-1.4688960147279806,lgFu_train
49872483,-1.698970004,-1.5987018108091458,lgFu_train
50910523,-1.468521083,-1.6967327417119744,lgFu_train
50910542,-1.698970004,-1.5101234837815107,lgFu_train
50910548,-1.15490196,-1.303807714116581,lgFu_train
50910549,-1.301029996,-1.4159272701241266,lgFu_train
50915132,-1.397940009,-1.2976909174604099,lgFu_train
50916528,-1.045757491,-1.145918669543754,lgFu_train
50925404,-1.484126156,-1.3839944331356477,lgFu_train
50925541,-0.244125144,-0.7106774952758699,lgFu_train
50940507,-1.179798541,-1.0796723175825915,lgFu_train
50941212,-1.777283529,-1.8775914949633354,lgFu_train
50990921,-0.958607315,-0.8584972405441951,lgFu_train
50991056,-0.102372909,-0.20202824318662493,lgFu_train
50992246,-0.37161107,-0.323659044389349,lgFu_train
50994593,-1.958607315,-1.636925369491098,lgFu_train
50994597,-2.301029996,-1.4214004494030472,lgFu_train
51001932,-0.619788758,-0.7197220107108054,lgFu_train
51003505,-1.22184875,-1.360148358280348,lgFu_train
51003683,-1.522878745,-1.9590805746387905,lgFu_train
51003693,-2.0,-1.7662004036053562,lgFu_train
51029603,-2.013228266,-1.8846792481524215,lgFu_train
51029604,-1.077793723,-0.8700430517341049,lgFu_train
51030711,-1.886056648,-1.7863933384787978,lgFu_train
51030897,-2.0,-1.8034904373806149,lgFu_train
51030898,-1.744727495,-1.7397707169439593,lgFu_train
51030901,-2.15490196,-1.7765226797891787,lgFu_train
51031020,-0.173925197,-0.26885850633245556,lgFu_train
51039927,-1.698970004,-1.515431942487358,lgFu_train
51040288,-1.311580178,-1.2115736710754224,lgFu_train
51049968,-1.161150909,-1.060983285648574,lgFu_train
51346808,-1.408935393,-1.192822120363811,lgFu_train
51355576,-1.657577319,-1.715029391922483,lgFu_train
51357585,-1.387216143,-1.4816412676734663,lgFu_train
52330067,-0.177178354,-0.22954405080438123,lgFu_train
52913813,-0.721246399,-0.7977577780799383,lgFu_train
52918271,-0.752026734,-0.8147993279021005,lgFu_train
52918272,-0.591760035,-0.7692969679269757,lgFu_train
52918894,-0.958607315,-1.0871327510877908,lgFu_train
52919672,-1.698970004,-1.7593153077244705,lgFu_train
52920146,-1.698970004,-1.7418309579845688,lgFu_train
52920147,-1.698970004,-1.8844965306522543,lgFu_train
52920150,-1.698970004,-2.0512821403296755,lgFu_train
52934180,-1.886056648,-1.4939830992749377,lgFu_train
52934274,-1.630784143,-1.588235618737,lgFu_train
52934829,-0.890198569,-0.990568415626695,lgFu_train
52938668,-0.958607315,-0.7336479658246446,lgFu_train
52938669,-1.15490196,-1.255024447072854,lgFu_train
52939517,-1.698970004,-1.6331664069887368,lgFu_train
52940465,-2.0,-1.7570482467381028,lgFu_train
52941857,-1.301029996,-1.4012802046098347,lgFu_train
53232451,-1.27572413,-1.1757551461516338,lgFu_train
53233899,-2.366531544,-2.114747708255484,lgFu_train
53234870,-1.217527376,-1.3178988291416434,lgFu_train
53235532,-1.008773924,-1.1088906483910626,lgFu_train
53236190,-0.301029996,-0.5372290543765725,lgFu_train
53236431,-0.732828272,-0.6487151338003657,lgFu_train
53236607,-1.698970004,-1.5988470415966147,lgFu_train
53236824,-1.698970004,-1.6592280778619362,lgFu_train
53237048,-0.657577319,-0.7183994578316164,lgFu_train
53237049,-0.568636236,-0.6861275055618351,lgFu_train
53237257,-0.853871964,-0.6973097615983819,lgFu_train
53237261,-0.387216143,-0.4875504250700621,lgFu_train
53237536,-1.022276395,-0.9030796720971805,lgFu_train
53237719,-0.744727495,-0.6687842450083241,lgFu_train
53237720,-0.638272164,-0.6278609918619114,lgFu_train
53237773,-1.060480747,-1.3911210523219846,lgFu_train
53238002,-1.180456064,-0.8395693836625535,lgFu_train
53238005,-0.978810701,-0.8785200130403957,lgFu_train
53242178,-0.301029996,-0.4011053167490851,lgFu_train
53244396,-1.214670165,-0.964985227248998,lgFu_train
53245441,-1.301029996,-1.6893447087923628,lgFu_train
53245590,-0.299296283,-1.393347118766905,lgFu_train
53246020,-1.48148606,-1.5120718257876893,lgFu_train
53247212,-0.602059991,-0.7018065534203362,lgFu_train
53251322,-1.795880017,-1.8961814609646905,lgFu_train
53251476,-1.301029996,-1.2008576713185724,lgFu_train
53251628,-1.698970004,-1.4282374188547857,lgFu_train
53251631,-2.0,-1.8637362329418115,lgFu_train
53251632,-1.698970004,-1.6060519845614945,lgFu_train
53259031,-1.229147988,-1.3292256391934014,lgFu_train
53307432,-1.274088368,-1.3744555510959973,lgFu_train
53307606,-1.522878745,-1.4230258449961843,lgFu_train
53311070,-0.420216403,-0.6230809165996382,lgFu_train
53311138,-0.665546249,-0.6862563684169001,lgFu_train
53311230,-0.619788758,-0.7200972110604079,lgFu_train
53311392,-0.591760035,-0.58853467834795,lgFu_train
53311393,-0.8569852,-0.9568108963698024,lgFu_train
53311484,-0.266802735,-0.36690171956217554,lgFu_train
53311562,-0.36552273,-0.5784983419064348,lgFu_train
53311566,-1.420216403,-1.334227912864447,lgFu_train
53315082,-0.602059991,-0.5201300790363702,lgFu_train
53315818,-1.698970004,-1.5359277721603357,lgFu_train
53317503,-1.416801226,-1.6279855501108838,lgFu_train
53317735,-1.508638306,-1.4084140808096246,lgFu_train
53318615,-0.924818145,-1.0246803572587093,lgFu_train
53318852,-1.769551079,-1.6734777475565963,lgFu_train
53319416,-2.886056648,-2.2935255879705805,lgFu_train
53320167,-1.657577319,-1.5573964644072074,lgFu_train
53320168,-1.920818754,-1.820684310097681,lgFu_train
53320169,-1.148741651,-1.0798476055268755,lgFu_train
53320219,-0.677780705,-0.5761970746518024,lgFu_train
53321481,-1.107905397,-1.2171160415212772,lgFu_train
53321535,-1.045757491,-1.029271814267545,lgFu_train
53323475,-1.123782159,-1.50961241683838,lgFu_train
53324991,-0.920818754,-0.7886732276779547,lgFu_train
53325491,-0.744727495,-0.8450339823390768,lgFu_train
53326696,-1.346787486,-1.378356962167482,lgFu_train
53326697,-1.48148606,-1.393794904860221,lgFu_train
53326698,-0.958607315,-1.3102453624838317,lgFu_train
53326699,-1.721246399,-1.4103153752299111,lgFu_train
53326866,-1.522878745,-1.4232385731333324,lgFu_train
53327817,-0.958607315,-0.8583756963010726,lgFu_train
53341130,-1.795880017,-1.6956553392240235,lgFu_train
53347902,-2.22184875,-2.1216808176803426,lgFu_train
53348188,-1.698970004,-1.5986516381696012,lgFu_train
53350233,-3.0,-2.899665429518115,lgFu_train
53358901,-3.045757491,-2.204373106612768,lgFu_train
53359023,-1.337242168,-1.512809252508581,lgFu_train
53361128,-2.0,-1.8997921089555847,lgFu_train
53361524,-1.924453039,-2.0245589403735202,lgFu_train
53363442,-0.096910013,-0.2818407692479663,lgFu_train
53363480,-0.301029996,-0.7581401899030842,lgFu_train
53373573,-2.698970004,-2.549961396702751,lgFu_train
53378051,-0.853871964,-0.8141786572812977,lgFu_train
53378456,-0.689306688,-0.9256351649889375,lgFu_train
53379404,-2.0,-1.8998002155774119,lgFu_train
53380290,-0.37675071,-0.526701446457273,lgFu_train
53380818,-0.286509457,-1.4654756613534545,lgFu_train
53382523,-1.585026652,-1.7577842557368695,lgFu_train
53382542,-1.958607315,-1.8587765849174815,lgFu_train
53384864,-0.01188716,-0.36912148181693527,lgFu_train
53387844,-0.276708554,-0.37660741673033427,lgFu_train
53389570,-1.853871964,-1.7536119732043414,lgFu_train
53389580,-0.617982957,-0.7179514103963992,lgFu_train
53393954,-0.920818754,-0.8206006857474706,lgFu_train
53394043,-0.397940006,-0.5622919285438774,lgFu_train
53394893,-0.709965389,-0.8099439313461931,lgFu_train
53395436,-1.435331965,-1.5354305520512253,lgFu_train
53442201,-1.8569852,-1.75689357709693,lgFu_train
53461729,-1.522878745,-1.5380426959221316,lgFu_train
53461774,-1.965237887,-1.8652688243045303,lgFu_train
53465297,-0.769551079,-0.8705880373408673,lgFu_train
53472153,-1.321481621,-1.0093952960797192,lgFu_train
53472374,-2.15490196,-1.8232776543014513,lgFu_train
53472377,-1.251811973,-1.4044034150896363,lgFu_train
53472426,-0.30980392,-0.41007471024881015,lgFu_train
53472427,-0.910094889,-1.1369778589722122,lgFu_train
53472470,-1.657577319,-1.5574063308229595,lgFu_train
53472471,-1.026872146,-0.7914562549160611,lgFu_train
53472473,-0.37675071,-0.3666630824651964,lgFu_train
53472683,-0.431798276,-0.8849124445324023,lgFu_train
53475321,-1.571865206,-1.6044648417250087,lgFu_train
53477157,-2.301029996,-2.0526461556846964,lgFu_train
53493001,-3.0,-2.327492505873653,lgFu_train
53494972,-0.301899454,-1.4428999069797697,lgFu_train
53681538,-1.301029987,-1.4007406204412904,lgFu_train
54034211,-0.417286631,-0.3971675897752479,lgFu_train
54098558,-2.301029996,-2.2010268497702183,lgFu_train
54237161,-0.7044329,-0.5474182738445617,lgFu_train
54276218,-0.288192772,-0.38821783425845724,lgFu_train
54334651,-0.311135432,-0.4321643297295914,lgFu_train
54546894,-0.772113295,-1.107033528073369,lgFu_train
54576288,-2.698970004,-2.5992996147480305,lgFu_train
54576290,-2.15490196,-2.2550810424398184,lgFu_train
54576291,-2.301029996,-2.220238837472648,lgFu_train
54576499,-2.0,-2.2541013158108,lgFu_train
54576501,-1.886056648,-2.1110948142130543,lgFu_train
54576503,-2.22184875,-2.1178151958041243,lgFu_train
54576721,-2.15490196,-2.0547055901053604,lgFu_train
54577781,-1.301029996,-1.4011315114371983,lgFu_train
54577784,-2.22184875,-1.927177209798036,lgFu_train
54581776,-1.378823718,-1.5211309340504062,lgFu_train
54581862,-0.795880017,-0.8960815648117877,lgFu_train
54583733,-1.630784143,-1.5303356830526664,lgFu_train
54585641,-1.53313238,-1.6330770950146651,lgFu_train
54585642,-1.311580178,-1.3721354188997585,lgFu_train
54585716,-1.301029996,-0.8158908950690513,lgFu_train
54586637,-1.600326279,-1.8037574140498887,lgFu_train
54587655,-1.8569852,-1.6942881994803076,lgFu_train
54587659,-1.571865206,-1.8031440214922716,lgFu_train
54587696,-0.301029996,-0.7373805753983548,lgFu_train
54590906,-1.19859629,-1.0984253119673124,lgFu_train
54669771,-1.508638306,-2.4585264855323823,lgFu_train
54670732,-0.795880017,-0.9145972182000465,lgFu_train
54676228,-2.0,-1.5258438750502163,lgFu_train
54677472,-0.853871964,-0.5099147642537362,lgFu_train
54677473,-0.920818754,-0.7697195282527278,lgFu_train
54677477,-0.296708622,-0.396988008601585,lgFu_train
54677537,-0.522878745,-0.6232182330960153,lgFu_train
54677551,-0.552841969,-0.4526270962327902,lgFu_train
54677580,-0.271646218,-0.4568741981356824,lgFu_train
54677595,-0.602059991,-0.5020653706907903,lgFu_train
54677617,-1.301029996,-1.0501959204060873,lgFu_train
54678486,-2.0,-2.099785402378351,lgFu_train
54678776,-0.318758763,-0.3964183996491337,lgFu_train
54681772,-0.769551079,-0.6698483804755709,lgFu_train
54682240,-0.721246399,-0.6211518854782414,lgFu_train
54682241,-0.657577319,-0.6811879828487523,lgFu_train
54682245,-0.886056648,-0.9859336403158994,lgFu_train
54682251,-0.431798276,-0.6384067512829581,lgFu_train
54698990,-0.055517328,-0.9390958840521157,lgFu_train
54709833,-0.522878745,-0.4366595373115081,lgFu_train
54716246,-0.721246399,-0.6211233938462482,lgFu_train
54726191,-2.045757491,-1.4093612251010335,lgFu_train
54733178,-2.0,-0.6363902806238406,lgFu_train
54733197,-1.657577319,-0.8705422729403114,lgFu_train
54733202,-0.677780705,-0.8279674043312881,lgFu_train
54735090,-1.15490196,-1.3506032638820453,lgFu_train
54735094,-1.22184875,-1.3221635106088487,lgFu_train
54735095,-1.522878745,-1.5589134063478753,lgFu_train
54735096,-1.698970004,-1.6870763082264713,lgFu_train
54735097,-2.0,-1.7353600717422504,lgFu_train
54735098,-2.0,-1.8997038491136768,lgFu_train
54735099,-0.744727495,-0.7676338775352729,lgFu_train
54735101,-0.468521083,-0.8008043488977228,lgFu_train
54752774,-1.22184875,-1.359688168158325,lgFu_train
54752951,-1.387216143,-1.4872705214426163,lgFu_train
54753437,-0.366531544,-0.4665027857629166,lgFu_train
54769301,-1.366531544,-1.211588497571621,lgFu_train
54769529,-0.744727495,-0.844565609639987,lgFu_train
54769530,-0.602059991,-0.7149741666334943,lgFu_train
54769531,-0.958607315,-1.0930727377339564,lgFu_train
56587994,-1.698970004,-1.5990265316315377,lgFu_train
56589600,-2.0,-2.0355969503711817,lgFu_train
56592910,-2.0,-2.0132332175815515,lgFu_train
56593152,-0.853871964,-1.084405932724254,lgFu_train
56593934,-0.468521083,-0.4142804019480698,lgFu_train
56594384,-1.537602002,-1.7642615120634326,lgFu_train
56594517,-1.327902142,-1.4280782944665287,lgFu_train
56594649,-2.698970004,-2.5354616945928656,lgFu_train
56594650,-2.522878745,-2.422538187221401,lgFu_train
56594781,-1.823908741,-1.570656389063885,lgFu_train
56594782,-2.522878745,-2.274924274945241,lgFu_train
56594784,-2.301029996,-2.183468334544913,lgFu_train
56594904,-2.698970004,-2.353630520448367,lgFu_train
56603823,-0.821023053,-0.7211108333835203,lgFu_train
56642133,-0.489857301,-1.3705376334658357,lgFu_train
56643412,-1.119186408,-1.0192141216683197,lgFu_train
56643478,-1.22184875,-1.1217057151893683,lgFu_train
56644424,-0.657774771,-0.7580033630356019,lgFu_train
56649677,-2.958607315,-2.2170664927368295,lgFu_train
56659408,-1.552841969,-1.3875404941340985,lgFu_train
56662035,-2.22184875,-1.5083660038814317,lgFu_train
56662691,-1.217527376,-1.1743976785806478,lgFu_train
56662793,-0.769551079,-1.0960292818332797,lgFu_train
56666341,-1.217527376,-1.3152880767763357,lgFu_train
56668190,-0.443818153,-0.5441886892013839,lgFu_train
56668950,-1.032452024,-0.8982580302879768,lgFu_train
56669554,-1.522878745,-1.622878217463904,lgFu_train
56673074,-0.745935547,-0.9889588314044143,lgFu_train
56673075,-1.8569852,-1.7568741149542484,lgFu_train
56676509,-1.356547324,-1.4562954159954535,lgFu_train
56677275,-1.301029996,-1.3543485093733423,lgFu_train
56679719,-2.15490196,-2.054737944717366,lgFu_train
56682553,-2.301029996,-2.4013249280944846,lgFu_train
56683157,-2.15490196,-1.9842937399728446,lgFu_train
56688330,-0.193820026,-0.2939816784673066,lgFu_train
56834574,-0.942714356,-0.6589280034172719,lgFu_train
56834575,-0.394264106,-0.5600531466576524,lgFu_train
56834577,-0.559878397,-0.4600530635146698,lgFu_train
56834578,-0.779107751,-0.5325249184230602,lgFu_train
56834579,-0.353890478,-0.48904316055629893,lgFu_train
56834944,-0.645891561,-0.8584532637147085,lgFu_train
56835088,-0.638272164,-0.537914616852091,lgFu_train
56835090,-0.13076828,-0.23084615854295087,lgFu_train
56835139,-2.522878745,-2.219397005676648,lgFu_train
56835140,-2.301029996,-2.2011771298449645,lgFu_train
56835159,-1.37675071,-1.728167017435426,lgFu_train
56840969,-0.081576461,-0.14567901602718236,lgFu_train
56929216,-0.22184875,-0.3185821109538034,lgFu_train
56934550,-0.872895202,-1.1080159034120485,lgFu_train
56944164,-0.455931956,-0.8736912299866602,lgFu_train
56946209,-0.744727495,-1.0596051475977573,lgFu_train
56949326,-2.096910013,-2.183351594076757,lgFu_train
56949966,-1.124938737,-1.2252176961450847,lgFu_train
56951368,-0.038104526,-0.09863516708569375,lgFu_train
56953730,-1.397940009,-0.35469105403546664,lgFu_train
56954305,-0.017728767,-0.2787939101511625,lgFu_train
56964577,-2.698970004,-1.99041097074196,lgFu_train
56964907,-0.508638306,-1.09307543932046,lgFu_train
56965901,-1.537602002,-2.2591079098557554,lgFu_train
57325398,-1.420216403,-1.2255231289285495,lgFu_train
57325589,-2.698970004,-2.0999435529634156,lgFu_train
57330141,-1.455931956,-1.5558110666022604,lgFu_train
57335019,-1.431798276,-1.5322136294108692,lgFu_train
57343797,0.0,-0.20063950177761736,lgFu_train
57345400,-2.22184875,-2.1217046953545307,lgFu_train
57345538,-0.023191663,-0.32511169744883717,lgFu_train
57384005,-0.37675071,-0.2903397871799879,lgFu_train
57384039,-2.0,-1.8033619622368056,lgFu_train
57384257,-2.0,-1.7347241792339,lgFu_train
57384510,-2.0,-1.8997517568360056,lgFu_train
57384535,-1.508638306,-1.4196032716872433,lgFu_train
57384536,-1.283996656,-1.38401076642337,lgFu_train
57384537,-1.251811973,-1.3463007743315163,lgFu_train
57384750,-1.886056648,-1.7863491411420072,lgFu_train
57385371,-1.679853714,-1.5799094367312094,lgFu_train
57385877,-0.697236292,-0.7427257621220564,lgFu_train
57387166,-1.416801226,-1.4490938332725265,lgFu_train
57390665,-0.15490196,-0.6242847528319797,lgFu_train
57390666,-1.356547324,-1.4566096612310417,lgFu_train
57390700,-0.898596649,-1.200627023451246,lgFu_train
57390720,-0.714442691,-0.5607685374571143,lgFu_train
57390766,-2.522878745,-1.9637058537460494,lgFu_train
57391102,-1.236572006,-0.4575893035031827,lgFu_train
57391205,-0.602059991,-0.702209167090831,lgFu_train
57391459,-0.898596649,-0.8463778859109352,lgFu_train
57391636,-1.537602002,-1.3323437978124684,lgFu_train
57391773,-1.070581074,-0.6038900467239883,lgFu_train
57391774,-2.0,-1.693237696276595,lgFu_train
57391775,-2.096910013,-1.6886573547291408,lgFu_train
57391796,-2.096910013,-2.0761895026228885,lgFu_train
57392462,-1.677780705,-1.7062736019674785,lgFu_train
57392505,-0.552686891,-0.6732749421286875,lgFu_train
57392515,-1.602059991,-1.675797274646104,lgFu_train
57392520,-0.749579998,-0.6494613020582392,lgFu_train
57392521,-0.528708289,-0.6286449783722153,lgFu_train
57392872,-1.76700389,-1.8671333398458172,lgFu_train
57392963,-2.180456064,-2.4034744549332814,lgFu_train
57392964,-1.581698709,-1.5182204731738667,lgFu_train
57392969,-0.619788758,-0.5202676710182137,lgFu_train
57393503,-1.619788758,-1.5199152702962249,lgFu_train
57394057,-0.853871964,-0.8329796328348138,lgFu_train
57394058,-1.22184875,-1.010895626146061,lgFu_train
57394170,-2.522878745,-2.0428396789532512,lgFu_train
57394213,-1.552841969,-1.4530756629873753,lgFu_train
57394233,-1.823908741,-1.7241363741834006,lgFu_train
57394609,-2.142667504,-2.414454886233198,lgFu_train
57394706,-2.886056648,-2.333842133990486,lgFu_train
57394707,-1.568636236,-1.7717028539491477,lgFu_train
57394711,-0.387216143,-0.48718683770221793,lgFu_train
57394837,-1.640164518,-1.7401188443703324,lgFu_train
57395096,-1.698970004,-1.798941351548703,lgFu_train
57395097,-1.619788758,-1.6279217554831196,lgFu_train
57395222,-1.251811973,-1.4528670471597969,lgFu_train
57395817,-1.15490196,-0.9748948610622823,lgFu_train
57395978,-0.510322708,-0.6103231975398252,lgFu_train
57395989,-1.508638306,-1.6349950267640398,lgFu_train
57395990,-1.721246399,-1.795898682776676,lgFu_train
57396059,-1.958607315,-1.8584172369976573,lgFu_train
57396625,-1.512861625,-1.4129996093204131,lgFu_train
57396866,-1.638272164,-1.8337933925447159,lgFu_train
57397597,-3.0,-2.240751645998306,lgFu_train
57397598,-1.301029996,-0.8811145935552833,lgFu_train
57397744,-0.747146969,-0.8473601942013286,lgFu_train
57397745,-0.110138279,-0.45469323433179853,lgFu_train
57397746,-0.879426069,-1.0666085898490947,lgFu_train
57397779,-1.53313238,-1.9849015484761785,lgFu_train
57397790,-2.096910013,-1.8913630072225502,lgFu_train
57397791,-1.795880017,-1.598054498446206,lgFu_train
57397793,-1.853871964,-1.6524743309235448,lgFu_train
57397794,-2.397940009,-1.7773428438708057,lgFu_train
57398166,-2.657577319,-2.185527284402932,lgFu_train
57398258,-1.954677021,-2.034248311865252,lgFu_train
57398392,-0.924818145,-0.82512184735127,lgFu_train
57398710,-1.769551079,-1.7610132876172586,lgFu_train
57398751,-2.698970004,-1.9008916877052533,lgFu_train
57398771,-1.886056648,-1.9862289682577254,lgFu_train
57399404,-1.065501549,-1.507101638437927,lgFu_train
57399406,-0.698970004,-0.6616690900686752,lgFu_train
57399407,-1.698970004,-1.5991283766290767,lgFu_train
57399408,-1.356547324,-1.5192525327074637,lgFu_train
57399796,-1.8569852,-2.2768721049172127,lgFu_train
57399910,-2.229147988,-2.005397262387875,lgFu_train
57400038,-1.954677021,-1.6317977870154374,lgFu_train
57400294,-1.657577319,-1.7573123356640026,lgFu_train
57400384,-1.886056648,-1.780497423419677,lgFu_train
57400424,-1.161150909,-1.6186928707876556,lgFu_train
57401151,-1.571865206,-1.4715528149952695,lgFu_train
57401204,-0.57446578,-0.969438496321179,lgFu_train
57401218,-1.602059991,-1.740006495677986,lgFu_train
57401219,-0.931814138,-1.134348872599573,lgFu_train
57401273,-1.585026652,-1.6852636367173253,lgFu_train
57401681,-1.886056648,-1.8443928025639762,lgFu_train
57401682,-2.30980392,-2.209488772705076,lgFu_train
57401683,-2.853871964,-2.4215368869270684,lgFu_train
57401684,-2.086186148,-2.0168819777371434,lgFu_train
57401865,-1.436518915,-1.3363566826935713,lgFu_train
57401867,-0.657774771,-0.7580442767076148,lgFu_train
57401936,-0.5172693,-0.6169167675701357,lgFu_train
57402183,-2.698970004,-2.2839361050170575,lgFu_train
57402223,-0.375717904,-0.39694789470289205,lgFu_train
57402253,-1.744727495,-1.83796937275242,lgFu_train
57402653,-1.455931956,-1.9232462222692215,lgFu_train
57402801,-0.958607315,-0.9450268571250715,lgFu_train
57402802,-0.958607315,-0.8585561110457647,lgFu_train
57402931,-0.970616222,-1.0705736526619165,lgFu_train
57402970,-0.886056648,-0.644328530985762,lgFu_train
57403021,-1.455931956,-1.8833133839896188,lgFu_train
57403176,-1.455931956,-1.556274809704186,lgFu_train
57403577,-0.996108834,-1.0736012695234398,lgFu_train
57403670,-0.394264106,-0.45794661664050773,lgFu_train
57403853,-1.15490196,-1.2414467412677057,lgFu_train
57403940,-2.397940009,-2.298270478842357,lgFu_train
57403965,-0.045757491,-0.402388915460525,lgFu_train
57403966,-2.045757491,-1.8410363454369079,lgFu_train
57404548,-1.966576245,-1.9927481607576931,lgFu_train
57405264,-1.327902142,-1.175775060092066,lgFu_train
57406911,-0.721475035,-1.2089833733061235,lgFu_train
57411983,-0.933674075,-0.9591561820937204,lgFu_train
57459022,-1.217527376,-1.1882933056242935,lgFu_train
57459482,-1.327902142,-1.428081969026759,lgFu_train
57459488,-2.0,-2.0963892515561042,lgFu_train
57459494,-2.0,-2.1000833167150432,lgFu_train
57459497,-2.0,-2.0997271092104133,lgFu_train
57470134,-0.634699251,-0.7350164304020205,lgFu_train
57479606,-0.476383581,-1.1180264480411737,lgFu_train
57484593,-1.446116973,-1.1527238338875103,lgFu_train
57504264,-1.3400838,-1.5767289390688446,lgFu_train
57504472,-0.855425792,-1.3120989011686506,lgFu_train
57505195,-1.698970004,-1.7990087745362657,lgFu_train
57505196,-1.698970004,-1.4067130427320342,lgFu_train
57505238,-1.698970004,-1.5989249640406908,lgFu_train
57505239,-1.698970004,-1.7988960831023464,lgFu_train
57505241,-1.698970004,-1.3367932864648648,lgFu_train
57505242,-1.698970004,-1.7991104952894648,lgFu_train
57505332,-1.698970004,-1.7054450086846797,lgFu_train
57521916,-2.698970004,-2.5986462247613407,lgFu_train
57522810,-2.301029996,-2.6266586113004693,lgFu_train
57522812,-2.522878745,-2.6439617540615092,lgFu_train
57522939,-2.698970004,-2.576592033368768,lgFu_train
57523282,-1.301029996,-1.401341956827618,lgFu_train
57523313,-2.0,-1.6430311898952628,lgFu_train
57523342,-2.0,-1.9213879759224337,lgFu_train
57523343,-1.22184875,-1.3220605652435742,lgFu_train
57523372,-1.397940009,-1.555138367510678,lgFu_train
57523403,-1.301029996,-1.412550810265326,lgFu_train
57523404,-1.522878745,-1.3380505012184205,lgFu_train
57523405,-2.0,-1.89962280140464,lgFu_train
57523434,-0.15490196,-0.9861275852251141,lgFu_train
57656715,-1.301029996,-1.201026392331363,lgFu_train
57942817,-1.494850022,-1.5593665413774849,lgFu_train
57977652,-0.974694135,-1.0745790982757306,lgFu_train
57992036,-1.552841969,-1.4526725863542709,lgFu_train
57992122,-1.571865206,-1.2192328258118192,lgFu_train
57992140,-1.552841969,-0.8669860718135134,lgFu_train
58063117,-1.823908741,-1.7252310923627965,lgFu_train
58063334,-2.301029996,-1.0700083476339213,lgFu_train
58063487,-1.795880017,-1.453338393927902,lgFu_train
58348375,-1.301029996,-1.2006514432458166,lgFu_train
58379533,-0.995678626,-1.347766071874431,lgFu_train
58398817,-0.291154362,-0.3908739487092523,lgFu_train
58439416,-2.301029996,-2.2007555443381857,lgFu_train
58457005,-1.552841969,-1.5568132285835423,lgFu_train
58457146,-2.0,-1.7884101552535114,lgFu_train
58464413,-1.096910013,-0.9981352087830659,lgFu_train
58464414,-1.065501549,-1.1400919628878246,lgFu_train
58464432,-0.651695137,-0.5560888698955317,lgFu_train
58464439,-1.920818754,-1.8208405493956188,lgFu_train
58464474,-1.920818754,-1.8004767715591616,lgFu_train
58464480,-1.387216143,-1.5885070375222448,lgFu_train
58464510,-1.022276395,-1.0627126985510327,lgFu_train
58464524,-1.161150909,-1.1938058155228446,lgFu_train
58464533,-0.519993057,-0.6203668819028048,lgFu_train
58464537,-1.017728767,-1.0382886615,lgFu_train
58628171,-1.777283529,-1.9293713561404888,lgFu_train
58751587,-0.673459331,-0.5733489732632466,lgFu_train
58834906,-1.366531544,-1.3420559879287248,lgFu_train
58834946,-0.958607315,-1.1825730961703425,lgFu_train
58834953,-0.974694135,-0.9862916353641701,lgFu_train
58834969,-1.244125144,-1.2097216758445708,lgFu_train
58835000,-1.259637311,-1.2059568849144138,lgFu_train
58835024,-1.173925197,-1.2740302988395247,lgFu_train
58835027,-1.259637311,-1.2771839178713051,lgFu_train
58835113,-1.443697499,-1.2677567952197826,lgFu_train
58835155,-1.283996656,-1.2603082825174248,lgFu_train
58835217,-1.619788758,-1.350285040526729,lgFu_train
59179619,-1.301029996,-1.0252278266502808,lgFu_train
59208340,-0.443697499,-0.5765135132018541,lgFu_train
59208355,-1.086186148,-0.9083973884428895,lgFu_train
59239114,-1.698970004,-1.5677011040980915,lgFu_train
59239194,-1.522878745,-1.4302658452293535,lgFu_train
59239356,-1.698970004,-1.580931121035447,lgFu_train
59239369,-1.698970004,-1.498376705901221,lgFu_train
59239456,-1.522878745,-1.5893187206535808,lgFu_train
59295938,-1.397940009,-1.4583950270070822,lgFu_train
59296066,-0.853871964,-1.188552607579919,lgFu_train
59296090,-0.958607315,-1.384695555045202,lgFu_train
59296100,-1.397940009,-1.297697657943168,lgFu_train
59296111,-1.698970004,-1.5105642219444169,lgFu_train
59406936,-2.15490196,-1.8379912708589214,lgFu_train
59456102,-2.180456064,-2.28065419112656,lgFu_train
59458061,-0.508638306,-0.40835983732422143,lgFu_train
59458228,-0.37675071,-0.2762594082396379,lgFu_train
59604787,-0.853871964,-0.9538396414810436,lgFu_train
59606138,-1.045757491,-0.9457527362465943,lgFu_train
59618273,-1.657577319,-1.5576434843426337,lgFu_train
59618368,-1.602059991,-1.501922129554873,lgFu_train
59618511,-1.167491087,-1.26779405680804,lgFu_train
59627005,-1.22184875,-1.132985728611659,lgFu_train
59627683,-2.522878745,-2.089069375504547,lgFu_train
59864749,-1.823908741,-1.7695050135123382,lgFu_train
60148981,-2.0,-1.9723344160029392,lgFu_train
60149247,-1.236572006,-1.1364104621871916,lgFu_train
60150483,-2.301029996,-2.2008210927670904,lgFu_train
60150614,-2.15490196,-2.054748756717891,lgFu_train
60168069,-1.065501549,-1.0609933028323222,lgFu_train
60168109,-0.537602002,-0.49438035771458944,lgFu_train
60168110,-0.657577319,-0.5576519044680124,lgFu_train
60168115,-0.585026652,-0.61414435071591,lgFu_train
60168116,-0.318758763,-0.49366030157303453,lgFu_train
60168117,-0.494850022,-0.3948479238706978,lgFu_train
60170163,-0.698970004,-0.5988510495499245,lgFu_train
60170342,-0.455931956,-0.5560665258609458,lgFu_train
60197821,-1.823908741,-1.3412199380942982,lgFu_train
60197937,-1.468521083,-1.3082507101041545,lgFu_train
60198399,-1.602059991,-1.3571512690911174,lgFu_train
60198530,-2.22184875,-2.1730625934558976,lgFu_train
60201088,-1.349692477,-1.4121526422039827,lgFu_train
60201255,-1.493494968,-1.3935419101820468,lgFu_train
60201256,-1.321481621,-1.2840867768686008,lgFu_train
60201257,-1.747146969,-1.6470825899604882,lgFu_train
60203901,-2.045757491,-2.0207953508085708,lgFu_train
60204017,-0.301029996,-1.18897040052292,lgFu_train
62705686,-1.11463878,-1.014703174512133,lgFu_train
62705687,-0.642255675,-1.1501798284030493,lgFu_train
62705689,-0.342848498,-0.8771166808469179,lgFu_train
62705690,-0.443818153,-0.5441357558684214,lgFu_train
62705859,-0.829444941,-0.740995858606987,lgFu_train
62705860,-1.050609993,-1.0753063926743704,lgFu_train
62706106,-0.096910013,-0.1966397807453515,lgFu_train
62706107,-0.337242168,-0.4488115097372778,lgFu_train
62706108,-0.259637311,-0.2512255863392395,lgFu_train
62706109,-0.070581074,-0.1707474608212387,lgFu_train
62706110,-0.337242168,-0.3777229041379069,lgFu_train
66549342,-1.431798276,-1.531960239903464,lgFu_train
66549529,-1.431798276,-1.5348283972824674,lgFu_train
66551245,-2.161150909,-1.8095560086564217,lgFu_train
66553128,-2.0,-2.100302627962542,lgFu_train
66553168,-1.568636236,-1.6874696378911795,lgFu_train
66557945,-1.070581074,-0.9707536566472088,lgFu_train
66558213,-1.318758763,-1.0473807207186303,lgFu_train
66559115,-1.886056648,-1.6207655317097691,lgFu_train
66559116,-1.142667504,-1.4209576294121566,lgFu_train
66559118,-1.795880017,-1.6091030288267694,lgFu_train
66609540,-1.920818754,-1.742239879109167,lgFu_train
66610342,-2.22184875,-2.121700573484953,lgFu_train
66624461,-0.951558196,-0.9451545335051976,lgFu_train
66735960,-0.754240644,-1.0129210793438892,lgFu_train
66780180,-1.2644011,-1.1643301580758125,lgFu_train
66838204,-0.762456262,-0.7399050874420933,lgFu_train
66850717,-2.22184875,-1.945312568429129,lgFu_train
67083591,-2.677780705,-2.3445394024573467,lgFu_train
67083902,-2.214670165,-2.114510558726327,lgFu_train
67103709,-0.568636236,-0.7033207427529327,lgFu_train
67103712,-1.22184875,-1.0913647391342758,lgFu_train
67103722,-0.568636236,-0.799727266839001,lgFu_train
67103909,-0.853871964,-1.0071547689967935,lgFu_train
67103974,-0.769551079,-0.6674283742663216,lgFu_train
67104025,-0.920818754,-0.7494017111371014,lgFu_train
67165188,-0.754240644,-0.8546130204370693,lgFu_train
67165238,-1.226213555,-1.128328722726797,lgFu_train
67165970,-1.349692477,-1.1236928536518276,lgFu_train
67166664,-0.863913903,-1.0901447878476973,lgFu_train
67192973,-0.769551079,-0.8600818515541606,lgFu_train
67246999,-0.958607315,-1.1843498755839144,lgFu_train
67374618,-1.292429824,-1.640633708201463,lgFu_train
67375395,-1.283996656,-1.3844148045786975,lgFu_train
67379186,-1.292429824,-1.6236087172743823,lgFu_train
67379418,-2.0,-1.9449576710993663,lgFu_train
67379447,-2.0,-1.8998352439404114,lgFu_train
67432893,-2.0,-1.764474543592649,lgFu_train
67432993,-1.455931956,-1.1241500388342804,lgFu_train
67433356,-1.045757491,-1.3119187983480372,lgFu_train
67437893,-0.673664139,-0.9531739833462958,lgFu_train
67437917,-0.913640169,-1.0139150786328086,lgFu_train
67439764,-1.031517051,-1.22583959374817,lgFu_train
67460268,-1.070581074,-0.9703527117626034,lgFu_train
67460401,-0.869666232,-0.8182266595104691,lgFu_train
67463112,-1.823908741,-1.1909530656844671,lgFu_train
67463976,-2.15490196,-1.340505658304869,lgFu_train
67496729,-0.795880017,-0.8020638170430354,lgFu_train
67960135,-1.19859629,-1.298819293663364,lgFu_train
67979331,-0.855425792,-1.0077803709403286,lgFu_train
68008456,-1.853871964,-1.7541691639120423,lgFu_train
68008606,-2.0,-1.6060495564319373,lgFu_train
68008713,-1.017728767,-1.6424712215961756,lgFu_train
68011817,-1.698970004,-1.5986866673612907,lgFu_train
68181883,-0.638272164,-1.1013350570292566,lgFu_train
68181896,-0.769551079,-1.1054783997930893,lgFu_train
68181954,-1.397940009,-1.1157211910588012,lgFu_train
68276725,-2.301029996,-1.8010959348152444,lgFu_train
68277248,-1.552841969,-1.8420298946579092,lgFu_train
68277492,-1.958607315,-1.8584631970637844,lgFu_train
68277518,-0.913640169,-1.0256564692033654,lgFu_train
68287006,-3.045757491,-2.234244662140952,lgFu_train
68290289,-1.013228266,-1.2465752809879231,lgFu_train
68290572,-1.443697499,-1.3890813313232753,lgFu_train
68486699,-1.826813732,-1.7001861638296694,lgFu_train
68488997,-1.446116973,-1.5459247100220148,lgFu_train
68489225,-1.747146969,-1.84710569019139,lgFu_train
68490094,-1.797267055,-1.6976303935041424,lgFu_train
68517306,-1.552841969,-1.401265792785386,lgFu_train
68517356,-1.468521083,-1.5684215219034543,lgFu_train
68519747,-2.0,-2.0456152846034947,lgFu_train
68533570,-3.0,-2.7899358118574997,lgFu_train
68560980,-2.301029996,-1.5226659070650075,lgFu_train
68637051,-1.446116973,-1.3182154091821698,lgFu_train
68639684,-1.346787486,-1.447116317259147,lgFu_train
68747277,-1.48148606,-1.8166687532584351,lgFu_train
68778068,-2.0,-1.8999560314671438,lgFu_train
68780878,-1.494850022,-1.4275414400643434,lgFu_train
68804289,-0.604149624,-0.7045105512970956,lgFu_train
68804512,-0.611721137,-0.5673191349737808,lgFu_train
68804537,-0.281498311,-0.381860594576903,lgFu_train
68874427,-0.604149624,-0.7734913956733938,lgFu_train
68908007,-2.0,-1.8999498211510513,lgFu_train
68910242,-2.0,-1.8231201551387655,lgFu_train
68911088,-1.823908741,-1.7235328115470678,lgFu_train
68914580,-1.823908741,-1.768804202121724,lgFu_train
68931719,-0.503485481,-1.0001876397599905,lgFu_train
69003776,-1.698970004,-2.020769958236869,lgFu_train
69093106,-2.0,-2.1001806486964494,lgFu_train
69093344,-2.0,-2.0827799784464744,lgFu_train
69093439,-2.0,-1.9778926007203441,lgFu_train
69093509,-2.0,-2.114687976888007,lgFu_train
69093928,-2.0,-2.0965764660348394,lgFu_train
69167248,-0.568636236,-0.4687999560092565,lgFu_train
69173353,-1.311580178,-1.2116884098570613,lgFu_train
69190708,-1.068542129,-0.6146564934933727,lgFu_train
69262172,-0.745935547,-1.5548995613376682,lgFu_train
69272932,-1.943095149,-1.8432495856045206,lgFu_train
69274365,-1.484126156,-1.6585882297346108,lgFu_train
69347719,-0.524328812,-0.729309994976847,lgFu_train
69621061,-1.659555885,-1.318845900654988,lgFu_train
69676686,-2.494850022,-1.5923714740384722,lgFu_train
69826668,-1.455931956,-1.3558078950168215,lgFu_train
69866278,-0.770574152,-0.8705108680083553,lgFu_train
69930037,-0.253910957,-0.3539332955502563,lgFu_train
70276605,-0.346787486,-0.44700072479443864,lgFu_train
70276990,-0.37675071,-0.5024178858233966,lgFu_train
70278898,-0.301029996,-0.42017024511910583,lgFu_train
70280758,-0.30980392,-0.4101264965598863,lgFu_train
70496411,-1.37675071,-1.477045479356095,lgFu_train
70660712,-0.638272164,-0.6723752625157217,lgFu_train
70662627,-3.0,-2.7687019722133237,lgFu_train
70680234,-1.747146969,-1.6928528409395516,lgFu_train
70681026,-0.951558196,-1.4043589883019814,lgFu_train
70681028,-1.416801226,-1.2009883600162548,lgFu_train
70681031,-1.886056648,-1.894404522371882,lgFu_train
70681209,-2.0,-2.1001529593579864,lgFu_train
70681372,-1.698970004,-1.0999757737977196,lgFu_train
70681624,-0.688246139,-0.7662463070799437,lgFu_train
70681625,-1.148741651,-1.4040839889763685,lgFu_train
70682196,-1.251811973,-1.5049032464233147,lgFu_train
70682212,-1.602059991,-1.6757144846289147,lgFu_train
70682213,-1.924453039,-1.648675392557966,lgFu_train
70682494,-0.303643611,-0.40346568834357577,lgFu_train
70682502,-0.244125144,-0.2953200433042823,lgFu_train
70682601,-1.378823718,-1.4785657212651482,lgFu_train
70682602,-1.301899454,-1.4020872733607619,lgFu_train
70682603,-1.581698709,-1.8435638131118415,lgFu_train
70682777,-2.161150909,-2.0607345480752515,lgFu_train
70682976,-2.004364805,-1.9206922081300895,lgFu_train
70683152,-1.826813732,-1.5075947506176544,lgFu_train
70683497,-0.853871964,-0.8507118199177631,lgFu_train
70683752,-0.841637508,-0.9419091482260193,lgFu_train
70683753,-1.187086643,-1.0974646666645669,lgFu_train
70684298,-1.022276395,-1.6191434632824537,lgFu_train
70684312,-1.600326279,-1.5005502082731064,lgFu_train
70684313,-1.787812396,-1.688022124927254,lgFu_train
70684314,-1.744727495,-1.6251543262178996,lgFu_train
70685233,-0.665747358,-1.1721145971704316,lgFu_train
70685575,-1.397940009,-1.0999407870337878,lgFu_train
70685577,-1.0,-1.1001964950885368,lgFu_train
70685868,-0.496617937,-1.1991063523361474,lgFu_train
70686373,-1.161150909,-1.3228723565841591,lgFu_train
70686471,-1.170053304,-1.0726424700057036,lgFu_train
70686473,-1.718966633,-1.4933608228071968,lgFu_train
70686474,-1.173925197,-1.2156740199743357,lgFu_train
70687384,-1.321481621,-1.2212603562462898,lgFu_train
70687387,-1.581698709,-1.68203431916738,lgFu_train
70687388,-2.657577319,-2.1330574529416033,lgFu_train
70687546,-2.0,-1.899795287442026,lgFu_train
70687547,-2.0,-1.9291016797959393,lgFu_train
70688017,-1.659555885,-1.5591717544573829,lgFu_train
70688019,-1.119186408,-1.0194090673340168,lgFu_train
70688020,-0.610833916,-0.8401202966932602,lgFu_train
70688021,-1.161150909,-1.01664526769455,lgFu_train
70688022,-0.982966661,-0.8805730056015675,lgFu_train
70688545,-3.0,-2.8999380137857838,lgFu_train
70688555,-1.920818754,-1.8207127942187475,lgFu_train
70688556,-2.0,-1.871752668927968,lgFu_train
70688569,-1.679853714,-1.7718974311404874,lgFu_train
70688570,-1.866461092,-1.830038834630217,lgFu_train
70688913,-1.032452024,-1.132677067668805,lgFu_train
70688922,-1.924453039,-2.0247485399481877,lgFu_train
70689447,-1.53313238,-1.4330066764998939,lgFu_train
70689768,-0.15490196,-0.4818214174056521,lgFu_train
70689799,-0.920818754,-0.8207270977924026,lgFu_train
70690051,-0.494850022,-0.6878917883907997,lgFu_train
70690053,-0.677780705,-0.9019995590456782,lgFu_train
70690054,-1.060480747,-1.2872359353998857,lgFu_train
70690618,-1.200659451,-1.7380503214087835,lgFu_train
70690634,-1.311580178,-1.2113415195738229,lgFu_train
70690636,-0.906578315,-1.3788805955477441,lgFu_train
70690637,-1.747146969,-1.6470737171059495,lgFu_train
70691008,-2.22184875,-1.8382923819062316,lgFu_train
70691486,-0.721475035,-0.8217669757011006,lgFu_train
70691849,-0.974694135,-0.99826574446593,lgFu_train
70691913,-0.958607315,-0.963925598154751,lgFu_train
70691914,-0.494850022,-0.5952678609298769,lgFu_train
70691939,-0.769551079,-0.8344622170924686,lgFu_train
70691981,-1.522878745,-1.4227304119151598,lgFu_train
70692198,-1.193820026,-1.0502955140292867,lgFu_train
70692199,-1.0,-0.8999300509942176,lgFu_train
70692435,-1.638272164,-1.7384866294104082,lgFu_train
70692446,-0.319664487,-0.6846493496205703,lgFu_train
70692760,-1.744727495,-1.952734348825444,lgFu_train
70692773,-1.795880017,-1.6119324200894183,lgFu_train
70692774,-1.123782159,-1.4533046751132548,lgFu_train
70692775,-1.721246399,-1.6211442938799574,lgFu_train
70692915,-2.0,-2.09984247237786,lgFu_train
70693142,-1.142667504,-1.2429965737005142,lgFu_train
70693802,-2.0,-2.0190948566536973,lgFu_train
70693803,-2.0,-1.7928315791548401,lgFu_train
70693804,-2.0,-1.8998310270588936,lgFu_train
70694038,-0.920818754,-1.398526205853855,lgFu_train
70694039,-0.795880017,-0.8705671791447972,lgFu_train
70694040,-1.0,-0.8999266283651371,lgFu_train
70694041,-0.958607315,-0.8470820080678617,lgFu_train
70694042,-0.602059991,-0.7386081223372449,lgFu_train
70694788,-3.0,-2.760405198271541,lgFu_train
70694789,-2.698970004,-2.7991577084726655,lgFu_train
70694800,-1.958607315,-1.9603195787380954,lgFu_train
70694801,-1.744727495,-1.8548210002442145,lgFu_train
70694805,-0.450261269,-0.550398578753267,lgFu_train
70694812,-1.301899454,-1.0403033768621537,lgFu_train
70694813,-1.747146969,-1.64996777488569,lgFu_train
70695087,-0.494850022,-0.45441117709931445,lgFu_train
70695088,-0.337242168,-0.437305111940663,lgFu_train
70695171,-0.455931956,-0.5289511513880772,lgFu_train
70695756,-1.571865206,-1.2375504395968664,lgFu_train
70695757,-0.642255675,-0.575719920222412,lgFu_train
70695758,-0.872571222,-1.0386616734429492,lgFu_train
70695898,-1.378823718,-1.4204585981585276,lgFu_train
70696089,-1.301029996,-1.0936083834981363,lgFu_train
70696357,-1.301029996,-0.9383867510333119,lgFu_train
70696545,-0.305394801,-0.6683054475162924,lgFu_train
70696850,-2.0,-1.9501666944871903,lgFu_train
70696862,-1.387216143,-1.4876335682771151,lgFu_train
70696863,-0.958607315,-1.058764434846582,lgFu_train
70696864,-1.251811973,-1.096156773998463,lgFu_train
70696865,-1.0,-1.0602423898033726,lgFu_train
70702000,-1.359518563,-1.2593156222596422,lgFu_train
70702001,-1.619788758,-1.5200654012172605,lgFu_train
70702306,-0.987162775,-1.2298632775102625,lgFu_train
70791303,-0.960585881,-1.1148299504213328,lgFu_train
70812854,-1.920818754,-1.8205971634975646,lgFu_train
71054529,-1.44288472,-1.2201127571742738,lgFu_train
71151588,-2.0,-1.8421788813035762,lgFu_train
71259491,-1.522878745,-1.4229716607954,lgFu_train
71279444,-2.522878745,-2.4228462145775587,lgFu_train
71279507,-1.187086643,-1.4046547358179604,lgFu_train
71279672,-2.15490196,-1.949235834667076,lgFu_train
71279693,-1.958607315,-1.6800137579514143,lgFu_train
71280008,-1.397940009,-1.6313816335828328,lgFu_train
71280067,-2.0,-1.431065487206228,lgFu_train
71280128,-0.920818754,-0.972091542579864,lgFu_train
71280539,-2.15490196,-2.0552544720375225,lgFu_train
71287917,-2.096910013,-1.8056511691762596,lgFu_train
71288456,-2.522878745,-2.0223878098420895,lgFu_train
71300299,-0.942714356,-1.042851643331686,lgFu_train
71301451,-0.638272164,-0.7380428448130087,lgFu_train
71419478,-0.769551079,-0.8695373150713523,lgFu_train
71449273,-0.407823243,-0.4753087257018429,lgFu_train
71449274,-0.534617149,-0.8277828557733374,lgFu_train
71449452,-1.004364805,-1.104587012244802,lgFu_train
71449523,-3.096910013,-2.7482309893441164,lgFu_train
71449584,-2.22184875,-1.7130235121260111,lgFu_train
71449585,-1.571865206,-1.8653540463575236,lgFu_train
71450420,-0.399027104,-0.7589838830042095,lgFu_train
71450668,-1.2644011,-1.555198514714376,lgFu_train
71450704,-1.189095719,-1.0886970185066063,lgFu_train
71451078,-2.301029996,-2.240412142302165,lgFu_train
71451084,-2.004364805,-1.9043341142429455,lgFu_train
71451085,-1.096367484,-1.2072932646788603,lgFu_train
71451192,-1.468521083,-1.9988576838208236,lgFu_train
71451733,-0.408935393,-0.28939721339756264,lgFu_train
71452498,-2.004364805,-2.042595905991142,lgFu_train
71453071,-0.769551079,-0.8404539370629677,lgFu_train
71453505,-1.756961951,-1.6569016680358994,lgFu_train
71453559,-0.27572413,-0.37567056633343054,lgFu_train
71453560,-0.552841969,-0.45256438428673496,lgFu_train
71453987,-0.829738285,-0.7741866479466011,lgFu_train
71454287,-1.311580178,-1.3348138068016466,lgFu_train
71454296,-1.15490196,-1.054843558574417,lgFu_train
71454660,-1.48148606,-0.9017821550892996,lgFu_train
71454678,-1.619788758,-1.5197753269931797,lgFu_train
71455276,-0.301029996,-0.25656720698632074,lgFu_train
71455277,-0.30980392,-0.5197116919740674,lgFu_train
71455278,-0.619788758,-0.5428871579295186,lgFu_train
71455780,-1.086186148,-0.9777475990822023,lgFu_train
71456042,-1.032452024,-1.4046319280637942,lgFu_train
71456394,-0.651695137,-0.7514901658074405,lgFu_train
71456404,-0.924818145,-1.8451559350615416,lgFu_train
71456413,-2.698970004,-2.0253309832759996,lgFu_train
71456725,-1.698970004,-1.6536366714090605,lgFu_train
71456899,-1.368556231,-1.1287087965435627,lgFu_train
71457010,-1.512861625,-1.5264158852894525,lgFu_train
71457189,-1.581698709,-1.6820397771624358,lgFu_train
71457272,-1.747146969,-1.622266237956845,lgFu_train
71457757,-2.0,-2.09777540964855,lgFu_train
71458120,-2.0,-1.9026291689644124,lgFu_train
71458231,-0.370590401,-0.470631645062747,lgFu_train
71458232,-0.2915791,-0.3915164005937186,lgFu_train
71458736,-0.040958608,-0.6102063283073811,lgFu_train
71458753,-1.032452024,-1.1327427069280462,lgFu_train
71458868,-1.649751982,-1.7501135507072323,lgFu_train
71458869,-1.886056648,-1.450086683209301,lgFu_train
71458921,-0.337242168,-0.411317894426223,lgFu_train
71458922,-0.602059991,-0.5497874153662496,lgFu_train
71459117,-1.954677021,-1.4076697070605175,lgFu_train
71459168,-2.698970004,-2.2534763292407183,lgFu_train
71459762,-1.397940009,-1.4901653233364074,lgFu_train
71460090,-1.180456064,-1.172723774594012,lgFu_train
71460091,-1.823908741,-1.9238393684677344,lgFu_train
71460098,-2.301029996,-2.020611457657743,lgFu_train
71460547,-2.443697499,-2.3434671511982184,lgFu_train
71460731,-0.301029996,-0.2877735881747543,lgFu_train
71460733,-0.698970004,-0.7990973059874372,lgFu_train
71461814,-0.400116928,-0.5292288360465027,lgFu_train
71461830,-1.484126156,-1.7406481403416514,lgFu_train
71462281,-1.059483515,-1.2382023523703316,lgFu_train
71462389,-1.301899454,-1.2020140968013058,lgFu_train
71462595,-1.659555885,-1.723861631401277,lgFu_train
71462891,-0.318758763,-0.5120771924730967,lgFu_train
71488864,-0.638272164,-1.1627041854647795,lgFu_train
71496458,-1.537602002,-1.2514894714517641,lgFu_train
71496459,-1.408935393,-1.331689850749785,lgFu_train
71496460,-1.124938737,-1.2461684876169532,lgFu_train
71515461,-1.853871964,-1.9124403475323664,lgFu_train
71517044,-0.456677099,-0.5565745827508578,lgFu_train
71517045,-0.855425792,-0.7550416703312758,lgFu_train
71517046,-1.283162277,-1.183149506205126,lgFu_train
71517047,-0.960585881,-1.0693103637188814,lgFu_train
71517049,-1.217527376,-1.120559951029094,lgFu_train
71517192,-1.014124643,-1.001245334236716,lgFu_train
71517196,-0.634699251,-0.6090179917021918,lgFu_train
71517197,-0.745935547,-0.6597205344497248,lgFu_train
71519496,-0.510322708,-0.6103820152484376,lgFu_train
71520373,-1.630784143,-1.551876426409371,lgFu_train
71520487,-2.30980392,-1.7466457580264194,lgFu_train
71520488,-0.924818145,-1.024948800315758,lgFu_train
71520489,-1.427128398,-1.526812460171311,lgFu_train
71520491,-1.493494968,-1.5936894659936065,lgFu_train
71520575,-1.059483515,-1.0050544549921934,lgFu_train
71521225,-2.0,-2.100147500801658,lgFu_train
71522361,-2.045757491,-1.5020913135001481,lgFu_train
71526207,-1.552841969,-1.4527475096025613,lgFu_train
71540073,-0.037630664,-0.19704198141917628,lgFu_train
71541373,-1.161150909,-1.6246838394284382,lgFu_train
71544705,-1.886056648,-1.5910994512086736,lgFu_train
71544706,-1.2644011,-1.4474233238972456,lgFu_train
71545856,-1.301899454,-1.4020389350708624,lgFu_train
71547862,-1.522878745,-1.4226339633780605,lgFu_train
71548930,-1.886056648,-1.7857956734338298,lgFu_train
71549486,-1.920818754,-2.020968858817842,lgFu_train
71560819,-0.804100348,-0.703869635861349,lgFu_train
71560946,-1.187086643,-1.2636104219952335,lgFu_train
71561201,-1.408935393,-1.5091020654899134,lgFu_train
71562042,-0.855425792,-0.9792967679043004,lgFu_train
71562045,-2.721246399,-2.356526345559095,lgFu_train
71569947,-1.15490196,-1.054998346807649,lgFu_train
71582799,-0.886056648,-0.9507696378654832,lgFu_train
71582941,-1.301899454,-1.0955426860967137,lgFu_train
71582942,-1.552841969,-1.6779326895340771,lgFu_train
71583044,-2.22184875,-1.7779034035449663,lgFu_train
71584401,-2.698970004,-1.956636598787303,lgFu_train
71584402,-1.8569852,-2.0097000228678334,lgFu_train
71584542,-2.397940009,-2.0021242238392425,lgFu_train
71584544,-1.954677021,-1.351396209266569,lgFu_train
71584661,-2.091514981,-1.634259932510198,lgFu_train
71598549,-1.823908741,-1.7366539593894734,lgFu_train
71600846,-2.638272164,-2.596844456080385,lgFu_train
71601111,-2.769551079,-2.603663894295569,lgFu_train
71601807,-2.698970004,-2.4165227451474474,lgFu_train
71622396,-2.0,-1.6931629011754388,lgFu_train
71626755,-1.017728767,-0.7195416650198498,lgFu_train
71626896,-0.812479279,-0.8094233658152508,lgFu_train
71663531,-1.301029996,-1.4009686772283423,lgFu_train
71663696,-1.37675071,-1.7254953868310192,lgFu_train
71678005,-0.958607315,-1.058541961053919,lgFu_train
71680510,-1.431798276,-1.4087986542738529,lgFu_train
71682929,-1.180456064,-1.2807644451489462,lgFu_train
71712584,-1.455931956,-1.051514637975837,lgFu_train
71713018,-1.958607315,-1.8584332598560356,lgFu_train
71713766,-1.619788758,-1.6467942633604333,lgFu_train
71716733,-1.688246139,-1.407018155075576,lgFu_train
71717496,-2.387216143,-2.332147022202829,lgFu_train
71717540,-2.091514981,-1.991782420392151,lgFu_train
71720776,-1.032452024,-0.9326684884760746,lgFu_train
71722055,-2.22184875,-2.1216211293834277,lgFu_train
71727133,-1.37675071,-0.9887440783721243,lgFu_train
71728054,-1.0,-1.1002801720576165,lgFu_train
71737771,-1.431798276,-1.7808967111030118,lgFu_train
71746611,-0.301029996,-0.3773381853816421,lgFu_train
71816193,-1.522878745,-1.4785707262407304,lgFu_train
71818875,-2.0,-1.906913449936993,lgFu_train
71818876,-2.045757491,-2.082406671169549,lgFu_train
71819015,-2.397940009,-2.3214644346844104,lgFu_train
71819152,-1.552841969,-1.3689253637878822,lgFu_train
72249131,-1.059483515,-1.3604242386281997,lgFu_train
72249166,-1.189095719,-1.289153814728997,lgFu_train
72381284,-0.996108834,-0.9492155364169572,lgFu_train
72543916,-1.823908741,-1.7240694309885858,lgFu_train
72543918,-1.585026652,-1.4942338769392451,lgFu_train
72545051,-0.568636236,-0.7687147499168034,lgFu_train
72545281,-2.15490196,-1.741283297934571,lgFu_train
72545282,-2.0,-1.9001457905997867,lgFu_train
72545283,-2.301029996,-2.0652446181789283,lgFu_train
72545285,-1.397940009,-1.6838234078147267,lgFu_train
72545525,-1.522878745,-1.849134626284558,lgFu_train
72545526,-1.070581074,-1.5884111739386284,lgFu_train
72545527,-0.920818754,-1.0865436487944018,lgFu_train
72545528,-1.22184875,-1.4681566420935441,lgFu_train
72545529,-1.522878745,-1.294412672762943,lgFu_train
72545530,-1.301029996,-1.2944352734641635,lgFu_train
72545782,-1.397940009,-1.497649885298301,lgFu_train
72545783,-1.22184875,-1.0456989610571723,lgFu_train
72545784,-1.397940009,-1.4682511591829461,lgFu_train
72545785,-0.744727495,-0.7211394925089101,lgFu_train
72545786,-2.22184875,-2.020923007821561,lgFu_train
72545787,-2.522878745,-2.137534406824683,lgFu_train
72546024,-0.744727495,-0.914541460058661,lgFu_train
72546025,-1.522878745,-1.1729536716602864,lgFu_train
72546026,-1.301029996,-1.1065093621923279,lgFu_train
72546260,-0.823908741,-0.9241742430931071,lgFu_train
72546261,-1.638272164,-1.5379789928478576,lgFu_train
72546262,-2.0,-1.973981485872379,lgFu_train
72546493,-2.301029996,-2.2009954765790587,lgFu_train
72546494,-1.455931956,-1.8769406321816722,lgFu_train
72546496,-1.397940009,-1.4848153651313498,lgFu_train
72546737,-1.301029996,-1.2033718955018797,lgFu_train
72546739,-0.958607315,-0.9259836548472673,lgFu_train
72546991,-1.0,-0.9197345477953275,lgFu_train
72546993,-1.22184875,-1.5661001219912318,lgFu_train
72546994,-1.721246399,-1.659215865376726,lgFu_train
72546995,-1.619788758,-1.6664112548581906,lgFu_train
72547252,-1.744727495,-1.6028118081687874,lgFu_train
72547253,-2.397940009,-2.1943489995308383,lgFu_train
72547497,-0.698970004,-1.1578660187901364,lgFu_train
72547498,-1.0,-1.1001016912126267,lgFu_train
72547500,-1.397940009,-1.494094023306923,lgFu_train
72679312,-1.301029996,-0.7015508912951018,lgFu_train
72681820,-0.68131073,-0.5813238138670443,lgFu_train
72734611,-0.22184875,-0.4012857294441503,lgFu_train
72735960,-1.677780705,-1.7777490063871475,lgFu_train
72736173,-1.337242168,-1.0112498189402075,lgFu_train
72737641,-1.853871964,-1.7540140329830136,lgFu_train
72737723,-1.920818754,-1.8208742770649278,lgFu_train
72762568,-0.489857301,-0.48338290825109353,lgFu_train
72779166,-0.221848742,-0.3217775309086972,lgFu_train
72785625,-0.872571222,-0.8428353094374286,lgFu_train
72792630,-2.0,-1.8998312652173053,lgFu_train
72792632,-1.301029996,-1.1821076162059554,lgFu_train
72792633,-1.22184875,-1.0492772021664885,lgFu_train
72792692,-0.657577319,-0.6542121963119059,lgFu_train
72817803,-1.349692477,-1.3140134830888923,lgFu_train
72946092,-2.0,-2.1000289811796424,lgFu_train
72987440,-2.27572413,-2.1758201708100167,lgFu_train
73046449,-1.22184875,-1.12183554425004,lgFu_train
73095101,-1.096367484,-0.9962466487883215,lgFu_train
73155303,-2.958607315,-2.7768127089193344,lgFu_train
73159892,-1.446116973,-1.3813768688678414,lgFu_train
73173678,-0.642255675,-0.482052085885994,lgFu_train
73191664,-0.259637311,-0.3577636404671197,lgFu_train
73227269,-2.173925197,-2.0738466337153985,lgFu_train
73347805,-1.387216143,-1.7233760649789485,lgFu_train
73349098,-1.22184875,-1.3217448362792512,lgFu_train
73350757,-0.289036881,-0.4803916357260172,lgFu_train
73350913,-1.744727495,-1.946615293164084,lgFu_train
73353867,-2.22184875,-1.556393210265678,lgFu_train
73443026,-1.958607315,-1.2679571953903506,lgFu_train
73458970,-0.552841969,-0.6529915735844369,lgFu_train
73671602,-2.522878745,-2.5096732342644534,lgFu_train
73683263,-0.989353821,-0.9465562677716043,lgFu_train
74081525,-0.754240644,-0.8540846724773536,lgFu_train
74083125,-2.522878745,-2.1670835617242497,lgFu_train
74387420,-0.556101359,-0.6564612702048226,lgFu_train
74387438,-1.954677021,-2.054792222597481,lgFu_train
74387487,-0.68131073,-0.6955160251206067,lgFu_train
74405853,-1.795880017,-1.6957253760652207,lgFu_train
74422681,-1.378823718,-1.1444255265435228,lgFu_train
74426336,-0.729554092,-0.6293580973697487,lgFu_train
74983355,-1.15490196,-1.1808368035168697,lgFu_train
75059310,-0.589222767,-0.6813403177322346,lgFu_train
75059709,-0.821023053,-2.26484492106655,lgFu_train
75081385,-1.649751982,-1.6810739053786623,lgFu_train
75081388,-1.630784143,-1.4565572059049345,lgFu_train
75081426,-1.924453039,-1.8241219662427404,lgFu_train
75114427,-1.200659451,-1.228099010354043,lgFu_train
75114463,-1.283996656,-1.2658955287840965,lgFu_train
75225240,-0.889747083,-0.9897428704426787,lgFu_train
75632113,-0.095338542,-0.19552888973635563,lgFu_train
75969643,-1.359518563,-1.2595141294018124,lgFu_train
75972143,-0.596707855,-0.6968606085829308,lgFu_train
76008259,-2.387216143,-1.7068322521497141,lgFu_train
76044982,-0.119186408,-0.1995043784021352,lgFu_train
76309856,-1.22184875,-1.5352974784665632,lgFu_train
76310047,-2.15490196,-2.255163124316538,lgFu_train
76310500,-0.677780705,-0.8208532756389383,lgFu_train
76310501,-1.698970004,-1.5988412801928726,lgFu_train
76310502,-0.853871964,-0.9541686611271191,lgFu_train
76314159,-0.602059991,-0.7004875939898847,lgFu_train
76314160,-1.0,-1.0371001051983384,lgFu_train
76314161,-1.15490196,-0.712486520836497,lgFu_train
76314163,-1.15490196,-1.2552680334775714,lgFu_train
76317705,-2.698970004,-2.5991640110804903,lgFu_train
76317726,-1.301029996,-1.1696061589625901,lgFu_train
76317727,-1.22184875,-1.4459185098877427,lgFu_train
76321414,-2.698970004,-2.5989510979961326,lgFu_train
76321433,-0.698970004,-0.9703584830769035,lgFu_train
76321434,-0.37675071,-0.6832322718880145,lgFu_train
76321435,-0.585026652,-0.7103565819364643,lgFu_train
76325029,-0.744727495,-0.8451080180438476,lgFu_train
76325030,-1.15490196,-1.055110922703354,lgFu_train
76325031,-1.301029996,-1.1916312276354857,lgFu_train
76325614,-0.292429824,-0.19209185499104642,lgFu_train
76328583,-2.522878745,-2.671226477897392,lgFu_train
76328605,-1.0,-0.9233913790463639,lgFu_train
76328606,-1.096910013,-0.9631985893495889,lgFu_train
76328607,-1.15490196,-0.8156261749033301,lgFu_train
76328608,-0.853871964,-0.7538018119617247,lgFu_train
76328873,-0.638272164,-0.47865463708581246,lgFu_train
76332283,-0.853871964,-0.9538661901003396,lgFu_train
76332284,-1.397940009,-1.126721828136323,lgFu_train
76332285,-1.0,-0.8714230637927451,lgFu_train
76332286,-0.958607315,-0.8188258191998812,lgFu_train
76332483,-0.016373713,-0.013871318954163714,lgFu_train
76333400,-0.30980392,-0.40968531187788604,lgFu_train
76335927,-0.585026652,-0.7703867522938224,lgFu_train
76335928,-0.657577319,-0.7573086187015292,lgFu_train
76335929,-1.096910013,-0.9972363156037181,lgFu_train
76335930,-0.677780705,-0.7777007570629726,lgFu_train
76450046,-0.697236292,-0.5971065766075485,lgFu_train
76471706,-1.795880017,-1.836921315709939,lgFu_train
76523041,-0.483068191,-0.5833103027524617,lgFu_train
76782327,-1.105683937,-1.2059289294816788,lgFu_train
77171539,-1.427128398,-1.3409204761150786,lgFu_train
77171691,-1.388276692,-1.3752077724892182,lgFu_train
77171763,-1.436518915,-1.5368001319495739,lgFu_train
77542371,-2.823908741,-2.723666145313925,lgFu_train
77543165,-2.823908741,-2.723654445195886,lgFu_train
77562917,-2.193820026,-1.31711466777497,lgFu_train
78073694,-0.332080315,-0.4318517171433892,lgFu_train
78075630,-0.673459331,-0.723181397520027,lgFu_train
78121259,-1.311580178,-1.5924346771489903,lgFu_train
78210303,-1.773241454,-1.8730336565195727,lgFu_train
78357783,-1.443697499,-1.4513399305483197,lgFu_train
86287525,-1.869666232,-1.969655200313607,lgFu_train
86298614,-2.096910013,-1.834097795802075,lgFu_train
86298673,-0.301029996,-0.7690205933548837,lgFu_train
86677234,-1.568636236,-1.526005681352863,lgFu_train
86677253,-1.124938737,-1.3102900669685011,lgFu_train
86677270,-1.050609993,-1.1491507453056817,lgFu_train
86690644,-1.22184875,-1.3104074726826376,lgFu_train
86705475,-0.987162775,-1.087407639245011,lgFu_train
86765163,-0.028260409,-0.26340116896652654,lgFu_train
87377617,-0.933674075,-0.9270693866608615,lgFu_train
87496344,-1.522878745,-1.4229890816256032,lgFu_train
89698941,-1.283996656,-1.6013056996879342,lgFu_train
89699082,-1.366531544,-1.5193191369791246,lgFu_train
89699181,-1.26760624,-1.2992228066675087,lgFu_train
89699203,-1.508638306,-1.5814446179326427,lgFu_train
89699216,-0.886056648,-0.9861357343641338,lgFu_train
89699240,-1.420216403,-1.3203209810399448,lgFu_train
89699295,-1.638272164,-1.7414058731560744,lgFu_train
89699316,-1.026872146,-1.4244367354063365,lgFu_train
89699322,-0.853871964,-1.1506808640017026,lgFu_train
89699327,-1.537602002,-1.4371898781651633,lgFu_train
89699349,-0.886056648,-0.9861923777963613,lgFu_train
89699369,-1.823908741,-1.4850764700767636,lgFu_train
89793496,-0.853871964,-0.9787311887356007,lgFu_train
89793516,-0.920818754,-0.8207731642346598,lgFu_train
89795553,-0.698970004,-0.7672757775476484,lgFu_train
90467013,-1.301029996,-1.1248814211309812,lgFu_train
90467014,-0.522878745,-0.4644584760591427,lgFu_train
90467156,-0.522878745,-0.8757447353342755,lgFu_train
90467159,-0.769551079,-0.7847888344049112,lgFu_train
90467162,-0.522878745,-0.6231350890668528,lgFu_train
90644511,-0.27572413,-0.4325119104909779,lgFu_train
90644762,-2.0,-1.899847087763682,lgFu_train
90644766,-0.928117993,-1.0285236740129795,lgFu_train
90644769,-2.0,-1.8997822962130062,lgFu_train
90644770,-1.585026652,-1.3113457972809845,lgFu_train
90644773,-0.630784143,-0.7060855219900211,lgFu_train
90645249,-1.522878745,-1.4647497466546722,lgFu_train
90645251,-1.886056648,-1.4571631163096908,lgFu_train
90645252,-1.091514981,-1.1913185275181557,lgFu_train
90645256,-1.022276395,-1.3659290411910354,lgFu_train
90645521,-1.677780705,-1.6964467200433107,lgFu_train
90654375,-0.327902142,-0.416918538872285,lgFu_train
90654376,-0.494850022,-0.39970077091286216,lgFu_train
90654377,-0.619788758,-0.589236930180637,lgFu_train
90654378,-1.187086643,-0.9028039850500887,lgFu_train
90654379,-0.327902142,-0.427781370477083,lgFu_train
90654380,-0.744727495,-0.6443144909685714,lgFu_train
90654381,-0.744727495,-0.49091246268487354,lgFu_train
90654387,-0.283996656,-0.3842984779359122,lgFu_train
90654388,-0.327902142,-0.4406427773994541,lgFu_train
90654389,-0.30980392,-0.33754183661536297,lgFu_train
90654392,-1.30980392,-1.209544776776423,lgFu_train
90654394,-0.180456064,-0.28286849573539397,lgFu_train
90654396,-0.809668302,-0.7096712907608679,lgFu_train
90654397,-0.15490196,-0.2548402026746137,lgFu_train
90654398,-0.37675071,-0.3317706595724287,lgFu_train
90654399,-0.292429824,-0.3377799002481423,lgFu_train
90654400,-0.207608311,-0.30792560284807535,lgFu_train
90654401,-0.397940009,-0.49797817355814566,lgFu_train
90654402,-0.698970004,-0.4914890657674895,lgFu_train
90654404,-0.292429824,-0.40394733767040925,lgFu_train
90654405,-0.769551079,-0.6693504817888947,lgFu_train
90654406,-0.30980392,-0.3394171870922623,lgFu_train
90654407,-0.318758763,-0.30977643043156133,lgFu_train
90654408,-0.468521083,-0.36865854688353683,lgFu_train
90654409,-0.327902142,-0.32305861651866885,lgFu_train
90654410,-0.327902142,-0.30099931069153973,lgFu_train
90654412,-0.318758763,-0.41898842073570575,lgFu_train
90665949,-1.387216143,-1.486957053857357,lgFu_train
90665950,-1.148741651,-1.506200554391175,lgFu_train
90666167,-1.096910013,-1.1968287791326826,lgFu_train
90668345,-0.764471553,-0.8644306724157511,lgFu_train
90668346,-1.920818754,-1.596702940641162,lgFu_train
90668347,-1.229147988,-1.2214604100199713,lgFu_train
90668348,-1.397940009,-1.1539807231939023,lgFu_train
90668349,-0.739928612,-1.2152132163654552,lgFu_train
90668350,-0.68613278,-1.1845426263370857,lgFu_train
90680811,-1.37675071,-1.29307027763832,lgFu_train
90684390,-2.0,-2.0593981408523105,lgFu_train
90684391,-1.180456064,-1.2805398722887897,lgFu_train
90762292,-1.123782159,-1.2816353952930737,lgFu_train
91356670,-1.718966633,-1.6192073605558432,lgFu_train
91614131,-1.73754891,-1.6373696219432068,lgFu_train
91754231,-1.522878745,-1.6229628712691673,lgFu_train
91799687,-0.213248578,-0.4385117768768718,lgFu_train
91826722,-0.872895202,-0.9727434214174644,lgFu_train
91885438,-2.0,-2.083760981072433,lgFu_train
91933841,-2.0,-2.099884477085151,lgFu_train
91971978,-1.552841969,-1.6530548214270924,lgFu_train
92239323,-1.0,-0.900373513967786,lgFu_train
101884761,-1.602059991,-1.5019932236802198,lgFu_train
101884762,-1.494850022,-1.3950247762179606,lgFu_train
101891769,-0.835647144,-0.8375302207743816,lgFu_train
118030039,-1.744727495,-1.8451053652306744,lgFu_train
118706139,-2.096910013,-1.6702770602118324,lgFu_train
118706214,-1.096910013,-1.1971617632274685,lgFu_train
118706757,-1.0,-1.3051824115713222,lgFu_train
118707647,-1.744727495,-1.5128540379820399,lgFu_train
118707648,-1.124938737,-1.5082112849674219,lgFu_train
118707649,-1.522878745,-1.4228823475454813,lgFu_train
118707650,-1.698970004,-1.7985745944540956,lgFu_train
118707651,-1.920818754,-1.7293051429343795,lgFu_train
118707653,-2.0,-1.5820494100875941,lgFu_train
118707654,-1.327902142,-1.4276548235946658,lgFu_train
118707655,-1.443697499,-1.5437913564813388,lgFu_train
118707657,-1.119186408,-1.2192012526766665,lgFu_train
118707658,-1.148741651,-1.2251946402079728,lgFu_train
118707659,-1.958607315,-1.8585715580830184,lgFu_train
118707660,-1.431798276,-1.4688581963691951,lgFu_train
118707661,-1.568636236,-1.4684921469086434,lgFu_train
118708873,-3.0,-2.7692391902696825,lgFu_train
118708881,-3.0,-2.344060424460973,lgFu_train
118708939,-2.698970004,-2.598594585190069,lgFu_train
118709092,-0.585026652,-0.6961786426827002,lgFu_train
118709579,-0.677780705,-0.6578885509135074,lgFu_train
118709582,-0.853871964,-0.6670369847120577,lgFu_train
118709583,-0.920818754,-0.7222690752990905,lgFu_train
118709784,-0.93930216,-0.857378271131375,lgFu_train
118709786,-0.73754891,-0.703300982380278,lgFu_train
118709832,-0.560667306,-0.7379141815209083,lgFu_train
118709837,-0.521433504,-1.0563267944476564,lgFu_train
118709848,-1.292429824,-1.0299620450906732,lgFu_train
118710245,-1.468521083,-0.9937460452054225,lgFu_train
118713119,-0.853871964,-1.3449769370723834,lgFu_train
118714107,-1.585026652,-1.0845866417702257,lgFu_train
118715109,-0.292429824,-0.6505031361020642,lgFu_train
118716079,-0.167491087,-0.5574180666970272,lgFu_train
118719503,-1.886056648,-1.7509936883240225,lgFu_train
118722566,-1.086186148,-1.1567148010567052,lgFu_train
118722567,-1.292429824,-1.3925465937427686,lgFu_train
118722568,-1.017728767,-0.9175694976442416,lgFu_train
118722569,-1.37675071,-1.4769303408122028,lgFu_train
118722757,-2.0,-1.9021077049436865,lgFu_train
118722758,-2.0,-1.9001681495450646,lgFu_train
118722759,-2.0,-1.899743942070349,lgFu_train
118723135,-2.522878745,-2.1895992085642417,lgFu_train
118723137,-1.958607315,-2.0587815691078175,lgFu_train
118723138,-1.657577319,-1.7575723981040836,lgFu_train
118724903,-2.096910013,-1.9970515811278535,lgFu_train
118725719,-0.019542108,-0.09586683660320428,lgFu_train
118725724,-0.013676223,-0.11331198671060361,lgFu_train
118725729,-0.002176919,-0.1642819159980935,lgFu_train
118729163,-0.468521083,-0.3683482302743639,lgFu_train
118730345,-0.616184634,-0.7162263271625279,lgFu_train
118730352,-1.568636236,-1.440432262853474,lgFu_train
118730711,-0.823908741,-0.9240940341394841,lgFu_train
118732695,-0.853871964,-0.7779712842110098,lgFu_train
118732696,-0.795880017,-0.7062745712430114,lgFu_train
118732697,-0.585026652,-0.4849327290050628,lgFu_train
118732698,-0.48148606,-0.4373763474468817,lgFu_train
118732699,-0.214670165,-0.31467288340584265,lgFu_train
118732700,-0.638272164,-0.538294075147584,lgFu_train
118732701,-0.602059991,-0.5017530359744017,lgFu_train
118732702,-0.397940009,-0.39094755288973915,lgFu_train
118732703,-0.585026652,-0.5318170431036323,lgFu_train
118732705,-0.420216403,-0.5200702757608995,lgFu_train
118732706,-0.853871964,-0.7462628495134324,lgFu_train
118732707,-0.744727495,-0.6443024181318756,lgFu_train
118732709,-0.552841969,-0.650373559940961,lgFu_train
118732710,-1.096910013,-0.4896243550658289,lgFu_train
118732712,-0.346787486,-0.4463012531218977,lgFu_train
118732713,-0.366531544,-0.5909369219879992,lgFu_train
118732714,-0.568636236,-0.5836382631785639,lgFu_train
118732715,-0.585026652,-0.5710783510601902,lgFu_train
118732717,-0.638272164,-0.5656561479561202,lgFu_train
118734875,-0.259637311,-0.3597908239135481,lgFu_train
118734876,-0.408935393,-0.34622603518587847,lgFu_train
118735390,-1.657577319,-1.557795371397318,lgFu_train
118737138,-1.522878745,-1.4308231118599322,lgFu_train
118737793,-2.522878745,-2.3236813360906172,lgFu_train
118737794,-3.0,-2.875029706781724,lgFu_train
118737807,-2.301029996,-2.352455591945792,lgFu_train
118737848,-2.0,-2.0998667821636197,lgFu_train
118737849,-2.0,-1.7714952185467423,lgFu_train
118737850,-2.0,-1.9776488447707297,lgFu_train
118737851,-1.795880017,-1.6956999373932535,lgFu_train
118737852,-2.0,-1.9001940829549842,lgFu_train
118737853,-2.0,-2.0032112554508767,lgFu_train
118737854,-2.0,-2.2002812903294684,lgFu_train
118737855,-1.537602002,-1.4375295076251573,lgFu_train
118737856,-1.744727495,-1.5820716899822487,lgFu_train
118737857,-1.30980392,-1.4100987871467354,lgFu_train
118737858,-0.585026652,-0.9693366038926656,lgFu_train
118737859,-1.207608311,-1.3079222752972215,lgFu_train
118737860,-1.420216403,-1.320322756919808,lgFu_train
118737861,-0.420216403,-0.5204141443327482,lgFu_train
123481990,-1.226213555,-1.1646859029433796,lgFu_train
123778558,-1.571865206,-1.6579785786920134,lgFu_train
134828043,-0.585026652,-0.6848462709232357,lgFu_train
135398495,-0.476383581,-0.8962729753261134,lgFu_train
135398519,-0.00656377,-0.0734476100494672,lgFu_train
135398737,-1.522878745,-1.2041006067612745,lgFu_train
135398745,-1.062151119,-1.162417403585329,lgFu_train
135398752,-0.002176919,-0.26555346727572604,lgFu_train
135400456,-1.924453039,-1.6862670359728407,lgFu_train
135414361,-2.397940009,-1.8205794827910267,lgFu_train
135418940,-1.619788758,-2.0217815904011833,lgFu_train
135434911,-1.189095719,-1.1459996384947453,lgFu_train
135441196,-2.0,-1.8998672136194612,lgFu_train
135446234,-1.522878745,-0.5630832370981137,lgFu_train
135446244,-0.301899454,-0.4159303572599825,lgFu_train
135446276,-0.296708622,-0.8351082688213707,lgFu_train
135446290,-0.186419011,-0.6558151933180195,lgFu_train
135448133,-1.270295376,-1.173056373826506,lgFu_train
135450461,-1.15490196,-1.054962200759949,lgFu_train
135455617,-1.170053304,-1.1432256083374943,lgFu_train
135456161,-0.075720714,-0.1756848189761644,lgFu_train
135480622,-1.321481621,-1.421687968768419,lgFu_train
135483437,-0.08618615,-0.114565196056168,lgFu_train
135512673,-0.801946669,-0.901977302294956,lgFu_train
135513721,-1.2644011,-1.8436834920540695,lgFu_train
135541381,-2.0,-1.8025787377876143,lgFu_train
135547119,-1.236572006,-1.7588268956746833,lgFu_train
135565424,-0.823908741,-0.6945838612547812,lgFu_train
135566371,-1.698970004,-1.598987683822529,lgFu_train
135566935,-1.244125144,-1.5335463611901208,lgFu_train
135605572,-0.060480747,-0.16066752026110143,lgFu_train
135724997,-1.436518915,-0.9703631827907508,lgFu_train
135761774,-1.301029991,-1.400988328980501,lgFu_train
135771894,-1.124938737,-0.5442561484479409,lgFu_train
135779792,-2.0,-1.780580756195137,lgFu_train
135869565,-1.958607315,-1.7251553204709151,lgFu_train
135873861,-0.638272164,-0.5382591544063591,lgFu_train
135934887,-1.48148606,-1.487135483120802,lgFu_train
135934888,-0.958607315,-1.0588951497556824,lgFu_train
135949122,-1.958607315,-1.13132061490879,lgFu_train
135950129,-2.698970004,-2.317354096719935,lgFu_train
135960729,-1.823908741,-1.6430655061120853,lgFu_train
135985898,-2.22184875,-1.4229347128523957,lgFu_train
135999136,-1.920818754,-1.7563899219940242,lgFu_train
136002656,-2.823908741,-1.9242180892298615,lgFu_train
136034774,-2.251811973,-2.3521202433074944,lgFu_train
136069669,-1.397940009,-0.9807162290856051,lgFu_train
136087052,-1.244125144,-1.6009992539022846,lgFu_train
136189879,-1.292429824,-0.9989216141250005,lgFu_train
136193032,-0.042871802,-0.3339671161534924,lgFu_train
136205833,-1.568636236,-1.6688393641428574,lgFu_train
136216653,-1.388276692,-1.2880568472812566,lgFu_train
136216668,-1.427128398,-1.1440764186132197,lgFu_train
136227360,-0.57446578,-1.0162719431628209,lgFu_train
136229137,-1.493494968,-1.5394250102167129,lgFu_train
136229138,-1.679853714,-1.5801607829352085,lgFu_train
136229142,-1.397940009,-1.5252403467164972,lgFu_train
136229143,-1.886056648,-1.59374920844356,lgFu_train
136229147,-2.602059991,-2.048893345353488,lgFu_train
136234639,-2.0,-2.0286566671511768,lgFu_train
136234641,-2.0,-1.6839403067737775,lgFu_train
136234643,-1.721246399,-1.7721190740652792,lgFu_train
136234644,-1.568636236,-1.770596279768585,lgFu_train
136234645,-2.0,-1.6877899486850945,lgFu_train
136234646,-2.0,-1.5594064112138035,lgFu_train
136234647,-1.366531544,-1.2784219509742767,lgFu_train
136234648,-0.742321425,-0.9920732883492215,lgFu_train
136235504,-0.898596649,-0.9987743409859129,lgFu_train
136244545,-0.913640169,-1.2535439086361566,lgFu_train
136260791,-0.455931956,-0.5558992261094307,lgFu_train
136662663,-1.142667504,-1.0424629842271642,lgFu_train
136961620,-0.508638306,-0.6085568581745188,lgFu_train
139595999,-0.207608311,-0.27524768778381736,lgFu_train
141042209,-1.698970004,-1.598761704454984,lgFu_train
145852589,-1.924453039,-1.4391114465399932,lgFu_train
146677457,-0.579494166,-0.6796497336538039,lgFu_train
146677670,-0.560667308,-0.46034704056305165,lgFu_train
146677708,-1.952076454,-1.8521240588691543,lgFu_train
146678163,-0.369008689,-0.46908628191434654,lgFu_train
146678316,-2.472799902,-1.913263497766093,lgFu_train
146678318,-0.736736061,-0.7819263976708348,lgFu_train
146679188,-0.050609995,-0.08635495457611264,lgFu_train
146679283,-0.212303432,-0.5002372996785799,lgFu_train
165367714,-2.0,-1.8997531166210955,lgFu_train
168313356,-1.068542129,-1.1689549086660542,lgFu_train
137,,-0.054514843895660414,lgFu_test
158,-0.568636236,-0.8227925771129598,lgFu_test
471,-2.602059991,-1.6629646230216957,lgFu_test
535,,-0.12809512404250434,lgFu_test
598,,-0.9275620846523397,lgFu_test
681,-0.045757495,-0.313314650054623,lgFu_test
738,,-0.08626087100998969,lgFu_test
774,,-0.12246842742851727,lgFu_test
896,-0.302770657,-0.678095556199261,lgFu_test
991,-2.903089987,-2.0759253349858557,lgFu_test
996,-0.145664764,-0.2264511953261681,lgFu_test
1345,-1.792177551,-2.2353611283037447,lgFu_test
1355,,-0.41195727253614745,lgFu_test
1493,-1.56501616,-0.9060847827737561,lgFu_test
1593,-0.698970004,-2.039385478150182,lgFu_test
1645,,-0.21192204695568118,lgFu_test
1676,-0.37135275,-0.22598105245664712,lgFu_test
1727,,0.036487475326498764,lgFu_test
1805,-0.004364803,0.02166441766434657,lgFu_test
1978,-0.13076828,-0.10766416045218508,lgFu_test
2099,-0.638272164,-0.8645841069760948,lgFu_test
2131,,-1.0759220500152145,lgFu_test
2141,-0.017728771,-0.3344138559783246,lgFu_test
2154,-0.124938737,-0.5695109273013674,lgFu_test
2165,-1.0,-1.222087454669307,lgFu_test
2179,-1.572676214,-2.46551666058156,lgFu_test
2200,,-0.5216085423161957,lgFu_test
2268,-0.670683749,-1.9563892837393668,lgFu_test
2269,-0.084424303,-0.3899899120649778,lgFu_test
2294,-0.045757495,-0.2609746636612723,lgFu_test
2315,-1.22184875,-1.1407459769672676,lgFu_test
2344,-1.301029996,-1.0617466821400496,lgFu_test
2351,-2.124938737,-1.139267353612784,lgFu_test
2381,-1.013228266,-0.6894669042237697,lgFu_test
2441,-0.408935393,-1.07523210539327,lgFu_test
2471,-0.853871964,-1.7132725269321911,lgFu_test
2474,-1.301029996,-0.7032527751035246,lgFu_test
2528,0.0,-0.2461915001028555,lgFu_test
2541,-2.602059991,-1.990287964523261,lgFu_test
2543,,-2.301323622307688,lgFu_test
2585,-1.698970004,-1.8884191326284119,lgFu_test
2612,-0.610833913,-0.2402891791034797,lgFu_test
2655,-0.143673977,-0.25036227328316674,lgFu_test
2684,-0.070581069,-0.2251051014799016,lgFu_test
2708,-0.472370099,-1.972511804480109,lgFu_test
2710,-0.886056648,-1.2184597096425025,lgFu_test
2732,-0.602059991,-0.498866381598459,lgFu_test
2733,-0.073143291,-1.398441972145928,lgFu_test
2756,-0.096910013,-0.2798145912586254,lgFu_test
2762,-0.443697493,-0.784847168599444,lgFu_test
2764,-0.15490196,-0.18294022402549937,lgFu_test
2783,-0.301029996,-0.5014850315570311,lgFu_test
2801,-1.522878745,-1.0437443816788314,lgFu_test
2802,-0.823908741,-1.0780541018679308,lgFu_test
2806,-1.782715548,-1.719329088259678,lgFu_test
2879,-0.486928866,-0.39093064562192825,lgFu_test
2907,-0.096910013,-0.03781068228631379,lgFu_test
2942,-0.005096556,-0.07725148057050513,lgFu_test
2972,,-0.25467292348997217,lgFu_test
3016,-1.455931956,-1.452401460417709,lgFu_test
3019,-1.22184875,-0.5747422554377568,lgFu_test
3103,-2.0,-0.7469594977274147,lgFu_test
3111,-0.397940003,-0.35299592849603734,lgFu_test
3116,,-0.6921519962037537,lgFu_test
3118,-2.902803447,-1.521468651119865,lgFu_test
3151,-1.091514981,-1.093784012499007,lgFu_test
3156,,-1.3328520748262378,lgFu_test
3157,-1.607889538,-1.3709266728376956,lgFu_test
3162,,-0.440204106278939,lgFu_test
3168,-1.301029987,-1.0200777619268226,lgFu_test
3202,,-0.0856951028028834,lgFu_test
3229,-0.187086643,-0.11490381668271055,lgFu_test
3241,,-0.7444747764546726,lgFu_test
3249,-2.301029996,-1.8703175272287886,lgFu_test
3289,-1.03349924,-1.9985230902150541,lgFu_test
3306,-0.113509275,-0.1664426310205187,lgFu_test
3325,-0.083546051,-0.3910456603006669,lgFu_test
3337,,-0.5393258477150236,lgFu_test
3343,-0.275724137,-0.5663164142296785,lgFu_test
3344,,-0.4809994190831597,lgFu_test
3347,-2.951541884,-2.1878198855655793,lgFu_test
3356,-0.250509954,-0.9685928922437934,lgFu_test
3357,-0.13667714,-0.3688845561429519,lgFu_test
3365,-0.053056729,-0.12089988380960492,lgFu_test
3373,-0.301029996,-0.36400448486499126,lgFu_test
3385,,-0.3955798744747764,lgFu_test
3446,-0.013228266,-0.09283641713822166,lgFu_test
3450,,-1.0516166846219426,lgFu_test
3478,-1.823908741,-1.337763007133101,lgFu_test
3519,-0.494850022,-0.49719833810087244,lgFu_test
3547,,-0.15309677897143192,lgFu_test
3559,-0.612610174,-0.942943716787572,lgFu_test
3590,,-0.07173506596254553,lgFu_test
3657,0.0,-0.4255818413608472,lgFu_test
3676,-0.522878745,-0.27823395163497244,lgFu_test
3689,,-0.5646034456008406,lgFu_test
3698,,-0.2767071779723428,lgFu_test
3699,,-0.5743398140379865,lgFu_test
3730,-0.005096556,-0.27434911259577777,lgFu_test
3749,-1.0,-1.8800306369276036,lgFu_test
3767,-0.022276395,-0.30696034693949226,lgFu_test
3779,-0.214138307,-0.16052253687117424,lgFu_test
3784,,-1.4511766331342129,lgFu_test
3822,-1.259637311,-0.9702997087762804,lgFu_test
3825,-2.0,-1.9114202494186077,lgFu_test
3869,-0.301029996,-0.4783064497608407,lgFu_test
3883,-1.739430958,-1.6868434663330267,lgFu_test
3958,-0.823908741,-1.4594104340986127,lgFu_test
3961,-1.853871964,-1.8167175806956712,lgFu_test
3964,,-1.406539321350422,lgFu_test
3965,-1.397940009,-0.9694487045277338,lgFu_test
4021,,-0.43125029225427736,lgFu_test
4030,-1.124938737,-1.6235197824175294,lgFu_test
4034,,-1.9360547001350041,lgFu_test
4041,-2.124938737,-1.5422677276698444,lgFu_test
4046,-1.650804724,-0.9935539261659737,lgFu_test
4054,-0.259637307,-0.41811766580278964,lgFu_test
4058,-0.37675071,-0.3064992853853109,lgFu_test
4062,-0.576754126,-0.415474992168992,lgFu_test
4086,,-0.15962452171503272,lgFu_test
4098,,-0.3926714669304936,lgFu_test
4107,,-0.27957056022901905,lgFu_test
4174,-0.051489231,-0.2845473278112436,lgFu_test
4178,-0.346787486,-0.5310155345610176,lgFu_test
4197,-0.522878745,-0.8120827400801597,lgFu_test
4212,-0.660051938,-0.7208609667222847,lgFu_test
4264,-1.397940009,-0.7931408760675434,lgFu_test
4342,-0.045757491,-0.09007469249611044,lgFu_test
4411,-0.53387413,-0.2191572150297736,lgFu_test
4413,,-0.7025391110807881,lgFu_test
4440,-0.124938737,-0.262305544399391,lgFu_test
4485,-1.301029996,-1.2714828211521667,lgFu_test
4486,,-0.6607085545859108,lgFu_test
4499,-2.0,-1.4405945634272848,lgFu_test
4506,-0.886056648,-0.8754692299612957,lgFu_test
4507,,-1.3739177591989562,lgFu_test
4509,-0.41595161,-0.6038313706613828,lgFu_test
4583,-0.167491087,-0.32438372039278773,lgFu_test
4593,,-1.122100030800179,lgFu_test
4594,-1.301029996,-1.4099132760134419,lgFu_test
4626,,-0.08462590725229946,lgFu_test
4631,-0.576754126,-0.4739866796977258,lgFu_test
4634,-1.453567191,-0.8538154927298867,lgFu_test
4679,-1.698970004,-1.6668109110000837,lgFu_test
4739,-0.013228259,-0.08610478484438522,lgFu_test
4746,-1.403437701,-1.5999731020069783,lgFu_test
4771,,-0.18903129531255147,lgFu_test
4786,,-0.041288874508762285,lgFu_test
4790,-1.889312012,-1.3665040187300925,lgFu_test
4823,,-1.6071542660224991,lgFu_test
4828,-0.22184875,-0.5131466487033819,lgFu_test
4831,-0.154901963,-0.17321444042830136,lgFu_test
4836,-0.11350928,-0.05205684193239413,lgFu_test
4906,-0.145693958,-0.2839393030825479,lgFu_test
4919,-0.301029996,-0.3588503376789769,lgFu_test
4929,-2.903089987,-1.8357418031642818,lgFu_test
4934,,-0.5512292191540007,lgFu_test
4943,-1.677780705,-1.6563776005776378,lgFu_test
4976,-1.096910018,-1.0765294409339858,lgFu_test
4977,,-0.1087195303653421,lgFu_test
5002,-0.769551079,-1.1464178303616066,lgFu_test
5029,-1.431798276,-1.382730515475817,lgFu_test
5035,-1.88941029,-1.8482054272648454,lgFu_test
5070,-1.470029056,-1.2344576443197413,lgFu_test
5074,-2.0,-1.7377089689778702,lgFu_test
5076,-1.789146635,-1.4183564532398902,lgFu_test
5095,-0.221848742,-0.18829478014238887,lgFu_test
5125,-1.171225208,-1.830217097857619,lgFu_test
5155,-0.00290499,0.046926085515020866,lgFu_test
5193,-0.301029996,-0.3082353308397534,lgFu_test
5215,-0.346787486,-0.28581625971697366,lgFu_test
5216,-0.547574867,-0.6995560933952647,lgFu_test
5253,-0.000434512,0.03349754268669902,lgFu_test
5291,-1.072119311,-1.5680900593142764,lgFu_test
5329,-0.638272164,-0.771562542430887,lgFu_test
5339,-2.259637311,-1.8009965098417546,lgFu_test
5344,-1.102372909,-1.1077257079769787,lgFu_test
5353,,-1.1879545452102065,lgFu_test
5358,-0.083546051,-0.20905579177049094,lgFu_test
5379,-0.096910013,-0.3612154212280191,lgFu_test
5386,,-0.029080818898283844,lgFu_test
5403,-0.13076828,-0.17522013215014964,lgFu_test
5467,-0.001087096,0.07961049960767874,lgFu_test
5472,-1.425968732,-1.4025601892687036,lgFu_test
5487,-0.15490196,-0.602952841129285,lgFu_test
5504,-0.11350928,-0.19116142247027823,lgFu_test
5556,-1.0,-1.0990061046520605,lgFu_test
5566,-2.108226859,-1.4424172253194762,lgFu_test
5639,,-0.5887891451936811,lgFu_test
5717,-2.0,-2.438246903730697,lgFu_test
5735,-0.698970004,-0.3645687354138273,lgFu_test
5754,-1.0,-0.5873935130061817,lgFu_test
5773,,-0.23353051432413985,lgFu_test
5826,,-0.5148971573601283,lgFu_test
5852,,-0.751376639757309,lgFu_test
5918,,-0.1411354685592645,lgFu_test
5954,-1.950468952,-1.8120045989236875,lgFu_test
5959,-0.358525889,-0.6642912966141363,lgFu_test
5991,,-1.1239759429657419,lgFu_test
5994,,-0.9836274880879081,lgFu_test
6000,,-0.3651002169894131,lgFu_test
6005,,-0.8432929712099346,lgFu_test
6024,,-0.27204461558358606,lgFu_test
6027,,-0.145669496928704,lgFu_test
6032,,-0.4000149881868219,lgFu_test
6037,,-0.8317701449077253,lgFu_test
6041,,-0.22297221490545294,lgFu_test
6047,,-0.19170345345157092,lgFu_test
6058,,-1.0056263886273173,lgFu_test
6087,,-0.3350922629004457,lgFu_test
6112,,-0.2586660963560129,lgFu_test
6167,,-0.7101428004243752,lgFu_test
6168,,-0.04692664337913954,lgFu_test
6230,,-0.8072489025250181,lgFu_test
6249,-0.070581074,-0.23773656580004676,lgFu_test
6251,,-0.2522498906974948,lgFu_test
6253,,-0.03632342873998362,lgFu_test
6292,-0.823908726,-1.146480582712685,lgFu_test
6432,,-1.2626570644139643,lgFu_test
6436,,-0.5755596330814179,lgFu_test
6464,-0.420216403,-0.28541846405200133,lgFu_test
6569,-0.058304752,-0.2963852402863233,lgFu_test
6597,,-0.36304444974683325,lgFu_test
6634,-1.522878745,-1.183733938560304,lgFu_test
6643,-3.0,-1.095761705742712,lgFu_test
6726,-0.397940003,-1.0153270080785473,lgFu_test
6883,,-0.020992405932232616,lgFu_test
7028,0.0,-0.38759729734140547,lgFu_test
7421,-0.616184634,-0.28368983671154036,lgFu_test
7714,-1.462180905,-1.09661194920504,lgFu_test
7964,-0.694605633,-1.0400872654514324,lgFu_test
8223,-1.698970004,-1.445533107448735,lgFu_test
8226,,-0.5702462950553359,lgFu_test
8268,-2.90308726,-2.446588966296007,lgFu_test
8411,-0.586340928,-0.7350700470484384,lgFu_test
8461,-1.017633775,-0.9104264279630655,lgFu_test
8652,-1.725842151,-1.583377535198871,lgFu_test
8784,-1.301899454,-0.5993548481654152,lgFu_test
8982,,-1.2115891695841599,lgFu_test
9053,,-0.7511452640607283,lgFu_test
9444,,-0.019683596941515225,lgFu_test
9565,-0.698970004,-0.866951510206896,lgFu_test
9801,-1.522878745,-1.7333173266703255,lgFu_test
9864,,-0.5597888020514354,lgFu_test
10100,,-0.9745139209865334,lgFu_test
10101,,-0.3101673675136689,lgFu_test
10133,,-0.8696860856567878,lgFu_test
10391,-0.275724143,-0.3769086077190189,lgFu_test
10707,-1.15805269,-0.42333355584949295,lgFu_test
10783,-0.443697496,-1.0363209757722722,lgFu_test
10800,-2.57888987,-1.4974254092804729,lgFu_test
10836,,-0.4630283412358672,lgFu_test
10917,,-0.08322271179935048,lgFu_test
11693,,-0.9109446236925658,lgFu_test
12035,,-0.716383786685512,lgFu_test
12281,-1.282329497,-0.9459245996288227,lgFu_test
12560,-1.0,-0.6379800272819578,lgFu_test
12932,-2.170696227,-2.076651480220339,lgFu_test
13263,-2.488116639,-1.4938680548441199,lgFu_test
13314,-0.920818754,-1.520641050036095,lgFu_test
13342,-0.853871964,-0.494187906501134,lgFu_test
13878,-0.337950837,-0.16285218335715856,lgFu_test
14052,,-0.3467310292324607,lgFu_test
15130,,-0.99417296111023,lgFu_test
15387,-0.301029996,-0.1269117410935039,lgFu_test
15459,,-0.7476918848356094,lgFu_test
15541,,-0.21099459593524605,lgFu_test
16003,-1.719877104,-2.7220458533484937,lgFu_test
16363,,-0.7812145362724834,lgFu_test
16421,-1.993107788,-2.07194827864228,lgFu_test
16850,,-1.8181501512931386,lgFu_test
17004,-1.565431096,-1.2054825808716882,lgFu_test
17182,,-1.1043816767538166,lgFu_test
17507,,-0.39003932034277555,lgFu_test
18283,,0.034543066263489575,lgFu_test
19649,,-0.6566726647390404,lgFu_test
20279,,-0.1670482366764341,lgFu_test
20824,,-0.37949879335506764,lgFu_test
21233,,-0.3242290115418873,lgFu_test
21700,,-0.956497640646863,lgFu_test
22419,-2.124938737,-1.6904245099300415,lgFu_test
23606,,-0.31716514799674245,lgFu_test
24066,,0.06621023790380698,lgFu_test
24750,,-2.0641919270414175,lgFu_test
26098,-2.259637311,-0.6932356530739401,lgFu_test
26388,,-0.7870625847644448,lgFu_test
27447,-0.070581074,-0.27999126318564393,lgFu_test
28417,,-1.2731869171670869,lgFu_test
28693,,-1.2426626809013017,lgFu_test
28864,,-0.712086961292431,lgFu_test
29393,-2.425968732,-2.375122507771931,lgFu_test
30131,,-0.4563289764633037,lgFu_test
30323,,-1.3800520980082955,lgFu_test
30479,-0.310831784,-0.60564786098378,lgFu_test
30668,-0.397940003,-0.7725000693192832,lgFu_test
30699,,-0.35213997608465497,lgFu_test
31072,-0.031517049,-0.04595866777220925,lgFu_test
31101,,-1.3343102545899057,lgFu_test
31315,-1.575118363,-1.583547371881455,lgFu_test
31402,,-0.8810317214782593,lgFu_test
31508,,-1.6586136808340464,lgFu_test
31640,,-1.5280313604663702,lgFu_test
31703,-0.602059991,-1.3227281163910372,lgFu_test
31729,-0.183758698,-0.2642650171791052,lgFu_test
32154,-1.165837953,-1.5485578790765202,lgFu_test
32176,,-1.6206069995408146,lgFu_test
33036,,-0.49219575551744477,lgFu_test
33042,,-0.4064748428202336,lgFu_test
33255,-0.838631998,-0.4933528425672846,lgFu_test
33613,-0.096910013,-0.16671411089667565,lgFu_test
35935,-2.602059991,-1.5564308117029317,lgFu_test
36109,,-0.8609300600738469,lgFu_test
36119,,-0.4533967418043676,lgFu_test
36273,,-0.16130707768985308,lgFu_test
36294,,-0.4306331398315816,lgFu_test
36354,,-0.37496700043662323,lgFu_test
36921,,-0.44822948069125756,lgFu_test
37264,,-0.9564948453128306,lgFu_test
37542,,-0.017905445044014368,lgFu_test
37768,,-0.4421481633669393,lgFu_test
37910,-1.045757491,-0.8652441317904158,lgFu_test
38103,-0.022276395,-0.1745476727347146,lgFu_test
38360,-1.598599459,-1.3413946092331837,lgFu_test
38477,,-0.8827399472684763,lgFu_test
38479,-2.903089987,-2.8317873936126645,lgFu_test
38521,,-0.038976983244567,lgFu_test
38853,-0.070581074,-0.17974557230898092,lgFu_test
38945,-0.060480747,-0.27397797260062995,lgFu_test
39186,-0.698970004,-0.8767231103064276,lgFu_test
39765,,-0.6744546448460439,lgFu_test
39860,,-1.9041964522782062,lgFu_test
39981,,-0.31685325687379784,lgFu_test
40113,,-1.4518548230077795,lgFu_test
40632,,-0.26590213675374197,lgFu_test
40839,,-0.6132304041558441,lgFu_test
41049,-0.136677137,-0.21205534610024268,lgFu_test
41384,-3.0,-1.7252497929734025,lgFu_test
41385,-0.028260409,-0.3290338109189366,lgFu_test
41684,-1.301029996,-1.7585359874581492,lgFu_test
41781,-2.0,-1.6413634805007649,lgFu_test
41835,,-0.5915606958216895,lgFu_test
42008,,-0.6778333133409742,lgFu_test
42396,,-0.2695763604765926,lgFu_test
42890,,-1.3093986855781072,lgFu_test
43008,,-0.38681538679270744,lgFu_test
43234,-1.294136288,-1.9053519753905845,lgFu_test
43507,,-0.6119009643544829,lgFu_test
43672,,-0.4619511142366787,lgFu_test
43708,,-0.32295822051763035,lgFu_test
44097,-0.11350928,-0.25398463306284513,lgFu_test
44187,-0.903089987,-0.8348901821216304,lgFu_test
44463,,-0.18085593108506637,lgFu_test
47528,-0.124938737,-0.014252404893622783,lgFu_test
47608,,-0.5979317698532801,lgFu_test
47811,,-0.8930724233931815,lgFu_test
47965,-0.408935393,-0.19440348714806333,lgFu_test
49344,,-0.30823674604146933,lgFu_test
50192,,-0.44837764330238583,lgFu_test
50515,,-0.2838738856291545,lgFu_test
50942,,0.03169748413701923,lgFu_test
51081,-0.124938737,-0.2692979767224275,lgFu_test
51556,-1.769551079,-2.337890527122431,lgFu_test
51634,,-0.15615943036111513,lgFu_test
53025,,-0.9096266113394983,lgFu_test
53084,-0.065501549,-0.41834055294127626,lgFu_test
53276,-0.823908741,-1.019573973954636,lgFu_test
53511,,-0.7526532228559304,lgFu_test
53708,,-1.4131199588161898,lgFu_test
54385,,-0.8671091125493243,lgFu_test
54459,,-0.319965073669509,lgFu_test
54477,-0.657577319,-0.3310793888780492,lgFu_test
54740,-0.537724573,-0.31416891661282575,lgFu_test
54746,,-0.5021435571870875,lgFu_test
54766,-0.259637307,-0.5906030955048963,lgFu_test
54786,,-0.6712031798732555,lgFu_test
54841,-1.698970004,-0.6719908161802111,lgFu_test
55245,,-1.4188739945299966,lgFu_test
55263,,-0.5905000676822681,lgFu_test
55331,,-0.8065971461631898,lgFu_test
55492,,-0.17384346560834518,lgFu_test
55690,,-1.2114034083349532,lgFu_test
55886,,-0.19558799672613958,lgFu_test
57026,,-1.4267570745927467,lgFu_test
58505,-0.017728767,-0.06403201661301572,lgFu_test
59227,,-1.074829219884038,lgFu_test
59708,-0.037788562,-0.10218167523796762,lgFu_test
60063,-0.017728767,-0.401783720741824,lgFu_test
60172,-0.017728767,-0.0707768588563562,lgFu_test
60182,,-1.439395009411183,lgFu_test
60198,,-0.9192318221627344,lgFu_test
60203,,-1.601377545606275,lgFu_test
60404,-0.911863911,-1.978293087605644,lgFu_test
60464,-0.213248578,-0.5099479595104695,lgFu_test
60594,,-0.7102972822332605,lgFu_test
60606,,-1.537655825485121,lgFu_test
60648,-1.420216403,-1.6419620984132022,lgFu_test
60663,,-1.4477660078270789,lgFu_test
60700,,-0.5162598046557351,lgFu_test
60726,-2.805023443,-1.3210773484065257,lgFu_test
60750,,-0.02808812851486242,lgFu_test
60751,,-1.1980650146265894,lgFu_test
60753,-0.22184875,-0.42409622682060244,lgFu_test
60794,,-1.2001934575228734,lgFu_test
60795,-2.0,-1.6511420176075369,lgFu_test
60803,,-1.174861233657398,lgFu_test
60815,-0.610833916,-0.40959447904178514,lgFu_test
60823,,-1.8000817647941267,lgFu_test
60835,,-1.0828627204978312,lgFu_test
60838,,-0.4707614317977292,lgFu_test
60854,-2.734260541,-1.6921922729129453,lgFu_test
60855,-0.045757491,-0.16448315075370634,lgFu_test
60857,-0.124938737,-0.5254409532841353,lgFu_test
60877,,-0.053867084092488415,lgFu_test
60927,,-1.7343354838575973,lgFu_test
60947,,-0.5149969670164067,lgFu_test
60956,,-0.7272196225979332,lgFu_test
61719,-2.137868621,-2.0977806782647304,lgFu_test
62459,-1.903089987,-2.2907371522046045,lgFu_test
62956,,-1.784777979100052,lgFu_test
62965,,-0.9049402112211262,lgFu_test
62989,,0.02837890378842478,lgFu_test
64143,,-2.064440163784865,lgFu_test
64627,,-1.6239956837218523,lgFu_test
64727,,-0.6471536068897815,lgFu_test
64766,,-0.6171188312203539,lgFu_test
64990,,0.03563074263091681,lgFu_test
65015,-0.37675071,-0.8584063447589404,lgFu_test
65492,,-0.10249382093682913,lgFu_test
65502,,-0.3560457899036258,lgFu_test
65589,,-0.7247267692404771,lgFu_test
65628,,-1.6287000615692624,lgFu_test
65637,,-0.8410362717039078,lgFu_test
65755,,-0.5005232648469142,lgFu_test
65770,,-0.5799336399144455,lgFu_test
65820,-1.698970004,-1.7877888166861404,lgFu_test
65833,,-0.29090436572238354,lgFu_test
65853,,-0.36704062722937725,lgFu_test
65863,-2.0,-2.224853459808264,lgFu_test
65871,-1.718966633,-1.678042450504877,lgFu_test
65894,,-0.10965276891953724,lgFu_test
65906,-1.698970004,-1.8597343159565898,lgFu_test
65907,,-1.2446487245055806,lgFu_test
65938,,-0.7229885847777187,lgFu_test
65944,,-0.15577959743018988,lgFu_test
65954,,-1.2203642951213016,lgFu_test
65957,,-0.22551270685379365,lgFu_test
65960,,0.08883400170068834,lgFu_test
65981,-1.698970004,-1.8312982119841883,lgFu_test
65996,,-0.6197570276076446,lgFu_test
65998,,-1.9232737974731764,lgFu_test
65999,-2.22184875,-1.917561993086796,lgFu_test
66005,,-0.4656989493088777,lgFu_test
66129,,-1.1246799963685854,lgFu_test
66265,,-0.74864603997709,lgFu_test
66387,,-0.4465822179991802,lgFu_test
67091,,-1.2494711438602542,lgFu_test
67734,-2.872247808,-1.6791468445848516,lgFu_test
67818,-2.785175087,-1.805859364165865,lgFu_test
68071,,-1.4969828762290986,lgFu_test
68575,,-1.48981181663433,lgFu_test
68666,,-0.8711793903638074,lgFu_test
68682,,-0.4366960398422036,lgFu_test
68712,,-0.24226482405427807,lgFu_test
68740,-0.107905401,-0.2034295526943647,lgFu_test
68741,-1.522878745,-1.3944060412917036,lgFu_test
68770,-0.408935393,-0.8047587284691227,lgFu_test
68792,,-0.48634476572477947,lgFu_test
68861,,-0.8937138538243945,lgFu_test
69785,-2.819609297,-2.0788871928328536,lgFu_test
70837,-1.732828272,-1.7619026698793006,lgFu_test
71130,,-1.1993136286603172,lgFu_test
71222,,-0.8714545654969446,lgFu_test
71310,,-0.7818255927982402,lgFu_test
71320,,-0.4279103845321146,lgFu_test
71329,-0.417325893,-0.8353176250294968,lgFu_test
71339,,-0.19950096942796824,lgFu_test
71342,,-0.5405396416155694,lgFu_test
71360,,-1.4013846881900944,lgFu_test
71384,,-0.11734629756430226,lgFu_test
71616,-0.37675071,-0.39450198981325657,lgFu_test
71698,,-0.5821922993484425,lgFu_test
71733,-0.721246399,-0.7867556961814518,lgFu_test
71736,,-0.8087491353653312,lgFu_test
71771,-2.0,-1.5646413899441356,lgFu_test
71815,,-0.11699087251020512,lgFu_test
71927,,-0.36463623544708257,lgFu_test
71970,,-0.7158003485697955,lgFu_test
72015,,-0.1461111962662316,lgFu_test
72022,,-0.5028984497778076,lgFu_test
72397,,-0.5069232838382662,lgFu_test
72402,,-1.309587140459724,lgFu_test
72445,,-0.24331343284964868,lgFu_test
72495,,-0.9591298064536511,lgFu_test
72766,,-0.770373329099317,lgFu_test
72828,,0.01710687704035041,lgFu_test
77993,,-0.9724061165173101,lgFu_test
77999,-2.49148333,-2.0507502933428006,lgFu_test
79878,-2.286509457,-1.4919760190789813,lgFu_test
84029,-0.236572006,-0.8094199753847711,lgFu_test
86173,-2.15490196,-2.342213195485615,lgFu_test
86367,-2.647817482,-1.7620506096461248,lgFu_test
89386,-2.124938737,-1.0682379559111432,lgFu_test
91270,,-0.724091399873741,lgFu_test
91503,,-0.5703132532598305,lgFu_test
91562,,-0.18976026280005476,lgFu_test
91754,-2.903089987,-2.666383997887044,lgFu_test
92253,,-0.6969513943663382,lgFu_test
92722,,-0.6455209054863356,lgFu_test
92727,,-1.776261847978756,lgFu_test
92943,,-1.4110013907780745,lgFu_test
92974,,-0.14051683743975496,lgFu_test
93052,,-0.4202010958945298,lgFu_test
94423,,-0.4690933618256288,lgFu_test
97226,,-1.3665790439119612,lgFu_test
100773,,-0.769749684581556,lgFu_test
101524,,-1.502964315046279,lgFu_test
104799,,-0.82181044173862,lgFu_test
104838,-0.065501549,-0.07941237993173789,lgFu_test
104865,-1.748445282,-1.8591045512931434,lgFu_test
105010,-1.215627614,-1.66120155265009,lgFu_test
107778,,-1.9694205789794332,lgFu_test
107805,,-0.7001797610073197,lgFu_test
107917,,-1.1459329195514076,lgFu_test
107963,,-0.20363302110190118,lgFu_test
107970,,-1.0084905878766688,lgFu_test
107994,-0.494850022,-1.2653085335409515,lgFu_test
108000,,-1.018507573719445,lgFu_test
108059,,-0.8792451488086184,lgFu_test
108150,,-1.0234846985195485,lgFu_test
108161,,-1.3759200422027222,lgFu_test
108207,,-1.3040326775477427,lgFu_test
110635,,-1.4458774739198441,lgFu_test
115237,-0.638272164,-0.5908564634678777,lgFu_test
115303,,-0.5343755867218146,lgFu_test
115355,,-1.0600914023233476,lgFu_test
115358,,-1.9143730226826967,lgFu_test
115817,,-0.18499415673125408,lgFu_test
119182,,-0.10947947316454387,lgFu_test
119570,,-0.3044076590105551,lgFu_test
119590,,-0.6449909302728054,lgFu_test
119607,-1.65490196,-1.7263829780868232,lgFu_test
121396,,-0.45304526536958645,lgFu_test
121879,,-1.3887270886293717,lgFu_test
121892,-0.855425792,-1.3634848512159086,lgFu_test
121911,,-1.194907648548705,lgFu_test
121928,,0.0977294358153955,lgFu_test
121985,,-0.38361106945948753,lgFu_test
122010,,-1.5717355715767667,lgFu_test
122087,-2.056134662,-1.317303862245879,lgFu_test
122115,,-0.6456660271170092,lgFu_test
123610,-0.124938737,-1.0869827505372278,lgFu_test
123628,,-0.22888001797753765,lgFu_test
123868,,-0.14274070979672326,lgFu_test
124093,,-1.0577321329162028,lgFu_test
126941,-0.301029996,-0.6839883911771006,lgFu_test
127151,,-1.1971080470911513,lgFu_test
127527,,-0.7649706468562623,lgFu_test
127657,,-2.3593670432843368,lgFu_test
129211,-2.0,-0.5250625003741876,lgFu_test
129228,,-0.2076255953402263,lgFu_test
129935,,-0.04418303384807731,lgFu_test
130021,,-0.1259325560686293,lgFu_test
130904,,-1.121515948986508,lgFu_test
131682,,-0.6313258398530555,lgFu_test
132971,,-1.3963380197806632,lgFu_test
132999,,-0.8734630369323346,lgFu_test
133081,,-0.7125670086465785,lgFu_test
134018,,-2.0058976675811837,lgFu_test
134019,,-0.2899962322272258,lgFu_test
134780,,-0.4197494299362733,lgFu_test
146570,,-0.6972934492197908,lgFu_test
148121,,-0.8453912854065156,lgFu_test
148124,,-1.248938899966905,lgFu_test
148183,,-2.362431498958487,lgFu_test
148189,,-0.4326814873359972,lgFu_test
148195,,-1.2811463628357347,lgFu_test
148200,,-0.6380792500105971,lgFu_test
148201,,-1.8724049862498071,lgFu_test
148202,,-1.4070227638658266,lgFu_test
149096,-0.161150909,-0.29681417720880776,lgFu_test
150610,-1.15490196,-0.3166592122205558,lgFu_test
151115,,-0.9380825369946262,lgFu_test
151171,-2.301029996,-1.6514105836639172,lgFu_test
151172,-0.345823458,-0.2786857619612393,lgFu_test
151174,-2.057991947,-1.3989551447543787,lgFu_test
151897,,-1.212637678083157,lgFu_test
152946,-0.301029996,-0.37206740934375293,lgFu_test
153994,,-1.8310340781319228,lgFu_test
154101,,-0.22797813458330485,lgFu_test
154234,,-0.16849654931182556,lgFu_test
154257,,-1.9721579668460396,lgFu_test
154315,,-0.8545050270372099,lgFu_test
155774,-0.013228266,-0.2875371006562564,lgFu_test
156419,,-1.5929392381844023,lgFu_test
158781,-2.0,-1.4963782427527244,lgFu_test
159324,-2.15490196,-2.1027559804717297,lgFu_test
159502,,-0.5285211581591891,lgFu_test
160093,,-0.3815648967284647,lgFu_test
163091,,-1.3336924260019898,lgFu_test
164089,,-1.0898744657352988,lgFu_test
166585,,-0.6447281577479439,lgFu_test
174236,,-0.5088534051803419,lgFu_test
175805,-1.22184875,-0.6036879893256824,lgFu_test
176077,,-0.3054800220071153,lgFu_test
176873,,-0.7169328108886266,lgFu_test
176879,-0.077447531,-1.712751990379107,lgFu_test
182137,,-0.2370708238619793,lgFu_test
183797,-0.266000713,-0.03856215181485023,lgFu_test
185460,,-1.2010012527438152,lgFu_test
185617,,-1.3954922435351973,lgFu_test
188824,,-0.00731151999066082,lgFu_test
189912,,-0.6948612090741417,lgFu_test
190591,,-2.0588925848336883,lgFu_test
198068,,-1.632904562061419,lgFu_test
198757,,-1.499354517538723,lgFu_test
200742,,-0.8017881968365339,lgFu_test
208898,-3.045757491,-1.4301718050457906,lgFu_test
208901,,-1.9197809348128159,lgFu_test
208902,,-0.6910360754949274,lgFu_test
208908,-2.292513326,-1.7213336872817846,lgFu_test
208914,,-1.2069890798052072,lgFu_test
213027,-0.293680578,-0.37053226122976723,lgFu_test
213032,-2.013228266,-1.7710670216659783,lgFu_test
213039,,-1.2251313226977432,lgFu_test
213043,-1.15490196,-1.1197260894232695,lgFu_test
213046,,-1.3614810903562684,lgFu_test
214350,,-2.3749349629045424,lgFu_test
214351,,-1.5759362367434893,lgFu_test
214356,-1.380211243,-0.915061271552099,lgFu_test
216210,-0.276708554,-0.5253286282486909,lgFu_test
216232,,-1.3672766098506295,lgFu_test
216262,,-0.04580630102425154,lgFu_test
216454,,-0.9674057722550301,lgFu_test
216466,,-1.2294046412262096,lgFu_test
216866,,-0.4837677470243089,lgFu_test
219022,,-0.19907663338796477,lgFu_test
219023,,-1.3003314856494688,lgFu_test
219024,,-0.12648660600050454,lgFu_test
219078,,-0.34019473022414637,lgFu_test
219100,,-1.4275724079018128,lgFu_test
219101,,-0.40924067877905035,lgFu_test
222284,,-1.3838531903309086,lgFu_test
242973,-2.508638306,-0.9997572670440504,lgFu_test
248862,-0.10145764,-0.0035416731479038788,lgFu_test
259329,,-1.607891596201178,lgFu_test
272833,,-0.5634576488664145,lgFu_test
275196,,-1.395163670856481,lgFu_test
294641,,-0.23707172300616797,lgFu_test
319260,-1.226213555,-1.2158327057562626,lgFu_test
327044,,-0.517021345643882,lgFu_test
354624,-0.27572413,-0.044222603339680866,lgFu_test
392622,,-1.3569551515435998,lgFu_test
431850,,-1.6756059128931176,lgFu_test
439280,,-0.5061394417459786,lgFu_test
439435,,-0.2945413509104199,lgFu_test
439739,-0.863279433,-0.7734176065906119,lgFu_test
441074,,-0.6457339163507076,lgFu_test
441130,,-0.015335249005127283,lgFu_test
441199,,-0.1824771228025137,lgFu_test
441207,,-0.42364051390330737,lgFu_test
441233,,-0.407849918524816,lgFu_test
441243,-1.698970004,-1.3537905437160158,lgFu_test
441289,,-0.8237843701950291,lgFu_test
441290,,-0.39762217628416063,lgFu_test
441300,,-0.12702514430691503,lgFu_test
441306,,-0.3630799321355973,lgFu_test
441314,-0.045757491,-0.45273027688043854,lgFu_test
441462,,-0.47754965399351323,lgFu_test
443879,-1.431798276,-0.7930186592444114,lgFu_test
443891,,-1.089505209893572,lgFu_test
443955,,-0.584095188920919,lgFu_test
444031,,-1.5873511481056668,lgFu_test
444036,,-1.0774791591765183,lgFu_test
445125,,-0.4834305174461313,lgFu_test
446156,-2.096910013,-1.3534776515763638,lgFu_test
446284,,-1.1404509368348654,lgFu_test
446598,-1.22184875,-0.1752564968017578,lgFu_test
447043,,-0.5453808951697106,lgFu_test
447715,,-0.9937196397190564,lgFu_test
448055,,-0.7426308330930769,lgFu_test
448545,,-1.6344240636716738,lgFu_test
449193,-2.301029996,-2.334318936721913,lgFu_test
451668,,-0.0043963023383886135,lgFu_test
452548,,-1.906989786340957,lgFu_test
454194,,-0.09341029564648906,lgFu_test
455041,,0.02802946942653839,lgFu_test
456255,,-0.7130503280549432,lgFu_test
456601,,-0.09394314305747886,lgFu_test
457954,,-0.1327506300510637,lgFu_test
459877,-1.2644011,-1.383804248266218,lgFu_test
460612,,-0.7484627133871612,lgFu_test
461399,-0.292429824,-0.8257538956386652,lgFu_test
464205,,-0.16092025308238012,lgFu_test
468214,,0.009263269567972632,lgFu_test
468595,-1.698970004,-1.8462324470475724,lgFu_test
470999,,-0.49567022642257375,lgFu_test
471161,,-0.9920845580314277,lgFu_test
483477,,-1.6301482031418313,lgFu_test
487101,,-0.689002587184196,lgFu_test
493570,,-0.7144797169317202,lgFu_test
515328,,0.03484943472496882,lgFu_test
545839,,-0.6440798277834978,lgFu_test
619285,-1.886056648,-1.0293412992088702,lgFu_test
636405,,-0.7871785290289091,lgFu_test
636822,,-0.6779442258464392,lgFu_test
643497,,-0.22272846126806978,lgFu_test
644006,,-0.38640716569226197,lgFu_test
644019,,-2.2284415247080664,lgFu_test
644073,,-0.7262461751907667,lgFu_test
644809,-1.76700389,-1.1202904597698737,lgFu_test
646135,-0.996108834,-1.1489774748727224,lgFu_test
656511,,-0.41646550237304936,lgFu_test
656575,,-0.34461214387777805,lgFu_test
657237,,-0.0903038445240889,lgFu_test
667467,,-1.6052857673087029,lgFu_test
667477,,-0.9260559062860488,lgFu_test
667484,,-0.525459321373213,lgFu_test
667531,,-0.5336751053483031,lgFu_test
669092,-0.855425792,-0.4035844685750787,lgFu_test
688570,,-0.3127718091741546,lgFu_test
736152,,-0.6658653319137743,lgFu_test
752812,-2.22184875,-1.557560212760479,lgFu_test
854019,,-0.0491001769720556,lgFu_test
854498,,-0.21079709637687505,lgFu_test
931837,,-1.1528323506319746,lgFu_test
941651,,-1.0550526752129847,lgFu_test
1246102,-0.249491605,-0.9060127183339717,lgFu_test
1349907,,-0.005083765820348862,lgFu_test
1374121,-1.679853714,-1.7965626579151492,lgFu_test
1536986,-3.0,-2.4820066799074927,lgFu_test
1548887,,-1.6764831944079042,lgFu_test
1548972,,-1.5789406204755956,lgFu_test
1549008,,-1.9012849530338638,lgFu_test
1550874,,-0.18763103335706677,lgFu_test
2106159,-2.48148606,-2.421638488150458,lgFu_test
2723601,-0.094743951,-0.3540046473736099,lgFu_test
3000237,,-0.8369941875968596,lgFu_test
3000540,-0.552841969,-0.07888740173260111,lgFu_test
3001055,,-0.22000204463506845,lgFu_test
3002190,,-0.8362198937295471,lgFu_test
3005573,,-2.1832791037784403,lgFu_test
3010818,,-1.2662561121598106,lgFu_test
3011155,,-0.11227858677657299,lgFu_test
3022645,-1.721246399,-1.1388784823032159,lgFu_test
3025944,,-1.0067216841305662,lgFu_test
3025986,,-0.6729681301421493,lgFu_test
3032285,,-0.5181848121227715,lgFu_test
3033053,,-0.5638092885038443,lgFu_test
3033742,,-0.25528364064270215,lgFu_test
3033769,,-0.7686377566804561,lgFu_test
3033825,,-1.0181993659182507,lgFu_test
3033968,,-0.8554617590044722,lgFu_test
3034013,,-1.3860055492765433,lgFu_test
3034034,,-0.6210336635298568,lgFu_test
3035698,,-0.5050654510750517,lgFu_test
3036505,,-2.3580891835671522,lgFu_test
3037209,,-0.36447923297911156,lgFu_test
3037233,,-1.5362695678963774,lgFu_test
3037617,,-1.5690969267521253,lgFu_test
3038484,,-0.14424157416533334,lgFu_test
3038485,,-0.3005488919691397,lgFu_test
3038498,,-1.230192980685253,lgFu_test
3052762,,-0.5431189360369,lgFu_test
3052776,,-0.9702495401629146,lgFu_test
3057230,,-0.8022330251361265,lgFu_test
3062316,,-1.2037576017800233,lgFu_test
3081349,,-0.6030715973821296,lgFu_test
3081361,,-1.110092117132032,lgFu_test
3086668,,-2.288330661170505,lgFu_test
3086670,,-1.6591423572488442,lgFu_test
3246080,,-0.7839108505902439,lgFu_test
3317081,-1.240332155,-1.4642671337977826,lgFu_test
3504707,-0.397940009,-0.35180431948640023,lgFu_test
3794430,-2.0,-1.3924737609445348,lgFu_test
3829283,-2.37675071,-1.979774202247383,lgFu_test
4475886,-0.602059991,-0.8454633129616963,lgFu_test
4580358,-0.110698297,-0.6271150097966015,lgFu_test
4659180,-1.698970004,-1.6320610859369014,lgFu_test
4988454,-3.0,-1.5082293371610984,lgFu_test
5280343,,-1.4882790561154855,lgFu_test
5280453,,-0.7488808656811606,lgFu_test
5280723,,-0.5837345177129794,lgFu_test
5280961,-1.615145733,-1.686494729186386,lgFu_test
5281006,,-0.21539140735991347,lgFu_test
5281037,-1.657577319,-1.7500844869953418,lgFu_test
5281040,-2.397940009,-2.3900258697875434,lgFu_test
5281081,,-1.2921335174896131,lgFu_test
5281104,,-0.8341097642625754,lgFu_test
5281708,-1.257274869,-1.7098464633719814,lgFu_test
5281780,,-1.2509041827873368,lgFu_test
5281881,,-1.5348008028647655,lgFu_test
5282181,,-0.9949704941869408,lgFu_test
5282242,,-0.29045914886923396,lgFu_test
5282380,,-0.7432720801988771,lgFu_test
5282452,,-1.7700980221160232,lgFu_test
5284371,-0.075720714,-0.2900996286511184,lgFu_test
5284514,,-1.0429705905175384,lgFu_test
5284529,,-0.056223371485566664,lgFu_test
5284543,,-0.2730921679149463,lgFu_test
5284570,,-0.25184874691019976,lgFu_test
5284583,,-0.1744601560062291,lgFu_test
5284585,,-0.3108898837798513,lgFu_test
5284594,,-0.18197146988359258,lgFu_test
5284596,-0.255707017,-0.1605849628786553,lgFu_test
5284603,-0.259637311,-0.20501524324633913,lgFu_test
5284604,,-0.15653080620152338,lgFu_test
5284607,,-1.6113784524081445,lgFu_test
5284627,,-0.24119735685050636,lgFu_test
5287969,,-1.3763358508464714,lgFu_test
5288826,-0.170696227,-0.1587624939066863,lgFu_test
5311037,,-1.0486963097633126,lgFu_test
5311044,,-0.668805816259775,lgFu_test
5311047,,-1.6918099392149033,lgFu_test
5311068,,-0.9902089277194006,lgFu_test
5311181,,-0.5483012495756221,lgFu_test
5311304,,-0.18666427933269314,lgFu_test
5311399,,-0.7943295651584745,lgFu_test
5311497,,-0.4272313385602,lgFu_test
5312109,,-1.1782660169709207,lgFu_test
5312125,,-0.6043278418455686,lgFu_test
5324346,,-0.6952661534609841,lgFu_test
5328940,,-1.3219973082610381,lgFu_test
5329098,,-1.3414349938269938,lgFu_test
5329102,,-0.6900690932901024,lgFu_test
5329334,-0.581698709,-0.7306666766143176,lgFu_test
5330524,-2.397940009,-2.6506360219123244,lgFu_test
5330790,-0.721475035,-0.6551360475902853,lgFu_test
5351387,,-1.38314244710969,lgFu_test
5352062,,-0.6611269912795406,lgFu_test
5359272,,-0.23892691222487217,lgFu_test
5360515,,-0.16213574025043487,lgFu_test
5360621,,-0.47082415156068924,lgFu_test
5361092,-0.698970004,-0.4569165123283323,lgFu_test
5361871,,-0.758555918207471,lgFu_test
5361918,,-0.2753067611903932,lgFu_test
5362065,-0.455931956,-0.2792331996391927,lgFu_test
5362119,0.0,-0.42503034804710804,lgFu_test
5362440,-0.408935393,-1.6718655754692981,lgFu_test
5369209,,-0.3387162149400075,lgFu_test
5388906,,-1.9608962329527513,lgFu_test
5388993,,-0.6597260107159721,lgFu_test
5458656,,-0.8918296175587972,lgFu_test
5462328,,-0.3079278551176672,lgFu_test
5462501,-0.207608311,-0.6599041336664053,lgFu_test
5463984,,-1.139978491663032,lgFu_test
5464097,,-0.6889936719230907,lgFu_test
5479530,-1.301029996,-0.7119545621912828,lgFu_test
5479537,-0.096910013,-0.17398002142828206,lgFu_test
5479539,,-0.11880367270481118,lgFu_test
5481173,,-0.17720790780769047,lgFu_test
5486971,,-0.07291682703222024,lgFu_test
5487427,,-0.5975050990103126,lgFu_test
5487888,-0.107905397,-0.18242594851287008,lgFu_test
5488548,,-0.5779123657923134,lgFu_test
5488645,,-0.5231263281159398,lgFu_test
5493444,,-0.5124943015218741,lgFu_test
5494449,,-1.5184998989913963,lgFu_test
5496659,,-0.22780870112376594,lgFu_test
5742673,-0.30980392,-0.17575770116018496,lgFu_test
5742832,-0.356547324,-0.07937255476177296,lgFu_test
6321254,,-0.7014543244556373,lgFu_test
6337614,,-0.30057696138775647,lgFu_test
6410758,-0.397940009,-0.5922302844079033,lgFu_test
6422843,-2.647817482,-1.434160065811459,lgFu_test
6433090,,-0.8524236389849711,lgFu_test
6433092,,-0.30485649410989124,lgFu_test
6433095,,-1.342688996322796,lgFu_test
6433110,-0.468521083,-0.815831117618917,lgFu_test
6435415,,-0.02459776530362001,lgFu_test
6438895,,-1.772884769188222,lgFu_test
6440176,,-1.0318837889614922,lgFu_test
6445533,,-1.2276141962887424,lgFu_test
6445540,,-0.6563341132401622,lgFu_test
6449855,,-1.1962202335500067,lgFu_test
6450551,,-2.141281271896572,lgFu_test
6451149,,-2.1249577371087214,lgFu_test
6473866,,-1.0457896936155515,lgFu_test
6474640,,-1.254712237341996,lgFu_test
6479523,,-0.3835090841634474,lgFu_test
6505803,,-0.48178205237138594,lgFu_test
6509849,,-1.3790683995356459,lgFu_test
6533629,,-0.21371567108842993,lgFu_test
6540466,,-0.2554452649514982,lgFu_test
6540717,,-0.8798060553433225,lgFu_test
6541429,,-0.2077102075728161,lgFu_test
6603845,,-0.3115485931786841,lgFu_test
6603903,,-0.27985367137410067,lgFu_test
6603939,,-1.7451335681101496,lgFu_test
6603987,,-1.4723003819107792,lgFu_test
6604200,,-0.5878056822248325,lgFu_test
6604312,,-0.12825105712345009,lgFu_test
6604866,,-0.7386178526855272,lgFu_test
6712744,,-1.6227847016683,lgFu_test
6713927,,-0.9165771863015959,lgFu_test
6803597,-0.455931962,-0.26405695494548975,lgFu_test
6913994,,-0.9522926182180176,lgFu_test
6914273,,-0.9834673368799531,lgFu_test
6915944,,-0.19248726125454718,lgFu_test
6917715,,-0.8726056702290983,lgFu_test
6917779,,-0.2724393244295933,lgFu_test
6917864,,-0.6106745127481759,lgFu_test
6917898,,-0.581387173414951,lgFu_test
6917924,,-0.5286303785130826,lgFu_test
6918097,,-1.471845474264172,lgFu_test
6918278,,-0.547197547806192,lgFu_test
6918296,,-1.7646668852944818,lgFu_test
6918314,,-1.6191185994477912,lgFu_test
6918315,,-1.0245066452348492,lgFu_test
6918405,,-0.6600623552789819,lgFu_test
6918408,,-1.0482168579044007,lgFu_test
6918412,,-1.0587991577781086,lgFu_test
6918493,,-1.9301866555498068,lgFu_test
6918494,,-1.3274864443131298,lgFu_test
6918509,,-1.1394134588079918,lgFu_test
6918554,-1.366531544,-1.2229892580439503,lgFu_test
6918638,,-1.6273994568360133,lgFu_test
6918736,,-0.6690771137063916,lgFu_test
6918837,,-1.3580785624537435,lgFu_test
6918924,,-0.13889421558105508,lgFu_test
7048520,,-0.06651850332173548,lgFu_test
7586151,-2.0,-1.4141135817937174,lgFu_test
9571004,,-1.2725707139952933,lgFu_test
9571079,,-0.9086658160757795,lgFu_test
9571107,,-0.3152962102713447,lgFu_test
9571836,,-0.6202439068958608,lgFu_test
9576789,,-0.5443083265471066,lgFu_test
9576912,,-0.6582676276804629,lgFu_test
9589475,,-0.4031113453563321,lgFu_test
9800339,-0.388382889,-0.8812827126918161,lgFu_test
9803852,,-0.7763608735806615,lgFu_test
9804052,-0.107905397,-0.37040082118353257,lgFu_test
9808022,,-1.952727554312304,lgFu_test
9808998,,-1.192522736936866,lgFu_test
9809656,-0.045757491,-0.4633369233935092,lgFu_test
9810955,,-1.2287278088075264,lgFu_test
9811704,,-1.079908416396599,lgFu_test
9811834,,-1.5871874862231339,lgFu_test
9816296,,-0.5817313714969388,lgFu_test
9816723,,-0.17390721539147047,lgFu_test
9817917,-0.332080315,-0.6676373969998672,lgFu_test
9819382,,-0.3586615287712155,lgFu_test
9822750,,-1.2869322609008789,lgFu_test
9823820,,-1.85665210470681,lgFu_test
9829523,,-2.0198264910973034,lgFu_test
9830010,,-0.9700648606029094,lgFu_test
9831563,,-1.3218369846310252,lgFu_test
9832383,,-1.7657883141752824,lgFu_test
9832912,,-0.9995178123891864,lgFu_test
9834591,,-0.08133942104843994,lgFu_test
9835049,,-0.4008581470003494,lgFu_test
9837243,,-0.21812450479061873,lgFu_test
9838022,,-0.267900883849264,lgFu_test
9838899,,-0.8056999276171537,lgFu_test
9838997,,-0.09735591643669794,lgFu_test
9844194,,-1.6565908266793476,lgFu_test
9849925,,-1.0848294660426434,lgFu_test
9850038,,-0.35634408930149064,lgFu_test
9852519,,-1.6900041494530889,lgFu_test
9852981,-0.096910013,-0.9796430493721775,lgFu_test
9853053,,-1.7991883922771836,lgFu_test
9854012,,-1.2788494226940583,lgFu_test
9854073,,-0.9796964190482838,lgFu_test
9861304,,-0.7649617547113494,lgFu_test
9865528,,-0.6349735042685708,lgFu_test
9867642,,-1.8744889006865182,lgFu_test
9867812,,-1.1677750112628353,lgFu_test
9870652,,-1.3435263760379763,lgFu_test
9870843,,-0.37807939582918637,lgFu_test
9874592,,-1.4913243421638618,lgFu_test
9875401,,-1.3542255336802465,lgFu_test
9882105,,-0.14194734539195664,lgFu_test
9882197,,-0.17110051644536317,lgFu_test
9909677,,-1.3356837670273634,lgFu_test
9911830,,-2.2729053513933213,lgFu_test
9912992,,-2.2029688823781797,lgFu_test
9913233,-0.229147988,-0.4569343831108774,lgFu_test
9913767,,-2.1733292931006423,lgFu_test
9915743,,-1.4539684502683916,lgFu_test
9919153,,-1.1953210786510755,lgFu_test
9924495,,-1.6184356746528863,lgFu_test
9925886,,-2.296382704033766,lgFu_test
9926791,,-0.5408137436161151,lgFu_test
9930049,,-0.23907922420420213,lgFu_test
9931954,-0.634699251,-0.9703199940506648,lgFu_test
9932689,-0.545612533,-1.058848852874335,lgFu_test
9935639,,-1.5151649787596955,lgFu_test
9938701,,-0.778881787551491,lgFu_test
9939609,,-1.871363652451731,lgFu_test
9948102,,-0.5971654386105052,lgFu_test
9949641,,-1.4570731787428075,lgFu_test
9952884,,-0.47443787705664164,lgFu_test
9966051,,-1.1620355695258782,lgFu_test
9974121,-0.455931959,-0.28999113067866233,lgFu_test
10024993,-0.002613616,-0.13020359144241778,lgFu_test
10046227,,-0.7104335374945796,lgFu_test
10046647,-1.059483515,-1.1809257653281557,lgFu_test
10071196,,-1.105053071787693,lgFu_test
10073306,-1.0,-1.0172316003785453,lgFu_test
10077130,,-1.4227233404338624,lgFu_test
10092649,-0.450261269,-0.65867119476532,lgFu_test
10096344,,-0.7016635656430149,lgFu_test
10126189,,-0.6554882479663753,lgFu_test
10126799,-1.552841969,-1.994003638956183,lgFu_test
10127315,,-0.6556231381026912,lgFu_test
10127622,,-1.5754393501365613,lgFu_test
10130337,,-0.3559120486296824,lgFu_test
10152654,,-1.2245498836728856,lgFu_test
10182969,,-0.6741551993762918,lgFu_test
10184665,,-1.1331289913465774,lgFu_test
10220503,,-0.3587114082577172,lgFu_test
10231705,-1.105683937,-0.5651582392742555,lgFu_test
10257882,,-2.1217713896738166,lgFu_test
10268287,-2.0,-2.269471772664736,lgFu_test
10280735,,-0.715868754708862,lgFu_test
10288191,,-1.2595869647714382,lgFu_test
10298858,-0.197910742,-0.8269608530349037,lgFu_test
10302451,-1.045757491,-1.4945925516050547,lgFu_test
10311306,,-2.038676541695109,lgFu_test
10324367,,-1.3745723136537642,lgFu_test
10407120,,-1.1984954868030273,lgFu_test
10412910,-0.001740662,-0.151395012607344,lgFu_test
10432087,-0.001740662,0.046048655133554384,lgFu_test
10456473,-0.350665141,-0.5034122218457073,lgFu_test
10472693,,-1.9311071725500546,lgFu_test
10789661,,-1.8526391817112335,lgFu_test
11001318,,-2.1123819071608843,lgFu_test
11104750,,-0.4246652216589478,lgFu_test
11155808,,-0.8589742889535779,lgFu_test
11189402,-1.815308569,-1.5293024115526257,lgFu_test
11225163,-1.318758763,-1.344579188410281,lgFu_test
11226413,,-1.40424538267458,lgFu_test
11234049,,-0.9431364911541857,lgFu_test
11236372,-0.958607315,-1.3989452032149245,lgFu_test
11250647,,-1.8190365996137343,lgFu_test
11262669,,-1.2332092844865605,lgFu_test
11285002,,-1.0533658299451367,lgFu_test
11285588,,-1.219838006680099,lgFu_test
11289630,-1.15490196,-0.9615808572282637,lgFu_test
11302765,-0.769551079,-0.5084368734145802,lgFu_test
11317439,,-1.2926351828033966,lgFu_test
11318905,,-0.1022467994400118,lgFu_test
11319053,-1.387216143,-1.2916786434011855,lgFu_test
11351021,,-1.5862024944981816,lgFu_test
11363176,,-1.8153403515379352,lgFu_test
11364421,,-0.909311481708732,lgFu_test
11403482,-2.124938737,-1.744497205626443,lgFu_test
11434515,,-1.733651939419104,lgFu_test
11438771,,-1.5305123098092133,lgFu_test
11442891,,-1.1335611959865104,lgFu_test
11450633,,-0.27492584666309006,lgFu_test
11455973,,-1.2242996657856737,lgFu_test
11479259,,-1.1402111651511846,lgFu_test
11486328,-2.301029996,-2.0100145700156977,lgFu_test
11495634,,-2.065913303500504,lgFu_test
11504295,,-0.8679281432370708,lgFu_test
11511120,,-1.2400174188832571,lgFu_test
11517212,-1.48148606,-0.9704174207302849,lgFu_test
11519070,,-1.8616023489208424,lgFu_test
11526696,,-1.6273406633245697,lgFu_test
11546234,,-0.6768477117879005,lgFu_test
11552706,-0.924818145,-1.8746182653624759,lgFu_test
11556711,,-1.0533859971211397,lgFu_test
11567473,,-0.4821442885195506,lgFu_test
11580427,,-1.1029324022954994,lgFu_test
11597698,,-0.3069725367942705,lgFu_test
11624051,,-1.0521074911482056,lgFu_test
11625818,,-1.4026758147784495,lgFu_test
11626560,,-0.951764158093798,lgFu_test
11632704,-0.26760624,-0.39555950920767313,lgFu_test
11634725,-2.0,-2.0413658083831456,lgFu_test
11635365,-0.549750892,-1.2031460297439878,lgFu_test
11640679,,-1.2429550862521586,lgFu_test
11644726,,-0.002755436766241237,lgFu_test
11663809,-1.602059991,-1.0853943291001893,lgFu_test
11667832,,-0.33183092831755356,lgFu_test
11681977,,-0.27804917627828574,lgFu_test
11696868,-2.15490196,-1.7079004868898733,lgFu_test
11702115,,-0.4523062611425932,lgFu_test
11707110,,-1.6952650868631671,lgFu_test
11710873,-0.602059991,-0.5694386543175497,lgFu_test
11749858,,-1.4765270255788168,lgFu_test
11753673,,-0.8618773059371603,lgFu_test
11784975,-1.999034768,-2.1540336860610365,lgFu_test
11826590,,-1.3442430602103617,lgFu_test
11848948,-1.698970004,-1.6381269218661938,lgFu_test
11949646,,-1.1139464886890802,lgFu_test
11950170,,-2.1983656357910535,lgFu_test
11978813,,-1.8518188871089896,lgFu_test
11984561,,-0.5264604062925881,lgFu_test
11992827,-0.707743929,-0.46044102842408274,lgFu_test
11993740,-0.075720714,-0.5253469594428171,lgFu_test
11995989,-1.568636236,-1.5478198379553194,lgFu_test
11996131,-1.148741651,-1.5723321215519621,lgFu_test
12285397,,-0.18630198600153536,lgFu_test
12428581,,-0.0936745415035729,lgFu_test
12668023,,-0.8174632598467813,lgFu_test
12763167,,-0.5392940051453992,lgFu_test
12818200,,-1.0852608501489354,lgFu_test
12883723,,-1.1827129048054261,lgFu_test
12905358,,-0.2363088881179548,lgFu_test
13002184,,-1.3127468565552651,lgFu_test
13559279,-2.30980392,-1.7872571383701712,lgFu_test
13943297,,-1.1100515835464015,lgFu_test
14575844,,-1.7197704417364874,lgFu_test
15015051,-1.0,-2.32656208301736,lgFu_test
15434242,-0.522878745,-0.1500323364522158,lgFu_test
15559465,,-1.211800282749933,lgFu_test
15951529,,-1.3452148381604458,lgFu_test
15958282,-1.920818754,-1.8472866585714176,lgFu_test
15959138,-1.0,-1.138897013042884,lgFu_test
15981397,,-0.40382056264371924,lgFu_test
15981895,-0.924818145,-0.7850644250478158,lgFu_test
15983809,-1.581698709,-1.1283606814410934,lgFu_test
15983966,,-1.5882381665588219,lgFu_test
16004692,,-1.8531371286856753,lgFu_test
16048570,,-1.1385996208499796,lgFu_test
16061448,,-1.6737061782086011,lgFu_test
16076883,,-1.3093529559150388,lgFu_test
16097523,-1.161150909,-1.2162962454822557,lgFu_test
16117309,,-0.9903717166263248,lgFu_test
16124688,,-1.3317051472732455,lgFu_test
16220172,,-2.0190025435728542,lgFu_test
16222096,,-1.164344986426656,lgFu_test
16678941,,-2.041588521122498,lgFu_test
16720766,,-0.8291598722584239,lgFu_test
16722836,,-1.3991434703422518,lgFu_test
16956771,-2.15490196,-1.450048649626262,lgFu_test
17756785,-0.25375513,-0.423837828747748,lgFu_test
17963315,-0.729554092,-1.4694799532643315,lgFu_test
18606115,,-0.27518149966130223,lgFu_test
20055036,,-0.44099246975915607,lgFu_test
21014145,,-0.33711161113969634,lgFu_test
21177736,-1.920818754,-1.775322838730065,lgFu_test
21302490,,-0.9415058136579737,lgFu_test
21638785,-0.37675071,-0.4560378202470968,lgFu_test
21874792,-2.0,-1.7154437730715353,lgFu_test
21946298,-2.045757491,-1.4503542470810442,lgFu_test
22137455,-0.596707855,-1.1540803395907329,lgFu_test
22341299,-1.728158393,-1.6131483751853388,lgFu_test
23116322,,-1.2918880230380436,lgFu_test
23230419,,-0.8185095754843903,lgFu_test
23519852,-2.698970004,-2.380797529007517,lgFu_test
23626282,-0.301029996,-0.5173933792726169,lgFu_test
23642301,,-1.654061022413747,lgFu_test
23652731,,-0.6818818954806617,lgFu_test
23725098,,-0.5153249955501458,lgFu_test
23725625,,-1.5536529559676011,lgFu_test
24756910,,-1.681679012735171,lgFu_test
24775005,,-2.1821090086320676,lgFu_test
24776445,,-2.064399236320335,lgFu_test
24795069,,-0.43978875545705076,lgFu_test
24800541,,-0.8685597889944042,lgFu_test
24806573,,-0.24959154112351123,lgFu_test
24812758,,-1.7825980585627392,lgFu_test
24826799,,-1.684202709731483,lgFu_test
24831714,,-1.3804069249364275,lgFu_test
24839733,,-2.1084821748640534,lgFu_test
24847878,,-1.125995226058173,lgFu_test
24849206,-0.638272164,-1.4725976108939982,lgFu_test
24864132,,-0.7551364551730785,lgFu_test
24872560,,-1.261815106703062,lgFu_test
24996322,-0.251811973,-0.5616683584005902,lgFu_test
25014511,-1.070581074,-1.1512903158186232,lgFu_test
25014684,-1.388276692,-1.2148877700670804,lgFu_test
25025298,,-1.2745138937516207,lgFu_test
25026446,-1.167491087,-1.3389579745581845,lgFu_test
25040963,,-0.04461095034370732,lgFu_test
25049850,,-0.4417252493184236,lgFu_test
25062590,,-1.1634527652822082,lgFu_test
25068753,-0.283996656,-0.4255257411715302,lgFu_test
25101874,,-0.11636057250831255,lgFu_test
25102847,,-1.9071378557452414,lgFu_test
25115962,-0.408935393,-0.7743343412061956,lgFu_test
25118127,-0.301029996,-0.054807276818851225,lgFu_test
25122581,-1.493494968,-2.0229367970345162,lgFu_test
25126798,,-0.9583079587494565,lgFu_test
25141092,,-1.678734752085725,lgFu_test
25145656,,-1.3777600889919879,lgFu_test
25151352,,-1.7776702781222777,lgFu_test
25154714,,-1.0554563961642094,lgFu_test
25171648,,-1.1540962202219707,lgFu_test
25181577,,-1.3080050912021985,lgFu_test
25182860,,-1.7044301944461537,lgFu_test
25183872,,-0.8233237205419417,lgFu_test
25185057,,-0.8171330455097965,lgFu_test
25195162,-1.522878745,-1.4995267902108882,lgFu_test
25195354,,-0.11646649742214432,lgFu_test
25195624,,-1.5018378607763891,lgFu_test
25223022,-1.37675071,-1.812747456260983,lgFu_test
25223221,-1.443697499,-1.615176862821885,lgFu_test
25223222,-1.408935393,-1.7617199416968758,lgFu_test
25223322,-1.148741651,-1.7900210493430915,lgFu_test
25223515,-1.494850022,-1.709170095791655,lgFu_test
25267009,,-0.11381566310298719,lgFu_test
25897919,,-0.15494003040039717,lgFu_test
26849680,,-1.1965580580098718,lgFu_test
38988581,,-0.06586914422186574,lgFu_test
40479681,,-0.3875859516597083,lgFu_test
41097863,,-2.13519365879494,lgFu_test
42606928,-0.4867824,-0.7810932215074113,lgFu_test
42609962,-1.494850022,-1.606066445562098,lgFu_test
42611257,,-2.385595226582839,lgFu_test
42613186,,-0.3868415644010753,lgFu_test
44126032,-1.245651664,-1.1307958754821903,lgFu_test
44129647,,-0.3233132200441794,lgFu_test
44138030,-0.522878745,-0.5076003489078018,lgFu_test
44139752,,-0.4898771374904667,lgFu_test
44144606,,-0.38200894267394103,lgFu_test
44148935,,-2.2539222123660756,lgFu_test
44153089,,-0.8453247434292879,lgFu_test
44157038,-0.300162274,-1.6483868845594283,lgFu_test
44187362,,-1.035500906794935,lgFu_test
44194147,,-2.257962609766032,lgFu_test
44205240,,-0.3913838020103294,lgFu_test
44205639,-1.200659451,-1.0181818744351523,lgFu_test
44247806,,-0.3778746843144013,lgFu_test
44302042,-1.619788758,-1.8833772968942735,lgFu_test
44414728,-2.522878745,-2.055610991312226,lgFu_test
44446421,-1.522878745,-1.047649376477998,lgFu_test
44447915,-1.886056648,-1.883941994447817,lgFu_test
44448812,-1.096910013,-0.7134445081202262,lgFu_test
44462758,-1.853871964,-0.5993708878126061,lgFu_test
44462760,,-2.093397922458123,lgFu_test
44472635,,-0.5250163545888057,lgFu_test
44511871,-1.096910013,-0.8671903405542141,lgFu_test
44512349,-0.721246399,-0.7103659029539293,lgFu_test
44516953,,-1.1345031470068943,lgFu_test
44544853,-1.087246696,-0.9928835643031899,lgFu_test
44552684,-0.11407366,-0.7299304115264238,lgFu_test
44570645,-1.13667714,-1.1517737234773502,lgFu_test
44571019,-1.494850022,-1.46263900221459,lgFu_test
44571102,-1.744727495,-1.4174251811015066,lgFu_test
44571104,-1.337242168,-1.4316435758781183,lgFu_test
44571187,-1.2644011,-1.086845372804171,lgFu_test
44571222,-0.697236292,-0.9594039410811237,lgFu_test
44571272,-0.853871964,-1.2737563119841346,lgFu_test
44579068,-1.283996656,-0.9700099953005668,lgFu_test
44579070,-1.397940009,-1.690064397650558,lgFu_test
44581547,-2.397940009,-1.5723044974329334,lgFu_test
44581574,-2.397940009,-1.4668205868653807,lgFu_test
44603531,,-1.285162314102767,lgFu_test
44631912,,-0.6491923368192662,lgFu_test
44814423,,-1.5119775712169523,lgFu_test
44816721,-1.292429824,-1.2627570548933973,lgFu_test
45110509,,-1.2172656340576138,lgFu_test
45138674,,-1.8891888089340152,lgFu_test
45270468,,-0.328809628537315,lgFu_test
46180604,-0.30980392,-0.7033544076716617,lgFu_test
46188928,,-1.2306542524824784,lgFu_test
46199646,,-1.7632877005579495,lgFu_test
46206296,-1.571865206,-1.6464661863122834,lgFu_test
46216796,,-1.3216052689278737,lgFu_test
46220502,,-0.9514894561827008,lgFu_test
46232598,-1.378823718,-2.2235982313137734,lgFu_test
46700756,,-0.8183295440777706,lgFu_test
46701790,-2.22184875,-1.0771527023874232,lgFu_test
46830777,-2.443697499,-2.232523178362724,lgFu_test
46836890,,-0.3471500079834767,lgFu_test
46861584,-1.876148359,-1.975284059573053,lgFu_test
46871497,-0.483068191,-0.43073507829829794,lgFu_test
46871657,,-1.1050181386942093,lgFu_test
46893367,-2.301029996,-2.214202087691686,lgFu_test
46908929,,-1.5311699561035481,lgFu_test
46926350,,-0.6811323879553562,lgFu_test
49803313,,-0.7654025138797473,lgFu_test
49806720,,-1.6852165385240456,lgFu_test
49841217,,-2.2220886394158574,lgFu_test
49843517,,-2.2402656562529115,lgFu_test
49846579,,-1.1986139287654556,lgFu_test
49848898,-3.0,-2.635352352564839,lgFu_test
49858150,-0.886056648,-0.7124565256826518,lgFu_test
49858377,-1.311580178,-1.414443245950887,lgFu_test
49865397,-3.0,-2.577090164261416,lgFu_test
49865878,-0.008773924,-0.3178144682522456,lgFu_test
49865879,-0.096910013,-0.3280659022461072,lgFu_test
49871766,-2.0,-1.6307194199189714,lgFu_test
49872384,-1.070581074,-1.5647426377017548,lgFu_test
50905713,,-1.8833371476223997,lgFu_test
50922675,,-1.5849410351697295,lgFu_test
50996844,-2.004364805,-1.7096126365038362,lgFu_test
51003592,-1.416801226,-1.18840443187028,lgFu_test
51003727,-1.15490196,-1.7651926695893878,lgFu_test
51039094,,-2.1504067334350756,lgFu_test
51057264,,-0.823187714034326,lgFu_test
51382643,,-1.6304336114022981,lgFu_test
51397058,,-0.9434405430156442,lgFu_test
51655233,,-0.19256791806968465,lgFu_test
52920145,-1.698970004,-1.6540173471686561,lgFu_test
52938427,,-1.3201301157676726,lgFu_test
52938764,-0.337242168,-0.26744376265159453,lgFu_test
53235510,,-1.7095739263710221,lgFu_test
53237721,-0.468521083,-0.6182212687473732,lgFu_test
53307604,-2.045757491,-2.286447033916792,lgFu_test
53311215,-0.739928612,-0.7894002417462698,lgFu_test
53397745,-2.301029996,-1.138582893263538,lgFu_test
53465279,,-2.2430931810360635,lgFu_test
53472469,-0.647817482,-1.361411946415258,lgFu_test
54085540,-0.886056648,-1.193006879554921,lgFu_test
54289283,-2.15490196,-2.0263988238305766,lgFu_test
54413479,-1.901359721,-1.5909981364231245,lgFu_test
54554627,,-0.40886741727863696,lgFu_test
54576289,-2.522878745,-2.6232426536200473,lgFu_test
54580312,-0.442492798,-0.8165852445417907,lgFu_test
54580765,-1.170053304,-1.3288320282348034,lgFu_test
54581822,-0.958607315,-0.6429617147671962,lgFu_test
54586192,-1.318758763,-1.4532379260807455,lgFu_test
54670067,,-0.2027823743794177,lgFu_test
54674461,,-0.9117669408525293,lgFu_test
54676478,,-1.6956430381486742,lgFu_test
54677470,-2.522878745,-1.8130027895763392,lgFu_test
54677514,-0.508638306,-0.6554026906118571,lgFu_test
54677593,-0.552841969,-0.4805720141423593,lgFu_test
54677623,-0.301029996,-0.4829818459828542,lgFu_test
54677971,-2.045757491,-1.6095081700889566,lgFu_test
54681545,,-1.9825083682278049,lgFu_test
54682461,,-2.108946704758454,lgFu_test
54684141,,-0.3938738604156361,lgFu_test
54699177,,-1.8283308121128157,lgFu_test
54709839,-0.721246399,-0.673469437176422,lgFu_test
54720507,-0.055517328,-0.9853403244198006,lgFu_test
54732242,,-1.2717588235568482,lgFu_test
54752118,-1.15490196,-1.583429898475671,lgFu_test
54758482,-0.744727495,-0.8570520368469073,lgFu_test
54767916,,-1.1953210786510748,lgFu_test
56594647,-1.769551079,-2.23821949969552,lgFu_test
56594648,-1.886056648,-1.7813950449284612,lgFu_test
56594785,-2.397940009,-2.181581595120206,lgFu_test
56595047,-1.48148606,-1.7572881725265534,lgFu_test
56640146,,-2.1770591103763253,lgFu_test
56643450,-0.512861625,-0.6191245553019897,lgFu_test
56649450,,-1.2345534246127108,lgFu_test
56649692,,-0.4907492716766164,lgFu_test
56662692,-1.474955193,-1.7543816304786162,lgFu_test
56670621,-2.113509275,-2.049712110638988,lgFu_test
56673241,-1.2644011,-1.153349566709694,lgFu_test
56682216,-0.014573526,-1.3171335420907193,lgFu_test
56835160,-1.568636236,-1.7857823610674777,lgFu_test
56841046,,-0.5416278114101389,lgFu_test
56841052,,-0.43498671638419784,lgFu_test
56841128,,-0.8917831320758582,lgFu_test
56841156,,-1.402135008332253,lgFu_test
56934415,,-1.4898427042553202,lgFu_test
56944144,,-1.3479580959838726,lgFu_test
56959087,,-0.8990865581430997,lgFu_test
57311173,,-0.4901400081653048,lgFu_test
57327016,,-1.1242383531552802,lgFu_test
57330203,-2.744727495,-1.4184528819471367,lgFu_test
57340959,,-0.8157839254904226,lgFu_test
57379345,,-1.69076595730874,lgFu_test
57384006,-0.366531544,-0.2947838832882327,lgFu_test
57384040,-1.600326279,-1.5228253241334289,lgFu_test
57387775,-1.0,-1.5589701967614298,lgFu_test
57391458,-0.745935547,-1.6007081363850728,lgFu_test
57392303,-0.920818754,-0.9772080378963597,lgFu_test
57395991,-2.096910013,-1.8851947904199648,lgFu_test
57398473,-1.059483515,-0.5588896203017361,lgFu_test
57400138,-2.301029996,-1.2250882763395659,lgFu_test
57401170,-0.8569852,-0.7527519278980946,lgFu_test
57401205,-0.729554092,-0.8495587738713861,lgFu_test
57401217,-0.441291429,-0.3710226105121073,lgFu_test
57401272,-1.657577319,-1.9442129250393587,lgFu_test
57401937,-0.713319031,-0.5845834808843733,lgFu_test
57404290,-1.096367484,-1.4484819156401785,lgFu_test
57417226,,-1.8090171665299604,lgFu_test
57460003,,-1.1536758935116807,lgFu_test
57495353,,-0.5454072700540774,lgFu_test
57519532,-1.747146969,-1.2110122686975362,lgFu_test
57520598,-1.853871964,-1.599655950646813,lgFu_test
57522815,-3.0,-2.3815792572722163,lgFu_test
57523281,-2.0,-1.920854149186769,lgFu_test
57523311,-1.397940009,-1.7252908243304457,lgFu_test
57523375,-1.0,-1.411075629818193,lgFu_test
57523406,-2.0,-1.601378619406073,lgFu_test
57882566,,-0.8458009009868568,lgFu_test
57992198,-1.455931956,-0.9098408565647187,lgFu_test
58063225,-1.958607315,-1.6112189094168983,lgFu_test
58460047,,-0.9741873243266508,lgFu_test
58464429,-1.251811973,-1.1233208738372262,lgFu_test
58464441,-1.443697499,-1.459038833917715,lgFu_test
58464487,-0.318758763,-0.42950143466800905,lgFu_test
58835114,-1.366531544,-1.3031883640742337,lgFu_test
59456096,-1.801377709,-1.8455334556521334,lgFu_test
59473233,-1.568636236,-1.7490544425753416,lgFu_test
59476526,,-2.053791231418933,lgFu_test
59634741,,-1.553817745867954,lgFu_test
60148507,-1.301029996,-1.6903837990890196,lgFu_test
60148508,-0.602059991,-0.8854606207660372,lgFu_test
60149678,-1.214670165,-1.2195787348170306,lgFu_test
60150535,,-1.269273176559356,lgFu_test
60169980,-1.045757491,-0.662426374501166,lgFu_test
60170339,-1.15490196,-0.8336020600485738,lgFu_test
60195902,-0.301029996,-0.35678275601527154,lgFu_test
60198589,-2.0,-1.8939201258881688,lgFu_test
66524188,,-0.7947882548438692,lgFu_test
66549904,-1.27572413,-1.2829453616261781,lgFu_test
66553195,,-0.9405671314401215,lgFu_test
66558664,,-1.4912782045968749,lgFu_test
66615628,-1.493494968,-1.0154933353436613,lgFu_test
67171867,,-1.1203625756808173,lgFu_test
67436594,-0.876148359,-1.1519292476817578,lgFu_test
67462786,,-1.2051945153315753,lgFu_test
68026984,,-1.6705977140334345,lgFu_test
68029831,,-0.8757903698489096,lgFu_test
68165256,,-1.4942387257846894,lgFu_test
68188807,,-1.0926947348994998,lgFu_test
68277611,-1.22184875,-1.3742529192810498,lgFu_test
68748835,,-1.9033402116301312,lgFu_test
68804310,-0.311135432,-0.49341474714406486,lgFu_test
68924158,-3.0,-2.9471125264609173,lgFu_test
69488934,,-1.1520300362687752,lgFu_test
69932744,,-0.24076413007863506,lgFu_test
70681611,-0.657577319,-0.9731891316112778,lgFu_test
70682211,-1.581698709,-1.5611299579777729,lgFu_test
70683558,-0.920818754,-1.1763932496158713,lgFu_test
70684294,-2.698970004,-2.7942682686764053,lgFu_test
70686472,-1.2644011,-1.0240962465050738,lgFu_test
70688263,-1.187086643,-1.0051242425771678,lgFu_test
70689444,-1.005243055,-1.243200950319249,lgFu_test
70689446,-0.673459331,-1.0717668823534008,lgFu_test
70690050,-0.48148606,-0.764119605021977,lgFu_test
70690638,-1.795880017,-1.6421237910088422,lgFu_test
70812857,-1.853871964,-1.9664755116008397,lgFu_test
70903618,-1.876148359,-2.0733734999716287,lgFu_test
71226662,,-1.194737462072952,lgFu_test
71279311,-1.397940009,-1.2103698436104313,lgFu_test
71279543,-1.920818754,-1.7932145158161803,lgFu_test
71451196,-2.15490196,-1.75659849354265,lgFu_test
71454661,-0.447331784,-0.799504097005699,lgFu_test
71454747,-1.886056648,-1.958744304090104,lgFu_test
71457756,-2.0,-2.1853772055577103,lgFu_test
71458923,-0.408935393,-0.5125137098762576,lgFu_test
71461395,-2.0,-2.061505489239094,lgFu_test
71462956,-0.522878745,-0.8514217652637681,lgFu_test
71463148,-2.086186148,-1.6761360765128746,lgFu_test
71481097,,-1.0546056913834037,lgFu_test
71481187,,-0.5474162303767258,lgFu_test
71517195,-1.552841969,-0.9166789618234346,lgFu_test
71520490,-2.251811973,-1.4944455866645938,lgFu_test
71544786,,-1.2969236401744204,lgFu_test
71556891,,-1.0524278841787238,lgFu_test
71584930,,-2.2769017629289134,lgFu_test
71587099,,-1.3757097916850987,lgFu_test
71602803,,-1.1113293362844827,lgFu_test
71621331,,-0.9528328504981105,lgFu_test
71657455,,-1.0530800094674149,lgFu_test
71661251,,-1.1953210786510755,lgFu_test
71679327,-1.119186408,-1.6223604264508913,lgFu_test
71731823,,-0.8523041980198616,lgFu_test
71811910,,-1.2453679463729228,lgFu_test
71819426,-2.301029996,-1.2227285160720875,lgFu_test
72163100,,-1.5977076645372783,lgFu_test
72165228,,-1.4230134048111744,lgFu_test
72546263,-2.0,-2.2091931086211445,lgFu_test
72546736,-1.397940009,-1.3233208861526011,lgFu_test
72546992,-1.124938737,-0.99492775727911,lgFu_test
72547501,-1.397940009,-1.1461192508184703,lgFu_test
72792631,-1.008773924,-0.9561617923329196,lgFu_test
72941762,,-1.1523316730927065,lgFu_test
72950888,,-1.862231842381706,lgFu_test
73325016,-0.301029996,-0.5634184505714015,lgFu_test
74316779,,-0.6796046625629115,lgFu_test
74369376,-1.493494968,-1.9107555342664595,lgFu_test
75045440,-1.446116973,-1.417539031640211,lgFu_test
75253234,-3.301029996,-2.2438687473311414,lgFu_test
75953676,,-0.7208105347746725,lgFu_test
76310149,-1.602059991,-1.9355440449360266,lgFu_test
76328604,-0.823908741,-0.6139010339113676,lgFu_test
76446078,-0.545612533,-0.4562767300970725,lgFu_test
76956331,,-0.32810602548587275,lgFu_test
76958859,,-0.2463090389131961,lgFu_test
76959557,,-0.1492893823534187,lgFu_test
76961042,,-0.12542614137983965,lgFu_test
76971675,,-0.12225577664008513,lgFu_test
76972266,,-0.28034997022102504,lgFu_test
77050711,,-1.5985913325688,lgFu_test
77171613,-1.876148359,-1.8625467862640117,lgFu_test
77291204,-1.522878745,-1.5621084783512345,lgFu_test
77843966,,-0.7948046421074293,lgFu_test
86294748,-1.48148606,-1.2616368379689578,lgFu_test
86677265,-1.638272164,-1.3825338953462687,lgFu_test
86705695,,-0.9918573121591419,lgFu_test
89683805,,-1.3508755053194856,lgFu_test
89698858,-1.657577319,-1.4916314377878672,lgFu_test
89699171,-2.096910013,-1.7661097362363645,lgFu_test
89699260,-1.244125144,-1.2534711519090278,lgFu_test
89851852,,-0.4313506718124791,lgFu_test
90645250,-0.645891561,-0.9411227771425202,lgFu_test
90654395,-1.408935393,-1.0959122400977277,lgFu_test
91172081,-0.829444941,-1.6086163030271288,lgFu_test
91617630,,-0.9287884177719701,lgFu_test
91668260,-2.301029996,-2.789795886704715,lgFu_test
91801202,,-1.889938052120412,lgFu_test
92043107,,-1.5639483151233247,lgFu_test
92044465,,-0.7783032359967247,lgFu_test
92853372,,-1.2582131997635901,lgFu_test
92854963,,-0.6080838802832681,lgFu_test
117604931,,-0.9492410539878317,lgFu_test
117947097,,-1.151261369416609,lgFu_test
118023034,,-1.226135006256847,lgFu_test
118513932,,-0.7600782679227054,lgFu_test
118607832,,-1.4331045148629629,lgFu_test
118707652,-2.22184875,-1.506480664139609,lgFu_test
118707656,-1.494850022,-1.3819352655498094,lgFu_test
118709578,-1.48148606,-0.46340183879490904,lgFu_test
118723134,-2.096910013,-2.3585121678470657,lgFu_test
118723136,-2.22184875,-1.7008769224079439,lgFu_test
118725727,-0.056505484,-0.18815149099757988,lgFu_test
118730351,-1.568636236,-1.2925655440449015,lgFu_test
118732694,-0.619788758,-0.49707995817017137,lgFu_test
118732708,-0.677780705,-0.7538356684602397,lgFu_test
118732711,-0.585026652,-0.5022610657283294,lgFu_test
118732716,-0.585026652,-0.537001773353976,lgFu_test
118737136,-1.22184875,-1.8046466470118425,lgFu_test
118737808,-2.698970004,-2.7341151630779117,lgFu_test
118955396,,-1.48445364312335,lgFu_test
118989712,,-0.6941036625893531,lgFu_test
124029527,,-1.720145496359544,lgFu_test
124081876,,-1.7875655252470501,lgFu_test
124201618,,-0.3962853144096604,lgFu_test
124351358,,-0.7006469465200064,lgFu_test
125276054,,-2.1073448967628887,lgFu_test
129269915,,-1.4515510960350588,lgFu_test
131874127,,-0.4654537599144446,lgFu_test
132451832,,-1.1765224169615818,lgFu_test
133568439,,-0.4535049636360663,lgFu_test
134436906,,-0.989517146494331,lgFu_test
134587348,,-1.6731690493584603,lgFu_test
134823896,,-0.23556740752512995,lgFu_test
135398508,,-0.16739652580615494,lgFu_test
135398513,-0.102372909,-0.022024097295124445,lgFu_test
135398735,-0.764471553,-1.0412562262989824,lgFu_test
135398739,-0.022276395,0.04127607516752119,lgFu_test
135398740,-0.00656377,-0.019554633339289973,lgFu_test
135398744,-1.373816243,-0.8183848784359927,lgFu_test
135398748,-0.045757491,-0.10446481483011949,lgFu_test
135400182,,-1.1683294225877188,lgFu_test
135400189,-1.301029996,-0.5959458388165586,lgFu_test
135401907,-0.008773924,-0.12379356406906106,lgFu_test
135403648,-1.060480747,-0.8595551340045213,lgFu_test
135403821,,-1.1759994152765585,lgFu_test
135409409,,-0.23794863465341665,lgFu_test
135409453,,-0.9768686171527866,lgFu_test
135413511,,-0.24360745291967423,lgFu_test
135413516,,-0.7423538183643446,lgFu_test
135413525,,-1.0644289287783035,lgFu_test
135413536,,-1.3642327974543105,lgFu_test
135413538,,-1.4700199637808855,lgFu_test
135413542,,-0.19569118439796274,lgFu_test
135430970,,-1.0492899079915934,lgFu_test
135463437,,-0.7987023313452073,lgFu_test
135536943,,-0.4568360130857403,lgFu_test
135539077,-1.292429824,-1.643281435180052,lgFu_test
135544356,,-1.193576737654253,lgFu_test
135546259,,-1.1315750820612864,lgFu_test
135565082,,-1.309467618407894,lgFu_test
135565230,,-0.9886637261671556,lgFu_test
135565884,,-1.7840471496173445,lgFu_test
135764868,,-0.6062202654215065,lgFu_test
135876149,,-0.9933741413381891,lgFu_test
136036546,-1.420216403,-1.6592427986138154,lgFu_test
136087045,-1.244125144,-1.1792730832246565,lgFu_test
136229139,-1.151810883,-1.3672100885560121,lgFu_test
136234640,-1.408935393,-1.5145725564490449,lgFu_test
136234642,-1.744727495,-1.5833961945276882,lgFu_test
137218519,,-1.10292678575269,lgFu_test
137278711,,-1.8369052319751045,lgFu_test
138611145,,-1.5334071419003639,lgFu_test
138713709,,-1.0882407505962677,lgFu_test
139595980,,-1.3458436226261623,lgFu_test
146678787,-2.0,-2.1284343190430253,lgFu_test
146679644,-0.002568834,-0.9895137672485764,lgFu_test
154731039,,-0.819928804921567,lgFu_test
155903259,,-0.854812977738262,lgFu_test
168300439,,-0.9703630739717773,lgFu_test
168314440,,-0.09327845928136469,lgFu_test
