PUBCHEM_CID,Actual,Predicted,Dataset
15,-1.504455662,-1.1690939263145605,lgFu_train
72,-0.101549075,-0.3237733939646068,lgFu_train
135,-0.188090026,-0.4248588621387839,lgFu_train
191,-0.161150909,-0.016799143474465164,lgFu_train
214,-1.096910018,-1.1074303011494748,lgFu_train
237,-0.987162775,-1.6167076933113935,lgFu_train
241,-0.337242168,-0.7354640113051818,lgFu_train
253,-0.09691001,-0.3335819606836027,lgFu_train
288,-0.001087096,0.2023024023603244,lgFu_train
322,-0.458420762,-0.7913309055586734,lgFu_train
323,-0.716156253,-0.8266985736573556,lgFu_train
335,-0.420168459,-0.5804806846246885,lgFu_train
338,-0.931814138,-0.6559693614525122,lgFu_train
342,-0.440093375,-0.5822549505452415,lgFu_train
356,-0.986867724,-1.100130843312097,lgFu_train
370,-0.166215622,-0.42095264411992817,lgFu_train
401,-0.09691001,0.09510465089144693,lgFu_train
444,-0.434752706,-0.6563497804522253,lgFu_train
460,-0.244887734,-0.4394965432160937,lgFu_train
564,-0.03621217,-0.2240957498588139,lgFu_train
568,-3.0,-1.8743371494279097,lgFu_train
581,-0.769551079,-0.6293036214842079,lgFu_train
596,-0.041615157,0.044256435356148066,lgFu_train
698,-1.393618635,-1.150818926627147,lgFu_train
709,-0.570651515,-0.806481949558448,lgFu_train
727,-1.568100731,-1.4761452622287012,lgFu_train
815,-0.004364805,0.00040523160295477534,lgFu_train
836,-0.086627728,-0.296579952394542,lgFu_train
838,-0.301029996,-0.3039180369136316,lgFu_train
861,-1.698970004,-1.5103578105027402,lgFu_train
904,-0.031517049,-0.2754757454659788,lgFu_train
931,-1.8069332,-1.4761770117454185,lgFu_train
938,-0.210709505,-0.15185638986833466,lgFu_train
951,-0.301029996,-0.24508405198328542,lgFu_train
957,-0.189095719,-0.8717481381064696,lgFu_train
971,-0.001087096,-0.16193906140704337,lgFu_train
978,-0.11577123,-0.2539793789232741,lgFu_train
980,-0.810165983,-0.9379730516868332,lgFu_train
992,-1.527148513,-2.131623999297146,lgFu_train
1027,-0.698970004,-1.246425213072722,lgFu_train
1046,-0.045757491,0.07437583970889992,lgFu_train
1054,-0.001087096,-0.2257855258943334,lgFu_train
1065,-0.789146639,-0.7251965962764552,lgFu_train
1072,-0.397940003,-0.4589120105428337,lgFu_train
1130,-1.096910013,-0.7157424182353355,lgFu_train
1134,-0.014573526,-0.04936878911347798,lgFu_train
1140,-0.522878745,-0.6566793212588736,lgFu_train
1148,-0.698970004,-0.7074876454370291,lgFu_train
1183,-0.492144128,-0.5877791577221237,lgFu_train
1206,-0.070581072,-0.41139757718619324,lgFu_train
1207,-0.276708554,-0.6301364242895123,lgFu_train
1211,-0.241592809,-0.5912694322111914,lgFu_train
1234,-1.0,-1.1197625711643509,lgFu_train
1287,-1.055517318,-1.2239142765742619,lgFu_train
1480,-1.896196279,-1.8046113716537446,lgFu_train
1486,-1.38695141,-1.47042878061285,lgFu_train
1489,-2.116007775,-1.7372556584420495,lgFu_train
1546,-0.0275066,-0.1619159250331935,lgFu_train
1615,-0.455931962,-0.5330823213268976,lgFu_train
1732,-1.140861703,-0.9553585990075519,lgFu_train
1744,-2.721246399,-2.1491768019684945,lgFu_train
1775,-1.0,-1.0612451013310684,lgFu_train
1923,-0.926645015,-0.8678798762278015,lgFu_train
1935,-0.346787486,-0.6536853495199435,lgFu_train
1971,-0.301029996,-0.3686478203206924,lgFu_train
1973,-1.46470588,-1.5495592275228944,lgFu_train
1981,-1.0,-1.6058245291029254,lgFu_train
1982,-0.061282438,0.009296556083382854,lgFu_train
1983,-0.055517328,-0.46855206112684633,lgFu_train
1986,-1.221848753,-0.4667668441709877,lgFu_train
1988,-0.804515477,-0.9114656643591257,lgFu_train
1989,-0.602059991,-1.2210092418202012,lgFu_train
1997,-0.698970004,-0.6246515129334946,lgFu_train
2021,-0.022276397,-0.11424409188056976,lgFu_train
2078,-0.873462748,-0.8315823392956084,lgFu_train
2082,-0.931481269,-1.1439609339329195,lgFu_train
2083,-0.045757491,-0.2548293908350868,lgFu_train
2086,-0.318017926,-0.49735062971913585,lgFu_train
2087,-1.872963349,-1.9220713747020008,lgFu_train
2088,-0.677780716,-0.24202722554008568,lgFu_train
2092,-0.93930216,-0.588415127516638,lgFu_train
2118,-0.698970004,-1.3965144448198255,lgFu_train
2119,-0.657577319,-0.5859329191926298,lgFu_train
2123,-1.22184875,-0.9670769758997784,lgFu_train
2130,-0.48148606,-0.3892512629744448,lgFu_train
2132,-1.0,-0.6881173978816476,lgFu_train
2140,-0.010995384,-0.3011965419118058,lgFu_train
2142,-0.048176962,-0.011163374216061875,lgFu_train
2145,-0.201579567,-0.3572240018664101,lgFu_train
2153,-0.387216143,-0.1689629380295724,lgFu_train
2157,-1.397940009,-1.5014904233633732,lgFu_train
2159,-0.075720714,-0.02338922807870697,lgFu_train
2160,-1.200659451,-1.1292449024608422,lgFu_train
2162,-1.420216403,-1.3740343344759332,lgFu_train
2164,-0.346787486,-0.5109629438539736,lgFu_train
2170,-0.98029294,-1.2079556554978716,lgFu_train
2177,-1.0,-1.117468883181368,lgFu_train
2187,-0.251811973,-0.596045928349778,lgFu_train
2193,-0.758545929,-1.212179782885045,lgFu_train
2196,-0.468521083,-0.5660844949078399,lgFu_train
2206,-0.045757491,-0.4110168292439379,lgFu_train
2215,-1.007961484,-0.949247042200556,lgFu_train
2218,-1.301029987,-1.1964548593170292,lgFu_train
2226,-0.036212168,0.009463512733761163,lgFu_train
2244,-0.522878745,-0.6273535954281256,lgFu_train
2247,-1.638272164,-1.5845130177589488,lgFu_train
2249,-0.283996656,-0.21285795222048612,lgFu_train
2250,-1.698970004,-1.9165213861436947,lgFu_train
2256,-0.915990045,-0.9803954409108008,lgFu_train
2262,-1.173925184,-1.1067485381182078,lgFu_train
2265,-0.489857301,-0.6325507367043585,lgFu_train
2267,-0.920818754,-1.1338708010311043,lgFu_train
2271,-0.177178354,-0.4051067711377447,lgFu_train
2273,-1.397940009,-1.3843721225655718,lgFu_train
2282,-0.09691001,-0.31600345645658323,lgFu_train
2284,-0.154901963,-0.7279652590846675,lgFu_train
2307,-0.886056648,-1.3180375057983789,lgFu_train
2308,-0.886056648,-0.9914718105206625,lgFu_train
2314,-0.704394786,-0.8571401955696123,lgFu_train
2319,-2.903089987,-2.5729619882646615,lgFu_train
2328,-1.6821107,-0.6454253282941351,lgFu_train
2333,-2.0,-2.0994066034787204,lgFu_train
2336,-1.588211995,-1.9495401420935194,lgFu_train
2337,-0.4710833,-0.4129931074157452,lgFu_train
2341,-0.886056648,-1.0479839870865282,lgFu_train
2366,-0.013228259,-0.005988475641268854,lgFu_train
2367,-1.019542108,-1.0350846591647285,lgFu_train
2368,-0.045757495,-0.005944591548734111,lgFu_train
2369,-0.301029996,-0.5304830491922051,lgFu_train
2372,-1.645153066,-0.9973630287315151,lgFu_train
2375,-1.441891698,-1.3384276258237446,lgFu_train
2377,-1.301029987,-1.2320791641983195,lgFu_train
2405,-0.148741651,-0.5256899410879611,lgFu_train
2431,-0.031517049,-0.30273392222307877,lgFu_train
2443,-1.609182141,-1.465116352245122,lgFu_train
2446,-0.221848746,-0.3844186155191681,lgFu_train
2451,-1.026872146,-1.5634388274009663,lgFu_train
2467,-0.397940009,-0.5154288740404935,lgFu_train
2468,-0.045757495,-0.06443243858678945,lgFu_train
2472,-1.273001271,-0.8367029703006112,lgFu_train
2477,-0.975584955,-0.8642219565698951,lgFu_train
2478,-0.170053304,-0.36843665506327933,lgFu_train
2479,-0.130768277,-0.2730143385569685,lgFu_train
2512,-0.229147999,-0.6682734887338649,lgFu_train
2518,-0.468521083,-0.6226310401385474,lgFu_train
2519,-0.193820026,-0.12179955223354641,lgFu_train
2520,-1.0,-1.0498049621880499,lgFu_train
2524,-1.778151242,-1.5932971163794942,lgFu_train
2538,-1.732828272,-1.1982070520987338,lgFu_train
2540,-2.0,-2.0444141529358553,lgFu_train
2554,-0.439986227,-0.7796853659963162,lgFu_train
2560,-0.275539839,-0.42750094908596914,lgFu_train
2561,-2.124938737,-2.020174278219696,lgFu_train
2563,-0.193820029,-0.2975578375733352,lgFu_train
2566,-0.375382856,-0.6900425875056553,lgFu_train
2576,-0.376750715,-0.5172143062249958,lgFu_train
2578,-0.638272164,-0.6284996332844233,lgFu_train
2581,-2.0,-1.9073621590287222,lgFu_train
2583,-0.070581069,-0.2650417363092732,lgFu_train
2584,-0.142667499,-0.16948410242494868,lgFu_train
2609,-0.124938737,-0.381838984070211,lgFu_train
2614,-0.596307666,-0.7841823670055053,lgFu_train
2616,-0.293851411,-0.4411702075761596,lgFu_train
2624,-0.397940009,-0.5375453313370976,lgFu_train
2626,-0.719195919,-0.7226882604919591,lgFu_train
2628,-0.738737131,-0.9328499515733755,lgFu_train
2635,-0.221848742,-0.3480421118512173,lgFu_train
2638,-0.209363038,-0.15437349212371718,lgFu_train
2645,-0.148741657,-0.30050941895326416,lgFu_train
2646,-0.21944268,-0.37469264637403327,lgFu_train
2650,-0.089175568,-0.21543040593129523,lgFu_train
2654,-0.455931962,-0.3802236929905612,lgFu_train
2657,-1.259637311,-0.8101872641931672,lgFu_train
2659,-0.207608308,-0.2174154705209911,lgFu_train
2662,-1.74878644,-1.6421388814751903,lgFu_train
2663,-0.124938737,-0.4555845465550906,lgFu_train
2678,-1.15490196,-1.2037072943329983,lgFu_train
2691,-0.376647318,-0.5316247947268095,lgFu_train
2717,-0.301029996,-0.4066921758646854,lgFu_train
2719,-0.332547047,-1.0235363511868818,lgFu_train
2720,-0.522878738,-0.6750854523111229,lgFu_train
2725,-0.424812155,-0.676341801230255,lgFu_train
2726,-1.408935393,-1.369217084511474,lgFu_train
2727,-1.522878745,-1.2694132996460201,lgFu_train
2728,-1.367542708,-1.2635366396496601,lgFu_train
2729,-2.0,-1.4661644503949285,lgFu_train
2730,-2.100621237,-2.430131763874125,lgFu_train
2735,-0.455931956,-1.8709712822171598,lgFu_train
2747,-0.301029996,-0.8925548005134972,lgFu_train
2749,-1.346787486,-0.8101159833541296,lgFu_train
2751,-0.124938737,-0.33996435982550577,lgFu_train
2754,-1.425968732,-1.3406824023543746,lgFu_train
2763,-1.301029987,-1.462040283244236,lgFu_train
2769,-1.698970004,-1.023867571061553,lgFu_train
2771,-0.744727495,-0.670939363940486,lgFu_train
2789,-0.778151251,-0.99656509293253,lgFu_train
2797,-1.698970004,-1.3097479468956026,lgFu_train
2803,-0.15490196,-0.5374098541559912,lgFu_train
2804,-0.301029996,-0.5946058025605825,lgFu_train
2809,-1.045757481,-1.243505543406244,lgFu_train
2811,-2.0,-1.2762202351410743,lgFu_train
2814,-1.301029987,-1.2342044809051134,lgFu_train
2825,-0.193820028,-0.4685046543489262,lgFu_train
2833,-0.204860029,-1.1006475053658582,lgFu_train
2863,-1.301029987,-0.961927126966232,lgFu_train
2871,-2.903039612,-2.357440887731373,lgFu_train
2882,-0.494850028,-0.8528274888950986,lgFu_train
2895,-1.130292948,-1.2904005497018958,lgFu_train
2900,-0.201349355,-0.4435645181127338,lgFu_train
2913,-1.602059991,-1.2481905390225754,lgFu_train
2914,-1.233587153,-1.4534110306593409,lgFu_train
2943,-1.778272583,-1.7647582457411644,lgFu_train
2952,-0.958607315,-1.110032874826431,lgFu_train
2955,-0.602059991,-0.5762151651978239,lgFu_train
2958,-1.522878745,-1.3845308389824298,lgFu_train
2966,-0.823908726,-0.067444644660934,lgFu_train
2973,-0.045757491,-0.03969948917140037,lgFu_train
2982,-2.0,-2.2385167050043,lgFu_train
2995,-0.787812396,-0.9859435396702606,lgFu_train
2997,-1.522878745,-1.3746077554152079,lgFu_train
2999,-1.691791416,-1.5080967463516828,lgFu_train
3007,-0.15442564,-0.3069973235321807,lgFu_train
3008,-0.27572413,-0.4111251772415223,lgFu_train
3009,-0.001087096,0.014591340098270768,lgFu_train
3017,-1.685079944,-1.7407775830911878,lgFu_train
3026,-1.490679337,-1.0690649715859377,lgFu_train
3030,-0.827475879,-1.068033727961072,lgFu_train
3031,-1.209691376,-1.2375814937378202,lgFu_train
3033,-2.301029996,-2.032454911352989,lgFu_train
3037,-2.346787486,-2.03803540835476,lgFu_train
3042,-2.0,-1.3035704173812541,lgFu_train
3048,-1.848703451,-1.8947161621422053,lgFu_train
3049,-0.455931956,-1.8051467012406295,lgFu_train
3052,-0.001087096,-0.09185819069514096,lgFu_train
3054,-2.330218385,-1.9740251988078934,lgFu_train
3059,-2.55478949,-1.6129140052742996,lgFu_train
3061,-1.205279651,-0.7023576453630433,lgFu_train
3066,-1.15490196,-1.1870213438380457,lgFu_train
3070,-2.0,-2.035917304151109,lgFu_train
3073,-0.012000143,-0.45916092741442127,lgFu_train
3082,-0.015854045,-0.2988988319147242,lgFu_train
3100,-0.815308569,-0.8346402359593449,lgFu_train
3102,-1.184222449,-1.2733177332976673,lgFu_train
3108,-1.0,-0.8893418366101025,lgFu_train
3114,-0.37161107,-0.5825922619421865,lgFu_train
3117,-0.301029996,-0.45689484214588266,lgFu_train
3120,-0.782671815,-1.0996931775603114,lgFu_train
3121,-0.924453039,-0.8023872969881048,lgFu_train
3143,-1.416423418,-1.3768723031010457,lgFu_train
3148,-0.522878738,-0.752377689537122,lgFu_train
3150,-0.036212173,-0.3186548439693832,lgFu_train
3152,-0.989198642,-1.2104815333234842,lgFu_train
3154,-0.154901963,-0.21163320702915206,lgFu_train
3155,-0.823908726,-1.250492404238948,lgFu_train
3158,-0.673459331,-1.101480189950942,lgFu_train
3181,-1.522878745,-1.3329113416539142,lgFu_train
3182,-0.22184875,0.07384750251853894,lgFu_train
3191,-1.698970004,-1.8069922696070622,lgFu_train
3198,-2.257274869,-2.098773997306042,lgFu_train
3224,-2.903089987,-2.2321943987022395,lgFu_train
3225,-0.061980903,-0.294077388579852,lgFu_train
3235,-1.002176919,-1.2065740752483607,lgFu_train
3247,-1.234331445,-1.1840562334299385,lgFu_train
3261,-1.15490196,-1.263306581421426,lgFu_train
3278,-1.0,-1.555293683756344,lgFu_train
3279,-0.459045191,0.05310591376516079,lgFu_train
3281,-0.338818553,-0.5230448776266347,lgFu_train
3282,-0.301029996,-0.41328170934499997,lgFu_train
3285,-1.744727495,-1.5717218427011144,lgFu_train
3286,-3.0,-2.199698929075027,lgFu_train
3291,-0.001087096,-0.10512014998691137,lgFu_train
3293,-1.970858927,-1.106079680952051,lgFu_train
3295,-0.958607315,-1.0877846555061161,lgFu_train
3304,-0.488116639,-1.0827766434554738,lgFu_train
3307,-1.15490196,-1.5384745926164054,lgFu_train
3308,-2.0,-1.3454929091427619,lgFu_train
3312,-2.0,-1.9748642851192926,lgFu_train
3314,-0.716334739,-0.7116887165981569,lgFu_train
3324,-0.070581069,-0.20666754872357793,lgFu_train
3331,-0.11350928,-0.3054528905417276,lgFu_train
3333,-2.0,-1.8213692469461409,lgFu_train
3335,-1.756961951,-1.7699009456433314,lgFu_train
3336,-1.618285999,-1.6330905640180966,lgFu_train
3339,-2.042153366,-1.9753135364399301,lgFu_train
3341,-0.920818754,-1.0540481562382102,lgFu_train
3342,-2.187086643,-1.8928928813772277,lgFu_train
3345,-0.756961951,-0.8886902214869372,lgFu_train
3346,-2.903089987,-1.7553809124556978,lgFu_train
3348,-0.443513273,-1.2288830283876708,lgFu_train
3352,-2.903089987,-2.0616856246718323,lgFu_train
3360,-0.823908726,-1.4759383758692362,lgFu_train
3366,-0.015472687,-0.021238255084658354,lgFu_train
3367,-0.086627728,-0.16155319303980345,lgFu_train
3371,-1.0,-1.44407075163348,lgFu_train
3372,-1.539677499,-1.3810312095750077,lgFu_train
3378,-1.301029987,-1.436988698040551,lgFu_train
3379,-0.301029996,-0.7744351206136262,lgFu_train
3380,-0.632023214,-0.816371422812465,lgFu_train
3383,-0.721475035,-1.5260134509269032,lgFu_train
3386,-1.177157896,-1.37476974642088,lgFu_train
3387,-2.0,-1.1544473090477143,lgFu_train
3393,-1.522878745,-1.3203111613240033,lgFu_train
3394,-2.0,-1.7611570880893894,lgFu_train
3397,-1.328496553,-1.4022413281141213,lgFu_train
3399,-1.348888667,-1.284483881370435,lgFu_train
3403,-2.196594427,-1.7091058914196187,lgFu_train
3404,-0.611721137,-0.8419461902336842,lgFu_train
3406,-0.001087096,-0.08623604132256149,lgFu_train
3410,-0.293439007,-0.6193885403107082,lgFu_train
3413,-0.795880017,-0.6303912994320745,lgFu_train
3415,-0.070581074,-0.05029672018784333,lgFu_train
3420,-1.301029987,-1.445320962930487,lgFu_train
3440,-0.46470588,-0.7412146147986826,lgFu_train
3461,-0.002176919,-0.015298444064491061,lgFu_train
3463,-2.080575455,-1.6551828059880027,lgFu_train
3468,-1.858767067,-1.6582535389422839,lgFu_train
3473,-0.850780887,-0.9818511471404228,lgFu_train
3475,-1.045757491,-1.0142890026498275,lgFu_train
3476,-2.079181237,-1.8461598599014932,lgFu_train
3487,-0.301029996,-0.5193676002763484,lgFu_train
3488,-2.331270369,-2.168144939307921,lgFu_train
3494,-0.305394801,-0.3307062691081659,lgFu_train
3503,-2.0,-2.0383184142565,lgFu_train
3510,-0.455931958,-0.43606602631913455,lgFu_train
3518,-0.022276397,0.07899478113827813,lgFu_train
3589,-1.363231924,-1.8236583703894227,lgFu_train
3592,-0.001087096,-0.35690972980398095,lgFu_train
3606,-2.1123827,-1.851916126848328,lgFu_train
3608,-0.277091992,-0.3338416528317613,lgFu_train
3627,-1.217527376,-1.0651462963032152,lgFu_train
3637,-0.903089987,-0.5726832595516752,lgFu_train
3639,-0.22184875,-0.4157962925208707,lgFu_train
3647,-0.602059991,-0.6383174441732477,lgFu_train
3648,-0.056340637,-0.17896561921037357,lgFu_train
3649,-0.657577319,-0.7916617603716116,lgFu_train
3652,-0.257013164,-0.6592838932310566,lgFu_train
3653,-1.756961951,-1.6547570430718623,lgFu_train
3658,-1.087246696,-0.914703506936306,lgFu_train
3672,-1.15490196,-1.2964605309849446,lgFu_train
3685,-1.193820026,-1.296710942377711,lgFu_train
3686,-1.0,-1.1893043796377274,lgFu_train
3687,-0.001087096,-0.12295684833985551,lgFu_train
3690,0.0,-0.024031590492488993,lgFu_train
3693,-0.09691001,-0.47484251624283896,lgFu_train
3696,-0.522878745,-0.9411369702743894,lgFu_train
3702,-0.654547728,-0.9837562760752179,lgFu_train
3715,-2.0,-1.8116706426033142,lgFu_train
3718,-2.0,-1.4216633761968887,lgFu_train
3734,-0.000543208,-0.1062982723595519,lgFu_train
3735,-0.677780716,-0.7509117100216753,lgFu_train
3736,-0.004364804,-0.0545052963969455,lgFu_train
3737,-0.008773924,-0.16837502836648244,lgFu_train
3746,-0.09691001,-0.18108592199078635,lgFu_train
3747,-2.27572413,-1.946346263552767,lgFu_train
3750,-0.353046123,-0.5833110481337002,lgFu_train
3755,-0.022276395,0.08987123068319876,lgFu_train
3778,-0.045757495,-0.7008582659791162,lgFu_train
3780,-0.121095399,-0.16008830596501905,lgFu_train
3783,-0.001087096,-0.8636224124692864,lgFu_train
3793,-2.664207931,-2.1036983204231556,lgFu_train
3817,-2.0,-1.8459677396630603,lgFu_train
3821,-0.169853759,-0.5516758338229154,lgFu_train
3826,-1.795880017,-1.4153164024973421,lgFu_train
3827,-0.698970004,-0.8966816493267316,lgFu_train
3877,-0.062983893,-0.06250818502447084,lgFu_train
3878,-0.350338985,-0.9897812587696309,lgFu_train
3889,-0.366531544,-0.5392156112463665,lgFu_train
3899,-2.0,-1.4060457434112559,lgFu_train
3902,-0.397940009,-0.6650044950733092,lgFu_train
3913,-0.110698297,-0.7734198474037335,lgFu_train
3915,-0.346787489,-1.2536203522868443,lgFu_train
3918,-0.221848742,-0.24456585723371593,lgFu_train
3932,-2.397940009,-1.8733541546973866,lgFu_train
3938,-0.522878738,-0.674684419975662,lgFu_train
3947,-2.0,-1.8541053142361716,lgFu_train
3948,-0.145086978,-0.3345097129770678,lgFu_train
3955,-1.328000466,-1.259409295284964,lgFu_train
3956,-0.124938737,-0.3572967003747074,lgFu_train
3957,-1.702458332,-1.747162562789355,lgFu_train
3981,-1.0,-0.6915776429860795,lgFu_train
4004,-1.132237975,-1.0831159648575799,lgFu_train
4011,-0.920818754,-0.8330632701295579,lgFu_train
4031,-0.602059991,-1.1247444410887446,lgFu_train
4037,-2.0,-2.0740488351492528,lgFu_train
4044,-2.0,-1.6723880969207292,lgFu_train
4047,-0.455931962,-0.6067259201851107,lgFu_train
4053,-0.886056648,-0.8049125448063275,lgFu_train
4060,-0.221848742,-0.5229560978129009,lgFu_train
4064,-0.022276396,-0.19762063178237352,lgFu_train
4066,-1.0,-1.2564969563256112,lgFu_train
4075,-0.366531544,-0.377666257780478,lgFu_train
4076,-0.070581069,-0.3767714740975872,lgFu_train
4078,-1.11463878,-1.1919353841514975,lgFu_train
4080,-1.698970004,-1.5739272214599227,lgFu_train
4087,-0.259637311,-0.20759816690129138,lgFu_train
4091,0.0,0.09442748951657103,lgFu_train
4095,-0.795880017,-0.914294982996457,lgFu_train
4100,-0.346787491,-0.3822458014854855,lgFu_train
4101,-0.453457337,-0.22512043077824145,lgFu_train
4103,-0.323306394,-0.5153932947611726,lgFu_train
4109,-0.145086978,-0.30159730387047456,lgFu_train
4114,-1.036623047,-1.2785264051524203,lgFu_train
4115,-2.008773924,-2.2834262803456475,lgFu_train
4130,-1.605767273,-1.5573362206912442,lgFu_train
4133,-0.970616222,-0.7652271690897976,lgFu_train
4139,-0.420216403,-0.5345078334431219,lgFu_train
4140,-0.18708665,-0.4392865378200544,lgFu_train
4158,-0.122340757,-0.3138959474244577,lgFu_train
4162,-0.397940003,-0.177939212110765,lgFu_train
4163,-0.468521083,-0.4706379716643225,lgFu_train
4168,-0.15490196,-0.459059524886228,lgFu_train
4169,-0.750663017,-0.8008884214708836,lgFu_train
4170,-1.301029996,-1.3372040147105082,lgFu_train
4171,-0.055517328,-0.2681843213048208,lgFu_train
4173,-0.096910013,-0.04109156288238629,lgFu_train
4184,-0.978810701,-0.9318828677775295,lgFu_train
4189,-1.301029987,-2.154440826170717,lgFu_train
4192,-1.408935393,-1.4884147921702402,lgFu_train
4196,-2.280136336,-2.0235552735286753,lgFu_train
4205,-0.823908741,-0.7345951385112797,lgFu_train
4235,-0.113509275,-0.2962169775948318,lgFu_train
4236,-0.397940003,-0.6528133591013862,lgFu_train
4240,-2.638272164,-1.9225640168287554,lgFu_train
4260,-0.130768277,-0.7779082840095177,lgFu_train
4271,-1.522878745,-1.2450257250661605,lgFu_train
4284,-0.447957823,-0.5081408193836674,lgFu_train
4409,-2.0,-1.434779259786387,lgFu_train
4417,-1.0,-1.155266114818696,lgFu_train
4419,-0.204989441,-0.17488887875781034,lgFu_train
4422,-0.191563947,-0.2213361635917551,lgFu_train
4428,-0.100544297,-0.23396845069046954,lgFu_train
4443,-1.572676214,-1.427609097766734,lgFu_train
4449,-2.0,-1.7639338677365235,lgFu_train
4450,-0.568636236,-0.8023625023844929,lgFu_train
4451,-2.0,-1.806019140843862,lgFu_train
4456,-0.030739442,-0.06505901721775662,lgFu_train
4460,-0.010995385,0.018403616498085994,lgFu_train
4463,-0.397940009,-0.9608750601160795,lgFu_train
4474,-1.301029996,-1.346413593249027,lgFu_train
4475,-1.301029987,-1.1941313950504504,lgFu_train
4477,-2.109247462,-2.1498387767263836,lgFu_train
4488,-1.0,-1.180371278301191,lgFu_train
4493,-0.777283529,-1.1812596270859412,lgFu_train
4495,-1.560667306,-1.6911679314917274,lgFu_train
4497,-1.301029996,-1.3245492841633495,lgFu_train
4500,-0.316322701,-1.0042450195698378,lgFu_train
4510,-0.397940003,-0.28596608146283664,lgFu_train
4528,-0.397940009,-0.5293331313943352,lgFu_train
4536,-0.900319359,-1.3818195407361797,lgFu_train
4539,-0.064492734,-0.2474928936734264,lgFu_train
4542,-1.449429031,-1.415074208314162,lgFu_train
4543,-0.920818754,-1.2319367203607743,lgFu_train
4552,-2.886056648,-2.1540627891219257,lgFu_train
4580,-3.0,-1.8249771567707838,lgFu_train
4595,-0.568636236,-0.7311735601365937,lgFu_train
4599,-2.0,-1.994706560624263,lgFu_train
4601,-0.096910013,-0.9118921327411172,lgFu_train
4603,-0.236572006,-0.08661555000708183,lgFu_train
4605,-0.001087096,-0.09155446605218777,lgFu_train
4614,-2.935235613,-2.14278333773656,lgFu_train
4615,-1.045757481,-1.4453735844997289,lgFu_train
4616,-1.397940009,-1.3829408113556125,lgFu_train
4627,-0.031517049,-0.18989403335964405,lgFu_train
4632,-2.021363052,-1.714124448861071,lgFu_train
4641,-2.0,-1.7070194809221728,lgFu_train
4649,-0.420216403,-0.3869962217679614,lgFu_train
4674,-0.065501546,-0.1520937375125755,lgFu_train
4675,-1.045757491,-0.9508461604718066,lgFu_train
4680,-1.13667714,-1.3661312673746628,lgFu_train
4684,-0.638272164,-0.8314099651857173,lgFu_train
4685,-1.639974911,-1.4864324879562094,lgFu_train
4723,-0.301029996,-0.3345507310275042,lgFu_train
4724,-1.301029987,-0.9535348138406613,lgFu_train
4727,-0.698970004,-0.6733109243162324,lgFu_train
4735,-0.522878738,-0.5604029687593469,lgFu_train
4736,-0.410795331,-0.5549374865468195,lgFu_train
4737,-0.346787486,-0.3199933913880723,lgFu_train
4740,-0.001087096,-0.14438768089689918,lgFu_train
4744,-1.301029987,-1.2689779054315609,lgFu_train
4745,-1.0,-0.983226781806159,lgFu_train
4748,-1.15490196,-1.232175439788659,lgFu_train
4754,-0.206084489,-0.5570352792019597,lgFu_train
4759,-0.602059991,-0.6133546557233418,lgFu_train
4760,-1.522878745,-1.5513231483485208,lgFu_train
4763,-0.305394801,-0.40380030301303826,lgFu_train
4764,-1.506401826,-1.5948590034561043,lgFu_train
4766,-0.95210857,-1.7163481608378774,lgFu_train
4781,-1.677780705,-1.5826155118715184,lgFu_train
4782,-0.309803916,-0.2091935641451539,lgFu_train
4793,-2.367542708,-1.9800666453948756,lgFu_train
4794,-0.004364803,0.08968534169893846,lgFu_train
4810,-0.031517051,-0.31014605403275286,lgFu_train
4811,-0.155522824,-0.23856546830066722,lgFu_train
4819,-0.004364803,-0.15029837203841867,lgFu_train
4826,-0.221848742,-0.42420079096943114,lgFu_train
4829,-2.049816436,-2.1064213928374556,lgFu_train
4835,-0.259637308,-0.4564875797639486,lgFu_train
4848,-0.084172168,-0.447247628369603,lgFu_train
4849,-1.231608588,-1.1828269878680517,lgFu_train
4853,-0.886056648,-0.6433254832406918,lgFu_train
4870,-0.823908726,-1.0034926874844765,lgFu_train
4872,-1.22184875,-1.3280981112677346,lgFu_train
4883,-0.154901963,-0.3232464947532112,lgFu_train
4884,-0.022276397,-0.08264838366096035,lgFu_train
4885,-0.070581069,-0.27049902297837797,lgFu_train
4889,-0.371761397,-0.6273397434252129,lgFu_train
4890,-1.522878745,-1.4336718206998142,lgFu_train
4891,-0.769551079,-0.8592679306049584,lgFu_train
4893,-1.309894379,-1.1470112353747466,lgFu_train
4908,-0.546617055,-0.6250228571731935,lgFu_train
4909,-0.09691001,-0.1170633798252108,lgFu_train
4911,-0.886056648,-0.817754104906273,lgFu_train
4913,-0.088842391,-0.08229913445679578,lgFu_train
4914,-0.026872146,-0.25154511998930384,lgFu_train
4917,-1.57921938,-1.4575717048751264,lgFu_train
4920,-1.604978734,-1.3715966894323441,lgFu_train
4923,-0.823908726,-0.5912856107371435,lgFu_train
4926,-0.958607315,-1.1442568200853935,lgFu_train
4927,-1.15490196,-1.2272236166042407,lgFu_train
4928,-1.804100348,-1.1721879598470273,lgFu_train
4931,-0.462180905,-0.49856333031976297,lgFu_train
4932,-1.301029996,-1.1665787008039212,lgFu_train
4933,-1.432973634,-1.317822183956978,lgFu_train
4936,-1.876148359,-1.7744663659937623,lgFu_train
4937,-1.426913626,-1.3622488682377119,lgFu_train
4942,-1.124938737,-0.9842074175140973,lgFu_train
4944,-0.664224932,-0.7936930042337215,lgFu_train
4946,-1.0,-1.1002987440761505,lgFu_train
4947,-1.588380294,-1.1953132448607224,lgFu_train
4951,-0.823908726,-0.9596456935363947,lgFu_train
4991,0.0,-0.16191963537769039,lgFu_train
4993,-1.032442655,-0.9844303713976031,lgFu_train
4999,-1.301029987,-1.2686661861882078,lgFu_train
5005,-1.450851232,-1.1235678102850424,lgFu_train
5018,-1.096367484,-1.1645489516939236,lgFu_train
5021,-1.207608311,-0.9238861806915474,lgFu_train
5036,-1.562249437,-1.6371556533641547,lgFu_train
5052,-2.222286703,-1.8100401606992558,lgFu_train
5053,-2.903089987,-2.0354668186103244,lgFu_train
5054,-0.127964965,-0.5394952156619596,lgFu_train
5064,-0.004364804,0.11072811087192336,lgFu_train
5071,-0.221848742,-0.3542770813477686,lgFu_train
5073,-1.0,-0.8680652919332077,lgFu_train
5078,-0.065501547,-0.4488894635882581,lgFu_train
5090,-1.023603778,-1.144476197068995,lgFu_train
5092,-0.762456262,-0.7418450026230411,lgFu_train
5097,-1.142667504,-1.1490847577755283,lgFu_train
5102,-1.667830947,-1.5465314103154109,lgFu_train
5106,-0.657577319,-0.7355384409347047,lgFu_train
5118,-0.960585881,-0.9958381914403038,lgFu_train
5143,-0.156144577,-0.5341570192389319,lgFu_train
5144,-1.747362981,-0.93828203830126,lgFu_train
5152,-1.288869275,-1.2877899834384798,lgFu_train
5184,-0.045757491,-0.21856680023889752,lgFu_train
5203,-1.869368565,-1.7177205264030335,lgFu_train
5210,-1.301029987,-1.1530151920144438,lgFu_train
5224,-0.823908734,-0.09045289082538209,lgFu_train
5245,-0.119186408,-0.27693788554080007,lgFu_train
5297,-0.194952476,-0.07981223035816061,lgFu_train
5304,-0.3400838,-0.48710049885508255,lgFu_train
5311,-0.537602006,-0.8152950769194007,lgFu_train
5314,-0.154901963,-0.20410285167979095,lgFu_train
5316,-0.207608311,-0.09078522086789784,lgFu_train
5317,-0.301029996,-0.4917083487325772,lgFu_train
5320,-0.744727483,-0.33310159404423095,lgFu_train
5323,-1.301029987,-1.2147340726898996,lgFu_train
5324,-0.036212168,-0.1954185783113287,lgFu_train
5325,-0.823908726,-0.8196834727224828,lgFu_train
5327,-0.789146628,-0.9568303154039414,lgFu_train
5328,-1.187086643,-1.10218350233736,lgFu_train
5330,-0.602059991,-0.8702577955809387,lgFu_train
5335,-1.765088987,-1.4901602148236446,lgFu_train
5336,-0.301029996,-0.7695849826115446,lgFu_train
5338,-2.431798276,-1.4819411614288691,lgFu_train
5340,-0.481486054,-0.9781928924070272,lgFu_train
5342,-1.769551079,-1.671498395176468,lgFu_train
5345,-2.124938737,-2.082766625696347,lgFu_train
5352,-1.15490196,-1.6988673070851954,lgFu_train
5355,-0.180456064,-0.1726352047870334,lgFu_train
5359,-2.0,-1.7800496424958356,lgFu_train
5366,-0.14976232,-0.3172308900080821,lgFu_train
5372,-1.397940009,-0.9870285854890071,lgFu_train
5376,-2.47820835,-1.9145643714143075,lgFu_train
5378,-0.154901963,-0.5791328394196615,lgFu_train
5381,-2.301029996,-2.137889118742451,lgFu_train
5383,-0.379305034,-0.640929795791848,lgFu_train
5391,-1.619788758,-1.3756161377225664,lgFu_train
5394,-0.070581069,0.06027886558938718,lgFu_train
5396,-2.42404283,-2.08743187043881,lgFu_train
5401,-1.0,-0.8735585149634946,lgFu_train
5402,-2.0,-1.8342209925197337,lgFu_train
5405,-1.698970004,-1.610846882322344,lgFu_train
5407,-0.823908741,-1.120090782831629,lgFu_train
5411,-0.823908726,-0.29691496052753075,lgFu_train
5426,-0.383699568,-0.5985048165606348,lgFu_train
5429,-0.019996628,-0.16529222529408577,lgFu_train
5430,-0.858989447,-1.041394295289526,lgFu_train
5452,-2.051964354,-1.5693021725718337,lgFu_train
5453,-0.045757493,-0.20013225916248698,lgFu_train
5468,-1.698970004,-1.788907382740253,lgFu_train
5470,-1.397940009,-1.36676935302055,lgFu_train
5471,-0.28539086,-0.3561974334517684,lgFu_train
5475,-0.286257522,-1.0557072230535205,lgFu_train
5479,-0.055517328,-0.17987483156030507,lgFu_train
5480,-1.096910018,-0.9521761005733901,lgFu_train
5486,-0.317068892,-1.0422996738839603,lgFu_train
5496,-0.010995385,-0.005795749737364176,lgFu_train
5503,-1.22184875,-1.1137030241408779,lgFu_train
5505,-1.301029996,-1.271135060515214,lgFu_train
5509,-2.338890353,-1.5712994080085465,lgFu_train
5514,-0.070581069,-0.2590251311961158,lgFu_train
5515,-0.155937227,-0.7606738248022336,lgFu_train
5516,-1.602059991,-1.8924849138023314,lgFu_train
5523,-0.087069761,-0.16228158172500895,lgFu_train
5525,-0.795880017,-0.7881629456692273,lgFu_train
5526,-0.013228259,-0.21859952927021414,lgFu_train
5533,-1.096910013,-1.001753802553395,lgFu_train
5538,-1.301029987,-1.515917019761101,lgFu_train
5543,-2.903089987,-2.5402658016645816,lgFu_train
5546,-0.431993948,-0.6090035714901285,lgFu_train
5564,-2.469800302,-2.477792589696624,lgFu_train
5567,-1.11463878,-1.2423745969689564,lgFu_train
5568,-1.301029996,-1.4681837706624532,lgFu_train
5569,-2.424812155,-2.5282583017203986,lgFu_train
5572,-0.431798276,-0.7058922874376736,lgFu_train
5574,-0.823908726,-1.2261128518922138,lgFu_train
5576,-0.033467187,-0.13787417480148756,lgFu_train
5578,-0.251811973,-0.6217513784507627,lgFu_train
5583,-1.346787486,-1.1970905796142837,lgFu_train
5584,-1.301029996,-1.0728384735053733,lgFu_train
5588,-0.59508552,-0.7636591078724734,lgFu_train
5591,-2.775291647,-2.5438775276701837,lgFu_train
5595,-0.522878738,-0.5885679557305608,lgFu_train
5596,-0.488116639,-0.7440150868177884,lgFu_train
5625,-1.698970004,-1.337544062745597,lgFu_train
5645,-1.522878745,-1.4111549676840098,lgFu_train
5650,-2.01037761,-1.8825751032913725,lgFu_train
5656,-0.13667714,-0.3088410247753018,lgFu_train
5665,-0.001087096,-0.06844645987368404,lgFu_train
5666,-1.0,-0.5800582599080791,lgFu_train
5672,-0.161150909,-0.30165531183026906,lgFu_train
5673,-0.468521083,-0.9744469970472083,lgFu_train
5677,-0.065501546,-0.01473957709360669,lgFu_train
5685,-1.619788758,-1.4164209041058675,lgFu_train
5694,-2.263280208,-2.1378753408476734,lgFu_train
5718,-0.013228259,0.057657593589589176,lgFu_train
5719,-0.397940009,-0.9556722124479565,lgFu_train
5724,-2.040958608,-1.8051081589111833,lgFu_train
5732,-1.124938737,-1.0639041641222087,lgFu_train
5733,-1.756961951,-1.643005627135003,lgFu_train
5734,-0.221848742,-0.4732901490237453,lgFu_train
5736,-1.522878745,-1.6443983928061658,lgFu_train
5743,-0.638272164,-0.5848161549635438,lgFu_train
5749,-1.15490196,-0.6358057458160032,lgFu_train
5755,-0.698970004,-0.6518775569914219,lgFu_train
5757,-0.455931956,-0.8408316661320482,lgFu_train
5775,-0.337242164,-0.7784304929156014,lgFu_train
5794,-2.903089987,-1.5461149432121777,lgFu_train
5833,-1.0,-1.1973297358965682,lgFu_train
5838,-0.522878738,-0.3574536807479857,lgFu_train
5853,-0.15739076,-0.8135313815967316,lgFu_train
5865,-0.59345982,-0.7029607930604457,lgFu_train
5904,-0.37161107,-0.5187825306447447,lgFu_train
5953,-1.0,-0.7242574572575219,lgFu_train
6001,-3.0,-2.1541122913963395,lgFu_train
6009,-0.033858268,-0.38889670019316674,lgFu_train
6013,-1.698970004,-1.1825838908621304,lgFu_train
6018,-0.823908726,-0.7576044641893449,lgFu_train
6051,-1.767006887,-1.6726439108995432,lgFu_train
6082,-0.070581074,-0.23340746509798113,lgFu_train
6093,-0.823908726,-0.6751233461628164,lgFu_train
6129,-0.160077414,-1.083331643588842,lgFu_train
6196,-1.15490196,-1.0917013206578376,lgFu_train
6279,-1.0,-1.1739265301164257,lgFu_train
6294,-1.506597721,-2.204446330734484,lgFu_train
6336,-1.078932033,-1.0394980658591442,lgFu_train
6451,-2.73754891,-2.554062103253436,lgFu_train
6468,-0.455931956,-0.9014186756912577,lgFu_train
6473,-0.173925196,-0.31233470630536486,lgFu_train
6476,-0.001087096,-0.2586684679114722,lgFu_train
6505,-2.025949097,-1.573359921879388,lgFu_train
6610,-1.779891912,-1.5998542543144894,lgFu_train
6619,-2.223298816,-2.3429312922790753,lgFu_train
6623,-1.112595114,-1.5879582296183767,lgFu_train
6626,-1.239577517,-1.3174168956521197,lgFu_train
6720,-2.903089987,-2.5914850195431813,lgFu_train
6734,-1.343623028,-1.3182174251391088,lgFu_train
6741,-0.657577319,-0.7136335407661846,lgFu_train
6781,-0.721246399,-0.6925596361129732,lgFu_train
6795,-0.121860757,-0.39716465759336167,lgFu_train
6834,-0.552841969,-0.7069893440114894,lgFu_train
6838,-1.359706677,-1.2597766482730923,lgFu_train
6839,-0.031517049,-0.23079385115234327,lgFu_train
6853,-1.804961519,-1.5377268577665344,lgFu_train
6869,-0.346787486,-0.5022631653500279,lgFu_train
6895,-1.805014157,-1.9591399370571028,lgFu_train
6896,-0.365418955,-0.5068306310793789,lgFu_train
6914,-1.820362048,-1.674613444254084,lgFu_train
6917,-0.020907099,0.09472267381005789,lgFu_train
6937,-1.578396073,-1.1953900900607448,lgFu_train
6950,-3.0,-2.0114108636744144,lgFu_train
7000,-0.343668947,-0.2923774181244348,lgFu_train
7005,-1.166215625,-1.3300417097397128,lgFu_train
7013,-2.659555885,-2.1802672399291887,lgFu_train
7017,-1.389872382,-1.5029872864608929,lgFu_train
7031,-2.018181393,-0.9997343073867743,lgFu_train
7047,-0.691194508,-0.8772075664450983,lgFu_train
7057,-0.959014084,-1.06088857022786,lgFu_train
7059,-0.995678626,-0.9571903469196559,lgFu_train
7061,-1.367856647,-0.9020272533654344,lgFu_train
7095,-1.807712866,-1.615323402600724,lgFu_train
7108,-2.366531544,-1.8398886894784625,lgFu_train
7111,-0.703957932,-0.7072481217678162,lgFu_train
7127,-0.84897672,-0.7941158687599207,lgFu_train
7175,-1.116946315,-0.9365210916354569,lgFu_train
7181,-1.522878745,-1.1768344583829624,lgFu_train
7184,-1.381199917,-1.0788450994038166,lgFu_train
7185,-3.0,-1.4603773303280425,lgFu_train
7204,-1.736873076,-1.303021354252753,lgFu_train
7220,-0.542118103,-0.5198099630995624,lgFu_train
7242,-0.14691047,-0.3342364240974363,lgFu_train
7247,-0.808018319,-0.9560216777689141,lgFu_train
7255,-0.838631998,-0.7409266288947063,lgFu_train
7263,-0.428291168,-0.3887738599857466,lgFu_train
7270,-3.0,-2.393821956637223,lgFu_train
7271,-1.897531991,-1.7681325937954664,lgFu_train
7309,-1.342944147,-1.270695879104247,lgFu_train
7311,-0.841637508,-1.5351691409915,lgFu_train
7393,-0.977942639,-1.0883384907181934,lgFu_train
7410,-0.4867824,-0.44446595395051197,lgFu_train
7416,-0.415233563,-0.6148736825970511,lgFu_train
7422,-1.1119382,-0.7908431396612842,lgFu_train
7430,-2.903089987,-1.53458223934307,lgFu_train
7447,-0.473742248,-0.7827567104182579,lgFu_train
7450,-1.907524987,-1.402105115700185,lgFu_train
7452,-0.407823243,-0.7360553051511626,lgFu_train
7453,-1.216095728,-1.0445982559057427,lgFu_train
7456,-1.151429592,-0.7283892802284834,lgFu_train
7471,-1.259779467,-0.8993495328127604,lgFu_train
7473,-0.575304697,-0.7866899856390309,lgFu_train
7500,-0.775725986,-0.7087997739170828,lgFu_train
7501,-0.744534518,-0.7797914464102945,lgFu_train
7541,-2.903089987,-2.275507440705465,lgFu_train
7542,-1.662923616,-1.272967147804151,lgFu_train
7560,-0.248720896,-0.26816424674574757,lgFu_train
7564,-0.843599273,-1.092212094296605,lgFu_train
7567,-2.955068454,-1.4546625567043519,lgFu_train
7577,-0.583359493,-0.7106692475614923,lgFu_train
7579,-0.483547923,-0.6862154109413587,lgFu_train
7585,-2.008557496,-1.3896496323171748,lgFu_train
7594,-0.105446359,-0.726692292399191,lgFu_train
7603,-0.849685929,-0.8686196262480286,lgFu_train
7641,-1.413254983,-1.4915981346395701,lgFu_train
7642,-1.505037681,-1.717328399151295,lgFu_train
7670,-0.669586227,-0.746442142924789,lgFu_train
7694,-1.222573178,-0.9454356022783748,lgFu_train
7768,-0.118615343,-0.09141850631393929,lgFu_train
7780,-0.716698771,-0.7522659917844773,lgFu_train
7784,-0.231211806,-0.7758617277301061,lgFu_train
7812,-0.578396073,-0.6423551407033273,lgFu_train
7813,-0.374687549,-0.46546844810137467,lgFu_train
7820,-2.48e-05,-0.0902695357388134,lgFu_train
7845,-0.298665198,-0.35846621970354503,lgFu_train
7934,-0.260427656,-0.369083646976255,lgFu_train
8035,-0.031517051,-0.15947036098516723,lgFu_train
8041,0.0,0.1043940210555598,lgFu_train
8058,-0.714240217,-0.8336732530190768,lgFu_train
8098,-0.08365714,-0.21530952377254423,lgFu_train
8117,-0.013228266,0.023922137976869956,lgFu_train
8133,-0.079271589,-0.1323541755905926,lgFu_train
8139,-1.43920966,-1.4905078251505361,lgFu_train
8141,-1.090016305,-1.2111795043682059,lgFu_train
8153,-1.438898616,-1.5067791321113368,lgFu_train
8189,-0.180456064,-0.3014858679247289,lgFu_train
8190,0.0,-0.16249136411262066,lgFu_train
8227,-2.903089987,-1.4296186075954858,lgFu_train
8249,-0.075720722,-0.18506714169007707,lgFu_train
8271,-0.301029996,-0.44013406981404724,lgFu_train
8280,-0.001087096,-0.18589193015411312,lgFu_train
8289,-2.544850479,-2.0446389042717903,lgFu_train
8295,-0.356547324,-0.7421332914778763,lgFu_train
8341,-1.515700161,-1.4323310815675145,lgFu_train
8346,-1.632699562,-1.9327123171481562,lgFu_train
8370,-2.0,-2.3991833805996996,lgFu_train
8413,-0.892440546,-0.8975969369588802,lgFu_train
8418,-1.598668021,-1.7966317004657866,lgFu_train
8425,-2.902525771,-1.8183814524182624,lgFu_train
8427,-2.041523725,-1.5805384124436457,lgFu_train
8434,-0.975735702,-0.8430165743808724,lgFu_train
8445,-0.393288611,-0.4807594478869974,lgFu_train
8449,-0.638272164,-1.2189084061824902,lgFu_train
8456,-1.037977707,-0.9754853788773283,lgFu_train
8468,-0.358030402,-0.45979176051567267,lgFu_train
8554,-0.182651609,-0.43564931896947306,lgFu_train
8560,-0.016787887,-0.6970518889460661,lgFu_train
8561,-1.006123085,-1.2727918611123448,lgFu_train
8571,-1.450996738,-1.4985038861776656,lgFu_train
8572,-1.946921557,-1.7335389761917794,lgFu_train
8575,-0.68104446,-0.8211136669162981,lgFu_train
8635,-0.649751982,-0.330290003750366,lgFu_train
8693,-0.062983893,-0.5969714586231141,lgFu_train
8698,-0.504455662,-0.8024388259191776,lgFu_train
8800,-0.341912272,-0.6472542611319555,lgFu_train
8814,-1.720675335,-1.511392439157656,lgFu_train
8854,-0.074228238,-0.13442692029971903,lgFu_train
8944,-1.301029996,-0.7762802858046522,lgFu_train
9034,-0.585026652,-0.4520668776559528,lgFu_train
9047,-0.59377061,-0.9637975113186269,lgFu_train
9076,-0.314258261,-0.46499627554553163,lgFu_train
9153,-1.975189,-2.050965125908089,lgFu_train
9154,-1.850997164,-1.9597748706586444,lgFu_train
9161,-1.952451302,-1.6377233771269326,lgFu_train
9331,-1.215858388,-0.7353319339940838,lgFu_train
9340,-1.235823868,-1.0094453745710725,lgFu_train
9395,-0.337242168,-0.6609256279229305,lgFu_train
9417,-1.0,-0.9923763951387027,lgFu_train
9502,-0.975293409,-1.0464961755232476,lgFu_train
9554,-2.392551571,-2.4540707811228524,lgFu_train
9555,-2.847711656,-2.899926791512295,lgFu_train
9560,-0.171340103,-0.2840181962969027,lgFu_train
9651,-0.086186148,-0.21635119108720616,lgFu_train
9782,-0.443697499,-0.5848161549635438,lgFu_train
10229,-2.264799852,-1.907001940193357,lgFu_train
10298,-0.970616222,-0.8800184970866444,lgFu_train
10303,-1.517126416,-1.6102881377341172,lgFu_train
10517,-0.698970004,-0.9398040277759834,lgFu_train
10518,-0.207608311,-0.40350792921903794,lgFu_train
10698,-0.962573502,-1.0748172344265639,lgFu_train
10788,-0.05016885,-0.17816607913825452,lgFu_train
11226,-0.698970004,-0.74064401800643,lgFu_train
11293,-0.628932138,-0.8389795871592913,lgFu_train
11335,-0.680729419,-0.791293791624676,lgFu_train
11369,-1.047609599,-0.8740537549924979,lgFu_train
11442,-0.537534242,-0.9423577827677245,lgFu_train
11450,-0.935542011,-0.9926152199453542,lgFu_train
11485,-0.396855627,-0.41892274323494505,lgFu_train
11487,-2.488116639,-1.6168153238839933,lgFu_train
11742,-1.63638802,-1.6488878186946805,lgFu_train
11761,-0.472370099,-1.0799568919091798,lgFu_train
11813,-0.882801645,-1.1783616707662716,lgFu_train
12059,-0.853871964,-0.938502213508992,lgFu_train
12101,-0.59345982,-0.736089239924624,lgFu_train
12454,-1.698970004,-1.3442159827181743,lgFu_train
12512,-0.11768042,-0.26312636376766463,lgFu_train
12555,-0.079181248,-0.952514159481099,lgFu_train
12668,-1.382664102,-1.3828704473243731,lgFu_train
12894,-0.522878738,-0.8259556868875949,lgFu_train
12901,-1.321509255,-1.274597857910457,lgFu_train
12968,-2.903089987,-1.3582334630657469,lgFu_train
13089,-3.0,-2.8395121915559516,lgFu_train
13097,-0.995678626,-1.3652534481772298,lgFu_train
13283,-0.6465127,-0.9736147326637578,lgFu_train
13387,-0.051587034,0.1993450969522099,lgFu_train
13492,-0.920818754,-1.4621546931426226,lgFu_train
13505,-0.809668302,-1.2159456658634626,lgFu_train
13542,-0.584631077,-0.620180968909464,lgFu_train
13709,-0.571194833,-0.8990072163753989,lgFu_train
13728,-0.521433504,-0.7260086764433201,lgFu_train
13754,-0.488428554,-0.727559743761679,lgFu_train
13930,-1.971591689,-1.971085511562006,lgFu_train
14242,-0.155581863,-0.09771200417770895,lgFu_train
14337,-2.903089987,-1.5594553473802428,lgFu_train
14403,-0.339134522,-1.2009844797914173,lgFu_train
14955,-0.187086647,-0.5799282012471223,lgFu_train
15004,-0.602059991,-0.6980719965504338,lgFu_train
15278,-0.438898616,-0.6086619774151175,lgFu_train
15330,-0.672641066,-0.9114031773000745,lgFu_train
15331,-0.027334408,-0.033351456495738306,lgFu_train
15413,-0.043351421,-0.19927942916308042,lgFu_train
15415,-0.269217724,-0.5684611246955844,lgFu_train
15438,-0.023191663,-0.08523213361462853,lgFu_train
15488,-0.311580178,-1.0149162979534025,lgFu_train
15531,-0.301029996,-0.9870563926986311,lgFu_train
15553,-0.346003954,-0.7450684064382067,lgFu_train
15600,-1.174119701,-1.3431428978485846,lgFu_train
15629,-0.688246139,-0.7826271449323945,lgFu_train
15730,-3.0,-2.0622131068319445,lgFu_train
15797,-3.0,-2.467915641534864,lgFu_train
15965,-0.934607038,-0.9597966991063536,lgFu_train
16004,-2.903079894,-2.150617740681717,lgFu_train
16078,-1.522878745,-1.6447705568244588,lgFu_train
16181,-2.903089987,-1.6856138075738283,lgFu_train
16224,-0.249698388,-0.9005995226481109,lgFu_train
16231,-0.179530822,-0.192277351570853,lgFu_train
16362,-1.301029987,-1.4924340597688808,lgFu_train
16562,-0.586444318,-0.6540095674453358,lgFu_train
16653,-1.010887751,-1.0860939095356041,lgFu_train
16720,-0.198405599,-0.4982419371019125,lgFu_train
16886,-0.000543208,0.15237663519481096,lgFu_train
16888,-1.821023053,-1.8466457122865685,lgFu_train
16945,-1.821511535,-1.7692094924920587,lgFu_train
16958,-3.0,-2.3325330337638257,lgFu_train
17012,-1.301029987,-1.4247131116781526,lgFu_train
17016,-1.041914151,-1.002528439336919,lgFu_train
17134,-1.22184875,-1.1614771355502387,lgFu_train
17142,-0.395773947,-0.37109128068670516,lgFu_train
17432,-2.903089987,-2.008875938498492,lgFu_train
17520,-3.0,-1.191305277543469,lgFu_train
17581,-0.238399255,-1.3526404636871858,lgFu_train
17739,-1.150580586,-0.916910885901935,lgFu_train
17818,-0.218963061,-0.3317774433421482,lgFu_train
17925,-1.301029996,-1.4196969549927247,lgFu_train
18020,-1.634512015,-1.3971450971227313,lgFu_train
18206,-0.28567024,-0.1033795108331831,lgFu_train
18343,-0.214670165,-0.1685615320664477,lgFu_train
18381,-1.48148606,-1.4473903497453096,lgFu_train
18752,-0.341035157,-0.5300940647490643,lgFu_train
19191,-1.301029996,-1.7948571934048905,lgFu_train
19395,-1.68613278,-1.7081448320458583,lgFu_train
19539,-2.446116973,-1.7222740303691892,lgFu_train
19861,-0.045757495,-0.636525469035268,lgFu_train
19988,-2.025949097,-1.8342784324524137,lgFu_train
20313,-0.698970004,-0.8933226131370547,lgFu_train
20352,-0.782516056,-0.7864946826963947,lgFu_train
20392,-0.42945706,-0.49632375446865745,lgFu_train
21262,-1.170053304,-0.8626792771522451,lgFu_train
21307,-0.75488356,-1.0353992629924356,lgFu_train
21319,-1.26760624,-1.2436185089057061,lgFu_train
21772,-1.301029987,-1.2340091849120223,lgFu_train
21803,-2.903089987,-2.222835553822997,lgFu_train
22401,-0.176460566,-0.498289305339298,lgFu_train
22530,-0.017728771,-0.8735288111504305,lgFu_train
22563,-0.313363731,-0.5108946999091113,lgFu_train
23353,-0.046723663,-0.12360465393475417,lgFu_train
23480,-1.096910013,-1.3004256885353773,lgFu_train
23568,-0.905412422,-1.1050013166014447,lgFu_train
24749,-0.154901963,-0.15982484764791283,lgFu_train
25215,-0.522878738,-1.0268407279644631,lgFu_train
25419,-0.193820029,-0.5137187002180672,lgFu_train
25429,-0.334166926,-0.5711197129508423,lgFu_train
25654,-0.301029996,-0.3763376303564909,lgFu_train
25670,-1.514278574,-1.830705880288204,lgFu_train
26177,-1.967421528,-1.710916260605577,lgFu_train
26618,-2.0,-1.8342575415118036,lgFu_train
26709,-0.221848742,-0.8574939998664989,lgFu_train
26757,-0.823908741,-0.8626183999266299,lgFu_train
27189,-2.903089987,-1.3314798245645811,lgFu_train
27195,-1.124168865,-1.3202725998975733,lgFu_train
27400,-1.045757481,-1.0764190661982367,lgFu_train
27661,0.0,-0.00377045432552974,lgFu_train
27775,-0.602059991,-0.6694134285602398,lgFu_train
28061,-0.070581069,-0.1942009606846625,lgFu_train
28780,-2.902782615,-0.9520614610188566,lgFu_train
28871,-2.602059991,-2.422644160714686,lgFu_train
29732,-2.512861625,-2.3044670218176644,lgFu_train
30623,-0.003281884,-0.10987290915453225,lgFu_train
30692,-0.480172006,-0.5662214080131424,lgFu_train
30773,-0.49950692,-0.7421736881800758,lgFu_train
30951,-2.0,-1.4881982101962092,lgFu_train
31070,-1.398483216,-1.4222681121172018,lgFu_train
31099,-0.052622326,-0.23895513379907804,lgFu_train
31200,-2.903089987,-1.7032094085627711,lgFu_train
31208,-1.235077015,-1.3354959187607827,lgFu_train
31236,-0.527801277,-0.5078836637655777,lgFu_train
31275,-0.026983044,-0.20858058357069378,lgFu_train
31307,-0.494850022,-0.47524297826701456,lgFu_train
31356,-2.153044675,-2.0928848065005825,lgFu_train
31357,-1.458358549,-1.3749218752069108,lgFu_train
31405,-1.709208817,-1.5864777824080658,lgFu_train
31423,-1.61704792,-1.8900346799052092,lgFu_train
31553,-1.301029996,-1.4544792231140644,lgFu_train
31645,-0.788996551,-0.5563626857491637,lgFu_train
31657,-0.101039367,-0.15246698731637187,lgFu_train
31677,-2.903089987,-1.5160417709292486,lgFu_train
31736,-1.453468842,-1.365581293990765,lgFu_train
32184,-1.30980392,-1.4905866413734172,lgFu_train
32329,-0.677780705,-0.5413083507532318,lgFu_train
32490,-0.074388511,-0.16045081987242563,lgFu_train
32518,-2.572045848,-2.3056552332673146,lgFu_train
32778,-1.15490196,-1.1761568054206264,lgFu_train
32872,-1.978810701,-1.4962353349013144,lgFu_train
33259,-1.863279433,-1.8673356652540298,lgFu_train
33360,-0.883132244,-0.9622374117909658,lgFu_train
33443,-1.336299075,-0.9325383328108745,lgFu_train
33528,-1.549381298,-1.6364634116832957,lgFu_train
33584,-2.602059991,-2.015144610040252,lgFu_train
33624,-0.045757491,-0.2624786537324482,lgFu_train
33625,-0.800427645,-0.9666138126716577,lgFu_train
33671,-1.718966633,-1.6039559440173177,lgFu_train
33887,-2.0,-1.658535457209555,lgFu_train
34192,-2.903086721,-1.8308484561166876,lgFu_train
34312,-0.259637307,-0.6644710426013996,lgFu_train
34469,-2.903089987,-2.501242435102228,lgFu_train
34521,-0.307593765,-0.49023510847500223,lgFu_train
34526,-2.099632871,-1.35372933316218,lgFu_train
34633,-0.920818754,-1.1831473834798247,lgFu_train
35370,-0.207608311,-0.2707674314427961,lgFu_train
35455,-1.301029987,-1.4984262975677345,lgFu_train
35510,-0.126737541,-0.4146370145484028,lgFu_train
35754,-1.940247306,-0.8013785389191896,lgFu_train
36187,-3.0,-2.865785422765594,lgFu_train
36242,-1.301899454,-1.4404993442096488,lgFu_train
36314,-1.602059991,-1.4869201451296126,lgFu_train
36324,-2.903084741,-1.9017232247265832,lgFu_train
36339,-0.628932141,-0.6978766269720901,lgFu_train
36382,-2.158015195,-1.44480385196548,lgFu_train
36400,-3.0,-2.757330002288087,lgFu_train
36458,-0.058637664,0.15687577368881853,lgFu_train
36462,-1.522878745,-1.571322807563532,lgFu_train
36565,-2.903089987,-2.368219938842789,lgFu_train
36647,-3.0,-2.8701975898965073,lgFu_train
36679,-0.588380294,-0.6475067547138651,lgFu_train
37034,-3.0,-2.932964145974786,lgFu_train
37123,-1.511449283,-1.664429001092907,lgFu_train
37175,-1.523946496,-1.288994898496537,lgFu_train
37393,-0.455931956,-2.243029836343876,lgFu_train
37497,-1.22184875,-1.065846942956779,lgFu_train
37517,-2.903089987,-1.8936727302295662,lgFu_train
37632,-0.508638306,-0.8216587314479304,lgFu_train
38024,-3.0,-2.908219757628209,lgFu_train
38207,-0.721246399,-0.7028946853802729,lgFu_train
38409,-2.0,-2.079178859152028,lgFu_train
38854,-0.159266765,-0.3629040737705969,lgFu_train
39042,-1.301029987,-1.6522935917285269,lgFu_train
39223,-1.181125571,-1.4039484082829905,lgFu_train
39327,-0.914972385,-2.4106762184312656,lgFu_train
39385,-0.983593499,-1.3109877904093221,lgFu_train
39425,-0.070116435,-0.8465069268009934,lgFu_train
39676,-0.226314466,-1.1923796938486706,lgFu_train
39941,-2.309894379,-2.111837681623568,lgFu_train
39965,-0.212896037,-0.31204188570527863,lgFu_train
39985,-2.903089987,-2.430593924221159,lgFu_train
40087,-1.546745379,-1.2698416002631372,lgFu_train
40326,-2.903086704,-2.7451312569526336,lgFu_train
41317,-2.124938737,-2.0525824917716635,lgFu_train
41368,-0.897446816,-1.19217388906661,lgFu_train
41381,-2.903089987,-2.5126575647452616,lgFu_train
41428,-1.662980247,-1.5738697482002248,lgFu_train
41693,-1.031517051,-0.7839653298915299,lgFu_train
41987,-1.0,-0.9458796685105288,lgFu_train
42510,-1.397940009,-1.0131908737425122,lgFu_train
42586,-0.136225232,-0.6003574492861669,lgFu_train
42614,-0.359518563,-0.35547399229394644,lgFu_train
42616,-0.677780716,-0.6592532477575365,lgFu_train
42667,-1.756961951,-1.9313226256276956,lgFu_train
42884,-0.823908741,-1.1515539403206587,lgFu_train
42981,-2.560667306,-2.1828415873359788,lgFu_train
43079,-0.860729021,-1.647810128651195,lgFu_train
43085,-0.158015195,-0.47592878378575704,lgFu_train
43226,-1.426528853,-1.6399988981501712,lgFu_train
43260,-0.107849722,-0.18081128313081116,lgFu_train
43815,-1.15490196,-1.3025354086161114,lgFu_train
44073,-2.167491087,-2.1902631972835196,lgFu_train
44093,-0.139661993,-0.4656063073746302,lgFu_train
44112,-0.455931962,-1.4981311685160186,lgFu_train
47326,-2.191114133,-2.0368538849038007,lgFu_train
47576,-2.0,-1.7468779656702615,lgFu_train
47866,-0.028783391,-0.20753377132898876,lgFu_train
47898,-1.71813749,-1.9069970213062477,lgFu_train
47938,-2.586557851,-2.351077792618574,lgFu_train
48041,-0.698970004,-0.96488202365459,lgFu_train
49750,-1.954677021,-1.5668615785472582,lgFu_train
50294,-0.698970004,-0.8485912409467686,lgFu_train
50367,-2.903089987,-1.7910794953363118,lgFu_train
50465,-1.037835151,-1.0169107787909673,lgFu_train
50896,-2.086716098,-2.2717605232051388,lgFu_train
50897,-2.483791361,-2.3029164959576685,lgFu_train
51263,-1.096910013,-0.8472236997462865,lgFu_train
51605,-2.560667306,-2.0079283053358594,lgFu_train
52999,-1.062152079,-1.6917780560780658,lgFu_train
53232,-1.301029996,-1.3051987705953136,lgFu_train
54382,-2.903089987,-2.539543489124347,lgFu_train
54454,-1.301029996,-1.3556847652155093,lgFu_train
54585,-2.0,-1.890119812379925,lgFu_train
54687,-0.301029996,-0.5599399295451921,lgFu_train
54738,-0.035023976,-0.18431237949136017,lgFu_train
54739,-0.821371688,-0.7467350818524467,lgFu_train
54745,-2.903089987,-2.0179907302665727,lgFu_train
54778,-0.763060292,-0.9361916053714844,lgFu_train
54901,-2.903089987,-2.956064765741564,lgFu_train
54960,-2.238448011,-1.8564326267148992,lgFu_train
55185,-0.30980392,-0.34359832643871147,lgFu_train
55473,-0.017728767,-0.4328335002918719,lgFu_train
55756,-0.301029996,-1.1024563888895897,lgFu_train
56339,-1.301029987,-1.1883396953141268,lgFu_train
57363,-1.0,-1.0320317554926253,lgFu_train
57469,-0.829444941,-0.7977746005874031,lgFu_train
59768,-0.346787486,-0.38287492946419904,lgFu_train
59823,-2.0,-1.4673249601304548,lgFu_train
60149,-2.124938737,-1.281475647842162,lgFu_train
60490,-1.15490196,-1.0038675778256636,lgFu_train
60542,-2.124938737,-1.9462401377734522,lgFu_train
60613,-0.023191663,0.09398453477177712,lgFu_train
60712,-3.0,-1.889476409852855,lgFu_train
60719,-2.468521083,-2.36122885368109,lgFu_train
60820,-2.0,-1.4640548932161985,lgFu_train
60825,-0.113509275,-0.08588415548517637,lgFu_train
60831,-0.441779151,-0.5880735079764831,lgFu_train
60846,-1.301029996,-1.8503040762604317,lgFu_train
60852,-0.823908741,-0.5916934974535901,lgFu_train
60858,-0.239703122,-0.760294649830207,lgFu_train
60871,-0.017728767,-0.2962454475450545,lgFu_train
60937,-1.0,-1.3542142911066823,lgFu_train
60939,-1.22184875,-1.2369374121752672,lgFu_train
61073,-2.198321941,-1.027861122510496,lgFu_train
61247,-0.09165977,-0.21174679053274847,lgFu_train
61799,-0.855425792,-0.19440872429737233,lgFu_train
62097,-0.14327111,-0.4161974052207433,lgFu_train
62210,-2.903089987,-2.8169982406065808,lgFu_train
62276,-2.903089987,-2.734973153487098,lgFu_train
62389,-0.860120914,-0.7579488724301114,lgFu_train
62485,-1.952725133,-1.783911282472442,lgFu_train
62867,-0.259637307,-0.8885212837595806,lgFu_train
63062,-1.815308569,-1.723410050434688,lgFu_train
64139,-2.698970004,-1.9817679121729912,lgFu_train
64929,-1.924453039,-1.9906644243429237,lgFu_train
64987,-0.026641199,-0.08035959287389854,lgFu_train
65394,-2.0,-2.3068936762078835,lgFu_train
65450,-0.070581069,-0.6539162887511225,lgFu_train
65937,-1.619788758,-1.4116454326356402,lgFu_train
65952,-3.0,-2.0055654952121174,lgFu_train
66166,-1.739211711,-1.5760129989224758,lgFu_train
66461,-1.388985164,-1.262564576199022,lgFu_train
66494,-2.037157319,-1.8191627575746654,lgFu_train
67172,-1.583359493,-1.7515463247596552,lgFu_train
67174,-0.787812396,-1.3936340498123385,lgFu_train
67542,-1.775703222,-1.7289082437992178,lgFu_train
67815,-1.713723932,-1.5506124883765544,lgFu_train
67821,-3.0,-2.7877224757706065,lgFu_train
68602,-1.22184875,-1.1237356221710777,lgFu_train
68778,-1.397940009,-1.1548090898967263,lgFu_train
68870,-1.301029987,-1.675325147164182,lgFu_train
68916,-1.0,-1.0382826002970058,lgFu_train
68942,-2.602059991,-1.604491673905121,lgFu_train
69861,-0.809668302,-0.7608942353814678,lgFu_train
71158,-0.013228259,0.08102386226337742,lgFu_train
71249,-1.756961951,-1.4255707326085216,lgFu_train
71301,-1.698970004,-1.0734777325171474,lgFu_train
71453,-0.026872146,-0.23701112749653622,lgFu_train
71482,-0.257274869,-0.8554445957302781,lgFu_train
71651,-0.769551079,-0.6776853139192373,lgFu_train
71983,-1.096910013,-1.1931897343733158,lgFu_train
72054,-1.505275091,-1.3286724908332157,lgFu_train
72287,-1.468521083,-1.309574939247384,lgFu_train
72938,-0.443697493,-0.3804474236914143,lgFu_train
73282,-1.647663094,-1.7467421745210303,lgFu_train
73665,-1.662973582,-1.7098373796914825,lgFu_train
73670,-2.903089987,-2.1571213586981965,lgFu_train
73672,-1.227433829,-1.4780187399978932,lgFu_train
73675,-1.53387413,-1.2680041625379828,lgFu_train
73852,-1.707743929,-1.5746757433653755,lgFu_train
73864,-2.164309429,-2.110629571654279,lgFu_train
74483,-2.4768243,-2.3573544574987984,lgFu_train
75066,-1.576180908,-1.6745824354745784,lgFu_train
75575,-1.387216143,-1.4423260673339073,lgFu_train
75576,-1.370590401,-1.4320538364880717,lgFu_train
75908,-0.866461092,-0.7273574709537612,lgFu_train
76302,-2.903089987,-2.5027800174308803,lgFu_train
77222,-3.0,-2.791358949338593,lgFu_train
77463,-1.416801226,-0.43418035657324866,lgFu_train
77991,-0.207608311,-0.35634679342386955,lgFu_train
77992,-0.455931956,-0.3751015308369876,lgFu_train
78435,-1.474955193,-1.218467845720009,lgFu_train
80277,-1.617268734,-1.598033854541273,lgFu_train
82146,-2.0,-2.0765423826149902,lgFu_train
83656,-2.058488567,-1.7639998549146185,lgFu_train
83969,-0.522878738,-0.8561063351003015,lgFu_train
83975,-2.903089987,-1.3558962318830419,lgFu_train
84098,-1.794524963,-1.4250187069603009,lgFu_train
85026,-0.222573178,-0.7945722681254972,lgFu_train
86102,-1.180423987,-1.113096365475902,lgFu_train
86132,-0.962204443,-0.9068540562690686,lgFu_train
86137,-0.342812793,-0.2252549676899677,lgFu_train
86138,-1.972650392,-1.3965622975028427,lgFu_train
86160,-2.228584029,-1.0121851740920584,lgFu_train
86211,-1.879426069,-1.1110648922954351,lgFu_train
86233,-0.861562039,-1.075901334547377,lgFu_train
86296,-1.466138748,-1.5886292758875755,lgFu_train
86298,-1.029749233,-1.2225284038429076,lgFu_train
86354,-2.903089987,-1.7801392724516714,lgFu_train
86369,-0.003247317,-1.4440634827449512,lgFu_train
86398,-2.488116639,-1.4151095165098593,lgFu_train
86400,-1.316301707,-1.6888551404472913,lgFu_train
86412,-1.634512015,-1.2158164876786897,lgFu_train
86416,-0.482804102,-1.1582531114286707,lgFu_train
86418,-0.182671451,-0.1753557679698918,lgFu_train
86429,-0.861448383,-1.7772261134772296,lgFu_train
86443,-1.216049994,-1.3980134871853775,lgFu_train
87250,-1.346787486,-1.5002351393471436,lgFu_train
89594,-0.022276395,0.04962799836214089,lgFu_train
91276,-0.022276397,-0.07901579990420551,lgFu_train
91550,-0.008773924,0.08434538590299442,lgFu_train
91605,-1.22184875,-2.073955483060808,lgFu_train
91610,-2.0,-1.864355425101232,lgFu_train
91649,-0.928117993,-1.1756961413646343,lgFu_train
91650,-1.758067707,-1.3852552201990473,lgFu_train
91655,-2.492144128,-2.4142977810863413,lgFu_train
91699,-2.264002116,-1.534269699762647,lgFu_train
91731,-2.488116639,-2.5934645655199287,lgFu_train
91738,-1.715689611,-1.5481350120228303,lgFu_train
91739,-1.547717655,-1.4357758494625514,lgFu_train
91744,-0.635207384,-0.8347513432190905,lgFu_train
91751,-2.903089987,-2.03846275901646,lgFu_train
91753,-2.756961951,-2.2330734284881983,lgFu_train
91756,-1.783629532,-1.6467350813643393,lgFu_train
91757,-2.903089987,-2.383180107801677,lgFu_train
91758,-0.337257273,-0.9575709181813385,lgFu_train
91759,-1.755859004,-1.6424412485335182,lgFu_train
91763,-2.034155732,-1.8077002756042517,lgFu_train
91770,-0.261645625,-0.37631442589626907,lgFu_train
91773,-1.477588366,-1.4929972628684967,lgFu_train
91776,-1.964903956,-1.7456796905930256,lgFu_train
91779,-0.20183432,-1.3264078321892696,lgFu_train
91781,-1.510493851,-1.6114861900131952,lgFu_train
92299,-0.644481507,-0.8958314514403939,lgFu_train
92425,-1.547518429,-1.4355072625289984,lgFu_train
92434,-0.48239673,-1.611390644818939,lgFu_train
92873,-1.943095149,-2.086935949997773,lgFu_train
93118,-1.850780887,-1.7587709897534016,lgFu_train
93162,-1.630784143,-1.2003953500827722,lgFu_train
93379,-1.52614823,-1.458092268217678,lgFu_train
93516,-2.903089987,-1.7158321890993191,lgFu_train
93541,-2.903089987,-2.6270278028241236,lgFu_train
96088,-1.604217846,-1.5500133959333595,lgFu_train
104850,-2.301029996,-2.034176357660642,lgFu_train
105031,-0.602059991,-0.7693061863609516,lgFu_train
107646,-0.081396053,-0.1765468662970719,lgFu_train
107688,-0.00877392,-0.19032560960014655,lgFu_train
107760,-2.337242168,-2.2216578400058733,lgFu_train
107838,-1.0,-0.511602671908705,lgFu_train
107924,-3.0,-2.1873664798620975,lgFu_train
107996,-0.580044252,-0.6923260821953744,lgFu_train
108031,-2.301029996,-2.3181926458886033,lgFu_train
108051,-0.443697499,-0.7837622115772194,lgFu_train
108057,-0.070581069,-0.3910800031532783,lgFu_train
108143,-2.0,-1.7996966485836516,lgFu_train
108185,-2.30980392,-2.1252779755569042,lgFu_train
114709,-0.423083044,-0.6330379356295216,lgFu_train
115224,-0.542699314,-0.7245966223566102,lgFu_train
116545,-1.769551079,-1.8836344114589068,lgFu_train
122068,-0.853871964,-1.4252343533621044,lgFu_train
122116,-0.575343724,-1.0473651274407143,lgFu_train
122129,-0.397940009,-0.6451517006432159,lgFu_train
122252,-1.0,-1.5466372563956934,lgFu_train
122316,-1.045757491,-0.9275658181707173,lgFu_train
123606,-0.212303432,-0.3400139934267362,lgFu_train
123619,-1.092409514,-1.2997667575191056,lgFu_train
123631,-1.049797464,-1.470109551486472,lgFu_train
124072,-1.300162274,-1.3878728542776737,lgFu_train
124087,-0.802719442,-1.165535230129899,lgFu_train
124431,-2.674895017,-1.8421395287051918,lgFu_train
125017,-0.154901963,-0.3134749088942247,lgFu_train
125098,-0.547656345,-0.3589528941109173,lgFu_train
125368,-1.652960769,-1.071203302191928,lgFu_train
129497,-0.26744542,-0.6293975583504825,lgFu_train
129539,-2.468521083,-2.1793059633349263,lgFu_train
131182,-2.397940009,-1.057694663150869,lgFu_train
132231,-2.168770306,-1.9951322674803555,lgFu_train
132787,-1.581698709,-1.3596585434232333,lgFu_train
150716,-0.301029996,-1.1856158474136047,lgFu_train
151067,-1.096910013,-0.9910443681166057,lgFu_train
151075,-2.045757491,-0.8794941227692646,lgFu_train
151166,-1.698970004,-1.8885377137551205,lgFu_train
151170,-2.05581664,-1.5010167825656855,lgFu_train
153974,-2.903089987,-1.9885003482916666,lgFu_train
154059,-1.698970004,-1.4547978799653432,lgFu_train
155815,-0.907279355,-1.296136210094935,lgFu_train
156328,-1.41453927,-1.3310280553971483,lgFu_train
156391,-2.0,-1.5665459950383447,lgFu_train
156422,-2.0,-2.000971216311971,lgFu_train
156850,-0.823908734,-0.9694846120605712,lgFu_train
157047,-1.482804102,-1.876182898138651,lgFu_train
159303,-1.903089987,-1.6789228322414769,lgFu_train
161464,-0.208590084,-0.3879069073902736,lgFu_train
164087,-0.745935547,-0.9125140462626367,lgFu_train
170361,-0.096910013,-0.2846533550269859,lgFu_train
175967,-0.450842597,-0.7142300224391874,lgFu_train
176167,-2.769551079,-2.149241216689628,lgFu_train
176870,-1.266862839,-1.4601474786266069,lgFu_train
177355,-2.050122296,-1.4653695050822133,lgFu_train
182336,-0.017728771,-0.4100481057054981,lgFu_train
182475,-0.657577319,-1.0736237530628467,lgFu_train
182951,-0.361510743,-2.012314912278579,lgFu_train
183812,-1.254925208,-1.292249790198573,lgFu_train
188653,-2.903089987,-1.2101022463218287,lgFu_train
204102,-1.022276395,-1.11081690101677,lgFu_train
213013,-1.499365643,-2.0990017072820732,lgFu_train
213016,-2.142667504,-1.910594719383832,lgFu_train
213021,-0.241851693,-0.360108505355644,lgFu_train
213023,-0.1837587,-0.8931900043997082,lgFu_train
213031,-1.240088011,-1.7616094536302618,lgFu_train
214348,-2.0,-1.839712185019393,lgFu_train
215639,-0.863913903,-1.4840807441434332,lgFu_train
216235,-2.0,-2.111920461956471,lgFu_train
216468,-1.698970004,-1.8287214255383588,lgFu_train
249098,-1.301029987,-1.1417324743923223,lgFu_train
254320,-0.795880017,-1.0383925798297033,lgFu_train
256278,-0.221848742,-0.8704403587281793,lgFu_train
262961,-2.0,-1.3469140671813236,lgFu_train
274115,-1.679853714,-1.6537156986423251,lgFu_train
274159,-1.145693958,-1.0710548079135656,lgFu_train
293810,-0.489857301,-0.29115817707673597,lgFu_train
300385,-1.512861625,-1.5991158976161086,lgFu_train
319954,-0.795880017,-0.8510015680006174,lgFu_train
387447,-0.769551079,-0.7406309757762762,lgFu_train
394397,-1.301029996,-1.3605188603261187,lgFu_train
396646,-1.245651664,-1.0956013914994336,lgFu_train
400633,-0.154901963,-0.455500580213228,lgFu_train
411697,-0.091514981,-0.23464576511241644,lgFu_train
417452,-0.124938737,-0.3925135578433732,lgFu_train
429017,-0.522878745,-0.4877658061718574,lgFu_train
441140,-0.795880017,-1.0362363892001458,lgFu_train
441401,-0.161150909,-0.2784311174150972,lgFu_train
443031,-1.974694135,-1.9196464234276134,lgFu_train
443872,-0.301029996,-0.5232574436066867,lgFu_train
446157,-1.420216403,-1.3487635618085323,lgFu_train
446220,-1.045757491,-0.5057565218304971,lgFu_train
446541,-1.698970004,-1.4776783504325797,lgFu_train
446987,0.0,-0.08065393604024465,lgFu_train
447912,-2.356547324,-2.283124668193435,lgFu_train
448014,-2.494850022,-1.6072570753173399,lgFu_train
448677,-0.823908741,-0.7170517607955703,lgFu_train
449035,-1.649751982,-1.4227261041727246,lgFu_train
449381,-0.013228266,-0.11178906619642423,lgFu_train
453069,-0.8467951,-0.7680290034962663,lgFu_train
455468,0.0,-1.615132961237663,lgFu_train
456199,-0.301029996,-1.1177338581037128,lgFu_train
481709,-1.077793723,-1.2145087872968883,lgFu_train
481711,-0.745935547,-0.9455568758528631,lgFu_train
484898,-1.266642212,-1.1990449630999047,lgFu_train
490476,-0.039053804,-0.10752567174084636,lgFu_train
500199,-0.301029996,-0.5581171353672807,lgFu_train
504312,-2.552841969,-1.8587670903721945,lgFu_train
504457,-2.853871964,-1.75761554486038,lgFu_train
506074,-0.770574152,-0.4546610629008336,lgFu_train
507868,-1.958607315,-1.2305581201545714,lgFu_train
510212,-2.552841969,-1.4430923201594628,lgFu_train
521308,-0.119186411,-0.20040146818918764,lgFu_train
521928,-0.93404701,-1.0392440845199122,lgFu_train
522636,-0.619788758,-0.5071046821990824,lgFu_train
541103,-1.0,-1.1046916902118302,lgFu_train
541123,-0.602059991,-0.6760850228978398,lgFu_train
599772,-1.349692477,-1.379176739111253,lgFu_train
610479,-2.124938737,-1.7346720395051496,lgFu_train
616765,-0.814473427,-0.9893415036239314,lgFu_train
624590,-0.154281982,-0.574348100844173,lgFu_train
633097,-0.698970004,-0.7676892399754629,lgFu_train
647120,-1.679853714,-1.5618617040215388,lgFu_train
649290,-1.378823718,-1.1476409636168536,lgFu_train
650148,-2.283996656,-2.3242467741084494,lgFu_train
650703,-1.630784143,-1.5419322916125384,lgFu_train
652840,-1.493494968,-1.5986995585411294,lgFu_train
653473,-2.455931956,-1.9032160023863585,lgFu_train
656344,-2.744727495,-2.0733013810040104,lgFu_train
656982,-0.067526235,-0.37340545202625686,lgFu_train
657298,-0.744727495,-0.7770843735557562,lgFu_train
658856,-0.301029996,-0.2100261546786604,lgFu_train
665387,-1.954677021,-1.4212548931288904,lgFu_train
667490,-0.075074924,-0.5961185954328839,lgFu_train
667657,-0.469800302,-0.7245864527051561,lgFu_train
668390,-1.179798541,-1.0870902923563683,lgFu_train
688763,-1.142667504,-0.8895446270732882,lgFu_train
697993,-1.550856861,-1.4864218648472265,lgFu_train
707035,-0.397940009,-0.7627099645319462,lgFu_train
711223,-2.37675071,-1.6962559601272038,lgFu_train
731455,-1.407823243,-1.6554666992633065,lgFu_train
752807,-0.552686891,-0.7958964571815709,lgFu_train
757671,-1.886056648,-1.8068684955270855,lgFu_train
768655,-2.13076828,-2.0296107781954573,lgFu_train
776740,-2.619788758,-1.6314910903186477,lgFu_train
789893,-1.619788758,-1.6220830530781893,lgFu_train
804228,-2.22184875,-1.8547587074479848,lgFu_train
806021,-3.15490196,-2.4034486125981074,lgFu_train
807100,-1.397940009,-1.5414238198894061,lgFu_train
808844,-2.698970004,-2.155258508917198,lgFu_train
839099,-0.57446578,-0.9708202992106928,lgFu_train
840853,-0.1035289,-0.3987120101839746,lgFu_train
851157,-0.872571222,-0.6986892184855634,lgFu_train
853790,-0.281498311,-1.5456481556000046,lgFu_train
854749,-1.161150909,-1.3719557438829784,lgFu_train
856421,-1.53313238,-1.4149408003429278,lgFu_train
864334,-2.013228266,-1.6808504375509965,lgFu_train
881003,-2.214670165,-2.0686354175496326,lgFu_train
931186,-2.769551079,-2.1831323009393566,lgFu_train
946898,-0.996108834,-0.8408670361126184,lgFu_train
965336,-1.571865206,-0.9121851927416109,lgFu_train
973122,-2.698970004,-1.9002700346848702,lgFu_train
979755,-1.571865206,-1.4766394852194158,lgFu_train
1012759,-1.657577319,-1.8521175024547407,lgFu_train
1034421,-0.301029996,-1.1659627401491965,lgFu_train
1048267,-1.522878745,-1.4670117479551303,lgFu_train
1067829,-1.640164518,-1.6401288039921589,lgFu_train
1088438,-0.300162274,-0.9710584615431094,lgFu_train
1150897,-0.898596649,-0.8674404263812676,lgFu_train
1153439,-2.022276395,-1.6514587541447716,lgFu_train
1226363,-2.113509275,-1.4246417435666137,lgFu_train
1252823,-0.697236292,-1.1518687871170277,lgFu_train
1470715,-0.650139918,-0.9161935021909985,lgFu_train
1470719,-1.397940009,-1.4542795988293011,lgFu_train
1470839,-0.469800302,-0.6627432145487815,lgFu_train
1470848,-1.179798541,-0.8073710483433925,lgFu_train
1474141,-0.787279846,-0.6463183311859754,lgFu_train
1483671,-2.522878745,-1.7722028504790013,lgFu_train
1548994,-1.301029996,-1.4544792231140644,lgFu_train
1549000,-0.982966661,-1.1856158474136047,lgFu_train
1712095,-0.920818754,-1.4040835960043248,lgFu_train
1987212,-0.996108834,-1.1317487458231672,lgFu_train
2072949,-1.032452024,-0.9862631072077519,lgFu_train
2086961,-0.228339041,-1.2067416056322788,lgFu_train
2129427,-1.416801226,-1.4590287635662298,lgFu_train
2161807,-2.677780705,-2.1999567284479333,lgFu_train
2187415,-1.0,-0.9886556575030759,lgFu_train
2306530,-1.886056648,-1.361951054967549,lgFu_train
2399901,-1.170053304,-1.285735868850504,lgFu_train
2583694,-1.427128398,-1.227040436411236,lgFu_train
2596914,-3.22184875,-2.0934525936687165,lgFu_train
2724385,-0.110698297,-0.33883122492156686,lgFu_train
2738343,-1.301029996,-1.4857435482731354,lgFu_train
2741649,-1.0,-1.919683829526262,lgFu_train
2747154,-1.301029996,-2.15027548067467,lgFu_train
2755911,-0.721246399,-1.0392967792343366,lgFu_train
2761171,-0.154901963,-0.2475542942352362,lgFu_train
2764068,-0.881074247,-1.5349004471797507,lgFu_train
2766326,-0.337242168,-0.47637077933431166,lgFu_train
2766807,-1.8569852,-1.7461298807541121,lgFu_train
2795955,-1.0,-1.4803819412794965,lgFu_train
2804743,-1.301029996,-2.0209887928145114,lgFu_train
2804997,-2.698970004,-2.7784254191837903,lgFu_train
2807133,-1.0,-2.231780136542319,lgFu_train
2824466,-2.853871964,-1.9302378214487832,lgFu_train
2835211,-0.673459331,-0.6563353009475249,lgFu_train
2858699,-2.698970004,-1.240829175323466,lgFu_train
2864688,-0.978397284,-1.2586740602142372,lgFu_train
2880709,-2.0,-1.957347884049681,lgFu_train
2933592,-2.455931956,-1.8075575313501993,lgFu_train
2951910,-1.924453039,-1.7076756452342972,lgFu_train
2973198,-0.245193145,-0.16675177188091872,lgFu_train
3000226,-1.301029996,-1.4026271131884793,lgFu_train
3000715,-0.826328216,-0.6194542460941012,lgFu_train
3025811,-1.698970004,-1.789338528284902,lgFu_train
3026856,-1.46470588,-1.2050170299006902,lgFu_train
3029409,-0.510322708,-0.9345582913847666,lgFu_train
3032791,-0.36919,-0.4978875747828351,lgFu_train
3033226,-0.698970004,-0.8983066451620487,lgFu_train
3033626,-2.124938737,-1.027879652500415,lgFu_train
3033637,-0.187086643,-0.25846067095037634,lgFu_train
3038517,-1.698970004,-1.7230505898752342,lgFu_train
3081304,-2.170910757,-2.245498996552048,lgFu_train
3083546,-0.11407366,-1.6963006000707792,lgFu_train
3115757,-2.795880017,-2.291026158461566,lgFu_train
3117357,-1.292429824,-1.2726058139347804,lgFu_train
3137736,-1.954677021,-1.922091962706895,lgFu_train
3146235,-1.301029996,-2.165912170403864,lgFu_train
3197630,-1.359518563,-1.4066512901230952,lgFu_train
3240858,-1.068542129,-1.2500258322513134,lgFu_train
3243871,-0.996108834,-1.1926994378864493,lgFu_train
3342298,-1.698970004,-1.376424700347024,lgFu_train
3353638,-1.397940009,-1.3043427945232053,lgFu_train
3366298,-1.8569852,-1.44130218835658,lgFu_train
3379829,-1.8569852,-1.4392843549627758,lgFu_train
3391107,-2.903089987,-2.5214056522740367,lgFu_train
3430687,-1.455931956,-1.1262377601727747,lgFu_train
3473995,-0.960585881,-1.0098588861785225,lgFu_train
3565209,-1.374173292,-1.1446730012082278,lgFu_train
3572127,-1.023191663,-1.387586939811859,lgFu_train
3606392,-2.036212173,-1.3125387967419946,lgFu_train
3637030,-0.001740662,-0.40944354397993665,lgFu_train
3714053,-0.951558196,-1.4473513437505858,lgFu_train
3715739,-0.249491605,-0.7689116869182956,lgFu_train
3717450,-0.425968731,-0.4424911971835587,lgFu_train
3763520,-0.960585881,-0.8272440494605008,lgFu_train
3787925,-1.397940009,-1.4137291093551594,lgFu_train
3814068,-1.610833916,-1.4586299954523694,lgFu_train
3831985,-1.105683937,-1.1880269526013627,lgFu_train
3854666,-2.568636236,-2.1997276267952564,lgFu_train
3874387,-0.048986459,0.04624079115014638,lgFu_train
4014291,-1.11463878,-1.1533403266921733,lgFu_train
4092426,-1.000434512,-1.0645892822957377,lgFu_train
4101947,-1.659555885,-1.6502122371651686,lgFu_train
4104620,-1.924453039,-1.6827988174745785,lgFu_train
4104621,-1.368556231,-1.2880930294315442,lgFu_train
4113848,-1.150117548,-1.2449863659575562,lgFu_train
4169159,-0.397940003,-0.4075660320041608,lgFu_train
4181867,-2.200659451,-2.232867566101081,lgFu_train
4183806,-0.823908726,-0.8689466959046263,lgFu_train
4293406,-1.886056648,-1.5346197051165689,lgFu_train
4302940,-2.958607315,-2.3186347580407043,lgFu_train
4307629,-2.13076828,-1.6341732848525612,lgFu_train
4369359,-0.207608311,-0.5248250435636519,lgFu_train
4369524,-1.747146969,-1.4006950744547386,lgFu_train
4400696,-0.443818153,-1.3388905974331498,lgFu_train
4432690,-0.070581064,-0.12738714989318012,lgFu_train
4460698,-0.236572006,-0.35801192672400045,lgFu_train
4460995,-1.0,-1.1672762452748744,lgFu_train
4474225,-2.0,-1.7372836914492145,lgFu_train
4474936,-0.301029996,-0.8477094321577772,lgFu_train
4475098,-0.008773922,-0.156680715602279,lgFu_train
4487900,-0.046562487,-0.1450240416766009,lgFu_train
4488114,-0.03621217,-0.06012213506368742,lgFu_train
4519532,-1.73754891,-1.55537088236515,lgFu_train
4560140,-2.903089987,-2.5567368811315507,lgFu_train
4611851,-1.217527376,-1.4670292543325023,lgFu_train
4616292,-2.443697499,-1.7330699810589916,lgFu_train
4630261,-1.698970004,-1.0461232352737933,lgFu_train
4630412,-0.809668302,-1.0167366326384073,lgFu_train
4636600,-2.721246399,-1.7952098099735991,lgFu_train
4659388,-1.823908741,-1.3812369616942746,lgFu_train
4659568,-1.698970004,-1.4812868202136122,lgFu_train
4659569,-2.055517328,-1.9717840535455968,lgFu_train
4687013,-0.47820835,-0.46381631438881715,lgFu_train
4687521,-1.22184875,-1.2447028334105819,lgFu_train
4751686,-1.8569852,-1.7412595900717662,lgFu_train
4899465,-0.729554092,-0.8649671596528202,lgFu_train
4908365,-0.638272164,-0.7119705407691949,lgFu_train
4914117,-0.987162775,-0.906672567709103,lgFu_train
4979942,-1.0,-1.4615333300796596,lgFu_train
5078908,-1.610833916,-1.5263683906757806,lgFu_train
5150939,-0.004364803,0.05839785129053471,lgFu_train
5176753,-0.102686276,-0.13057627507504832,lgFu_train
5201447,-0.11268897,-0.5966197504910979,lgFu_train
5206924,-0.096910012,-0.24143329341993774,lgFu_train
5229712,-0.721246399,-0.7099616385595596,lgFu_train
5230270,-2.204119983,-1.5714512418295201,lgFu_train
5275444,-1.537602002,-1.6373393087126475,lgFu_train
5275766,-0.327902142,-0.6116596091272074,lgFu_train
5279171,-1.509108812,-1.4987973763258053,lgFu_train
5280053,-0.180456064,-0.2157541723045305,lgFu_train
5280373,-1.692503962,-1.6798193111591018,lgFu_train
5280980,-0.040958608,-0.006922350233077379,lgFu_train
5281004,-0.93930216,-0.9230377896635568,lgFu_train
5282337,-2.0,-1.9791305046647403,lgFu_train
5282339,-2.13076828,-2.1877782396777596,lgFu_train
5282443,-1.0,-0.7636591078724734,lgFu_train
5282539,-3.0,-2.449460508888757,lgFu_train
5282542,-2.568636236,-2.3753915995654875,lgFu_train
5282545,-0.443697499,-0.8965701279141749,lgFu_train
5284566,-0.455931956,-0.4349837857673852,lgFu_train
5288320,-0.821023053,-0.8808254313957659,lgFu_train
5288494,-2.698970004,-2.3934374485285113,lgFu_train
5309581,-1.349692477,-1.3769203915330148,lgFu_train
5310993,-0.00877392,-0.09216635067172509,lgFu_train
5311426,-1.823908741,-1.8521814062545316,lgFu_train
5328120,-0.942714356,-1.2018267949962897,lgFu_train
5329328,-0.974694135,-0.8505612962964773,lgFu_train
5329329,-0.15864053,-0.6229166950934487,lgFu_train
5329330,-1.040958608,-0.9044279933750183,lgFu_train
5329331,-1.036212173,-0.826707494509039,lgFu_train
5329332,-1.387216143,-1.0971357514253413,lgFu_train
5329333,-0.899629455,-0.8308638001610136,lgFu_train
5329335,-0.462180905,-0.616758584027367,lgFu_train
5329336,-1.060480747,-0.9172441690690329,lgFu_train
5330286,-0.642255675,-0.8201533437494808,lgFu_train
5362124,-1.48148606,-1.1299619343760252,lgFu_train
5362129,-0.568636236,-0.6532791652083195,lgFu_train
5385077,-0.886056648,-0.8297859058737841,lgFu_train
5388962,-0.346787486,-0.43235620682061754,lgFu_train
5392139,-1.826813732,-1.2057288812442735,lgFu_train
5466794,-1.22184875,-1.2236699902620436,lgFu_train
5479529,-0.301029996,-0.2279303926861519,lgFu_train
5715869,-1.301029996,-1.8691378757591401,lgFu_train
5743186,-1.698970004,-1.7345024225865522,lgFu_train
6101856,-1.301029991,-1.9360256507240936,lgFu_train
6102792,-2.602059991,-2.079147670734522,lgFu_train
6328646,-0.537602002,-0.6287880360096976,lgFu_train
6335986,-0.124938737,-0.11707357905925705,lgFu_train
6419807,-2.045757491,-1.3241169254730225,lgFu_train
6433102,-1.15490196,-1.3325981600459191,lgFu_train
6436013,-0.567030709,-0.01940197771696867,lgFu_train
6450806,-3.0,-2.2617438915615864,lgFu_train
6450817,-2.156681866,-1.866851930863716,lgFu_train
6451164,-2.0,-1.8932606322087757,lgFu_train
6478681,-0.036212173,-0.743787899258705,lgFu_train
6478689,-0.173925197,-0.3682131687983167,lgFu_train
6479022,-0.031517051,-0.2887971799282526,lgFu_train
6479024,-0.060480747,-0.39792076255831954,lgFu_train
6540210,-2.22184875,-2.157670682080795,lgFu_train
6619879,-1.493494968,-1.599879757201835,lgFu_train
6850811,-0.031517049,-0.3457091961064159,lgFu_train
6914657,-2.15490196,-1.0839556130834365,lgFu_train
6915744,-1.301029996,-1.0270425522619682,lgFu_train
6916151,-1.829738285,-1.8084611846877081,lgFu_train
6918643,-1.167491087,-1.1598979069681616,lgFu_train
7386658,-0.552686891,-1.389972539536778,lgFu_train
7483151,-1.045757491,-1.4705775966969896,lgFu_train
7594067,-0.456677099,-0.6383920599651056,lgFu_train
7687661,-0.744727495,-1.2584511448258988,lgFu_train
7802604,-1.795880017,-1.7017157195164914,lgFu_train
8068410,-1.698970004,-1.6690386128727182,lgFu_train
8097905,-2.0,-1.8555524070227003,lgFu_train
9551399,-0.754240644,-1.308355566999336,lgFu_train
9794475,-0.455931956,-0.42083684844729913,lgFu_train
9795327,-0.332080315,-0.9207827957101465,lgFu_train
9799417,-2.0,-2.337670509372827,lgFu_train
9808828,-1.896196279,-1.2342431449917206,lgFu_train
9811357,-2.180456064,-1.8053543309138587,lgFu_train
9818903,-1.522878745,-1.3685331933813702,lgFu_train
9819350,-1.899629455,-1.8072697253310894,lgFu_train
9821945,-1.175795597,-1.160428210601172,lgFu_train
9822241,-2.096910013,-2.019991068654191,lgFu_train
9826520,-1.8569852,-1.9154505531282504,lgFu_train
9827968,-1.823908741,-1.451086271278288,lgFu_train
9837038,-0.634699251,-0.42892585872882816,lgFu_train
9837769,-0.017728767,-0.12426436063729714,lgFu_train
9839360,-1.870739895,-1.6247345624788752,lgFu_train
9841240,-1.161150909,-1.7811802173122708,lgFu_train
9841364,-0.924818145,-1.0439432951076608,lgFu_train
9841667,-2.37675071,-2.097749074302076,lgFu_train
9842188,-0.886056648,-1.013181366342299,lgFu_train
9842742,-1.283996656,-1.1152107388814922,lgFu_train
9845817,-0.5172693,-0.7557491906288794,lgFu_train
9846410,-0.124938737,-0.391220413199019,lgFu_train
9853559,-0.202732459,-0.8592801964626274,lgFu_train
9853710,-2.045757491,-2.003302585677445,lgFu_train
9862076,-1.292429824,-1.0361197063180478,lgFu_train
9864647,-1.097132646,-1.2890296245379007,lgFu_train
9865365,-2.259637311,-2.148139800294988,lgFu_train
9865774,-0.455931956,-0.670678622862185,lgFu_train
9866250,-0.838631998,-1.0646745462257354,lgFu_train
9866964,-0.48148606,-0.5670364292812263,lgFu_train
9867609,-0.356547324,-0.7269726649535491,lgFu_train
9869105,-1.216811309,-1.0647934976333533,lgFu_train
9870183,-0.217527376,-0.34795197560124924,lgFu_train
9870185,-1.698970004,-1.6279147847638944,lgFu_train
9870627,-2.522878745,-2.0800257216281484,lgFu_train
9877750,-0.365119859,-0.7555972515196941,lgFu_train
9881626,-0.744727495,-0.6892566881899141,lgFu_train
9882672,-0.420216403,-0.5205432160257218,lgFu_train
9883333,-0.033858269,-0.1296713038116668,lgFu_train
9884103,-1.245651664,-1.4343570748451813,lgFu_train
9885204,-2.621175491,-2.133673557811066,lgFu_train
9885323,-2.795880017,-2.205456990258979,lgFu_train
9885495,-0.657774771,-0.8504513367444055,lgFu_train
9886249,-0.872571222,-0.7516533190642923,lgFu_train
9889871,-0.113509275,-0.2312182523835305,lgFu_train
9890816,-0.522878745,-0.6647892875205756,lgFu_train
9890863,-0.538351432,-0.7937000950118719,lgFu_train
9895868,-3.301029996,-2.6630718183461317,lgFu_train
9896267,-1.698970004,-1.4678816210705752,lgFu_train
9896918,-2.823908741,-2.340553383949469,lgFu_train
9899945,-0.187086643,-1.104813553586832,lgFu_train
9903497,-1.032452024,-1.2015213082929996,lgFu_train
9905588,-1.958607315,-1.6553346351163143,lgFu_train
9906124,-1.826813732,-1.7095838779269095,lgFu_train
9906973,-1.680505921,-1.8719527803637739,lgFu_train
9907093,-1.274088368,-1.2014309544158837,lgFu_train
9908306,-1.571865206,-1.1707845580989953,lgFu_train
9908783,-1.866461092,-1.4941493271114414,lgFu_train
9910169,-3.096910013,-1.5982423685250817,lgFu_train
9910790,-0.259637311,-0.19726735982746316,lgFu_train
9913085,-0.581864502,-1.673249918295247,lgFu_train
9915041,-0.958607315,-1.5618138768103418,lgFu_train
9916282,-1.698970004,-1.5720042288583425,lgFu_train
9917021,-2.301029996,-1.7765151708485654,lgFu_train
9917862,-2.0,-2.164380457632565,lgFu_train
9925334,-0.920818754,-1.40889829777517,lgFu_train
9925908,-0.366531544,-0.32220032351720923,lgFu_train
9926615,-1.245651664,-0.8453503556196552,lgFu_train
9927727,-2.0,-2.4156281390437955,lgFu_train
9929222,-1.22184875,-1.3829660472308503,lgFu_train
9930941,-1.640164518,-1.5823537063892463,lgFu_train
9931329,-0.996108834,-1.0228029672488375,lgFu_train
9932580,-2.522878745,-1.5927184619176014,lgFu_train
9936739,-2.903089987,-2.3243360858610296,lgFu_train
9939050,-0.634699251,-0.7532717247126218,lgFu_train
9944610,-0.259637311,-0.5236644985957507,lgFu_train
9949821,-0.729554092,-1.2909178988818166,lgFu_train
9951932,-1.397940009,-1.5147791677703006,lgFu_train
9952109,-1.48148606,-0.9569908353903942,lgFu_train
9953906,-1.11463878,-0.9443304288144923,lgFu_train
9954607,-0.327902142,-0.23919164493410489,lgFu_train
9954899,-1.446116973,-1.5466240515331975,lgFu_train
9955534,-0.065501549,-0.8298427117659675,lgFu_train
9955782,-1.630784143,-1.2144910226323289,lgFu_train
9955886,-2.488116639,-2.036887851926029,lgFu_train
9956119,-1.728158393,-1.8719352586241125,lgFu_train
9959269,-2.48148606,-2.2191946885048277,lgFu_train
9971942,-1.0,-0.8664273710361455,lgFu_train
9984136,-2.22184875,-1.6759296323386026,lgFu_train
10002122,0.0,-0.35531012823966135,lgFu_train
10002440,0.0,-0.468984711725287,lgFu_train
10005242,-0.92382494,-1.3447066788812518,lgFu_train
10018576,-0.978397284,-0.8721228181445663,lgFu_train
10022229,-2.200659451,-1.8356155959796114,lgFu_train
10023121,-1.718966633,-1.2375134225148452,lgFu_train
10023245,-2.091514981,-1.7973431830913578,lgFu_train
10024898,-0.000434512,-0.5703776969409472,lgFu_train
10026604,-0.004364805,-0.11438278730414833,lgFu_train
10046404,-2.397940009,-2.297332472859816,lgFu_train
10047141,-1.896196279,-1.8166057749303395,lgFu_train
10047731,0.0,-0.8236199707630688,lgFu_train
10065020,-0.183660531,-0.4382379148384609,lgFu_train
10066327,-2.045757491,-2.004276889327094,lgFu_train
10069991,-2.494850022,-2.520083492713103,lgFu_train
10074190,-2.0,-1.527031868558577,lgFu_train
10084648,-0.960585881,-1.0632134500965815,lgFu_train
10090208,-2.22184875,-2.268162529891197,lgFu_train
10094246,-0.002176919,-0.3107354920659635,lgFu_train
10094429,-0.002176919,-0.20709702936645102,lgFu_train
10095464,-0.000434512,-0.38588442696772196,lgFu_train
10096162,-0.000869459,-0.6114254440090411,lgFu_train
10096946,-0.007888512,-0.21225821799696662,lgFu_train
10097037,-0.010105436,-0.20450312955914876,lgFu_train
10097082,-0.762456262,-0.718672659389565,lgFu_train
10108847,-1.446116973,-1.5128583477698105,lgFu_train
10109058,-0.476383581,-0.6523152797690563,lgFu_train
10112695,-3.0,-2.1384061516550577,lgFu_train
10113744,-0.744727495,-1.1182507131969825,lgFu_train
10115684,-2.004364805,-1.6488697261331537,lgFu_train
10131006,-1.15490196,-0.9180252832612916,lgFu_train
10134976,-2.388276692,-2.223664509180708,lgFu_train
10135509,-1.522878745,-1.447883013298023,lgFu_train
10136016,-1.777283529,-1.6667608876526017,lgFu_train
10137016,-0.568636236,-0.8258728447319028,lgFu_train
10139173,-1.142667504,-1.25629850349095,lgFu_train
10140931,-1.600326279,-1.4811136044918114,lgFu_train
10141691,-1.301029996,-1.4198538333271236,lgFu_train
10155136,-1.924453039,-1.5314846310585823,lgFu_train
10160166,-1.847711656,-1.9611982687501144,lgFu_train
10161305,-1.382999659,-1.8607392142024328,lgFu_train
10167277,-2.327902142,-2.068067997752151,lgFu_train
10171487,-1.954677021,-1.6213180480976856,lgFu_train
10171540,-0.705313376,-0.8797005865788912,lgFu_train
10175096,-1.22184875,-1.2205541763804941,lgFu_train
10175126,-0.823908741,-1.1019767432727345,lgFu_train
10182400,-1.698970004,-1.1761998153821867,lgFu_train
10183134,-0.958607315,-1.17984824213914,lgFu_train
10184774,-0.443818153,-0.6428168771765917,lgFu_train
10194504,-0.000869459,-0.7017459158584913,lgFu_train
10202422,-0.960585881,-0.9502501044883845,lgFu_train
10210815,-3.0,-2.616682179338287,lgFu_train
10215932,-2.886056648,-2.1196682011106565,lgFu_train
10223158,-1.504455662,-1.448097042750979,lgFu_train
10224207,-0.823908741,-0.9308597616430818,lgFu_train
10237369,-2.0,-2.058992670759909,lgFu_train
10239342,-0.841637508,-1.0795595082179203,lgFu_train
10239608,-1.301029996,-1.0915100156493545,lgFu_train
10239769,-0.769551079,-1.025210862942684,lgFu_train
10250606,-0.000869459,-0.42405689119653484,lgFu_train
10250607,-0.000869459,-0.33953496317305154,lgFu_train
10273252,-2.065501549,-1.9834264321324353,lgFu_train
10275777,-0.096910013,-0.988264039804773,lgFu_train
10278166,-2.537602002,-2.478469443645766,lgFu_train
10278617,-0.420216403,-0.9057820106370866,lgFu_train
10279136,-1.22184875,-1.2110399901786721,lgFu_train
10282265,-1.321481621,-1.810991456547787,lgFu_train
10287138,-3.096910013,-2.490437585560804,lgFu_train
10287292,-0.000434512,-0.7791193621135759,lgFu_train
10290834,-0.173925191,-0.1182530628424856,lgFu_train
10291931,-1.2644011,-1.359083995360987,lgFu_train
10291948,-1.359518563,-1.533699596423444,lgFu_train
10293231,-0.236646891,-0.41169884585184136,lgFu_train
10308710,-1.388276692,-1.286257382144587,lgFu_train
10309114,-0.476383581,-0.6702660999206346,lgFu_train
10310138,-0.000869459,-0.7903090368370929,lgFu_train
10310524,-0.604149624,-0.5894113871597345,lgFu_train
10310632,-1.3400838,-1.2439835761508524,lgFu_train
10311867,-1.301029996,-1.1740456083513295,lgFu_train
10316203,-0.920818754,-1.5410141804001098,lgFu_train
10326800,-0.924818145,-1.3453743047947502,lgFu_train
10332398,-1.3400838,-1.2919460140907937,lgFu_train
10337564,-2.301029996,-2.1550054404799255,lgFu_train
10340798,-2.397940009,-2.3030720929061967,lgFu_train
10341154,-0.406381692,-0.6742335313431562,lgFu_train
10347529,-1.823908741,-2.02280982170452,lgFu_train
10348973,-0.537602002,-1.1018578186147914,lgFu_train
10364560,-0.596707855,-0.8335101472194588,lgFu_train
10367012,-1.698970004,-1.3120570364918873,lgFu_train
10368812,-1.337242168,-1.7365321234852487,lgFu_train
10376960,-0.494850022,-0.614638322915941,lgFu_train
10387417,-0.721475035,-0.8427930576000451,lgFu_train
10387489,-0.745935547,-1.0088916090225997,lgFu_train
10389239,-2.522878745,-1.7573880886546829,lgFu_train
10405318,-2.443697499,-2.3367804631936577,lgFu_train
10407275,-2.283996656,-1.9740731506935576,lgFu_train
10407503,-2.366531544,-1.7396963132363976,lgFu_train
10409908,-1.368556231,-1.532057196664622,lgFu_train
10410468,-0.002613616,-0.19797472086266354,lgFu_train
10411605,-1.096910013,-0.9835190083138405,lgFu_train
10411907,-1.327902142,-1.2687652931744555,lgFu_train
10428273,-1.769551079,-1.9594757130506983,lgFu_train
10430450,-0.000869459,-0.16373421106072475,lgFu_train
10433988,-0.002176919,-0.30216917638324053,lgFu_train
10452640,-0.000434512,-0.6930754408548359,lgFu_train
10459564,-2.677780705,-1.4833932068414868,lgFu_train
10465965,-0.713319031,-0.5665977871833032,lgFu_train
10470886,-0.68131073,-0.7670904962471579,lgFu_train
10476254,-0.001740662,-0.26217118479235396,lgFu_train
10477093,-0.000434512,-0.36054104014571847,lgFu_train
10477191,-0.001740662,-0.0881459683135474,lgFu_train
10477292,-0.318758763,-0.7097300537671696,lgFu_train
10478142,-0.004803708,-0.362698433963636,lgFu_train
10478515,-0.744727495,-0.47920322181754244,lgFu_train
10479502,-2.537602002,-2.0666057965124245,lgFu_train
10483360,-2.698970004,-2.493521368748212,lgFu_train
10529121,-0.920818754,-0.9267550798640547,lgFu_train
10643071,-1.041436117,-1.2374005239988755,lgFu_train
10669349,-1.397940009,-1.1324984524166735,lgFu_train
10714850,-0.524328812,-0.7762684758037935,lgFu_train
10729608,-0.348334396,-0.8804438081051628,lgFu_train
10742217,-0.585026652,-0.5622635822366364,lgFu_train
10809911,-0.431094585,-0.5695276781600409,lgFu_train
10833571,-0.821023053,-0.9692852341501499,lgFu_train
10861643,-0.284832642,-0.5509216061877432,lgFu_train
11027582,-2.128028356,-1.9193312884382743,lgFu_train
11058021,-0.545612533,-0.8250481908599034,lgFu_train
11097730,-0.007298132,-1.2422164856306122,lgFu_train
11122429,-0.408935393,-0.735057149423528,lgFu_train
11134241,-1.301029996,-1.109892073577203,lgFu_train
11139492,-0.455931956,-1.00019309610494,lgFu_train
11149862,-0.933674075,-1.0262311620955749,lgFu_train
11152667,-0.585026652,-0.6950091256383791,lgFu_train
11154496,-1.982966661,-2.075855057902846,lgFu_train
11155871,-1.886056648,-1.447951559602821,lgFu_train
11159621,-0.996108834,-0.9212464002340128,lgFu_train
11185559,-1.207608311,-1.2944387426422028,lgFu_train
11188322,-0.201073261,-0.44072761953800627,lgFu_train
11189693,-1.698970004,-1.5919944091171339,lgFu_train
11189887,-0.823908741,-0.9477054252877882,lgFu_train
11193842,-0.552686891,-0.6903743845150193,lgFu_train
11200189,-0.437707136,-0.7991399464671824,lgFu_train
11200344,-1.301029996,-1.4573104514177737,lgFu_train
11226207,-0.698970004,-0.8502313609236158,lgFu_train
11227406,-1.431798276,-1.379247840870571,lgFu_train
11243969,-0.15490196,-0.2587170694600932,lgFu_train
11244984,-2.657577319,-2.0440986967042694,lgFu_train
11246973,-1.014124643,-0.9564087011571037,lgFu_train
11248978,-0.8467951,-0.992157918087727,lgFu_train
11258980,-1.913640169,-1.9632772958463514,lgFu_train
11271947,-2.22184875,-1.1329510756617476,lgFu_train
11272103,-1.096910013,-1.2013301911837353,lgFu_train
11281300,-1.906578315,-2.120134852282904,lgFu_train
11284707,-1.0,-1.0918676849325035,lgFu_train
11292789,-2.0,-1.7699654313455413,lgFu_train
11293438,-1.200659451,-1.049198548579078,lgFu_train
11304743,-1.068542129,-0.9315223453434363,lgFu_train
11307532,-1.698970004,-1.7738133791549804,lgFu_train
11313946,-1.113509275,-0.9109432594549672,lgFu_train
11314287,-1.292429824,-1.7606999136999024,lgFu_train
11320069,-1.698970004,-1.3894150341094624,lgFu_train
11325699,-1.562249437,-1.6734225861218388,lgFu_train
11326126,-2.537602002,-1.8549925594895658,lgFu_train
11328012,-1.886056648,-1.7229866018181064,lgFu_train
11328459,-0.823908741,-1.0430829609386618,lgFu_train
11329244,-1.508638306,-1.4795169028330601,lgFu_train
11334232,-0.863279433,-0.768753717508274,lgFu_train
11338777,-2.805023443,-1.8629870381263378,lgFu_train
11340230,-2.397940009,-1.9078494644174322,lgFu_train
11340940,-0.236646891,-0.2966036564909457,lgFu_train
11351875,-2.0,-1.21749726250401,lgFu_train
11361885,-1.301029996,-1.1499302204622892,lgFu_train
11372308,-1.847711656,-2.0246794843544262,lgFu_train
11372756,-1.041436117,-1.3019632757709372,lgFu_train
11373432,-0.191789027,-0.9736799425304565,lgFu_train
11375301,-2.096910013,-2.203434884080714,lgFu_train
11381416,-0.113509275,-0.0015824013389718582,lgFu_train
11405875,-2.698970004,-2.2866947942590685,lgFu_train
11407074,-2.0,-1.7714477519402418,lgFu_train
11407637,-1.11463878,-1.2586134405001252,lgFu_train
11409499,-2.903089987,-1.8338792314158554,lgFu_train
11417954,-0.377785977,-0.8135877878567156,lgFu_train
11419598,-1.19280447,-1.3027362263230873,lgFu_train
11427975,-0.744727495,-1.2478878977738825,lgFu_train
11452690,-1.15490196,-1.0985728397752565,lgFu_train
11453391,-2.301029996,-1.862865896156552,lgFu_train
11462174,-2.193820026,-1.8545091267098852,lgFu_train
11462546,-2.075720714,-1.1783376524042057,lgFu_train
11463807,-1.53313238,-1.4939070960210004,lgFu_train
11485656,-2.0,-1.8952055277917226,lgFu_train
11488320,-1.173925197,-1.3336686698520592,lgFu_train
11488817,-0.316322701,-0.3372446791013149,lgFu_train
11495680,-1.301029996,-1.2086150880706608,lgFu_train
11500877,-1.8569852,-1.6753048471880656,lgFu_train
11502371,-0.745935547,-1.050225861748924,lgFu_train
11503160,-1.823908741,-1.5550137820041603,lgFu_train
11503417,-1.244125144,-0.5728548660986821,lgFu_train
11505089,-2.27572413,-1.8744483542450303,lgFu_train
11505808,-1.568636236,-1.5344115321851493,lgFu_train
11509189,-1.397940009,-1.124587703743068,lgFu_train
11510392,-2.301029996,-2.1495537979636508,lgFu_train
11510579,-2.15490196,-2.6233884517489403,lgFu_train
11511776,-1.494850022,-2.104109147247819,lgFu_train
11514705,-0.298432015,-1.6870277727528866,lgFu_train
11516136,-0.096910013,0.021303532994732942,lgFu_train
11517780,-2.173925197,-1.7492621927833247,lgFu_train
11518018,-1.795880017,-1.9378723527548023,lgFu_train
11519784,-1.443697499,-1.5143027585209823,lgFu_train
11526078,-1.823908741,-1.7681097044961798,lgFu_train
11531460,-1.050609993,-1.5069054770515207,lgFu_train
11531799,-1.301029996,-1.220048583365911,lgFu_train
11538251,-0.443697499,-0.8307416815043764,lgFu_train
11546350,-2.004364805,-1.8545893268913292,lgFu_train
11546947,-0.804100348,-1.5131319763391942,lgFu_train
11547499,-0.568636236,-0.5845745239337262,lgFu_train
11554040,-0.769551079,-1.068084391553174,lgFu_train
11556911,-1.036684489,-1.1021527372506272,lgFu_train
11561674,-0.494850022,-0.9752323743019973,lgFu_train
11562302,-2.698970004,-2.3542234419395656,lgFu_train
11562549,-1.292429824,-1.394370748702943,lgFu_train
11567957,-2.522878745,-2.1638972024149035,lgFu_train
11568443,-1.995678626,-1.6580757374462918,lgFu_train
11570626,-2.0,-2.2497531055499485,lgFu_train
11573765,-0.602059991,-0.6112671927079246,lgFu_train
11574877,-1.591760035,-1.7372245923752747,lgFu_train
11576663,-2.045757491,-1.634513272065905,lgFu_train
11578047,-1.397940009,-1.2626424873710307,lgFu_train
11578126,-2.0,-2.1103792363097735,lgFu_train
11581936,-2.920818754,-2.1083450332614815,lgFu_train
11595037,-1.53313238,-1.584057426932062,lgFu_train
11596881,-1.301029996,-1.220048583365911,lgFu_train
11597571,-1.105683937,-1.3884039313498167,lgFu_train
11597959,-0.173925197,-0.38112990504761807,lgFu_train
11603378,-0.619788758,-0.8063185565006469,lgFu_train
11603648,-0.823908741,-0.8358534226071702,lgFu_train
11607042,-2.397940009,-2.3284373484979244,lgFu_train
11610553,-2.698970004,-2.2051369143737185,lgFu_train
11611215,-1.427128398,-2.0742408645258315,lgFu_train
11614352,-0.301029996,-0.4768869519589656,lgFu_train
11617559,-1.698970004,-1.1999210049488527,lgFu_train
11622909,-0.060480747,-0.23046364924502213,lgFu_train
11623092,-2.15490196,-1.5101863476217712,lgFu_train
11625340,-0.744727495,-1.1694043198932738,lgFu_train
11626927,-1.954677021,-1.7731929751721047,lgFu_train
11631866,-2.468521083,-2.3704185867546763,lgFu_train
11634645,-0.933674075,-1.2431257384688572,lgFu_train
11641563,-1.301029996,-1.3738984176032831,lgFu_train
11646514,-1.866461092,-1.6798165351617351,lgFu_train
11647025,-0.721246399,-0.893436765439815,lgFu_train
11655069,-1.92733963,-1.7343678605815527,lgFu_train
11656002,-2.200659451,-2.301748847723845,lgFu_train
11657311,-2.698970004,-2.5962273400561666,lgFu_train
11667741,-0.991399828,-1.2576889302662237,lgFu_train
11671467,-1.823908741,-1.7013622660684307,lgFu_train
11675054,-1.096910013,-1.0726012188905163,lgFu_train
11675388,-0.657577319,-1.1484239145623312,lgFu_train
11675688,-1.180456064,-1.7635981207543023,lgFu_train
11676720,-1.407823243,-1.5716417511303824,lgFu_train
11676786,-2.408935393,-2.149029350116829,lgFu_train
11682247,-0.907279355,-1.9733358074685998,lgFu_train
11682482,-1.76700389,-1.9847283315873716,lgFu_train
11683125,-1.581698709,-1.527168957488865,lgFu_train
11690372,-2.113509275,-2.001373567567491,lgFu_train
11704625,-1.600326279,-1.688963338865495,lgFu_train
11705608,-2.0,-1.2968020515140952,lgFu_train
11710694,-0.356547324,-0.8570580677408726,lgFu_train
11712583,-1.571865206,-1.551104929462817,lgFu_train
11712662,-1.698970004,-1.5068456693619279,lgFu_train
11712898,-1.920818754,-1.9193558617979163,lgFu_train
11715767,-0.232473101,-0.36714984649513266,lgFu_train
11716665,-0.855425792,-1.296308739703681,lgFu_train
11718030,-2.568636236,-2.225373079710928,lgFu_train
11723708,-1.381951903,-1.725227486110245,lgFu_train
11739248,-1.397940009,-1.5574951520633795,lgFu_train
11742188,-1.193820026,-1.6849311923203218,lgFu_train
11751490,-2.22184875,-1.8738440232894658,lgFu_train
11751922,-1.301029996,-1.726513927204473,lgFu_train
11754770,-0.011441043,-0.205247563052749,lgFu_train
11757187,-1.602059991,-1.4790290241900177,lgFu_train
11779217,-1.0,-0.7062343376711379,lgFu_train
11785059,-0.996108834,-1.9366841737362812,lgFu_train
11818138,-2.387216143,-1.9477428436804416,lgFu_train
11843159,-1.886056648,-1.881355127662513,lgFu_train
11844351,-2.769551079,-2.3156418543181863,lgFu_train
11844916,-1.301899454,-1.3787097402908124,lgFu_train
11848206,-2.022276395,-1.9141961014383941,lgFu_train
11848679,-0.524328812,-0.8027018141686199,lgFu_train
11848949,-1.522878745,-1.4387174767922444,lgFu_train
11853814,-1.823908741,-1.9323166764620583,lgFu_train
11857680,-1.259637311,-1.5086058347199474,lgFu_train
11957265,-1.571865206,-1.423159031794131,lgFu_train
11960529,-0.229147988,-0.23804106979037107,lgFu_train
11964036,-1.443697499,-1.573233190960741,lgFu_train
11964344,-1.886056648,-1.7492302588035757,lgFu_train
11974019,-1.679853714,-1.5378618621748623,lgFu_train
11978451,-1.356547324,-1.4989362954044594,lgFu_train
11983362,-0.510322708,-0.7397764448722346,lgFu_train
11989761,-1.096910013,-1.4407032932363961,lgFu_train
11995990,-1.602059991,-1.5755136727109624,lgFu_train
11995991,-1.698970004,-1.5183823734490387,lgFu_train
11996130,-1.744727495,-1.7106408605547048,lgFu_train
11996132,-1.721246399,-1.5095368825777258,lgFu_train
11996136,-1.568636236,-1.5712618428765355,lgFu_train
11996283,-1.677780705,-1.4736085243101995,lgFu_train
12000797,-0.301029996,-0.38980498127544205,lgFu_train
12002012,-0.89279003,-0.9756202090409877,lgFu_train
12004316,-3.15490196,-2.302305701160637,lgFu_train
12073809,-2.522878745,-2.4302482778631678,lgFu_train
12073810,-2.522878745,-2.328006178252095,lgFu_train
12803450,-1.522878745,-1.5438318000848759,lgFu_train
12850146,-0.698970004,-0.894604210629868,lgFu_train
12877832,-0.065501546,-0.23276897997002235,lgFu_train
12941612,-0.107905406,-0.24798803623284305,lgFu_train
12962084,-2.045757491,-1.4387283611082298,lgFu_train
12983887,-0.046274232,0.1032521707620594,lgFu_train
13035349,-0.09691001,-0.14873278329825573,lgFu_train
13044278,-0.301029996,-0.7565864435381071,lgFu_train
13135186,-1.054572448,-0.8967779842672594,lgFu_train
13175019,-0.113509275,-0.47238153965811774,lgFu_train
13217488,-0.327902142,-0.48956476219195877,lgFu_train
13728862,-0.408935393,-0.9376782130109382,lgFu_train
14445453,-1.0,-0.94800283107011,lgFu_train
14475373,-1.638272164,-1.384227762067494,lgFu_train
14545018,-1.19859629,-1.2044522526571175,lgFu_train
14748561,-2.301029996,-1.724914423683781,lgFu_train
15219215,-1.630901706,-1.5677247493261335,lgFu_train
15230353,-0.996108834,-1.1598342870907854,lgFu_train
15458385,-0.259637311,-0.19276143884865785,lgFu_train
15887336,-0.26520017,-0.5206843833601401,lgFu_train
15940799,-0.397940009,-0.4666005984543918,lgFu_train
15940800,-0.356547324,-0.4766433192494791,lgFu_train
15940801,-0.26760624,-0.46063639140484824,lgFu_train
15941083,-0.200659451,-0.32094523816804454,lgFu_train
15941086,-0.124938737,-0.32878715763666555,lgFu_train
15941255,-0.27572413,-0.5514971895691227,lgFu_train
15947119,-1.096910013,-1.1253287196937243,lgFu_train
15949822,-2.301029996,-2.302514388457852,lgFu_train
15950755,-0.086186148,-0.7282430559661113,lgFu_train
15953802,-1.330683119,-1.228928473750656,lgFu_train
15958273,-2.0,-1.2578002963654844,lgFu_train
15958274,-1.677780705,-1.144244053068669,lgFu_train
15958275,-1.769551079,-1.1441511269314408,lgFu_train
15958276,-0.777283529,-0.996538887228145,lgFu_train
15958277,-1.356547324,-1.2539906132873093,lgFu_train
15958278,-1.769551079,-1.199315359404601,lgFu_train
15958279,-1.744727495,-1.0147956236014428,lgFu_train
15958280,-1.657577319,-1.3406468895193326,lgFu_train
15958281,-1.48148606,-1.254293532852705,lgFu_train
15959139,-1.0,-0.9059890773750969,lgFu_train
15959141,-1.0,-0.8860768564109163,lgFu_train
15959142,-1.0,-1.1318488352324412,lgFu_train
15981237,-2.22184875,-2.1808150727629605,lgFu_train
15981891,-0.604149624,-0.7613258134902129,lgFu_train
15982018,-0.596707855,-0.7555352910895261,lgFu_train
15982019,-0.951558196,-0.7317453773227811,lgFu_train
15982149,-0.838033384,-0.6863380735082772,lgFu_train
15982150,-0.5172693,-0.7220668480098571,lgFu_train
15982151,-0.589222767,-0.7406664004332054,lgFu_train
15982407,-0.503485481,-0.6103039949998544,lgFu_train
15982534,-0.585026652,-0.6858220016074846,lgFu_train
15983301,-1.823908741,-1.4360054273844711,lgFu_train
15983430,-1.378823718,-0.7897101133591081,lgFu_train
15983549,-0.754240644,-0.8061326495355775,lgFu_train
15983550,-0.951558196,-0.870959320373271,lgFu_train
15983552,-1.023191663,-0.9740746210768717,lgFu_train
15983553,-0.770574152,-0.8127298587958505,lgFu_train
15983677,-1.142667504,-1.0557814046175535,lgFu_train
15983679,-0.642255675,-0.707960888987977,lgFu_train
15983680,-1.679853714,-1.3920877325431171,lgFu_train
15983810,-0.872571222,-0.7587969093461899,lgFu_train
15984101,-1.698970004,-1.7443970543214264,lgFu_train
15984937,-0.769551079,-0.6905013369707746,lgFu_train
15985912,-2.522878745,-2.377203864210155,lgFu_train
15988711,-1.954677021,-1.6264172655167426,lgFu_train
15991573,-1.886056648,-2.044165897363696,lgFu_train
16005753,-1.349692477,-1.2542138765447695,lgFu_train
16007367,-3.0,-2.744298230454267,lgFu_train
16008685,-0.745935547,-1.3391913476751114,lgFu_train
16010689,-1.659669105,-1.5797338407123214,lgFu_train
16015156,-1.3400838,-1.3048374922332147,lgFu_train
16036825,-2.102372909,-1.6639306445690127,lgFu_train
16038120,-1.484126156,-1.535880852873017,lgFu_train
16040318,-1.920818754,-1.2796526510058222,lgFu_train
16041224,-1.086186148,-1.1838989377886382,lgFu_train
16041411,-1.065501549,-1.1794046158839928,lgFu_train
16041594,-1.008773924,-1.271347603377132,lgFu_train
16045418,-1.455931956,-1.4426940865343632,lgFu_train
16048554,-1.005243055,-0.6757497352523615,lgFu_train
16049824,-1.397940009,-1.4302542234505986,lgFu_train
16059780,-0.602059991,-0.5653560688957421,lgFu_train
16066663,-2.37675071,-2.1930052396155917,lgFu_train
16069302,-1.906578315,-1.815448166823113,lgFu_train
16086088,-1.420216403,-2.154633239856978,lgFu_train
16086114,-1.301029996,-1.7431260915753723,lgFu_train
16086657,-2.0,-2.135825438029815,lgFu_train
16102868,-2.0,-1.6569097083236104,lgFu_train
16109001,-1.107905397,-1.3070904500067628,lgFu_train
16118192,-1.494850022,-1.5492986198056453,lgFu_train
16118193,-1.443697499,-1.7090972983734918,lgFu_train
16118324,-1.37675071,-1.8260124887947415,lgFu_train
16118737,-1.48148606,-1.7247859897502915,lgFu_train
16124479,-0.026872146,-0.5255582103817763,lgFu_train
16126651,-1.46470588,-1.341471058804722,lgFu_train
16202164,-2.0,-1.8449600847780272,lgFu_train
16221816,-2.0,-2.3107504279904294,lgFu_train
16290686,-1.522878745,-1.4498317482523202,lgFu_train
16415729,-0.450261269,-1.2471041362414603,lgFu_train
16722832,-1.123782159,-1.4045109853844717,lgFu_train
16727102,-1.123782159,-1.2626291821670825,lgFu_train
16727103,-1.105683937,-0.9723705372471618,lgFu_train
16732433,-1.747146969,-1.7988397804483691,lgFu_train
16734800,-3.22184875,-2.516889453695867,lgFu_train
16736529,-0.943095149,-1.0049616902761263,lgFu_train
16739244,-0.30980392,-0.8564161196017079,lgFu_train
16749353,-1.522878745,-1.6978204621986697,lgFu_train
16749996,-0.288192771,-1.249129301666512,lgFu_train
16755780,-0.958607315,-1.0267706328794068,lgFu_train
17583883,-2.180456064,-1.394742132451191,lgFu_train
17754438,-0.795880017,-1.0431552054107676,lgFu_train
17754772,-1.274088368,-1.3289085690835534,lgFu_train
17755052,-1.15490196,-1.119395459042001,lgFu_train
17756786,-0.201814357,-0.31627339980317204,lgFu_train
17756939,-2.0,-0.9482298995105454,lgFu_train
17963196,-1.896196279,-1.7299510533668703,lgFu_train
17963201,-0.745935547,-1.6597964926026052,lgFu_train
17963208,-0.713319031,-1.5902543713062711,lgFu_train
17963227,-1.76700389,-1.6344648066884702,lgFu_train
17963258,-2.769551079,-1.6335229873386377,lgFu_train
17963332,-1.388276692,-1.671444515209865,lgFu_train
17963334,-0.978397284,-1.5737966312255962,lgFu_train
17963363,-0.483068191,-1.7049644397998711,lgFu_train
17974226,-1.292429824,-1.153891591203153,lgFu_train
18336924,-1.2644011,-1.2333050912978498,lgFu_train
18381542,-1.059483515,-1.3209307201235387,lgFu_train
18381562,-1.330683119,-0.8367503975237759,lgFu_train
18385573,-0.728158393,-1.0947274815392183,lgFu_train
18407230,-0.107905397,-0.8025244848695647,lgFu_train
18445520,-0.886056648,-1.4889543607085054,lgFu_train
18449306,-0.924818145,-1.1854005862164667,lgFu_train
18612709,-0.70333481,-0.8006027954359508,lgFu_train
18785796,-0.483068191,-0.7577947439565936,lgFu_train
18785851,-0.443818153,-0.7272230903937111,lgFu_train
19028691,-0.316322701,-0.45496351130398505,lgFu_train
19082200,-0.969400278,-1.0660861021594759,lgFu_train
19371515,-0.309360988,-0.4602049914636361,lgFu_train
19582717,-1.11463878,-1.0101394191615567,lgFu_train
20471564,-0.286509457,-0.24359079417665905,lgFu_train
20629114,-1.388276692,-1.3152614195125498,lgFu_train
20793887,-2.397940009,-2.231885694907583,lgFu_train
20816892,-1.512861625,-1.4516446695696295,lgFu_train
20819668,-1.568636236,-1.3915023518248064,lgFu_train
21093784,-1.600326279,-1.558517677502194,lgFu_train
21157547,-1.096367484,-0.7604818734270565,lgFu_train
21190508,-1.619788758,-1.133209367696961,lgFu_train
21348140,-0.744727495,-1.001489896316536,lgFu_train
21365956,-1.747146969,-1.3529144656551702,lgFu_train
21635104,-1.187086643,-1.1027780783777767,lgFu_train
21696352,-0.853871964,-1.1427750251251123,lgFu_train
21717212,-1.886056648,-1.0309932684422451,lgFu_train
21867111,-2.0,-1.611565041083238,lgFu_train
21881641,-0.397940009,-0.6432476343543273,lgFu_train
21902176,-0.296708622,-0.4967612590900256,lgFu_train
21905905,-1.216096421,-1.2577958909338665,lgFu_train
21906847,0.0,-0.5839046341666232,lgFu_train
21906861,-0.000434512,-0.9415321104286559,lgFu_train
22041171,-2.301029996,-1.9142558795460325,lgFu_train
22049997,-1.189095719,-1.7670701535550508,lgFu_train
22052039,-2.356547324,-2.131177794122782,lgFu_train
22170354,-1.251811973,-1.3644327588281102,lgFu_train
22263065,-1.179798541,-1.1911457225014965,lgFu_train
22263778,-1.688246139,-1.3041817226093266,lgFu_train
22273644,-1.552841969,-1.652786525116379,lgFu_train
22287510,-0.406381692,-0.673665257385785,lgFu_train
22291085,-1.431798276,-1.7611690345977649,lgFu_train
22313306,0.0,-0.3141963708952909,lgFu_train
22320083,-1.707743929,-1.6510471803695783,lgFu_train
22570509,-0.619788758,-1.0028666120288614,lgFu_train
22644568,-2.251811973,-1.4898131304232272,lgFu_train
22648920,-1.826813732,-1.766024827428781,lgFu_train
22649035,-0.889747083,-1.430212100658825,lgFu_train
22896913,-0.697236292,-0.7025510517697171,lgFu_train
22949130,-2.15490196,-1.2872037032393115,lgFu_train
23111123,-0.496209317,-1.1156703401020114,lgFu_train
23275090,-0.48148606,-1.044820106629087,lgFu_train
23401859,-3.0,-2.527933719726364,lgFu_train
23545473,-1.301029996,-1.2280624988279538,lgFu_train
23583058,-2.698970004,-1.8257053672904153,lgFu_train
23624703,-0.48148606,-0.8063185565006469,lgFu_train
23626131,-0.508638306,-0.7565437113501599,lgFu_train
23626132,-0.602059991,-0.7787154997720962,lgFu_train
23626283,-0.455931956,-0.6521734552718574,lgFu_train
23626923,-0.920818754,-0.9934395077500072,lgFu_train
23626924,-1.0,-0.9997542024085542,lgFu_train
23630085,-2.397940009,-2.3106192163275154,lgFu_train
23630121,-2.698970004,-2.2287444788813846,lgFu_train
23630122,-2.397940009,-2.3096358985377625,lgFu_train
23630124,-1.924453039,-2.242333177226246,lgFu_train
23630125,-2.698970004,-2.3762243233586147,lgFu_train
23630127,-2.397940009,-2.43664732426939,lgFu_train
23630162,-2.455931956,-2.395862017324937,lgFu_train
23633343,-0.109020403,-0.2015928178183791,lgFu_train
23642165,-1.853871964,-1.5550765100895803,lgFu_train
23661672,-2.0,-2.057311972608319,lgFu_train
23729877,-0.829444941,-0.774399631284513,lgFu_train
24180125,-2.004364805,-1.842563737962462,lgFu_train
24180585,-1.22184875,-1.1263033746845197,lgFu_train
24244526,-0.400335221,-0.9149735750577289,lgFu_train
24745335,-0.075720714,-0.03913316945631639,lgFu_train
24749711,-0.538351432,-0.6111720816646754,lgFu_train
24757938,-2.15490196,-2.382352787593734,lgFu_train
24757965,-1.22184875,-1.155718503620122,lgFu_train
24757966,-0.337242168,-0.7907430395121282,lgFu_train
24758141,-0.37675071,-0.5779396138992138,lgFu_train
24759089,-1.954677021,-1.8316295045621112,lgFu_train
24759558,-1.698970004,-1.6438439894976176,lgFu_train
24759663,-0.795880017,-0.9248967463058833,lgFu_train
24759665,-1.148741651,-1.2845989837097218,lgFu_train
24759666,-1.22184875,-1.1623024613152806,lgFu_train
24760653,-2.013228266,-1.8164405425940715,lgFu_train
24765332,-1.15490196,-1.3307046352925977,lgFu_train
24776307,-2.0,-1.43640081359323,lgFu_train
24785538,-1.387216143,-1.4969921404886097,lgFu_train
24795070,-1.407823243,-1.280221831278595,lgFu_train
24800231,-1.698970004,-1.3987401939878288,lgFu_train
24810867,-0.508638306,-0.6341824460178805,lgFu_train
24823590,-1.721246399,-1.7738360027627111,lgFu_train
24825266,-1.161150909,-1.1838642513629312,lgFu_train
24857598,-0.770574152,-1.256137465831976,lgFu_train
24857813,-0.468521083,-0.6432282965843878,lgFu_train
24864107,-2.0,-2.0156975636301016,lgFu_train
24865725,-1.522878745,-1.45521756911756,lgFu_train
24866867,-0.332080315,-0.4950979484890217,lgFu_train
24870864,-0.16193839,-0.17825231816439766,lgFu_train
24871512,-0.538351432,-0.6342392231295888,lgFu_train
24877326,-1.170053304,-1.3392381944754257,lgFu_train
24878044,-2.0,-2.0108424797117563,lgFu_train
24879232,-2.387216143,-1.563148024349004,lgFu_train
24882716,-1.619788758,-1.4762819796618065,lgFu_train
24883012,-0.581864502,-1.885166477089474,lgFu_train
24891645,-1.76700389,-1.6165024794760987,lgFu_train
24891647,-1.718966633,-1.6821876028943203,lgFu_train
24891699,-1.581698709,-1.6144132982830761,lgFu_train
24894017,-0.958607315,-1.1215321588550564,lgFu_train
24898133,-0.823908741,-1.016560776172891,lgFu_train
24900259,-0.585026652,-0.7436649739484413,lgFu_train
24906267,-0.978397284,-1.2629566349847865,lgFu_train
24936155,-1.15490196,-1.2066729237473246,lgFu_train
24936215,-0.468521083,-0.6256789376245646,lgFu_train
24939268,-2.004364805,-1.6307782598272302,lgFu_train
24958200,-0.795880017,-0.8951284626313816,lgFu_train
24959177,-2.0,-1.9399030247801314,lgFu_train
24961094,-1.504455662,-1.5431344742163493,lgFu_train
24963252,-1.522878745,-1.3154816840743828,lgFu_train
24963293,-0.600326279,-0.6640738541430229,lgFu_train
24964937,-2.22184875,-1.5968580543407738,lgFu_train
24965291,-1.823908741,-1.3787434161832937,lgFu_train
24965990,-2.0,-1.8701431276781852,lgFu_train
24968277,-1.193820026,-1.2991053202515304,lgFu_train
24985115,-0.299296283,-1.09264538103739,lgFu_train
24986335,-1.581698709,-1.6923547047625285,lgFu_train
24988644,-0.107849722,-0.18718252444957367,lgFu_train
24993178,-0.301029996,-0.7194946520829737,lgFu_train
24994634,-0.091514981,-0.0718330563023856,lgFu_train
24996644,-0.37675071,-0.8845653862988057,lgFu_train
25001849,-1.017728767,-0.9758786853487724,lgFu_train
25001850,-1.200659451,-1.0718813894281298,lgFu_train
25001851,-1.795880017,-1.218472869024648,lgFu_train
25003030,-0.602059991,-1.0839143434592653,lgFu_train
25006676,-1.397940009,-1.1625809917131606,lgFu_train
25008409,-0.745935547,-0.6526167961569227,lgFu_train
25008410,-1.069001136,-0.7066967648840162,lgFu_train
25008586,-0.611721137,-0.6317195816523286,lgFu_train
25008935,-0.689306688,-0.6694145835051604,lgFu_train
25014844,-1.014124643,-1.0828182744849875,lgFu_train
25015647,-0.22184875,-0.39445880562715235,lgFu_train
25015691,-1.254925208,-1.300114469888925,lgFu_train
25017033,-2.180456064,-1.6071140653868599,lgFu_train
25018003,-1.260038956,-1.2786811528205306,lgFu_train
25019940,-1.026872146,-1.2048283048202355,lgFu_train
25026044,-1.494850022,-1.4123180376371876,lgFu_train
25026445,-2.397940009,-1.603490047574089,lgFu_train
25030708,-1.27572413,-1.4239541367871087,lgFu_train
25032869,-1.958607315,-1.350360349993732,lgFu_train
25054452,-0.795880017,-1.3821505625617514,lgFu_train
25056080,-0.431798276,-0.6131257503672495,lgFu_train
25059320,-0.37675071,-1.3345864782154957,lgFu_train
25060093,-0.677780705,-1.051043116335083,lgFu_train
25062766,-0.987162775,-1.231521404111706,lgFu_train
25067404,-1.698970004,-1.9035065213109794,lgFu_train
25070031,-0.251811973,-0.5115627061313697,lgFu_train
25070577,-0.420216403,-0.417423480231523,lgFu_train
25071004,-0.292429824,-0.5047457066821588,lgFu_train
25071319,-0.251811973,-0.48244989162620405,lgFu_train
25071940,-0.229147988,-0.42466740155714355,lgFu_train
25093775,-0.735182177,-0.8262650011231065,lgFu_train
25094630,-0.823908741,-0.9031093875667215,lgFu_train
25094902,-1.236572006,-1.0440623393672226,lgFu_train
25094903,-0.958607315,-0.9349518985959671,lgFu_train
25095678,-0.040958608,-0.15081280926751403,lgFu_train
25101945,-0.283996656,-0.38912430317186003,lgFu_train
25105690,-0.348334396,-0.6785036825394815,lgFu_train
25114551,-1.283996656,-1.1944077955039896,lgFu_train
25115964,-0.795880017,-1.0076909861278907,lgFu_train
25116186,-1.091514981,-0.9909791036350415,lgFu_train
25116191,-0.508638306,-0.9172638676052945,lgFu_train
25118125,-0.060480747,-0.10197733764846739,lgFu_train
25118477,-0.091514981,-0.5178421109829362,lgFu_train
25121505,-0.524328812,-0.9294201274807297,lgFu_train
25125014,-1.244125144,-0.9789178238289392,lgFu_train
25128822,-0.657577319,-0.5026979901991102,lgFu_train
25128823,-0.142667504,-0.3667071142398511,lgFu_train
25128824,-0.408935393,-0.43016210324704335,lgFu_train
25129042,-0.769551079,-1.0076385015574671,lgFu_train
25129043,-1.091514981,-0.8984110850058549,lgFu_train
25129169,-0.387216143,-0.5675961604656131,lgFu_train
25129523,-0.292429824,-0.3756246993324633,lgFu_train
25130088,-0.552841969,-0.6948545517541937,lgFu_train
25130235,-0.187086643,-0.3487899958150355,lgFu_train
25130576,-0.031517051,-0.3464230717343298,lgFu_train
25133836,-0.301029996,-0.4156621495533959,lgFu_train
25134303,-3.045757491,-2.2541701855530376,lgFu_train
25141776,-0.115204636,-0.006151904476471071,lgFu_train
25141777,-0.168770306,-0.006151904476471071,lgFu_train
25141896,-0.214670165,-0.15049848183739936,lgFu_train
25147644,-0.397940009,-0.9279637764849562,lgFu_train
25147692,-1.446116973,-1.4053632670465,lgFu_train
25148271,-0.259637311,-0.5183271179186626,lgFu_train
25148347,-0.2069084,-0.4678465352123412,lgFu_train
25154847,-0.259637311,-0.5275153611314273,lgFu_train
25154848,-0.259637311,-0.5217923801190636,lgFu_train
25159060,-1.795880017,-1.556174222658151,lgFu_train
25159779,-1.698970004,-1.6003396377348995,lgFu_train
25166913,-1.040958608,-0.9946012531287644,lgFu_train
25169382,-0.787279846,-0.8043484541216883,lgFu_train
25171873,-0.5172693,-0.8955140292294455,lgFu_train
25171874,-0.762456262,-1.0354517383573125,lgFu_train
25172085,-0.838033384,-1.0020860998995724,lgFu_train
25172265,-1.008773924,-1.1588780771219787,lgFu_train
25180108,-0.119186408,-0.8040697571357562,lgFu_train
25181471,-1.657577319,-1.6316268833344343,lgFu_train
25181480,-2.698970004,-2.2463031669943967,lgFu_train
25181481,-1.193820026,-1.2952401326938203,lgFu_train
25181502,-1.096910013,-1.2402329243414651,lgFu_train
25181771,-2.0,-1.7818077045373322,lgFu_train
25189891,-0.080921908,-0.22039585294105568,lgFu_train
25195461,-2.301029996,-1.9349666107439227,lgFu_train
25196164,-0.795880017,-0.9189377222361853,lgFu_train
25196320,-1.484126156,-1.1714616928269017,lgFu_train
25197227,-1.436518915,-0.8953921557911368,lgFu_train
25207583,-0.770574152,-1.0886584243472899,lgFu_train
25207689,-0.638272164,-0.7132280136043401,lgFu_train
25211910,-0.697236292,-1.100113472899834,lgFu_train
25217563,-1.407823243,-1.8539119465486582,lgFu_train
25218397,-0.229147988,-0.4994961327496639,lgFu_train
25222038,-1.096910013,-1.2597154606557337,lgFu_train
25223021,-1.017728767,-1.7588867130586312,lgFu_train
25223122,-2.0,-1.9365537793636616,lgFu_train
25223126,-2.522878745,-1.8042214193998587,lgFu_train
25223323,-2.0,-1.833758734294858,lgFu_train
25223419,-1.958607315,-1.7394376946820485,lgFu_train
25223619,-2.0,-1.8227787247855582,lgFu_train
25223721,-1.721246399,-1.7248522193000035,lgFu_train
25223723,-1.443697499,-1.859764190270625,lgFu_train
25225622,-0.065501549,-0.15026812671894302,lgFu_train
25227436,-0.651695137,-0.9301893685904156,lgFu_train
25229646,-0.536107011,-0.6595407367648836,lgFu_train
25230181,-0.823908741,-0.870278979286543,lgFu_train
25253556,-1.251811973,-1.6213464154926645,lgFu_train
25263223,-0.318758763,-0.5420740627859046,lgFu_train
25263944,-1.0,-0.9492907091916007,lgFu_train
26644345,-0.872571222,-1.911894637078223,lgFu_train
27656063,-1.698970004,-1.5925342667047764,lgFu_train
33657234,-2.698970004,-1.8227847821667444,lgFu_train
35372055,-0.538351432,-0.7077941649645101,lgFu_train
38032499,-2.096910013,-1.4197904576123195,lgFu_train
39779000,-0.524328812,-0.5111020118485353,lgFu_train
42618040,-1.679853714,-1.951833088171225,lgFu_train
42623223,-0.431094585,-0.44174295726990387,lgFu_train
42623385,-2.0,-1.6730923808902518,lgFu_train
42624149,-0.585026652,0.04045572801161108,lgFu_train
42631007,-0.769551079,-0.5564689893538644,lgFu_train
42641863,-2.823908741,-2.752564887776349,lgFu_train
42642654,-2.301029996,-1.28851217305021,lgFu_train
42644786,-1.292429824,-1.0232895906535426,lgFu_train
42645111,-1.48148606,-1.8081044633368852,lgFu_train
42645487,-1.455931956,-1.3993511542314316,lgFu_train
42883604,-1.659555885,-1.4537493324029824,lgFu_train
44123747,-0.568636236,-0.6977609902158558,lgFu_train
44125987,-0.960585881,-1.118660362547856,lgFu_train
44125988,-0.889747083,-0.9325032499437914,lgFu_train
44125989,-1.105683937,-1.2260824541182065,lgFu_train
44125990,-1.522878745,-1.3913284298953845,lgFu_train
44125991,-1.2644011,-1.4756415740095994,lgFu_train
44126023,-1.8569852,-2.0111469836789997,lgFu_train
44126528,-3.096910013,-2.4063096333241516,lgFu_train
44135978,-1.045757491,-1.1364652296860172,lgFu_train
44135979,-1.0,-1.1752620416322361,lgFu_train
44137226,-1.823908741,-1.288283136799786,lgFu_train
44137675,-1.096910013,-1.0433293537961876,lgFu_train
44138107,-3.045757491,-2.0178889025326527,lgFu_train
44142782,-0.677780705,-0.8741148576491851,lgFu_train
44156749,-1.30980392,-1.2373191199870932,lgFu_train
44156750,-0.872895202,-0.8480583509083506,lgFu_train
44156964,-0.373659633,-0.9617209315791263,lgFu_train
44158492,-1.76700389,-2.0331291146398636,lgFu_train
44189740,-1.397940009,-1.3363287563568906,lgFu_train
44191096,-1.657577319,-1.46021936986245,lgFu_train
44199337,-0.744727495,-1.5218846131753259,lgFu_train
44202487,-2.0,-1.858205061001005,lgFu_train
44205381,-2.0,-1.6219847765516535,lgFu_train
44205420,-0.958607315,-1.2665807318797726,lgFu_train
44205421,-1.229147988,-1.2825940530855553,lgFu_train
44205422,-0.853871964,-1.0813662325116757,lgFu_train
44205637,-1.356547324,-1.4601223309395062,lgFu_train
44205825,-1.397940009,-1.2804883297871252,lgFu_train
44207909,-0.552841969,-0.8602331703229948,lgFu_train
44208982,-1.397940009,-1.5990966895842493,lgFu_train
44211070,-0.863913903,-0.9682537302189468,lgFu_train
44215900,-1.161150909,-1.2937977898733464,lgFu_train
44219451,-1.397940009,-1.2894589108032066,lgFu_train
44219912,-1.721246399,-1.522770101724204,lgFu_train
44232443,-1.698970004,-1.2731720512721802,lgFu_train
44246713,-0.698970004,-0.6755887499530979,lgFu_train
44249821,-0.301029996,-0.4222827620776974,lgFu_train
44274398,-0.027334408,-0.297740472790911,lgFu_train
44274399,-0.034328029,-0.4934795334999368,lgFu_train
44274413,-0.075204004,-0.2666815065173476,lgFu_train
44274423,-0.023191663,-0.27568648917267835,lgFu_train
44281580,-0.148741651,-0.25529412228680015,lgFu_train
44281581,-0.091514981,-0.423942959127872,lgFu_train
44281595,-0.22184875,-0.3317942330087132,lgFu_train
44281805,-0.207608311,-0.32765438005798514,lgFu_train
44296532,-1.055517328,-1.0172557515743323,lgFu_train
44296580,-1.552841969,-1.4325126648322204,lgFu_train
44296824,-1.602059991,-1.523122568056468,lgFu_train
44296901,-1.823908741,-1.6066401931809202,lgFu_train
44302023,-2.522878745,-2.0286573880002323,lgFu_train
44302024,-1.619788758,-1.572868901012944,lgFu_train
44302096,-1.236572006,-1.5204617624933698,lgFu_train
44302162,-2.15490196,-1.853420989651937,lgFu_train
44302200,-1.455931956,-1.8412293964292752,lgFu_train
44302339,-1.638272164,-1.5621362157749354,lgFu_train
44302357,-1.958607315,-1.8607913316851692,lgFu_train
44302410,-1.004364805,-1.4001864036207368,lgFu_train
44302416,-2.15490196,-2.225176282945063,lgFu_train
44302429,-2.22184875,-1.838519060403171,lgFu_train
44302627,-2.522878745,-2.0352179786550177,lgFu_train
44302661,-2.698970004,-2.3092202375571658,lgFu_train
44302952,-2.22184875,-2.122867395301902,lgFu_train
44324820,-2.301029996,-2.1726207556806005,lgFu_train
44329367,-2.292429824,-1.6675005979243864,lgFu_train
44336199,-1.077793723,-0.9511655657439984,lgFu_train
44338989,-1.005243055,-1.20263385087031,lgFu_train
44348118,-1.698970004,-1.2185881265426584,lgFu_train
44366410,-0.251811973,-0.8278096986240433,lgFu_train
44370209,-0.68131073,-0.8582489350393071,lgFu_train
44384785,-0.770574152,-0.8313589489978744,lgFu_train
44384855,-1.292429824,-1.2346031297670124,lgFu_train
44392176,-0.483068191,-1.1464672176700408,lgFu_train
44393621,-0.657577319,-0.9391454386039841,lgFu_train
44393766,-1.301029996,-0.9835190083138405,lgFu_train
44395035,-2.0,-1.6573657131857091,lgFu_train
44395101,-2.15490196,-1.8144052749092539,lgFu_train
44395109,-2.0,-2.023943733477277,lgFu_train
44395166,-1.826813732,-1.753799062287936,lgFu_train
44395257,-1.698970004,-1.8019048557777542,lgFu_train
44410987,-1.0,-0.9361167008271183,lgFu_train
44412343,-1.096367484,-1.2381902933990503,lgFu_train
44414678,-1.744727495,-1.9942894091647847,lgFu_train
44414758,-2.397940009,-2.160168235048545,lgFu_train
44422668,-0.019542108,-0.8204970278278642,lgFu_train
44426760,-0.969400278,-1.3232419211295356,lgFu_train
44431186,-1.292429824,-1.8732666219910241,lgFu_train
44431211,-0.920818754,-1.0178346710405999,lgFu_train
44434716,-0.510322708,-0.7595418514305912,lgFu_train
44441607,-0.000434512,-1.4868573849120725,lgFu_train
44441608,-0.008330993,-1.0439998993845752,lgFu_train
44441609,-0.003488328,-1.1430028133202335,lgFu_train
44441617,-0.003488328,-0.8857957079986887,lgFu_train
44441623,-0.004803708,-0.6194833187938344,lgFu_train
44443835,-2.522878745,-2.362310901966339,lgFu_train
44444387,-1.301029996,-1.7161724318535,lgFu_train
44446422,-1.301029996,-1.3732348229104614,lgFu_train
44446423,-2.0,-1.7084857463888998,lgFu_train
44446450,-1.886056648,-1.3101966815024422,lgFu_train
44446821,-0.522878745,-0.6959856106121766,lgFu_train
44447929,-1.835647144,-1.6259213352366881,lgFu_train
44448230,-1.522878745,-1.328670141064475,lgFu_train
44448299,-1.619788758,-0.882617687761422,lgFu_train
44449086,-0.468521083,-0.6795608275771103,lgFu_train
44449880,-1.568636236,-1.6151959971097822,lgFu_train
44452662,-2.920818754,-1.9879388798342241,lgFu_train
44455010,-1.769551079,-1.5662670898008013,lgFu_train
44455014,-1.920818754,-1.402098033903079,lgFu_train
44455045,-1.958607315,-1.9180361395771424,lgFu_train
44455234,-1.638272164,-1.2338773167823383,lgFu_train
44455386,-2.045757491,-2.071500996602517,lgFu_train
44455404,-1.744727495,-1.7744297997100136,lgFu_train
44455559,-1.431798276,-0.9615793072824657,lgFu_train
44455561,-1.568636236,-1.3541285224004975,lgFu_train
44455591,-1.346787486,-1.3772159636017198,lgFu_train
44455592,-1.337242168,-1.2681428967503643,lgFu_train
44455593,-1.356547324,-1.0975046958714325,lgFu_train
44455623,-1.346787486,-1.3645541757369213,lgFu_train
44473100,-0.920818754,-0.6979734751013353,lgFu_train
44473151,-2.301029996,-2.5830647686882355,lgFu_train
44476261,-1.954677021,-1.6476791761773306,lgFu_train
44483269,-2.823908741,-2.032129812084921,lgFu_train
44492448,-2.0,-1.8582050610010048,lgFu_train
44493436,-2.0,-1.858205061001005,lgFu_train
44493933,-2.0,-1.858205061001005,lgFu_train
44511091,-0.795880017,-0.9394746227787512,lgFu_train
44511934,-0.677780705,-0.9155474875186009,lgFu_train
44511935,-0.823908741,-1.0045605619496794,lgFu_train
44511938,-0.795880017,-1.0753832275551483,lgFu_train
44511967,-0.102372909,-0.818755062309903,lgFu_train
44512001,-0.677780705,-0.9152227445893476,lgFu_train
44512058,-1.045757491,-0.962518857801457,lgFu_train
44512090,-1.698970004,-1.0126932080331326,lgFu_train
44513473,-0.289036881,-0.08893215235452737,lgFu_train
44517589,-0.787279846,-0.82998112921679,lgFu_train
44517635,-0.728158393,-0.9984477330252096,lgFu_train
44517795,-2.522878745,-2.0646081929035836,lgFu_train
44517831,-1.721246399,-1.5557316896500712,lgFu_train
44520827,-1.8569852,-1.6430829002032779,lgFu_train
44520830,-2.13076828,-1.633462293451744,lgFu_train
44525553,-0.764471553,-1.058377217441394,lgFu_train
44525560,-1.0,-0.9460355960880652,lgFu_train
44538404,-0.337431033,-0.9579387399174312,lgFu_train
44540282,-1.023191663,-1.219107971102915,lgFu_train
44544347,-1.446116973,-1.5283128305173246,lgFu_train
44544851,-1.321481621,-1.4850388181814544,lgFu_train
44547414,-2.22184875,-2.187840099128577,lgFu_train
44555196,-1.032452024,-1.3789632198885802,lgFu_train
44555481,-0.769551079,-0.7272475354893501,lgFu_train
44555978,-2.0,-2.006511175823139,lgFu_train
44562058,-2.397940009,-2.3923809585826366,lgFu_train
44562545,-3.045757491,-1.8155981184048378,lgFu_train
44570646,-1.853871964,-1.790942664409927,lgFu_train
44570689,-1.769551079,-1.200651229883034,lgFu_train
44570804,-2.091514981,-1.5230496142521524,lgFu_train
44570809,-1.30980392,-1.439779240082853,lgFu_train
44570810,-2.0,-1.7888009600149597,lgFu_train
44570811,-1.0,-1.3674289814056972,lgFu_train
44570857,-0.408935393,-1.0146801340847706,lgFu_train
44571020,-1.443697499,-1.4761608491461191,lgFu_train
44571021,-1.346787486,-1.4773156328217987,lgFu_train
44571022,-0.602059991,-0.8722181213701333,lgFu_train
44571098,-0.483068191,-0.9250671066988972,lgFu_train
44571103,-1.236572006,-1.421745834915989,lgFu_train
44571105,-0.585026652,-0.7832665431226075,lgFu_train
44571106,-1.356547324,-1.3325750360779702,lgFu_train
44571145,-0.987162775,-1.2573860604440317,lgFu_train
44571146,-1.679853714,-1.6730242971193081,lgFu_train
44571147,-0.619788758,-0.887788060590218,lgFu_train
44571176,-2.522878745,-1.894306894363388,lgFu_train
44571188,-2.22184875,-1.703732589750906,lgFu_train
44571189,-1.378823718,-1.368984247864856,lgFu_train
44571191,-1.721246399,-1.789714277387152,lgFu_train
44571192,-1.823908741,-1.876740867711816,lgFu_train
44571193,-1.721246399,-1.6416596976589954,lgFu_train
44571221,-0.353890478,-0.7094700139654984,lgFu_train
44571223,-1.105683937,-0.9420489471965303,lgFu_train
44571224,-0.353890478,-0.7092394753569672,lgFu_train
44571225,-1.30980392,-1.8107856944225287,lgFu_train
44571226,-1.318758763,-1.4341692500111445,lgFu_train
44571227,-1.769551079,-1.561090799003226,lgFu_train
44571228,-1.017728767,-1.443573505250145,lgFu_train
44571270,-0.795880017,-1.1451929301534445,lgFu_train
44571271,-1.337242168,-1.2168375594028682,lgFu_train
44571305,-0.508638306,-1.0045048971476156,lgFu_train
44571306,-1.075720714,-1.147223652316585,lgFu_train
44571307,-1.050609993,-1.2164985194296132,lgFu_train
44571308,-1.853871964,-1.4217793080345422,lgFu_train
44571336,-1.657577319,-1.4094435888429835,lgFu_train
44571337,-1.468521083,-1.3394790587955756,lgFu_train
44571338,-2.096910013,-1.655454735794914,lgFu_train
44571548,-1.070581074,-1.3401460846990294,lgFu_train
44571582,-1.096910013,-1.164104252787346,lgFu_train
44571915,-1.924453039,-2.1745501075989737,lgFu_train
44574108,-0.230622674,-0.047746858111529004,lgFu_train
44579014,-1.657577319,-1.2827386103851228,lgFu_train
44579069,-1.522878745,-1.0676564602227716,lgFu_train
44581573,-1.568636236,-1.4923209272130855,lgFu_train
44581788,-0.090979146,-0.6165408618919583,lgFu_train
44581857,-0.259637311,-0.712559749036537,lgFu_train
44581858,-0.259637311,-0.7376072209063779,lgFu_train
44581859,-0.259637311,-0.737143926499854,lgFu_train
44590341,-2.48148606,-2.0025241875016677,lgFu_train
44599207,-3.0,-2.404385712693008,lgFu_train
44610687,-2.301029996,-2.147298317504116,lgFu_train
44623998,-1.657577319,-2.507268010274502,lgFu_train
44626323,-2.004364805,-1.9983571185486912,lgFu_train
44631974,-1.431798276,-1.2757507453751082,lgFu_train
45102733,-2.096910013,-1.6060325636862662,lgFu_train
45102767,-1.698970004,-1.7629148672436719,lgFu_train
45103523,-0.292429824,-0.5357167732797862,lgFu_train
45103680,-1.301029996,-1.4158120676344335,lgFu_train
45103681,-1.301029996,-1.5205194084129687,lgFu_train
45103723,-0.920818754,-0.764179406888064,lgFu_train
45109905,-1.698970004,-1.7406588014688729,lgFu_train
45267385,-2.853871964,-1.7562771099846637,lgFu_train
45270144,-2.408935393,-1.6592940777430902,lgFu_train
45270841,-1.504455662,-1.8061459895969183,lgFu_train
45271673,-1.886056648,-1.990028035154277,lgFu_train
45275362,-1.920818754,-2.1038953923156045,lgFu_train
45279815,-2.522878745,-1.6279807241523687,lgFu_train
45375948,-0.259637311,-1.0678734227699795,lgFu_train
45381703,-0.886056648,-0.9027473169354199,lgFu_train
45381704,-1.026872146,-1.202477102255082,lgFu_train
45482789,-2.0,-1.6798390112650772,lgFu_train
45486519,-0.614393726,-0.6952232544835103,lgFu_train
45487870,-1.602059991,-1.5850639064937169,lgFu_train
45889074,-1.30980392,-1.0525865384058442,lgFu_train
46174640,-0.000434512,-0.05036443724233827,lgFu_train
46182708,-3.0,-2.2283978517066223,lgFu_train
46187843,-1.48148606,-1.7577385525627476,lgFu_train
46190695,-1.397940009,-1.5254803372858134,lgFu_train
46191454,-0.337242168,-0.32608175768372466,lgFu_train
46198031,-1.388276692,-1.4884268141441674,lgFu_train
46199584,-1.718966633,-1.528197201144044,lgFu_train
46202081,-1.826813732,-1.6181942902938842,lgFu_train
46202743,-1.46470588,-1.6052188794367284,lgFu_train
46203864,-1.187086643,-1.5519275140211677,lgFu_train
46206291,-1.53313238,-1.5860578484064731,lgFu_train
46206642,-1.3400838,-1.5382857790302966,lgFu_train
46206977,-1.330683119,-1.4507712829852122,lgFu_train
46209133,-0.167491087,-0.32044087061588306,lgFu_train
46212866,-0.173925197,-0.3164599575870941,lgFu_train
46213054,-2.0,-1.9164352645270923,lgFu_train
46216675,-1.886056648,-1.6587263991270194,lgFu_train
46216676,-3.22184875,-2.8421410102854088,lgFu_train
46222481,-2.004364805,-1.393991042385183,lgFu_train
46222701,-1.747146969,-1.4130298010004612,lgFu_train
46232366,-1.408935393,-1.6542032108497025,lgFu_train
46232367,-0.649751982,-0.9621780389900766,lgFu_train
46232368,-1.769551079,-1.3405636573262412,lgFu_train
46232900,-1.244125144,-1.3000942923613916,lgFu_train
46232952,-2.301029996,-1.5988294203492626,lgFu_train
46232953,-0.995678626,-1.3612403894966576,lgFu_train
46232991,-1.113509275,-1.4831409309305197,lgFu_train
46232994,-0.924453039,-1.0949602555922022,lgFu_train
46232995,-0.991399828,-1.2164711947384947,lgFu_train
46233031,-2.045757491,-1.700161968787394,lgFu_train
46233061,-1.187086643,-1.4908677770622525,lgFu_train
46233063,-1.920818754,-1.6894966964980924,lgFu_train
46233064,-1.744727495,-1.6381833823694492,lgFu_train
46233114,-1.301029996,-1.2446097080906984,lgFu_train
46233115,-1.397940009,-1.4756246584009307,lgFu_train
46233287,-0.508638306,-0.4406469503491534,lgFu_train
46233691,-1.397940009,-1.464647173788141,lgFu_train
46398810,-1.068542129,-1.0285173905917508,lgFu_train
46700737,-2.096910013,-1.5414149291677177,lgFu_train
46830489,-1.76700389,-1.646820718739112,lgFu_train
46835136,-1.050609993,-1.1868714555346827,lgFu_train
46836562,-2.22184875,-1.5939532719523941,lgFu_train
46836713,-1.508638306,-1.437763738309688,lgFu_train
46836714,-1.443697499,-1.3829881873491796,lgFu_train
46840946,-2.619788758,-2.293672877583,lgFu_train
46841215,-1.698970004,-1.8225399261245505,lgFu_train
46841216,-2.229147988,-2.338993069617055,lgFu_train
46841499,-1.795880017,-1.743796372652833,lgFu_train
46841789,-2.468521083,-2.370423999615947,lgFu_train
46847337,-0.928117993,-1.1591500405114914,lgFu_train
46852212,-0.301029996,-0.2258088429106894,lgFu_train
46853654,-0.337431033,-0.6433901593701047,lgFu_train
46853755,-2.397940009,-2.336827912941672,lgFu_train
46861530,-1.318758763,-1.5631174972597617,lgFu_train
46863661,-0.924818145,-0.9868949520638498,lgFu_train
46865097,-1.22184875,-0.8896479492103218,lgFu_train
46865311,-3.0,-2.578041502796815,lgFu_train
46865592,-1.091514981,-1.1250834449959695,lgFu_train
46865762,-2.522878745,-2.452976163977063,lgFu_train
46865874,-2.096910013,-2.1158986081130866,lgFu_train
46866074,-2.15490196,-2.0879187546208406,lgFu_train
46866266,-2.397940009,-2.2012425724560005,lgFu_train
46866381,-2.045757491,-1.94967123247386,lgFu_train
46866382,-2.22184875,-2.068298523935941,lgFu_train
46866705,-1.055517328,-0.6400778105797158,lgFu_train
46869193,-1.568636236,-1.7043582079315753,lgFu_train
46869951,-2.22184875,-1.9021851841099833,lgFu_train
46871757,-1.721246399,-1.7241390377769927,lgFu_train
46871825,-1.721246399,-1.707601327448288,lgFu_train
46879802,-2.22184875,-2.3666322999586065,lgFu_train
46879860,-1.552841969,-2.5674114821696166,lgFu_train
46879894,-1.795880017,-2.2961407484551835,lgFu_train
46885171,-2.769551079,-2.1223455677373995,lgFu_train
46897844,-1.48148606,-1.4605624632423049,lgFu_train
46898088,-0.13667714,-0.5814905470150848,lgFu_train
46911015,-1.826813732,-1.6202182574603068,lgFu_train
46911124,-0.698970004,-1.0220279104601235,lgFu_train
46934289,-3.0,-2.28731466280935,lgFu_train
46934729,-0.013228266,-1.3970435970609199,lgFu_train
46934730,-0.005682847,-1.24508358775649,lgFu_train
46942544,-1.552841969,-1.5681555651578218,lgFu_train
46943323,-2.619788758,-1.5864363870519917,lgFu_train
46945659,-0.455931956,-0.6551923285170524,lgFu_train
49765871,-2.698970004,-1.9399397167710832,lgFu_train
49771641,-2.0,-1.8785897282551205,lgFu_train
49778730,-2.455931956,-1.8250682542787302,lgFu_train
49784002,-1.522878745,-1.5448489438544168,lgFu_train
49784894,-0.761953897,-0.7359863244400326,lgFu_train
49787489,-0.443818153,-0.8161104603475855,lgFu_train
49789564,-2.537602002,-2.0841215870799386,lgFu_train
49792792,-2.568636236,-2.054460995677889,lgFu_train
49800096,-1.508638306,-1.5225169422190465,lgFu_train
49831162,-1.22184875,-1.2317775374274,lgFu_train
49831257,-0.166215625,-0.9754415986374443,lgFu_train
49835845,-0.958607315,-1.2643127271495354,lgFu_train
49835853,-1.301029996,-1.4840711750031637,lgFu_train
49837912,-0.301029996,-1.6788710854779487,lgFu_train
49840814,-1.408935393,-2.1035941280754162,lgFu_train
49846142,-2.096910013,-2.1618362044707826,lgFu_train
49846226,-2.15490196,-2.03112615608679,lgFu_train
49847173,-1.823908741,-2.08764949214264,lgFu_train
49847377,-1.397940009,-1.7315436042454682,lgFu_train
49847379,-1.657577319,-1.7156735549954,lgFu_train
49848656,-2.301029996,-2.4608108790351615,lgFu_train
49848777,-2.698970004,-2.757446846281052,lgFu_train
49848778,-2.698970004,-2.5266108671740404,lgFu_train
49848895,-2.22184875,-1.920699431367765,lgFu_train
49848897,-2.522878745,-1.9393283460577802,lgFu_train
49849002,-1.795880017,-1.7424906466180532,lgFu_train
49849008,-1.337242168,-1.7501863740994676,lgFu_train
49849912,-2.0,-1.812128742750386,lgFu_train
49855496,-1.359518563,-1.4440715024298867,lgFu_train
49855886,-1.207608311,-1.3458419114698477,lgFu_train
49857571,-0.853871964,-1.049962706096585,lgFu_train
49857811,-0.096910013,-0.0702076863139709,lgFu_train
49858346,-0.552841969,-0.7792199148321898,lgFu_train
49862986,-0.958607315,-1.2235733441317596,lgFu_train
49863017,-1.522878745,-1.2957894684286297,lgFu_train
49863138,-3.0,-2.4527190480263648,lgFu_train
49863173,-3.0,-2.4840621079414755,lgFu_train
49863206,-3.0,-2.3881700820117313,lgFu_train
49863207,-1.886056648,-1.8468584588281107,lgFu_train
49863241,-2.522878745,-2.341781321128501,lgFu_train
49864459,-0.853871964,-1.0948467779244793,lgFu_train
49864483,-1.167491087,-1.2170976181600646,lgFu_train
49865399,-1.769551079,-1.8274280840690342,lgFu_train
49865400,-2.301029996,-2.0963216070611246,lgFu_train
49865401,-2.522878745,-1.9445547344258705,lgFu_train
49865822,-0.853871964,-0.9252902426325158,lgFu_train
49865875,-0.236572006,-0.42855829202814594,lgFu_train
49865877,-0.408935393,-0.34588067292049157,lgFu_train
49865880,-0.301029996,-0.5746629958076834,lgFu_train
49865936,-0.431798276,-0.4264815958076088,lgFu_train
49865937,-0.443697499,-0.5453035001473322,lgFu_train
49869312,-1.189095719,-1.2270484457685509,lgFu_train
49869313,-1.301899454,-1.3468774692544656,lgFu_train
49871817,-2.065501549,-1.9418088795377124,lgFu_train
49872381,-1.568636236,-1.4619911349865904,lgFu_train
49872483,-1.698970004,-1.6185994211734385,lgFu_train
50910523,-1.468521083,-1.3387307644345476,lgFu_train
50910542,-1.698970004,-1.2217190590567883,lgFu_train
50910548,-1.15490196,-1.5396417101935977,lgFu_train
50910549,-1.301029996,-1.5241533474197164,lgFu_train
50915132,-1.397940009,-0.890535989416249,lgFu_train
50916528,-1.045757491,-1.222324071881427,lgFu_train
50925404,-1.484126156,-1.4105803088668791,lgFu_train
50925541,-0.244125144,-0.9507906970263672,lgFu_train
50940507,-1.179798541,-1.2878831422451626,lgFu_train
50941212,-1.777283529,-1.6860637846995563,lgFu_train
50990921,-0.958607315,-0.8184582968627492,lgFu_train
50991056,-0.102372909,-0.3679941714471781,lgFu_train
50992246,-0.37161107,-0.5335969222195157,lgFu_train
50994593,-1.958607315,-1.5144895113620065,lgFu_train
50994597,-2.301029996,-1.591591821433546,lgFu_train
51001932,-0.619788758,-0.8750029998204678,lgFu_train
51003505,-1.22184875,-1.270371267767429,lgFu_train
51003683,-1.522878745,-1.5857066222226597,lgFu_train
51003693,-2.0,-1.7212659032773283,lgFu_train
51029603,-2.013228266,-1.3911203546566453,lgFu_train
51029604,-1.077793723,-0.9047949038582627,lgFu_train
51030711,-1.886056648,-1.5415763669936322,lgFu_train
51030897,-2.0,-1.566492340441577,lgFu_train
51030898,-1.744727495,-1.489784889261377,lgFu_train
51030901,-2.15490196,-1.5689414251458216,lgFu_train
51031020,-0.173925197,-0.22955573645598956,lgFu_train
51039927,-1.698970004,-1.3459619795277404,lgFu_train
51040288,-1.311580178,-0.9083068886923494,lgFu_train
51049968,-1.161150909,-1.099407015369333,lgFu_train
51346808,-1.408935393,-1.1211904420415904,lgFu_train
51355576,-1.657577319,-1.5720188046210672,lgFu_train
51357585,-1.387216143,-1.430490471570352,lgFu_train
52330067,-0.177178354,-0.1546557820325947,lgFu_train
52913813,-0.721246399,-0.9179454421407852,lgFu_train
52918271,-0.752026734,-1.224629364877859,lgFu_train
52918272,-0.591760035,-0.9148692190932441,lgFu_train
52918894,-0.958607315,-0.9371777993677256,lgFu_train
52919672,-1.698970004,-1.5159108131744252,lgFu_train
52920146,-1.698970004,-1.5299617149043807,lgFu_train
52920147,-1.698970004,-1.9294517110920693,lgFu_train
52920150,-1.698970004,-2.0147645549265554,lgFu_train
52934180,-1.886056648,-1.2412426260115306,lgFu_train
52934274,-1.630784143,-1.6314436423163547,lgFu_train
52934829,-0.890198569,-1.2238671897492153,lgFu_train
52938668,-0.958607315,-0.8283863727961355,lgFu_train
52938669,-1.15490196,-0.977571419749965,lgFu_train
52939517,-1.698970004,-1.548522110684711,lgFu_train
52940465,-2.0,-1.4262162556789626,lgFu_train
52941857,-1.301029996,-1.4273014393892651,lgFu_train
53232451,-1.27572413,-1.175075292889297,lgFu_train
53233899,-2.366531544,-1.9635474701508437,lgFu_train
53234870,-1.217527376,-1.170051662576108,lgFu_train
53235532,-1.008773924,-1.1149659833017782,lgFu_train
53236190,-0.301029996,-0.5251003942927425,lgFu_train
53236431,-0.732828272,-0.8364083804747262,lgFu_train
53236607,-1.698970004,-1.2604349862727668,lgFu_train
53236824,-1.698970004,-1.62195893385201,lgFu_train
53237048,-0.657577319,-0.7186967569347348,lgFu_train
53237049,-0.568636236,-0.6816267917480083,lgFu_train
53237257,-0.853871964,-0.7772615130738357,lgFu_train
53237261,-0.387216143,-0.6601851401175168,lgFu_train
53237536,-1.022276395,-0.9481071872116023,lgFu_train
53237719,-0.744727495,-0.8676694825564665,lgFu_train
53237720,-0.638272164,-0.8165642398572942,lgFu_train
53237773,-1.060480747,-1.2755617224048135,lgFu_train
53238002,-1.180456064,-0.949759027751992,lgFu_train
53238005,-0.978810701,-0.9337558864393002,lgFu_train
53242178,-0.301029996,-0.4309691225749019,lgFu_train
53244396,-1.214670165,-1.0780138204929892,lgFu_train
53245441,-1.301029996,-1.5202307344989157,lgFu_train
53245590,-0.299296283,-1.5126428300329153,lgFu_train
53246020,-1.48148606,-1.3343380734071326,lgFu_train
53247212,-0.602059991,-0.9076462610358682,lgFu_train
53251322,-1.795880017,-1.9642007932629901,lgFu_train
53251476,-1.301029996,-1.1894836305253187,lgFu_train
53251628,-1.698970004,-1.3596947837174074,lgFu_train
53251631,-2.0,-1.772509090572156,lgFu_train
53251632,-1.698970004,-1.5617093576936003,lgFu_train
53259031,-1.229147988,-1.3805627761701642,lgFu_train
53307432,-1.274088368,-1.3584641621369753,lgFu_train
53307606,-1.522878745,-1.381623590409259,lgFu_train
53311070,-0.420216403,-0.599256879051861,lgFu_train
53311138,-0.665546249,-0.7940044615326484,lgFu_train
53311230,-0.619788758,-1.0583300153752557,lgFu_train
53311392,-0.591760035,-0.7734647129143859,lgFu_train
53311393,-0.8569852,-1.050476593782702,lgFu_train
53311484,-0.266802735,-0.5820682930080542,lgFu_train
53311562,-0.36552273,-0.77912111799944,lgFu_train
53311566,-1.420216403,-1.3917770623432029,lgFu_train
53315082,-0.602059991,-0.44533684077866226,lgFu_train
53315818,-1.698970004,-1.258846464100529,lgFu_train
53317503,-1.416801226,-1.6572947201028496,lgFu_train
53317735,-1.508638306,-1.460160375727036,lgFu_train
53318615,-0.924818145,-1.2720638870786343,lgFu_train
53318852,-1.769551079,-1.6752015901693393,lgFu_train
53319416,-2.886056648,-2.3339556403577255,lgFu_train
53320167,-1.657577319,-1.5825384712200394,lgFu_train
53320168,-1.920818754,-1.926150042412979,lgFu_train
53320169,-1.148741651,-1.0739734082773298,lgFu_train
53320219,-0.677780705,-0.786382941506172,lgFu_train
53321481,-1.107905397,-1.2109760057932446,lgFu_train
53321535,-1.045757491,-1.1358870333051596,lgFu_train
53323475,-1.123782159,-1.5126323931651957,lgFu_train
53324991,-0.920818754,-0.970575576497697,lgFu_train
53325491,-0.744727495,-0.9060971009165065,lgFu_train
53326696,-1.346787486,-1.3697257465266215,lgFu_train
53326697,-1.48148606,-1.4497400648566698,lgFu_train
53326698,-0.958607315,-1.1872606787834297,lgFu_train
53326699,-1.721246399,-1.375803007817391,lgFu_train
53326866,-1.522878745,-1.416330134450994,lgFu_train
53327817,-0.958607315,-0.9924502396934245,lgFu_train
53341130,-1.795880017,-1.7881277812320007,lgFu_train
53347902,-2.22184875,-2.0810226228141016,lgFu_train
53348188,-1.698970004,-1.7641329925794855,lgFu_train
53350233,-3.0,-2.781712398835143,lgFu_train
53358901,-3.045757491,-1.8475717379101526,lgFu_train
53359023,-1.337242168,-1.6480627141877986,lgFu_train
53361128,-2.0,-1.8567496539163602,lgFu_train
53361524,-1.924453039,-2.079516550967822,lgFu_train
53363442,-0.096910013,-0.5881667819654669,lgFu_train
53363480,-0.301029996,-1.1460262601780773,lgFu_train
53373573,-2.698970004,-2.3571809655744307,lgFu_train
53378051,-0.853871964,-0.9915380129365169,lgFu_train
53378456,-0.689306688,-1.0512748495861446,lgFu_train
53379404,-2.0,-1.9077831304310628,lgFu_train
53380290,-0.37675071,-0.550237564257983,lgFu_train
53380818,-0.286509457,-1.491413650792042,lgFu_train
53382523,-1.585026652,-1.5109952223251857,lgFu_train
53382542,-1.958607315,-1.5047589380826643,lgFu_train
53384864,-0.01188716,-1.0527957433625534,lgFu_train
53387844,-0.276708554,-0.36110636846460015,lgFu_train
53389570,-1.853871964,-1.815369443722955,lgFu_train
53389580,-0.617982957,-0.7584932812175099,lgFu_train
53393954,-0.920818754,-0.9947660132487954,lgFu_train
53394043,-0.397940006,-1.171937511161893,lgFu_train
53394893,-0.709965389,-0.9659615604158108,lgFu_train
53395436,-1.435331965,-1.7813445784239201,lgFu_train
53442201,-1.8569852,-1.4340385857977889,lgFu_train
53461729,-1.522878745,-1.3796867446555765,lgFu_train
53461774,-1.965237887,-1.7235270712004715,lgFu_train
53465297,-0.769551079,-1.261682370170552,lgFu_train
53472153,-1.321481621,-1.2013694261733259,lgFu_train
53472374,-2.15490196,-1.6704729255034623,lgFu_train
53472377,-1.251811973,-1.3102945012525564,lgFu_train
53472426,-0.30980392,-0.5150637211887787,lgFu_train
53472427,-0.910094889,-0.9233047602960669,lgFu_train
53472470,-1.657577319,-1.5780108787095708,lgFu_train
53472471,-1.026872146,-0.9839929362191268,lgFu_train
53472473,-0.37675071,-0.6058748248950153,lgFu_train
53472683,-0.431798276,-0.6415859689369029,lgFu_train
53475321,-1.571865206,-1.6232456956412789,lgFu_train
53477157,-2.301029996,-1.6538130572139558,lgFu_train
53493001,-3.0,-2.424414597449084,lgFu_train
53494972,-0.301899454,-1.091255188402912,lgFu_train
53681538,-1.301029987,-1.2666006388749338,lgFu_train
54034211,-0.417286631,-0.6925534492343877,lgFu_train
54098558,-2.301029996,-2.280413529090286,lgFu_train
54237161,-0.7044329,-0.47380282027859233,lgFu_train
54276218,-0.288192772,-0.4053395283624733,lgFu_train
54334651,-0.311135432,-0.4112972777618659,lgFu_train
54546894,-0.772113295,-1.0914867595304003,lgFu_train
54576288,-2.698970004,-2.4818603844895577,lgFu_train
54576290,-2.15490196,-2.133303499513897,lgFu_train
54576291,-2.301029996,-2.220118564389778,lgFu_train
54576499,-2.0,-2.1572704408037278,lgFu_train
54576501,-1.886056648,-2.0500811269519295,lgFu_train
54576503,-2.22184875,-2.138242438346038,lgFu_train
54576721,-2.15490196,-2.037123548102316,lgFu_train
54577781,-1.301029996,-1.7534392970148283,lgFu_train
54577784,-2.22184875,-2.212889189741222,lgFu_train
54581776,-1.378823718,-1.5770266425025745,lgFu_train
54581862,-0.795880017,-0.9327649522939048,lgFu_train
54583733,-1.630784143,-1.729073745411003,lgFu_train
54585641,-1.53313238,-1.7007010105007374,lgFu_train
54585642,-1.311580178,-1.4483424373014275,lgFu_train
54585716,-1.301029996,-0.9083287091792676,lgFu_train
54586637,-1.600326279,-1.6746718309138318,lgFu_train
54587655,-1.8569852,-1.7210330193838295,lgFu_train
54587659,-1.571865206,-1.8289283376666767,lgFu_train
54587696,-0.301029996,-0.7785330942641743,lgFu_train
54590906,-1.19859629,-1.0892654089600364,lgFu_train
54669771,-1.508638306,-2.2992826965506894,lgFu_train
54670732,-0.795880017,-1.013320399257738,lgFu_train
54676228,-2.0,-1.1490180888491797,lgFu_train
54677472,-0.853871964,-0.6994528115868347,lgFu_train
54677473,-0.920818754,-0.8799655087735984,lgFu_train
54677477,-0.296708622,-0.4889657054591109,lgFu_train
54677537,-0.522878745,-0.6261671824762476,lgFu_train
54677551,-0.552841969,-0.5137793522706817,lgFu_train
54677580,-0.271646218,-0.6343826832347281,lgFu_train
54677595,-0.602059991,-0.5253629135006732,lgFu_train
54677617,-1.301029996,-1.21434026051625,lgFu_train
54678486,-2.0,-1.9501080530972885,lgFu_train
54678776,-0.318758763,-0.5401121941043197,lgFu_train
54681772,-0.769551079,-1.003663727876952,lgFu_train
54682240,-0.721246399,-0.6861875988711191,lgFu_train
54682241,-0.657577319,-0.6831083790610244,lgFu_train
54682245,-0.886056648,-0.7076253901069479,lgFu_train
54682251,-0.431798276,-0.5676438328851414,lgFu_train
54698990,-0.055517328,-0.8069710190265765,lgFu_train
54709833,-0.522878745,-0.5272310986457012,lgFu_train
54716246,-0.721246399,-0.6180653761743112,lgFu_train
54726191,-2.045757491,-0.9596503736772454,lgFu_train
54733178,-2.0,-0.6138984050460555,lgFu_train
54733197,-1.657577319,-1.1751679297038387,lgFu_train
54733202,-0.677780705,-0.8534440101322734,lgFu_train
54735090,-1.15490196,-1.1180145698291346,lgFu_train
54735094,-1.22184875,-1.1079731448174048,lgFu_train
54735095,-1.522878745,-1.2370167254549844,lgFu_train
54735096,-1.698970004,-1.3255769387140783,lgFu_train
54735097,-2.0,-1.3751287574013902,lgFu_train
54735098,-2.0,-1.591694568918107,lgFu_train
54735099,-0.744727495,-0.9609140820374293,lgFu_train
54735101,-0.468521083,-0.9007681572971241,lgFu_train
54752774,-1.22184875,-1.3492366290470876,lgFu_train
54752951,-1.387216143,-1.534387500590832,lgFu_train
54753437,-0.366531544,-0.5222270540153292,lgFu_train
54769301,-1.366531544,-1.218504324734737,lgFu_train
54769529,-0.744727495,-0.942082857180803,lgFu_train
54769530,-0.602059991,-0.7963844774835044,lgFu_train
54769531,-0.958607315,-1.1615035401694116,lgFu_train
56587994,-1.698970004,-1.0882706689729034,lgFu_train
56589600,-2.0,-2.0007473039996295,lgFu_train
56592910,-2.0,-1.8653147150003815,lgFu_train
56593152,-0.853871964,-0.9766477134960037,lgFu_train
56593934,-0.468521083,-0.6143619610872868,lgFu_train
56594384,-1.537602002,-1.7796682916346274,lgFu_train
56594517,-1.327902142,-1.6211915408679647,lgFu_train
56594649,-2.698970004,-2.2790720410070326,lgFu_train
56594650,-2.522878745,-2.239364821288356,lgFu_train
56594781,-1.823908741,-1.8333002848020505,lgFu_train
56594782,-2.522878745,-2.3278528805061534,lgFu_train
56594784,-2.301029996,-2.3132670011196046,lgFu_train
56594904,-2.698970004,-2.453855799434812,lgFu_train
56603823,-0.821023053,-0.9439692399828836,lgFu_train
56642133,-0.489857301,-0.8956412150039178,lgFu_train
56643412,-1.119186408,-1.183211493451445,lgFu_train
56643478,-1.22184875,-1.3727301395099034,lgFu_train
56644424,-0.657774771,-0.8572485612162025,lgFu_train
56649677,-2.958607315,-2.0529009876786404,lgFu_train
56659408,-1.552841969,-1.286393812982032,lgFu_train
56662035,-2.22184875,-1.2879960024868615,lgFu_train
56662691,-1.217527376,-1.222005804911647,lgFu_train
56662793,-0.769551079,-1.1348088251541832,lgFu_train
56666341,-1.217527376,-1.2631500993306666,lgFu_train
56668190,-0.443818153,-0.6077375974590107,lgFu_train
56668950,-1.032452024,-0.7662527701235837,lgFu_train
56669554,-1.522878745,-1.344016167992601,lgFu_train
56673074,-0.745935547,-1.278406934300148,lgFu_train
56673075,-1.8569852,-1.6734548844489376,lgFu_train
56676509,-1.356547324,-1.59915350613721,lgFu_train
56677275,-1.301029996,-1.153998879906209,lgFu_train
56679719,-2.15490196,-1.7263885490979853,lgFu_train
56682553,-2.301029996,-1.6683259605817606,lgFu_train
56683157,-2.15490196,-1.9099358454410706,lgFu_train
56688330,-0.193820026,-0.5118301526016615,lgFu_train
56834574,-0.942714356,-0.8072806429687182,lgFu_train
56834575,-0.394264106,-0.7246259427407589,lgFu_train
56834577,-0.559878397,-0.5144288682683651,lgFu_train
56834578,-0.779107751,-0.6685913910015835,lgFu_train
56834579,-0.353890478,-0.6157367102109285,lgFu_train
56834944,-0.645891561,-0.9153517292673983,lgFu_train
56835088,-0.638272164,-0.6733644579945633,lgFu_train
56835090,-0.13076828,-0.5003944198200534,lgFu_train
56835139,-2.522878745,-2.145374261827937,lgFu_train
56835140,-2.301029996,-2.0034276414213754,lgFu_train
56835159,-1.37675071,-1.7420658199014707,lgFu_train
56840969,-0.081576461,-0.2740823497229674,lgFu_train
56929216,-0.22184875,-0.3171278717826583,lgFu_train
56934550,-0.872895202,-1.1443231243450511,lgFu_train
56944164,-0.455931956,-0.9549725795224961,lgFu_train
56946209,-0.744727495,-1.0129231905796678,lgFu_train
56949326,-2.096910013,-2.1645591965285833,lgFu_train
56949966,-1.124938737,-1.3421511818945095,lgFu_train
56951368,-0.038104526,-0.1996325521942925,lgFu_train
56953730,-1.397940009,-0.3860309623634473,lgFu_train
56954305,-0.017728767,-0.48686809108172985,lgFu_train
56964577,-2.698970004,-2.1056652718747775,lgFu_train
56964907,-0.508638306,-0.8719323760185798,lgFu_train
56965901,-1.537602002,-2.3300152620735544,lgFu_train
57325398,-1.420216403,-1.2305162968033603,lgFu_train
57325589,-2.698970004,-2.1056652718747775,lgFu_train
57330141,-1.455931956,-1.6569274676520396,lgFu_train
57335019,-1.431798276,-2.0711393472442707,lgFu_train
57343797,0.0,-0.21074582316384122,lgFu_train
57345400,-2.22184875,-1.990924512106643,lgFu_train
57345538,-0.023191663,-1.2604698229611508,lgFu_train
57384005,-0.37675071,-0.4644454532547906,lgFu_train
57384039,-2.0,-1.7561662181417166,lgFu_train
57384257,-2.0,-1.4129182000205338,lgFu_train
57384510,-2.0,-1.6800575771020871,lgFu_train
57384535,-1.508638306,-1.4963784602633963,lgFu_train
57384536,-1.283996656,-1.3901435645695193,lgFu_train
57384537,-1.251811973,-1.2686103770042683,lgFu_train
57384750,-1.886056648,-1.7502022475997037,lgFu_train
57385371,-1.679853714,-1.5818825382189756,lgFu_train
57385877,-0.697236292,-0.8951198763658145,lgFu_train
57387166,-1.416801226,-1.4330160721143836,lgFu_train
57390665,-0.15490196,-0.8253714035766267,lgFu_train
57390666,-1.356547324,-1.511913943165899,lgFu_train
57390700,-0.898596649,-1.2085939168689024,lgFu_train
57390720,-0.714442691,-0.607472912705555,lgFu_train
57390766,-2.522878745,-2.0206051717353715,lgFu_train
57391102,-1.236572006,-0.5370921489570329,lgFu_train
57391205,-0.602059991,-0.8898813407594034,lgFu_train
57391459,-0.898596649,-0.8935649071198319,lgFu_train
57391636,-1.537602002,-1.3112877488221408,lgFu_train
57391773,-1.070581074,-1.0272572509367937,lgFu_train
57391774,-2.0,-1.579791787796966,lgFu_train
57391775,-2.096910013,-1.628989511706793,lgFu_train
57391796,-2.096910013,-1.9376635276175462,lgFu_train
57392462,-1.677780705,-1.6188863781443066,lgFu_train
57392505,-0.552686891,-1.0447618499238518,lgFu_train
57392515,-1.602059991,-1.6152680356900997,lgFu_train
57392520,-0.749579998,-0.889687153490506,lgFu_train
57392521,-0.528708289,-0.6387790953814672,lgFu_train
57392872,-1.76700389,-1.9003066730719926,lgFu_train
57392963,-2.180456064,-2.215063231323602,lgFu_train
57392964,-1.581698709,-1.6658342614318618,lgFu_train
57392969,-0.619788758,-0.8747159332823276,lgFu_train
57393503,-1.619788758,-1.4783459439664572,lgFu_train
57394057,-0.853871964,-0.9372279192043326,lgFu_train
57394058,-1.22184875,-1.1100295473484754,lgFu_train
57394170,-2.522878745,-2.0777983607228583,lgFu_train
57394213,-1.552841969,-1.461734553359882,lgFu_train
57394233,-1.823908741,-1.6211215197680862,lgFu_train
57394609,-2.142667504,-1.9723799376443139,lgFu_train
57394706,-2.886056648,-2.0739510618124064,lgFu_train
57394707,-1.568636236,-1.9667745598166204,lgFu_train
57394711,-0.387216143,-0.6876211565518072,lgFu_train
57394837,-1.640164518,-1.6944607656159631,lgFu_train
57395096,-1.698970004,-1.73118083806995,lgFu_train
57395097,-1.619788758,-1.6102557975403318,lgFu_train
57395222,-1.251811973,-1.4502640167567757,lgFu_train
57395817,-1.15490196,-1.1453283604194329,lgFu_train
57395978,-0.510322708,-0.7434009851445147,lgFu_train
57395989,-1.508638306,-1.5250997345237063,lgFu_train
57395990,-1.721246399,-1.6140622961339008,lgFu_train
57396059,-1.958607315,-1.5779036297502582,lgFu_train
57396625,-1.512861625,-1.4459576977011523,lgFu_train
57396866,-1.638272164,-1.7873591978519243,lgFu_train
57397597,-3.0,-2.305329860222436,lgFu_train
57397598,-1.301029996,-0.933607185631906,lgFu_train
57397744,-0.747146969,-0.9851122433181726,lgFu_train
57397745,-0.110138279,-0.7907004766760951,lgFu_train
57397746,-0.879426069,-1.074446242033764,lgFu_train
57397779,-1.53313238,-1.8639148115074435,lgFu_train
57397790,-2.096910013,-1.7494746779550576,lgFu_train
57397791,-1.795880017,-1.5845504938305928,lgFu_train
57397793,-1.853871964,-1.5743900920766076,lgFu_train
57397794,-2.397940009,-1.581156628956239,lgFu_train
57398166,-2.657577319,-1.618732040789453,lgFu_train
57398258,-1.954677021,-2.1035785647433616,lgFu_train
57398392,-0.924818145,-0.9748250888956942,lgFu_train
57398710,-1.769551079,-1.641586000916267,lgFu_train
57398751,-2.698970004,-1.7410318652117052,lgFu_train
57398771,-1.886056648,-1.836011705258685,lgFu_train
57399404,-1.065501549,-1.458068798495274,lgFu_train
57399406,-0.698970004,-0.9139993711201378,lgFu_train
57399407,-1.698970004,-1.5946698266027057,lgFu_train
57399408,-1.356547324,-1.4060163583109737,lgFu_train
57399796,-1.8569852,-2.034489050928462,lgFu_train
57399910,-2.229147988,-2.0039543508006847,lgFu_train
57400038,-1.954677021,-1.6470445418845734,lgFu_train
57400294,-1.657577319,-1.6051809325393542,lgFu_train
57400384,-1.886056648,-1.7380546378273622,lgFu_train
57400424,-1.161150909,-1.5372691112841694,lgFu_train
57401151,-1.571865206,-1.4563832504762182,lgFu_train
57401204,-0.57446578,-0.9892905631531822,lgFu_train
57401218,-1.602059991,-1.5863553218900643,lgFu_train
57401219,-0.931814138,-1.1118338780699129,lgFu_train
57401273,-1.585026652,-1.6676778693133882,lgFu_train
57401681,-1.886056648,-1.8175774442461052,lgFu_train
57401682,-2.30980392,-2.054672745784049,lgFu_train
57401683,-2.853871964,-2.167528145159147,lgFu_train
57401684,-2.086186148,-2.111565931923787,lgFu_train
57401865,-1.436518915,-1.475926932352146,lgFu_train
57401867,-0.657774771,-0.7904600880396483,lgFu_train
57401936,-0.5172693,-0.9760485706552575,lgFu_train
57402183,-2.698970004,-2.0745071356026026,lgFu_train
57402223,-0.375717904,-0.7946002482021478,lgFu_train
57402253,-1.744727495,-1.8853827748263126,lgFu_train
57402653,-1.455931956,-1.7914252793439795,lgFu_train
57402801,-0.958607315,-0.9301936241633297,lgFu_train
57402802,-0.958607315,-0.8802141481328629,lgFu_train
57402931,-0.970616222,-1.136265831877676,lgFu_train
57402970,-0.886056648,-0.9221086456346677,lgFu_train
57403021,-1.455931956,-1.7261322274556805,lgFu_train
57403176,-1.455931956,-1.5406231915491801,lgFu_train
57403577,-0.996108834,-1.1219027616193304,lgFu_train
57403670,-0.394264106,-0.7200483661104001,lgFu_train
57403853,-1.15490196,-1.2548850070940665,lgFu_train
57403940,-2.397940009,-2.1165575878928755,lgFu_train
57403965,-0.045757491,-0.6936904769959616,lgFu_train
57403966,-2.045757491,-1.6633901208129025,lgFu_train
57404548,-1.966576245,-1.84975506139571,lgFu_train
57405264,-1.327902142,-1.0415979300782134,lgFu_train
57406911,-0.721475035,-1.2529817946197317,lgFu_train
57411983,-0.933674075,-0.9816660464094656,lgFu_train
57459022,-1.217527376,-1.4645150654369965,lgFu_train
57459482,-1.327902142,-1.4865596997167385,lgFu_train
57459488,-2.0,-1.8417607098621371,lgFu_train
57459494,-2.0,-1.8796408952147825,lgFu_train
57459497,-2.0,-1.9796134959223044,lgFu_train
57470134,-0.634699251,-0.9052856895010487,lgFu_train
57479606,-0.476383581,-0.8801334873369445,lgFu_train
57484593,-1.446116973,-1.025729796549871,lgFu_train
57504264,-1.3400838,-1.5508162845569677,lgFu_train
57504472,-0.855425792,-1.3443199731383155,lgFu_train
57505195,-1.698970004,-1.698396697598903,lgFu_train
57505196,-1.698970004,-1.3865823232778327,lgFu_train
57505238,-1.698970004,-1.6267489954904726,lgFu_train
57505239,-1.698970004,-1.9236061958090107,lgFu_train
57505241,-1.698970004,-1.4028735734611095,lgFu_train
57505242,-1.698970004,-1.7293907409211087,lgFu_train
57505332,-1.698970004,-1.7486355447080126,lgFu_train
57521916,-2.698970004,-2.607864480127538,lgFu_train
57522810,-2.301029996,-2.370753616344508,lgFu_train
57522812,-2.522878745,-2.377396644734134,lgFu_train
57522939,-2.698970004,-2.350228805840113,lgFu_train
57523282,-1.301029996,-1.4153469695975365,lgFu_train
57523313,-2.0,-1.4825461236307278,lgFu_train
57523342,-2.0,-1.920895505748151,lgFu_train
57523343,-1.22184875,-1.315906003784168,lgFu_train
57523372,-1.397940009,-1.4558712995377656,lgFu_train
57523403,-1.301029996,-1.3483344174223086,lgFu_train
57523404,-1.522878745,-1.129391099987057,lgFu_train
57523405,-2.0,-1.6565599383140075,lgFu_train
57523434,-0.15490196,-1.058632656927761,lgFu_train
57656715,-1.301029996,-1.1841565464238046,lgFu_train
57942817,-1.494850022,-1.4407474020618938,lgFu_train
57977652,-0.974694135,-1.1640835279245352,lgFu_train
57992036,-1.552841969,-1.459317500301661,lgFu_train
57992122,-1.571865206,-1.4104870447686981,lgFu_train
57992140,-1.552841969,-1.16967103202822,lgFu_train
58063117,-1.823908741,-1.6357489443770257,lgFu_train
58063334,-2.301029996,-1.406457188457682,lgFu_train
58063487,-1.795880017,-1.4435452612525725,lgFu_train
58348375,-1.301029996,-1.2300821230800167,lgFu_train
58379533,-0.995678626,-1.065993528035712,lgFu_train
58398817,-0.291154362,-0.4421720629895928,lgFu_train
58439416,-2.301029996,-2.283430458088934,lgFu_train
58457005,-1.552841969,-1.4474157029170613,lgFu_train
58457146,-2.0,-1.6886909995363282,lgFu_train
58464413,-1.096910013,-1.0853547628852867,lgFu_train
58464414,-1.065501549,-1.0792341174476936,lgFu_train
58464432,-0.651695137,-0.7140967603573429,lgFu_train
58464439,-1.920818754,-1.737185678576509,lgFu_train
58464474,-1.920818754,-1.6353014248349407,lgFu_train
58464480,-1.387216143,-1.5303144881155542,lgFu_train
58464510,-1.022276395,-1.1714224265917494,lgFu_train
58464524,-1.161150909,-1.3056405513915081,lgFu_train
58464533,-0.519993057,-0.5927193242823263,lgFu_train
58464537,-1.017728767,-1.1574547176409131,lgFu_train
58628171,-1.777283529,-1.898350174450701,lgFu_train
58751587,-0.673459331,-0.7896471003802165,lgFu_train
58834906,-1.366531544,-1.396273803071584,lgFu_train
58834946,-0.958607315,-1.177655703804858,lgFu_train
58834953,-0.974694135,-1.020811661786973,lgFu_train
58834969,-1.244125144,-1.251649496880175,lgFu_train
58835000,-1.259637311,-1.2476577069333636,lgFu_train
58835024,-1.173925197,-1.2356641136446433,lgFu_train
58835027,-1.259637311,-1.362921550913878,lgFu_train
58835113,-1.443697499,-1.2128360245260064,lgFu_train
58835155,-1.283996656,-1.2237020569824804,lgFu_train
58835217,-1.619788758,-1.3239573654782157,lgFu_train
59179619,-1.301029996,-1.1460231398104097,lgFu_train
59208340,-0.443697499,-0.9458932334224178,lgFu_train
59208355,-1.086186148,-1.1674311258620076,lgFu_train
59239114,-1.698970004,-1.4418201866692932,lgFu_train
59239194,-1.522878745,-1.3441368019553221,lgFu_train
59239356,-1.698970004,-1.4429112122780847,lgFu_train
59239369,-1.698970004,-1.414281403579012,lgFu_train
59239456,-1.522878745,-1.5172294393657515,lgFu_train
59295938,-1.397940009,-1.500543797054515,lgFu_train
59296066,-0.853871964,-1.3446908706410012,lgFu_train
59296090,-0.958607315,-1.4132357854806603,lgFu_train
59296100,-1.397940009,-1.2831102126966938,lgFu_train
59296111,-1.698970004,-1.4105263867950673,lgFu_train
59406936,-2.15490196,-1.6946545302676879,lgFu_train
59456102,-2.180456064,-2.173176076659748,lgFu_train
59458061,-0.508638306,-0.43274726874316616,lgFu_train
59458228,-0.37675071,-0.36297532478953387,lgFu_train
59604787,-0.853871964,-0.9772343677749259,lgFu_train
59606138,-1.045757491,-1.0043860991907811,lgFu_train
59618273,-1.657577319,-1.509469989808394,lgFu_train
59618368,-1.602059991,-1.5958224366907556,lgFu_train
59618511,-1.167491087,-1.3753860263851625,lgFu_train
59627005,-1.22184875,-1.2238746898483526,lgFu_train
59627683,-2.522878745,-2.237349570285686,lgFu_train
59864749,-1.823908741,-1.8804988926066306,lgFu_train
60148981,-2.0,-1.8915217697368456,lgFu_train
60149247,-1.236572006,-1.1212440169561293,lgFu_train
60150483,-2.301029996,-2.102828782176429,lgFu_train
60150614,-2.15490196,-2.2695540059147827,lgFu_train
60168069,-1.065501549,-1.3030663057772567,lgFu_train
60168109,-0.537602002,-0.4496489653337325,lgFu_train
60168110,-0.657577319,-0.5267522633897955,lgFu_train
60168115,-0.585026652,-0.5718286002101465,lgFu_train
60168116,-0.318758763,-0.4249813034408876,lgFu_train
60168117,-0.494850022,-0.34798405488185236,lgFu_train
60170163,-0.698970004,-0.5924359723868814,lgFu_train
60170342,-0.455931956,-0.5561883823531594,lgFu_train
60197821,-1.823908741,-1.5215426496638185,lgFu_train
60197937,-1.468521083,-1.396584282544255,lgFu_train
60198399,-1.602059991,-1.3547501773561113,lgFu_train
60198530,-2.22184875,-1.9921779417422785,lgFu_train
60201088,-1.349692477,-1.4852218979547933,lgFu_train
60201255,-1.493494968,-1.5491307328875406,lgFu_train
60201256,-1.321481621,-1.4488896676370486,lgFu_train
60201257,-1.747146969,-1.743961393031573,lgFu_train
60203901,-2.045757491,-2.123885369895431,lgFu_train
60204017,-0.301029996,-1.1386498003640448,lgFu_train
62705686,-1.11463878,-1.093521182082771,lgFu_train
62705687,-0.642255675,-1.0666820317151655,lgFu_train
62705689,-0.342848498,-1.0243636033027965,lgFu_train
62705690,-0.443818153,-0.751688919437341,lgFu_train
62705859,-0.829444941,-0.948425753403052,lgFu_train
62705860,-1.050609993,-1.1762519538839127,lgFu_train
62706106,-0.096910013,-0.39179097859090795,lgFu_train
62706107,-0.337242168,-0.6258284537461514,lgFu_train
62706108,-0.259637311,-0.4650834150278486,lgFu_train
62706109,-0.070581074,-0.284208978146171,lgFu_train
62706110,-0.337242168,-0.4494579551172644,lgFu_train
66549342,-1.431798276,-1.3379671560086068,lgFu_train
66549529,-1.431798276,-1.486095369550326,lgFu_train
66551245,-2.161150909,-1.88486605793584,lgFu_train
66553128,-2.0,-2.0561183547489743,lgFu_train
66553168,-1.568636236,-1.870774309935952,lgFu_train
66557945,-1.070581074,-0.8988116679377823,lgFu_train
66558213,-1.318758763,-1.0643795161291705,lgFu_train
66559115,-1.886056648,-1.3088490518678186,lgFu_train
66559116,-1.142667504,-1.1179921116242018,lgFu_train
66559118,-1.795880017,-1.2864778610659444,lgFu_train
66609540,-1.920818754,-1.4191038483221876,lgFu_train
66610342,-2.22184875,-1.9645419626062517,lgFu_train
66624461,-0.951558196,-1.4430911341354125,lgFu_train
66735960,-0.754240644,-1.127590070970495,lgFu_train
66780180,-1.2644011,-1.1688047651692888,lgFu_train
66838204,-0.762456262,-0.7561215967114061,lgFu_train
66850717,-2.22184875,-1.5996353877697926,lgFu_train
67083591,-2.677780705,-2.3897186857920443,lgFu_train
67083902,-2.214670165,-2.128305630556887,lgFu_train
67103709,-0.568636236,-0.8568338512645929,lgFu_train
67103712,-1.22184875,-1.1431453806930618,lgFu_train
67103722,-0.568636236,-0.8428425100061784,lgFu_train
67103909,-0.853871964,-0.9726417058600242,lgFu_train
67103974,-0.769551079,-0.6512001149073555,lgFu_train
67104025,-0.920818754,-0.876407982258412,lgFu_train
67165188,-0.754240644,-1.1273959086540313,lgFu_train
67165238,-1.226213555,-1.3937973253019917,lgFu_train
67165970,-1.349692477,-1.407593413254214,lgFu_train
67166664,-0.863913903,-1.3813579195495516,lgFu_train
67192973,-0.769551079,-0.7668451760537296,lgFu_train
67246999,-0.958607315,-1.0320016914703491,lgFu_train
67374618,-1.292429824,-1.5492107786025289,lgFu_train
67375395,-1.283996656,-1.4610130122413454,lgFu_train
67379186,-1.292429824,-1.6497086498792684,lgFu_train
67379418,-2.0,-2.09672686112365,lgFu_train
67379447,-2.0,-1.622646081645396,lgFu_train
67432893,-2.0,-1.4552777681811397,lgFu_train
67432993,-1.455931956,-1.202477102255082,lgFu_train
67433356,-1.045757491,-1.1481958985610343,lgFu_train
67437893,-0.673664139,-1.0364867493148813,lgFu_train
67437917,-0.913640169,-1.097430307205019,lgFu_train
67439764,-1.031517051,-1.2383706621923383,lgFu_train
67460268,-1.070581074,-1.0531985444930227,lgFu_train
67460401,-0.869666232,-0.8526670312684704,lgFu_train
67463112,-1.823908741,-1.241003961665862,lgFu_train
67463976,-2.15490196,-1.4377906522032082,lgFu_train
67496729,-0.795880017,-0.9306896737119367,lgFu_train
67960135,-1.19859629,-1.4136889379492497,lgFu_train
67979331,-0.855425792,-1.0721785095011078,lgFu_train
68008456,-1.853871964,-1.6988062546074023,lgFu_train
68008606,-2.0,-1.657074534771122,lgFu_train
68008713,-1.017728767,-1.5617296423278775,lgFu_train
68011817,-1.698970004,-1.6431134948674675,lgFu_train
68181883,-0.638272164,-0.923442660100259,lgFu_train
68181896,-0.769551079,-1.0506480822904753,lgFu_train
68181954,-1.397940009,-1.2302304656295375,lgFu_train
68276725,-2.301029996,-1.4127129107294332,lgFu_train
68277248,-1.552841969,-1.6428399473645214,lgFu_train
68277492,-1.958607315,-1.4029640452414438,lgFu_train
68277518,-0.913640169,-1.4360514358768084,lgFu_train
68287006,-3.045757491,-2.2170884425274844,lgFu_train
68290289,-1.013228266,-1.3071440798893539,lgFu_train
68290572,-1.443697499,-1.4312985875393895,lgFu_train
68486699,-1.826813732,-1.8072844659910774,lgFu_train
68488997,-1.446116973,-1.590980482998247,lgFu_train
68489225,-1.747146969,-1.7995176322548467,lgFu_train
68490094,-1.797267055,-1.7030292451997306,lgFu_train
68517306,-1.552841969,-1.4598725797335295,lgFu_train
68517356,-1.468521083,-1.5450869792452036,lgFu_train
68519747,-2.0,-1.9093369285106951,lgFu_train
68533570,-3.0,-2.73559757763521,lgFu_train
68560980,-2.301029996,-1.4771558833255507,lgFu_train
68637051,-1.446116973,-1.3536075437296091,lgFu_train
68639684,-1.346787486,-1.46238822506698,lgFu_train
68747277,-1.48148606,-1.681791308730839,lgFu_train
68778068,-2.0,-2.124559139775063,lgFu_train
68780878,-1.494850022,-1.7196756774766426,lgFu_train
68804289,-0.604149624,-0.7147878232976255,lgFu_train
68804512,-0.611721137,-0.6324217729325949,lgFu_train
68804537,-0.281498311,-0.4825713540248569,lgFu_train
68874427,-0.604149624,-1.2611595617478306,lgFu_train
68908007,-2.0,-1.4929779316378404,lgFu_train
68910242,-2.0,-1.7173042296732315,lgFu_train
68911088,-1.823908741,-1.7080878417578569,lgFu_train
68914580,-1.823908741,-1.631851087252462,lgFu_train
68931719,-0.503485481,-1.3042666076180616,lgFu_train
69003776,-1.698970004,-1.7351912390904352,lgFu_train
69093106,-2.0,-2.034672734791813,lgFu_train
69093344,-2.0,-1.8888688822682362,lgFu_train
69093439,-2.0,-1.8579593798363812,lgFu_train
69093509,-2.0,-1.9323072472177558,lgFu_train
69093928,-2.0,-1.9316155860777329,lgFu_train
69167248,-0.568636236,-0.6472993160817538,lgFu_train
69173353,-1.311580178,-1.2495379737827075,lgFu_train
69190708,-1.068542129,-0.9961851177597703,lgFu_train
69262172,-0.745935547,-1.4498760921071934,lgFu_train
69272932,-1.943095149,-1.870316562418335,lgFu_train
69274365,-1.484126156,-1.7270364202533937,lgFu_train
69347719,-0.524328812,-1.1209643197456796,lgFu_train
69621061,-1.659555885,-1.1714157003464567,lgFu_train
69676686,-2.494850022,-1.3088458790970543,lgFu_train
69826668,-1.455931956,-1.347744959521636,lgFu_train
69866278,-0.770574152,-0.7689502871017339,lgFu_train
69930037,-0.253910957,-0.79955065819918,lgFu_train
70276605,-0.346787486,-0.5918771565710634,lgFu_train
70276990,-0.37675071,-0.6776179386817375,lgFu_train
70278898,-0.301029996,-0.51892468398367,lgFu_train
70280758,-0.30980392,-0.5665432120015349,lgFu_train
70496411,-1.37675071,-1.5255343328232969,lgFu_train
70660712,-0.638272164,-0.8696829535829794,lgFu_train
70662627,-3.0,-2.701131998524807,lgFu_train
70680234,-1.747146969,-1.4286669987564973,lgFu_train
70681026,-0.951558196,-1.2104411123390328,lgFu_train
70681028,-1.416801226,-1.1011656797353293,lgFu_train
70681031,-1.886056648,-1.7171601949770186,lgFu_train
70681209,-2.0,-2.0328327959684023,lgFu_train
70681372,-1.698970004,-1.2710319371084955,lgFu_train
70681624,-0.688246139,-0.8976797920503775,lgFu_train
70681625,-1.148741651,-1.339892596258502,lgFu_train
70682196,-1.251811973,-1.5985989310652635,lgFu_train
70682212,-1.602059991,-1.4792811080728725,lgFu_train
70682213,-1.924453039,-1.6036832940581747,lgFu_train
70682494,-0.303643611,-0.4937538671509559,lgFu_train
70682502,-0.244125144,-0.30585522206173343,lgFu_train
70682601,-1.378823718,-1.5023185327822224,lgFu_train
70682602,-1.301899454,-1.3265418418203345,lgFu_train
70682603,-1.581698709,-1.8083699159335607,lgFu_train
70682777,-2.161150909,-2.177901984733154,lgFu_train
70682976,-2.004364805,-1.6115031863017137,lgFu_train
70683152,-1.826813732,-1.3339996726629213,lgFu_train
70683497,-0.853871964,-0.900751378092171,lgFu_train
70683752,-0.841637508,-1.0086118615899258,lgFu_train
70683753,-1.187086643,-1.133482407202637,lgFu_train
70684298,-1.022276395,-1.55308302019809,lgFu_train
70684312,-1.600326279,-1.3790049109663285,lgFu_train
70684313,-1.787812396,-1.6636328734497638,lgFu_train
70684314,-1.744727495,-1.5760475349951328,lgFu_train
70685233,-0.665747358,-0.7626119391219127,lgFu_train
70685575,-1.397940009,-1.148877183988443,lgFu_train
70685577,-1.0,-1.1792487590634295,lgFu_train
70685868,-0.496617937,-1.4023706007565249,lgFu_train
70686373,-1.161150909,-1.1818902888182845,lgFu_train
70686471,-1.170053304,-1.0542309017497595,lgFu_train
70686473,-1.718966633,-1.478501412481489,lgFu_train
70686474,-1.173925197,-1.1467790764064922,lgFu_train
70687384,-1.321481621,-1.2231979951739727,lgFu_train
70687387,-1.581698709,-1.4175402436024502,lgFu_train
70687388,-2.657577319,-1.6753656096500897,lgFu_train
70687546,-2.0,-1.858282196431953,lgFu_train
70687547,-2.0,-1.9193973756263831,lgFu_train
70688017,-1.659555885,-1.5263475710011827,lgFu_train
70688019,-1.119186408,-1.135805689089699,lgFu_train
70688020,-0.610833916,-0.9890009280009326,lgFu_train
70688021,-1.161150909,-1.218504324734737,lgFu_train
70688022,-0.982966661,-1.0086118615899258,lgFu_train
70688545,-3.0,-2.50224255093052,lgFu_train
70688555,-1.920818754,-2.0150312170291453,lgFu_train
70688556,-2.0,-1.92532902789489,lgFu_train
70688569,-1.679853714,-1.6875882278214278,lgFu_train
70688570,-1.866461092,-1.7057547930593489,lgFu_train
70688913,-1.032452024,-1.174411651048871,lgFu_train
70688922,-1.924453039,-2.0508109398365564,lgFu_train
70689447,-1.53313238,-1.3477247122977374,lgFu_train
70689768,-0.15490196,-0.5603006824683446,lgFu_train
70689799,-0.920818754,-0.9001616974852533,lgFu_train
70690051,-0.494850022,-0.7928094787637007,lgFu_train
70690053,-0.677780705,-0.9118252228298671,lgFu_train
70690054,-1.060480747,-1.2738409726642832,lgFu_train
70690618,-1.200659451,-1.7109401761699043,lgFu_train
70690634,-1.311580178,-1.1271622377723691,lgFu_train
70690636,-0.906578315,-1.309467288134764,lgFu_train
70690637,-1.747146969,-1.5596053785321278,lgFu_train
70691008,-2.22184875,-1.6893720793168283,lgFu_train
70691486,-0.721475035,-0.993428762116137,lgFu_train
70691849,-0.974694135,-1.1089823049393053,lgFu_train
70691913,-0.958607315,-1.0740227665122788,lgFu_train
70691914,-0.494850022,-0.7092061464110904,lgFu_train
70691939,-0.769551079,-0.8733303589974905,lgFu_train
70691981,-1.522878745,-1.5972725251134192,lgFu_train
70692198,-1.193820026,-1.11063139802439,lgFu_train
70692199,-1.0,-1.133482407202637,lgFu_train
70692435,-1.638272164,-1.5283973747050916,lgFu_train
70692446,-0.319664487,-0.7569123696963771,lgFu_train
70692760,-1.744727495,-1.8583252782200235,lgFu_train
70692773,-1.795880017,-1.5951838421432507,lgFu_train
70692774,-1.123782159,-1.278766759092136,lgFu_train
70692775,-1.721246399,-1.5675495839090865,lgFu_train
70692915,-2.0,-1.9043420565004834,lgFu_train
70693142,-1.142667504,-1.2690877268586422,lgFu_train
70693802,-2.0,-1.8981401988387423,lgFu_train
70693803,-2.0,-1.793048950417913,lgFu_train
70693804,-2.0,-1.7914194016463711,lgFu_train
70694038,-0.920818754,-1.180100305664128,lgFu_train
70694039,-0.795880017,-0.9394805495294417,lgFu_train
70694040,-1.0,-0.9394805495294417,lgFu_train
70694041,-0.958607315,-1.0084707185677533,lgFu_train
70694042,-0.602059991,-0.898948536808309,lgFu_train
70694788,-3.0,-2.4344342355206066,lgFu_train
70694789,-2.698970004,-2.4034914359990416,lgFu_train
70694800,-1.958607315,-1.9660279879822553,lgFu_train
70694801,-1.744727495,-1.8964521720679899,lgFu_train
70694805,-0.450261269,-1.0592312196765294,lgFu_train
70694812,-1.301899454,-1.0763875336787385,lgFu_train
70694813,-1.747146969,-1.5230289447241192,lgFu_train
70695087,-0.494850022,-0.492355931068385,lgFu_train
70695088,-0.337242168,-0.38334118644660026,lgFu_train
70695171,-0.455931956,-0.7214836133408161,lgFu_train
70695756,-1.571865206,-1.0228255199360807,lgFu_train
70695757,-0.642255675,-0.6889044227110349,lgFu_train
70695758,-0.872571222,-1.4854415051726402,lgFu_train
70695898,-1.378823718,-1.4759053833321727,lgFu_train
70696089,-1.301029996,-1.1469880529751506,lgFu_train
70696357,-1.301029996,-1.0500497531625272,lgFu_train
70696545,-0.305394801,-0.8183310145041905,lgFu_train
70696850,-2.0,-2.1435841348479805,lgFu_train
70696862,-1.387216143,-1.4159228445988064,lgFu_train
70696863,-0.958607315,-1.0273843111614465,lgFu_train
70696864,-1.251811973,-1.1128308182249325,lgFu_train
70696865,-1.0,-1.0806591762304818,lgFu_train
70702000,-1.359518563,-1.3265121281655636,lgFu_train
70702001,-1.619788758,-1.667348570050987,lgFu_train
70702306,-0.987162775,-1.4969704751590374,lgFu_train
70791303,-0.960585881,-1.3783145139053743,lgFu_train
70812854,-1.920818754,-1.7746724850275477,lgFu_train
71054529,-1.44288472,-1.284643630792921,lgFu_train
71151588,-2.0,-1.822978758749568,lgFu_train
71259491,-1.522878745,-1.5359840648344807,lgFu_train
71279444,-2.522878745,-2.0889327245872558,lgFu_train
71279507,-1.187086643,-1.201567616699345,lgFu_train
71279672,-2.15490196,-1.5909420809467079,lgFu_train
71279693,-1.958607315,-1.4855254023477025,lgFu_train
71280008,-1.397940009,-1.1705351686965457,lgFu_train
71280067,-2.0,-1.4754804808976203,lgFu_train
71280128,-0.920818754,-1.0255249259826391,lgFu_train
71280539,-2.15490196,-1.7517638714060701,lgFu_train
71287917,-2.096910013,-1.660904685716818,lgFu_train
71288456,-2.522878745,-1.6904860167541336,lgFu_train
71300299,-0.942714356,-1.3675190797367953,lgFu_train
71301451,-0.638272164,-0.8409404934869972,lgFu_train
71419478,-0.769551079,-0.8705014452949462,lgFu_train
71449273,-0.407823243,-0.5578231288333307,lgFu_train
71449274,-0.534617149,-0.8084681411301016,lgFu_train
71449452,-1.004364805,-1.1027780783777767,lgFu_train
71449523,-3.096910013,-2.4194939719859265,lgFu_train
71449584,-2.22184875,-1.7506600777707308,lgFu_train
71449585,-1.571865206,-1.823794908052924,lgFu_train
71450420,-0.399027104,-0.7542065887264559,lgFu_train
71450668,-1.2644011,-1.768474204486813,lgFu_train
71450704,-1.189095719,-1.2999683102445583,lgFu_train
71451078,-2.301029996,-2.0291159501243357,lgFu_train
71451084,-2.004364805,-1.9039691463385986,lgFu_train
71451085,-1.096367484,-1.3199067973402643,lgFu_train
71451192,-1.468521083,-1.2253232133519256,lgFu_train
71451733,-0.408935393,-0.42016452326055576,lgFu_train
71452498,-2.004364805,-2.085312638476273,lgFu_train
71453071,-0.769551079,-0.8705014452949462,lgFu_train
71453505,-1.756961951,-1.5044254310414553,lgFu_train
71453559,-0.27572413,-0.38465622446576425,lgFu_train
71453560,-0.552841969,-0.5849290789079585,lgFu_train
71453987,-0.829738285,-0.9592119301931673,lgFu_train
71454287,-1.311580178,-1.8315270136940254,lgFu_train
71454296,-1.15490196,-1.2926246575982598,lgFu_train
71454660,-1.48148606,-1.0078499786208353,lgFu_train
71454678,-1.619788758,-1.6374327261221933,lgFu_train
71455276,-0.301029996,-0.33115443403336275,lgFu_train
71455277,-0.30980392,-0.779770683204718,lgFu_train
71455278,-0.619788758,-0.631717133153309,lgFu_train
71455780,-1.086186148,-1.0441170108669238,lgFu_train
71456042,-1.032452024,-1.6106861653221094,lgFu_train
71456394,-0.651695137,-1.0234222920243912,lgFu_train
71456404,-0.924818145,-1.701417650324887,lgFu_train
71456413,-2.698970004,-1.8968671546243254,lgFu_train
71456725,-1.698970004,-1.7582890275410936,lgFu_train
71456899,-1.368556231,-1.204914229637904,lgFu_train
71457010,-1.512861625,-1.7587605768245032,lgFu_train
71457189,-1.581698709,-1.6242398567871577,lgFu_train
71457272,-1.747146969,-1.484756927240768,lgFu_train
71457757,-2.0,-1.9099241350759504,lgFu_train
71458120,-2.0,-1.853420989651937,lgFu_train
71458231,-0.370590401,-0.6071317793152947,lgFu_train
71458232,-0.2915791,-0.4284963204068883,lgFu_train
71458736,-0.040958608,-0.9358121383364582,lgFu_train
71458753,-1.032452024,-1.142441040922114,lgFu_train
71458868,-1.649751982,-1.616121650911068,lgFu_train
71458869,-1.886056648,-1.5496247500898077,lgFu_train
71458921,-0.337242168,-0.5342866200259003,lgFu_train
71458922,-0.602059991,-0.6852562935526386,lgFu_train
71459117,-1.954677021,-1.5127838871231158,lgFu_train
71459168,-2.698970004,-2.0428545467595307,lgFu_train
71459762,-1.397940009,-1.2481380629212573,lgFu_train
71460090,-1.180456064,-1.1051612863223408,lgFu_train
71460091,-1.823908741,-1.6420637331418788,lgFu_train
71460098,-2.301029996,-1.9008265704270297,lgFu_train
71460547,-2.443697499,-2.283817523901481,lgFu_train
71460731,-0.301029996,-0.41166630036624496,lgFu_train
71460733,-0.698970004,-0.8371041103611205,lgFu_train
71461814,-0.400116928,-0.6787987988782233,lgFu_train
71461830,-1.484126156,-1.7914965472501427,lgFu_train
71462281,-1.059483515,-1.2266445175308827,lgFu_train
71462389,-1.301899454,-1.2505843682207076,lgFu_train
71462595,-1.659555885,-1.6607155783251937,lgFu_train
71462891,-0.318758763,-0.55737578664842,lgFu_train
71488864,-0.638272164,-1.1549190200248587,lgFu_train
71496458,-1.537602002,-1.3756103333468181,lgFu_train
71496459,-1.408935393,-1.3817164120121688,lgFu_train
71496460,-1.124938737,-1.318948541148436,lgFu_train
71515461,-1.853871964,-1.965534906492841,lgFu_train
71517044,-0.456677099,-0.49890312356882777,lgFu_train
71517045,-0.855425792,-0.6893034542563984,lgFu_train
71517046,-1.283162277,-1.1204048849676589,lgFu_train
71517047,-0.960585881,-1.072122141514135,lgFu_train
71517049,-1.217527376,-1.0055945496731837,lgFu_train
71517192,-1.014124643,-1.007022784891776,lgFu_train
71517196,-0.634699251,-0.7316298536314138,lgFu_train
71517197,-0.745935547,-0.8106111679876261,lgFu_train
71519496,-0.510322708,-0.5310931357001095,lgFu_train
71520373,-1.630784143,-1.6861368809492459,lgFu_train
71520487,-2.30980392,-1.6083275490263405,lgFu_train
71520488,-0.924818145,-1.40606964503887,lgFu_train
71520489,-1.427128398,-1.465456561359527,lgFu_train
71520491,-1.493494968,-1.5440913580823685,lgFu_train
71520575,-1.059483515,-1.147739949480657,lgFu_train
71521225,-2.0,-2.049222761590471,lgFu_train
71522361,-2.045757491,-1.4299211169954122,lgFu_train
71526207,-1.552841969,-1.2800996809632577,lgFu_train
71540073,-0.037630664,-0.5019277450383142,lgFu_train
71541373,-1.161150909,-1.3890202278179362,lgFu_train
71544705,-1.886056648,-1.7721022108402253,lgFu_train
71544706,-1.2644011,-1.528506113596501,lgFu_train
71545856,-1.301899454,-1.364245063115058,lgFu_train
71547862,-1.522878745,-1.1988748123503745,lgFu_train
71548930,-1.886056648,-1.7617493205890435,lgFu_train
71549486,-1.920818754,-1.9939349323179043,lgFu_train
71560819,-0.804100348,-0.777112974149946,lgFu_train
71560946,-1.187086643,-1.1447531149328491,lgFu_train
71561201,-1.408935393,-1.4058499091119474,lgFu_train
71562042,-0.855425792,-1.301783350590471,lgFu_train
71562045,-2.721246399,-1.896171530589929,lgFu_train
71569947,-1.15490196,-1.0374198653179902,lgFu_train
71582799,-0.886056648,-0.9231974485300446,lgFu_train
71582941,-1.301899454,-1.2143518927464272,lgFu_train
71582942,-1.552841969,-1.5730212095709029,lgFu_train
71583044,-2.22184875,-1.890132458399612,lgFu_train
71584401,-2.698970004,-1.7002355681458414,lgFu_train
71584402,-1.8569852,-1.703269381400438,lgFu_train
71584542,-2.397940009,-1.7033261193085436,lgFu_train
71584544,-1.954677021,-1.415337300412993,lgFu_train
71584661,-2.091514981,-1.4515515558325285,lgFu_train
71598549,-1.823908741,-1.6319396263638577,lgFu_train
71600846,-2.638272164,-2.671205887127604,lgFu_train
71601111,-2.769551079,-2.5898699960866933,lgFu_train
71601807,-2.698970004,-2.0658895395142505,lgFu_train
71622396,-2.0,-1.787677422029117,lgFu_train
71626755,-1.017728767,-0.761070414419895,lgFu_train
71626896,-0.812479279,-0.8256836382892855,lgFu_train
71663531,-1.301029996,-1.6404117519549253,lgFu_train
71663696,-1.37675071,-1.8010049573784412,lgFu_train
71678005,-0.958607315,-1.0554287469341461,lgFu_train
71680510,-1.431798276,-1.0884891295310477,lgFu_train
71682929,-1.180456064,-1.350988145396978,lgFu_train
71712584,-1.455931956,-1.1983910527758082,lgFu_train
71713018,-1.958607315,-1.7771746509809079,lgFu_train
71713766,-1.619788758,-1.488078835028739,lgFu_train
71716733,-1.688246139,-1.4316397513319332,lgFu_train
71717496,-2.387216143,-2.287453224262569,lgFu_train
71717540,-2.091514981,-2.11595124668873,lgFu_train
71720776,-1.032452024,-0.9770690445712574,lgFu_train
71722055,-2.22184875,-1.8579772406498989,lgFu_train
71727133,-1.37675071,-1.2083870451660204,lgFu_train
71728054,-1.0,-1.1949125351579062,lgFu_train
71737771,-1.431798276,-1.4878533402680683,lgFu_train
71746611,-0.301029996,-0.4211579175074561,lgFu_train
71816193,-1.522878745,-1.2676375294321436,lgFu_train
71818875,-2.0,-1.9188078404473885,lgFu_train
71818876,-2.045757491,-1.8878913740745382,lgFu_train
71819015,-2.397940009,-2.209714445216479,lgFu_train
71819152,-1.552841969,-1.3519763117869257,lgFu_train
72249131,-1.059483515,-1.1381257551399209,lgFu_train
72249166,-1.189095719,-1.2213595630504894,lgFu_train
72381284,-0.996108834,-1.1222317929392402,lgFu_train
72543916,-1.823908741,-1.6853675615988193,lgFu_train
72543918,-1.585026652,-1.3787104432964816,lgFu_train
72545051,-0.568636236,-0.8568368095540149,lgFu_train
72545281,-2.15490196,-1.7561778697457038,lgFu_train
72545282,-2.0,-1.8517232696927404,lgFu_train
72545283,-2.301029996,-2.035161281255928,lgFu_train
72545285,-1.397940009,-1.60756647230269,lgFu_train
72545525,-1.522878745,-1.7930898195660274,lgFu_train
72545526,-1.070581074,-1.6492581527298908,lgFu_train
72545527,-0.920818754,-1.2755823974606406,lgFu_train
72545528,-1.22184875,-1.3803490771651474,lgFu_train
72545529,-1.522878745,-1.4243438077391066,lgFu_train
72545530,-1.301029996,-1.4275683306412092,lgFu_train
72545782,-1.397940009,-1.5231885045127438,lgFu_train
72545783,-1.22184875,-1.1637684272733246,lgFu_train
72545784,-1.397940009,-1.4126793086885656,lgFu_train
72545785,-0.744727495,-0.8688860330576273,lgFu_train
72545786,-2.22184875,-1.8678046861735813,lgFu_train
72545787,-2.522878745,-1.9005955687682932,lgFu_train
72546024,-0.744727495,-0.9629052339392715,lgFu_train
72546025,-1.522878745,-1.1021189249456962,lgFu_train
72546026,-1.301029996,-1.005674277121638,lgFu_train
72546260,-0.823908741,-1.0145767132804109,lgFu_train
72546261,-1.638272164,-1.5363553501878424,lgFu_train
72546262,-2.0,-1.9495750491607007,lgFu_train
72546493,-2.301029996,-2.0967289553624995,lgFu_train
72546494,-1.455931956,-1.7966926173852806,lgFu_train
72546496,-1.397940009,-1.4751187238470451,lgFu_train
72546737,-1.301029996,-1.1389186030494445,lgFu_train
72546739,-0.958607315,-1.2511990127007853,lgFu_train
72546991,-1.0,-0.9130096269367037,lgFu_train
72546993,-1.22184875,-1.5087411704106035,lgFu_train
72546994,-1.721246399,-1.6058278552325802,lgFu_train
72546995,-1.619788758,-1.5666205926596735,lgFu_train
72547252,-1.744727495,-1.5784444267131892,lgFu_train
72547253,-2.397940009,-2.106067418677369,lgFu_train
72547497,-0.698970004,-1.3677406492554365,lgFu_train
72547498,-1.0,-1.0603036279848488,lgFu_train
72547500,-1.397940009,-1.2837409764599255,lgFu_train
72679312,-1.301029996,-0.6854384191089964,lgFu_train
72681820,-0.68131073,-0.6084125258985144,lgFu_train
72734611,-0.22184875,-0.4020489633996613,lgFu_train
72735960,-1.677780705,-1.6187119027262329,lgFu_train
72736173,-1.337242168,-1.2057308396267954,lgFu_train
72737641,-1.853871964,-1.4153025216453943,lgFu_train
72737723,-1.920818754,-1.378688873477586,lgFu_train
72762568,-0.489857301,-0.7787123904359939,lgFu_train
72779166,-0.221848742,-0.38554767177427995,lgFu_train
72785625,-0.872571222,-0.82163158117449,lgFu_train
72792630,-2.0,-1.5000294738808184,lgFu_train
72792632,-1.301029996,-1.1774064952819945,lgFu_train
72792633,-1.22184875,-1.0012208065867916,lgFu_train
72792692,-0.657577319,-0.763562964616366,lgFu_train
72817803,-1.349692477,-1.246606630822814,lgFu_train
72946092,-2.0,-2.274803181393292,lgFu_train
72987440,-2.27572413,-2.0835765541281237,lgFu_train
73046449,-1.22184875,-1.0147026682977547,lgFu_train
73095101,-1.096367484,-1.0304469283033422,lgFu_train
73155303,-2.958607315,-2.1266358917590296,lgFu_train
73159892,-1.446116973,-1.4882937401161072,lgFu_train
73173678,-0.642255675,-0.5566250812333621,lgFu_train
73191664,-0.259637311,-0.6674807614846036,lgFu_train
73227269,-2.173925197,-2.077656491460248,lgFu_train
73347805,-1.387216143,-1.5112474987360067,lgFu_train
73349098,-1.22184875,-1.1323851802223674,lgFu_train
73350757,-0.289036881,-0.4951911076334332,lgFu_train
73350913,-1.744727495,-1.7678885154839186,lgFu_train
73353867,-2.22184875,-1.2177263651221977,lgFu_train
73443026,-1.958607315,-1.3655086296834615,lgFu_train
73458970,-0.552841969,-0.7927531784763536,lgFu_train
73671602,-2.522878745,-2.5316088929355662,lgFu_train
73683263,-0.989353821,-0.8044629032718644,lgFu_train
74081525,-0.754240644,-0.8767986077891184,lgFu_train
74083125,-2.522878745,-2.246865778149366,lgFu_train
74387420,-0.556101359,-0.5762429731490613,lgFu_train
74387438,-1.954677021,-1.9111638443966066,lgFu_train
74387487,-0.68131073,-0.6688614754519452,lgFu_train
74405853,-1.795880017,-1.3008160697663043,lgFu_train
74422681,-1.378823718,-1.163850315555661,lgFu_train
74426336,-0.729554092,-0.8695839007120536,lgFu_train
74983355,-1.15490196,-1.145811673261134,lgFu_train
75059310,-0.589222767,-0.6900771968149225,lgFu_train
75059709,-0.821023053,-1.5764718581138943,lgFu_train
75081385,-1.649751982,-1.5751859367947885,lgFu_train
75081388,-1.630784143,-1.4640498198760847,lgFu_train
75081426,-1.924453039,-1.8179710220927578,lgFu_train
75114427,-1.200659451,-1.219660221902841,lgFu_train
75114463,-1.283996656,-1.2509748439619577,lgFu_train
75225240,-0.889747083,-1.472379310172789,lgFu_train
75632113,-0.095338542,-0.20492745628608416,lgFu_train
75969643,-1.359518563,-1.2313988326426515,lgFu_train
75972143,-0.596707855,-0.7579091127459521,lgFu_train
76008259,-2.387216143,-1.7996849813417315,lgFu_train
76044982,-0.119186408,-0.40160857528246763,lgFu_train
76309856,-1.22184875,-1.4024162228972505,lgFu_train
76310047,-2.15490196,-2.056245961062691,lgFu_train
76310500,-0.677780705,-1.0151321099732702,lgFu_train
76310501,-1.698970004,-1.5371943950181435,lgFu_train
76310502,-0.853871964,-0.996360148323767,lgFu_train
76314159,-0.602059991,-0.6564400270367142,lgFu_train
76314160,-1.0,-1.1443687730836505,lgFu_train
76314161,-1.15490196,-0.8937696751961209,lgFu_train
76314163,-1.15490196,-1.2261712994931069,lgFu_train
76317705,-2.698970004,-2.5220144998910303,lgFu_train
76317726,-1.301029996,-1.211374901080243,lgFu_train
76317727,-1.22184875,-1.297728445737507,lgFu_train
76321414,-2.698970004,-2.5477757880126917,lgFu_train
76321433,-0.698970004,-1.0047387245111112,lgFu_train
76321434,-0.37675071,-1.0151619772297096,lgFu_train
76321435,-0.585026652,-0.8551451773157788,lgFu_train
76325029,-0.744727495,-0.9917619957536455,lgFu_train
76325030,-1.15490196,-1.0585714136579631,lgFu_train
76325031,-1.301029996,-1.2364295451020688,lgFu_train
76325614,-0.292429824,-0.25251501124942777,lgFu_train
76328583,-2.522878745,-2.527514763239461,lgFu_train
76328605,-1.0,-1.1222390861555467,lgFu_train
76328606,-1.096910013,-1.1361746655152976,lgFu_train
76328607,-1.15490196,-1.128956303458967,lgFu_train
76328608,-0.853871964,-0.9341822882910058,lgFu_train
76328873,-0.638272164,-0.6896901488237424,lgFu_train
76332283,-0.853871964,-1.0681818573462254,lgFu_train
76332284,-1.397940009,-1.1498174028013022,lgFu_train
76332285,-1.0,-1.0002237444393056,lgFu_train
76332286,-0.958607315,-1.019517893993824,lgFu_train
76332483,-0.016373713,-0.1526806554681395,lgFu_train
76333400,-0.30980392,-0.7347296523034075,lgFu_train
76335927,-0.585026652,-0.9276891750431279,lgFu_train
76335928,-0.657577319,-0.861436714475676,lgFu_train
76335929,-1.096910013,-1.0714149099436925,lgFu_train
76335930,-0.677780705,-0.9624735080523987,lgFu_train
76450046,-0.697236292,-0.7758818551085428,lgFu_train
76471706,-1.795880017,-1.6473812987773349,lgFu_train
76523041,-0.483068191,-0.5307591400492577,lgFu_train
76782327,-1.105683937,-1.3439646065748876,lgFu_train
77171539,-1.427128398,-1.5516564195147542,lgFu_train
77171691,-1.388276692,-1.4493026095452348,lgFu_train
77171763,-1.436518915,-1.575324580272637,lgFu_train
77542371,-2.823908741,-2.1268891055005046,lgFu_train
77543165,-2.823908741,-2.091121002303504,lgFu_train
77562917,-2.193820026,-1.4871707557846898,lgFu_train
78073694,-0.332080315,-0.9132330731499837,lgFu_train
78075630,-0.673459331,-1.1280672919856785,lgFu_train
78121259,-1.311580178,-1.6199264698729616,lgFu_train
78210303,-1.773241454,-1.8510241855913367,lgFu_train
78357783,-1.443697499,-1.5310560112100775,lgFu_train
86287525,-1.869666232,-2.0206382055435768,lgFu_train
86298614,-2.096910013,-1.8077665972298356,lgFu_train
86298673,-0.301029996,-0.8086259769242459,lgFu_train
86677234,-1.568636236,-1.5783973558091862,lgFu_train
86677253,-1.124938737,-1.3944804825032031,lgFu_train
86677270,-1.050609993,-1.2130214281397376,lgFu_train
86690644,-1.22184875,-1.2767989500140533,lgFu_train
86705475,-0.987162775,-1.1247678046506886,lgFu_train
86765163,-0.028260409,-0.3860252294017654,lgFu_train
87377617,-0.933674075,-1.173819240625104,lgFu_train
87496344,-1.522878745,-1.5386344902362543,lgFu_train
89698941,-1.283996656,-1.5559175696057008,lgFu_train
89699082,-1.366531544,-1.4261178001338062,lgFu_train
89699181,-1.26760624,-1.1797077147478177,lgFu_train
89699203,-1.508638306,-1.5687400341327333,lgFu_train
89699216,-0.886056648,-1.1504273012219504,lgFu_train
89699240,-1.420216403,-1.387009746179903,lgFu_train
89699295,-1.638272164,-1.7318974219747258,lgFu_train
89699316,-1.026872146,-1.4450298080464654,lgFu_train
89699322,-0.853871964,-1.0684432396437922,lgFu_train
89699327,-1.537602002,-1.4392657201951333,lgFu_train
89699349,-0.886056648,-1.2694447055812135,lgFu_train
89699369,-1.823908741,-1.8078698490693244,lgFu_train
89793496,-0.853871964,-1.1968003594517236,lgFu_train
89793516,-0.920818754,-0.8806734590886891,lgFu_train
89795553,-0.698970004,-0.9158512155126232,lgFu_train
90467013,-1.301029996,-1.2366720081972702,lgFu_train
90467014,-0.522878745,-0.5334245016766685,lgFu_train
90467156,-0.522878745,-0.8769400721511942,lgFu_train
90467159,-0.769551079,-0.8626229474250543,lgFu_train
90467162,-0.522878745,-0.605967657525785,lgFu_train
90644511,-0.27572413,-0.44593071437658754,lgFu_train
90644762,-2.0,-1.9019139124528317,lgFu_train
90644766,-0.928117993,-1.1078349145272621,lgFu_train
90644769,-2.0,-1.9017760548894729,lgFu_train
90644770,-1.585026652,-1.4214769751530205,lgFu_train
90644773,-0.630784143,-0.8534314276451137,lgFu_train
90645249,-1.522878745,-1.3209768635764758,lgFu_train
90645251,-1.886056648,-1.1111512358187803,lgFu_train
90645252,-1.091514981,-1.089554553125826,lgFu_train
90645256,-1.022276395,-1.12705303201664,lgFu_train
90645521,-1.677780705,-1.6396454497231818,lgFu_train
90654375,-0.327902142,-0.4201684479256553,lgFu_train
90654376,-0.494850022,-0.42672061729600685,lgFu_train
90654377,-0.619788758,-0.5970816654178447,lgFu_train
90654378,-1.187086643,-0.9307505003807355,lgFu_train
90654379,-0.327902142,-0.45260095510079573,lgFu_train
90654380,-0.744727495,-0.6760275339528544,lgFu_train
90654381,-0.744727495,-0.4506522564710764,lgFu_train
90654387,-0.283996656,-0.3423695918511071,lgFu_train
90654388,-0.327902142,-0.3914426283831661,lgFu_train
90654389,-0.30980392,-0.33733810919325574,lgFu_train
90654392,-1.30980392,-1.1192103640924114,lgFu_train
90654394,-0.180456064,-0.312631315661693,lgFu_train
90654396,-0.809668302,-0.7013339386556239,lgFu_train
90654397,-0.15490196,-0.2850923672402153,lgFu_train
90654398,-0.37675071,-0.4902153118876981,lgFu_train
90654399,-0.292429824,-0.4411955970772825,lgFu_train
90654400,-0.207608311,-0.3960019186442475,lgFu_train
90654401,-0.397940009,-0.44675371534986746,lgFu_train
90654402,-0.698970004,-0.3832649910834676,lgFu_train
90654404,-0.292429824,-0.29681717843685523,lgFu_train
90654405,-0.769551079,-0.6554172093318635,lgFu_train
90654406,-0.30980392,-0.26623438652798237,lgFu_train
90654407,-0.318758763,-0.25103969111295155,lgFu_train
90654408,-0.468521083,-0.29509322974203317,lgFu_train
90654409,-0.327902142,-0.26191830134840344,lgFu_train
90654410,-0.327902142,-0.24780849728566642,lgFu_train
90654412,-0.318758763,-0.37970467622676973,lgFu_train
90665949,-1.387216143,-1.5090892776583174,lgFu_train
90665950,-1.148741651,-1.467229512517159,lgFu_train
90666167,-1.096910013,-1.1114512294744787,lgFu_train
90668345,-0.764471553,-0.9479143632622303,lgFu_train
90668346,-1.920818754,-1.5528901632132877,lgFu_train
90668347,-1.229147988,-1.2411034510854257,lgFu_train
90668348,-1.397940009,-1.1741910553326027,lgFu_train
90668349,-0.739928612,-1.135749213641653,lgFu_train
90668350,-0.68613278,-1.1610093094627603,lgFu_train
90680811,-1.37675071,-1.2796942335316044,lgFu_train
90684390,-2.0,-1.9223808113944758,lgFu_train
90684391,-1.180456064,-1.469588064362201,lgFu_train
90762292,-1.123782159,-1.1159480390280958,lgFu_train
91356670,-1.718966633,-1.637574577095369,lgFu_train
91614131,-1.73754891,-1.389069753363811,lgFu_train
91754231,-1.522878745,-1.3933792201062165,lgFu_train
91799687,-0.213248578,-0.42097945810467563,lgFu_train
91826722,-0.872895202,-1.0942873068790455,lgFu_train
91885438,-2.0,-1.9206811340926955,lgFu_train
91933841,-2.0,-2.4725181432582555,lgFu_train
91971978,-1.552841969,-1.5888721723811658,lgFu_train
92239323,-1.0,-1.0682523727405409,lgFu_train
101884761,-1.602059991,-1.5240304715176984,lgFu_train
101884762,-1.494850022,-1.4117466083345862,lgFu_train
101891769,-0.835647144,-1.0248595056263934,lgFu_train
118030039,-1.744727495,-1.695142819081114,lgFu_train
118706139,-2.096910013,-1.6725963693498223,lgFu_train
118706214,-1.096910013,-1.3650482101976478,lgFu_train
118706757,-1.0,-1.0912629770722977,lgFu_train
118707647,-1.744727495,-1.5062148004816276,lgFu_train
118707648,-1.124938737,-1.4765278260930002,lgFu_train
118707649,-1.522878745,-1.5405023284091979,lgFu_train
118707650,-1.698970004,-1.7208806945042923,lgFu_train
118707651,-1.920818754,-1.6935038908504327,lgFu_train
118707653,-2.0,-1.532796535752119,lgFu_train
118707654,-1.327902142,-1.3585628050075367,lgFu_train
118707655,-1.443697499,-1.5555158692901263,lgFu_train
118707657,-1.119186408,-1.179383749863148,lgFu_train
118707658,-1.148741651,-1.1967530607729722,lgFu_train
118707659,-1.958607315,-1.7918829524994906,lgFu_train
118707660,-1.431798276,-1.5406746497857466,lgFu_train
118707661,-1.568636236,-1.448481518986717,lgFu_train
118708873,-3.0,-2.5510778302535235,lgFu_train
118708881,-3.0,-2.2965401578900515,lgFu_train
118708939,-2.698970004,-2.4317383458632533,lgFu_train
118709092,-0.585026652,-0.7193247345447995,lgFu_train
118709579,-0.677780705,-0.7832042976168754,lgFu_train
118709582,-0.853871964,-0.7873259378173174,lgFu_train
118709583,-0.920818754,-0.8477054246987188,lgFu_train
118709784,-0.93930216,-1.0606741520132053,lgFu_train
118709786,-0.73754891,-0.8113731304018219,lgFu_train
118709832,-0.560667306,-0.7854882993496394,lgFu_train
118709837,-0.521433504,-1.2441019994793567,lgFu_train
118709848,-1.292429824,-0.9226614361577415,lgFu_train
118710245,-1.468521083,-1.159758135708096,lgFu_train
118713119,-0.853871964,-1.1509358414485318,lgFu_train
118714107,-1.585026652,-1.089426414534616,lgFu_train
118715109,-0.292429824,-1.022921763257317,lgFu_train
118716079,-0.167491087,-0.6113417386233084,lgFu_train
118719503,-1.886056648,-1.5998468859500372,lgFu_train
118722566,-1.086186148,-1.202477102255082,lgFu_train
118722567,-1.292429824,-1.202477102255082,lgFu_train
118722568,-1.017728767,-1.0699965004142429,lgFu_train
118722569,-1.37675071,-1.3615437908114332,lgFu_train
118722757,-2.0,-1.854845108811559,lgFu_train
118722758,-2.0,-1.666609821143016,lgFu_train
118722759,-2.0,-1.8904007364524777,lgFu_train
118723135,-2.522878745,-2.177467787630453,lgFu_train
118723137,-1.958607315,-1.9973557407116413,lgFu_train
118723138,-1.657577319,-1.804630484567532,lgFu_train
118724903,-2.096910013,-1.6385433084967966,lgFu_train
118725719,-0.019542108,-0.2657707541175524,lgFu_train
118725724,-0.013676223,-0.3458794842363725,lgFu_train
118725729,-0.002176919,-0.5525487686133672,lgFu_train
118729163,-0.468521083,-1.0062966534914588,lgFu_train
118730345,-0.616184634,-0.6194368958407747,lgFu_train
118730352,-1.568636236,-1.3642980378075678,lgFu_train
118730711,-0.823908741,-1.0637287796952224,lgFu_train
118732695,-0.853871964,-0.7167998457922031,lgFu_train
118732696,-0.795880017,-0.7449387622643633,lgFu_train
118732697,-0.585026652,-0.4818564992598125,lgFu_train
118732698,-0.48148606,-0.47053043772191083,lgFu_train
118732699,-0.214670165,-0.39567859942900974,lgFu_train
118732700,-0.638272164,-0.6556824346753548,lgFu_train
118732701,-0.602059991,-0.5391788995399024,lgFu_train
118732702,-0.397940009,-0.4171324048902058,lgFu_train
118732703,-0.585026652,-0.5662414237095826,lgFu_train
118732705,-0.420216403,-0.5467708898782512,lgFu_train
118732706,-0.853871964,-0.746823231139307,lgFu_train
118732707,-0.744727495,-0.5765189925813171,lgFu_train
118732709,-0.552841969,-0.5925840878902062,lgFu_train
118732710,-1.096910013,-0.47079840966289394,lgFu_train
118732712,-0.346787486,-0.4391575554738532,lgFu_train
118732713,-0.366531544,-0.6020688516196536,lgFu_train
118732714,-0.568636236,-0.5237332703353207,lgFu_train
118732715,-0.585026652,-0.49682787578493076,lgFu_train
118732717,-0.638272164,-0.5178108273158818,lgFu_train
118734875,-0.259637311,-0.45103561026694783,lgFu_train
118734876,-0.408935393,-0.45103561026694783,lgFu_train
118735390,-1.657577319,-1.7086871950313545,lgFu_train
118737138,-1.522878745,-1.4138658796295835,lgFu_train
118737793,-2.522878745,-2.3955961635532788,lgFu_train
118737794,-3.0,-2.809787782150679,lgFu_train
118737807,-2.301029996,-2.456441275689283,lgFu_train
118737848,-2.0,-2.0680747962554547,lgFu_train
118737849,-2.0,-1.9268358966937194,lgFu_train
118737850,-2.0,-1.7114913327523296,lgFu_train
118737851,-1.795880017,-1.3989497029999747,lgFu_train
118737852,-2.0,-1.8465949835079765,lgFu_train
118737853,-2.0,-1.8806032125913594,lgFu_train
118737854,-2.0,-1.865075531760045,lgFu_train
118737855,-1.537602002,-1.4242197560798262,lgFu_train
118737856,-1.744727495,-1.4761356111196589,lgFu_train
118737857,-1.30980392,-1.4918057896883794,lgFu_train
118737858,-0.585026652,-1.2537032727120663,lgFu_train
118737859,-1.207608311,-1.4124897552477045,lgFu_train
118737860,-1.420216403,-1.5391359715142483,lgFu_train
118737861,-0.420216403,-1.0624542539426822,lgFu_train
123481990,-1.226213555,-1.2480944576078885,lgFu_train
123778558,-1.571865206,-1.2763280991742216,lgFu_train
134828043,-0.585026652,-0.8119563468608251,lgFu_train
135398495,-0.476383581,-0.9429691597329396,lgFu_train
135398519,-0.00656377,-0.011852310534605446,lgFu_train
135398737,-1.522878745,-1.1110914240271452,lgFu_train
135398745,-1.062151119,-0.9876057660253468,lgFu_train
135398752,-0.002176919,-0.21190488626955736,lgFu_train
135400456,-1.924453039,-1.635137703927662,lgFu_train
135414361,-2.397940009,-1.60790833627369,lgFu_train
135418940,-1.619788758,-1.7034000189847058,lgFu_train
135434911,-1.189095719,-1.050289749665301,lgFu_train
135441196,-2.0,-1.9028865387322809,lgFu_train
135446234,-1.522878745,-0.8836259367900812,lgFu_train
135446244,-0.301899454,-0.886501653358345,lgFu_train
135446276,-0.296708622,-1.3401088810539539,lgFu_train
135446290,-0.186419011,-0.8937849495975762,lgFu_train
135448133,-1.270295376,-1.177348370503408,lgFu_train
135450461,-1.15490196,-1.1356496155206532,lgFu_train
135455617,-1.170053304,-1.2092287528998045,lgFu_train
135456161,-0.075720714,-0.18019836794353136,lgFu_train
135480622,-1.321481621,-1.2207871159597503,lgFu_train
135483437,-0.08618615,-0.18148180476849862,lgFu_train
135512673,-0.801946669,-0.9972673182487447,lgFu_train
135513721,-1.2644011,-1.8909197282920738,lgFu_train
135541381,-2.0,-1.6661745296435897,lgFu_train
135547119,-1.236572006,-1.6981321038000339,lgFu_train
135565424,-0.823908741,-0.9540055868518984,lgFu_train
135566371,-1.698970004,-1.7201696309146288,lgFu_train
135566935,-1.244125144,-1.3621115988292702,lgFu_train
135605572,-0.060480747,-0.14600965634969792,lgFu_train
135724997,-1.436518915,-0.951257790144867,lgFu_train
135761774,-1.301029991,-1.5101303782414166,lgFu_train
135771894,-1.124938737,-0.9544665056887741,lgFu_train
135779792,-2.0,-1.9042146424105066,lgFu_train
135869565,-1.958607315,-1.6178602220989535,lgFu_train
135873861,-0.638272164,-0.8415421860393981,lgFu_train
135934887,-1.48148606,-1.4250318100432915,lgFu_train
135934888,-0.958607315,-1.3066582905961828,lgFu_train
135949122,-1.958607315,-1.2587854754228738,lgFu_train
135950129,-2.698970004,-1.8458551939207783,lgFu_train
135960729,-1.823908741,-1.7301631565694757,lgFu_train
135985898,-2.22184875,-1.3945897966201917,lgFu_train
135999136,-1.920818754,-1.976240574255545,lgFu_train
136002656,-2.823908741,-2.1197324858829525,lgFu_train
136034774,-2.251811973,-2.376913543645651,lgFu_train
136069669,-1.397940009,-0.8163877341844662,lgFu_train
136087052,-1.244125144,-1.7072932085069783,lgFu_train
136189879,-1.292429824,-1.2331306779962286,lgFu_train
136193032,-0.042871802,-0.8936434118147879,lgFu_train
136205833,-1.568636236,-1.7689866814692334,lgFu_train
136216653,-1.388276692,-1.26402813490348,lgFu_train
136216668,-1.427128398,-1.1603236910842725,lgFu_train
136227360,-0.57446578,-0.8588981396880737,lgFu_train
136229137,-1.493494968,-1.4379190932464625,lgFu_train
136229138,-1.679853714,-1.4616474808047075,lgFu_train
136229142,-1.397940009,-1.402546926228559,lgFu_train
136229143,-1.886056648,-1.4696592241776563,lgFu_train
136229147,-2.602059991,-2.258160925044174,lgFu_train
136234639,-2.0,-2.015145498339434,lgFu_train
136234641,-2.0,-1.704210486091097,lgFu_train
136234643,-1.721246399,-1.7103308666677353,lgFu_train
136234644,-1.568636236,-1.7554376263887779,lgFu_train
136234645,-2.0,-1.712513607398946,lgFu_train
136234646,-2.0,-1.6765973377452021,lgFu_train
136234647,-1.366531544,-1.3803271607560146,lgFu_train
136234648,-0.742321425,-1.116509100497457,lgFu_train
136235504,-0.898596649,-0.9163763080264724,lgFu_train
136244545,-0.913640169,-1.3143524987291795,lgFu_train
136260791,-0.455931956,-0.6712409509960168,lgFu_train
136662663,-1.142667504,-1.1334619920800146,lgFu_train
136961620,-0.508638306,-0.631394935589187,lgFu_train
139595999,-0.207608311,-0.0604325128336915,lgFu_train
141042209,-1.698970004,-1.5377174003299692,lgFu_train
145852589,-1.924453039,-1.525408474657548,lgFu_train
146677457,-0.579494166,-0.6974218407356281,lgFu_train
146677670,-0.560667308,-0.6956240529203068,lgFu_train
146677708,-1.952076454,-1.64758395545903,lgFu_train
146678163,-0.369008689,-0.48622516302548174,lgFu_train
146678316,-2.472799902,-1.7983324940953942,lgFu_train
146678318,-0.736736061,-0.844728917066518,lgFu_train
146679188,-0.050609995,-0.018117403371075504,lgFu_train
146679283,-0.212303432,-0.5871743451668108,lgFu_train
165367714,-2.0,-1.7995863955269784,lgFu_train
168313356,-1.068542129,-0.9896059525628765,lgFu_train
158,-0.568636236,-0.9201513212200626,lgFu_test
471,-2.602059991,-1.4277107630349275,lgFu_test
681,-0.045757495,-0.36384777224701165,lgFu_test
896,-0.302770657,-0.6204293550376537,lgFu_test
991,-2.903089987,-1.7807254083962047,lgFu_test
996,-0.145664764,-0.5097309928095289,lgFu_test
1345,-1.792177551,-1.799052394582125,lgFu_test
1493,-1.56501616,-1.4475430503521471,lgFu_test
1593,-0.698970004,-1.7172963032259445,lgFu_test
1676,-0.37135275,-0.38745940845911137,lgFu_test
1805,-0.004364803,0.087026283606917,lgFu_test
1978,-0.13076828,-0.4349347563700116,lgFu_test
2099,-0.638272164,-0.763782879964364,lgFu_test
2141,-0.017728771,0.1842004818309462,lgFu_test
2154,-0.124938737,-0.7753630111758587,lgFu_test
2165,-1.0,-1.5577862890795489,lgFu_test
2179,-1.572676214,-2.2630260484698077,lgFu_test
2268,-0.670683749,-1.1415268934998442,lgFu_test
2269,-0.084424303,-0.27545953745671914,lgFu_test
2294,-0.045757495,-0.22870456661046437,lgFu_test
2315,-1.22184875,-1.3763239110860555,lgFu_test
2344,-1.301029996,-1.0775968055463945,lgFu_test
2351,-2.124938737,-1.0509593248117663,lgFu_test
2381,-1.013228266,-0.8707566859407566,lgFu_test
2441,-0.408935393,-1.2015835968467388,lgFu_test
2471,-0.853871964,-1.3597586198137515,lgFu_test
2474,-1.301029996,-1.027419690499708,lgFu_test
2528,0.0,-0.18851758623407125,lgFu_test
2541,-2.602059991,-1.984655976379644,lgFu_test
2585,-1.698970004,-1.7293967103395262,lgFu_test
2612,-0.610833913,-0.2407745297043661,lgFu_test
2655,-0.143673977,-0.18729070308979903,lgFu_test
2684,-0.070581069,-0.31330142749789774,lgFu_test
2708,-0.472370099,-1.3244558477101267,lgFu_test
2710,-0.886056648,-1.109688002745378,lgFu_test
2732,-0.602059991,-0.8522893709104935,lgFu_test
2733,-0.073143291,-1.0608469781024457,lgFu_test
2756,-0.096910013,-0.2674602232193243,lgFu_test
2762,-0.443697493,-0.8489125889581516,lgFu_test
2764,-0.15490196,-0.299437600457756,lgFu_test
2783,-0.301029996,-0.8399839662492127,lgFu_test
2801,-1.522878745,-1.2652737938194578,lgFu_test
2802,-0.823908741,-1.025807062220964,lgFu_test
2806,-1.782715548,-1.2089338780482028,lgFu_test
2879,-0.486928866,-0.686174534717509,lgFu_test
2907,-0.096910013,-0.03756994293437295,lgFu_test
2942,-0.005096556,0.05123351166380441,lgFu_test
3016,-1.455931956,-1.2778142791601466,lgFu_test
3019,-1.22184875,-1.1150326019900534,lgFu_test
3103,-2.0,-0.7876923830465471,lgFu_test
3111,-0.397940003,-0.7486732203356934,lgFu_test
3118,-2.902803447,-1.6912558256436596,lgFu_test
3151,-1.091514981,-1.2321361127588977,lgFu_test
3157,-1.607889538,-1.394954544774712,lgFu_test
3168,-1.301029987,-0.9993262718353833,lgFu_test
3229,-0.187086643,-0.08011339309597748,lgFu_test
3249,-2.301029996,-2.0020640273475143,lgFu_test
3289,-1.03349924,-1.2303928807204159,lgFu_test
3306,-0.113509275,-0.32135327277436637,lgFu_test
3325,-0.083546051,-0.5757433516754448,lgFu_test
3343,-0.275724137,-0.8891390325748583,lgFu_test
3347,-2.951541884,-2.3078006995969953,lgFu_test
3356,-0.250509954,-1.232613841671291,lgFu_test
3357,-0.13667714,-0.4216871675950231,lgFu_test
3365,-0.053056729,-0.4310453693407045,lgFu_test
3373,-0.301029996,-0.4287168140039453,lgFu_test
3446,-0.013228266,-0.3911102773063198,lgFu_test
3478,-1.823908741,-1.6098205116529605,lgFu_test
3519,-0.494850022,-0.5307179712769396,lgFu_test
3559,-0.612610174,-0.9571773708438954,lgFu_test
3657,0.0,-0.060230855865417626,lgFu_test
3676,-0.522878745,-0.7779520640216272,lgFu_test
3730,-0.005096556,-0.09873441993324715,lgFu_test
3749,-1.0,-1.6646058700663047,lgFu_test
3767,-0.022276395,-0.17120024198624761,lgFu_test
3779,-0.214138307,-0.4390918075488019,lgFu_test
3822,-1.259637311,-1.0351455178463953,lgFu_test
3825,-2.0,-1.8487312344847602,lgFu_test
3869,-0.301029996,-0.9298821192254006,lgFu_test
3883,-1.739430958,-1.435485482772812,lgFu_test
3958,-0.823908741,-1.3541835334066414,lgFu_test
3961,-1.853871964,-1.87014765298434,lgFu_test
3965,-1.397940009,-1.07699943546966,lgFu_test
4030,-1.124938737,-1.6436563094442884,lgFu_test
4041,-2.124938737,-1.412903862190982,lgFu_test
4046,-1.650804724,-1.442780580028542,lgFu_test
4054,-0.259637307,-0.38604824128288073,lgFu_test
4058,-0.37675071,-0.24332750398274902,lgFu_test
4062,-0.576754126,-0.6003227912261777,lgFu_test
4174,-0.051489231,-0.4466612071249727,lgFu_test
4178,-0.346787486,-0.7900992410037567,lgFu_test
4197,-0.522878745,-0.7370507899225663,lgFu_test
4212,-0.660051938,-0.7764728072152803,lgFu_test
4264,-1.397940009,-0.8592741767446191,lgFu_test
4342,-0.045757491,-0.3618954804790217,lgFu_test
4411,-0.53387413,-0.28828676003892456,lgFu_test
4440,-0.124938737,-0.24466163597495388,lgFu_test
4485,-1.301029996,-1.3754902083179608,lgFu_test
4499,-2.0,-1.497808922091395,lgFu_test
4506,-0.886056648,-0.9429210436505916,lgFu_test
4509,-0.41595161,-0.6959578950470404,lgFu_test
4583,-0.167491087,-0.4246171044184735,lgFu_test
4594,-1.301029996,-1.4292419718547518,lgFu_test
4631,-0.576754126,-0.7760457805669077,lgFu_test
4634,-1.453567191,-1.2803654973613317,lgFu_test
4679,-1.698970004,-1.6013110639629697,lgFu_test
4739,-0.013228259,0.18541267923411947,lgFu_test
4746,-1.403437701,-1.285733624535837,lgFu_test
4790,-1.889312012,-1.6146758603327633,lgFu_test
4828,-0.22184875,-0.731254026024625,lgFu_test
4831,-0.154901963,-0.07252646476199344,lgFu_test
4836,-0.11350928,0.026567367731889745,lgFu_test
4906,-0.145693958,-0.46113700930497015,lgFu_test
4919,-0.301029996,-0.5795754372765456,lgFu_test
4929,-2.903089987,-1.6000614464685974,lgFu_test
4943,-1.677780705,-1.406353557712883,lgFu_test
4976,-1.096910018,-1.315869292366455,lgFu_test
5002,-0.769551079,-1.0881448101756728,lgFu_test
5029,-1.431798276,-1.1387701067500378,lgFu_test
5035,-1.88941029,-1.798557042474754,lgFu_test
5070,-1.470029056,-1.2048688560778278,lgFu_test
5074,-2.0,-1.6301875507920325,lgFu_test
5076,-1.789146635,-1.5283417004266322,lgFu_test
5095,-0.221848742,-0.5340476780516807,lgFu_test
5125,-1.171225208,-2.003239215785669,lgFu_test
5155,-0.00290499,-0.13137739365528828,lgFu_test
5193,-0.301029996,-0.3185135403406473,lgFu_test
5215,-0.346787486,-0.697997732130491,lgFu_test
5216,-0.547574867,-0.9931164478142145,lgFu_test
5253,-0.000434512,-0.4282640869390342,lgFu_test
5291,-1.072119311,-1.6072186388825207,lgFu_test
5329,-0.638272164,-0.9086118347395467,lgFu_test
5339,-2.259637311,-1.9739484542420063,lgFu_test
5344,-1.102372909,-1.0138302197131812,lgFu_test
5358,-0.083546051,-0.287511240599599,lgFu_test
5379,-0.096910013,-0.48939847479111465,lgFu_test
5403,-0.13076828,-0.4306168648587787,lgFu_test
5467,-0.001087096,-0.16026584976474267,lgFu_test
5472,-1.425968732,-1.1449753443121689,lgFu_test
5487,-0.15490196,-0.5908390584340095,lgFu_test
5504,-0.11350928,-0.26812340221435793,lgFu_test
5556,-1.0,-1.7721529322758294,lgFu_test
5566,-2.108226859,-1.418204124146039,lgFu_test
5717,-2.0,-2.354014109400122,lgFu_test
5735,-0.698970004,-0.8814367114222669,lgFu_test
5754,-1.0,-0.6125782756506265,lgFu_test
5954,-1.950468952,-2.0276585583675826,lgFu_test
5959,-0.358525889,-1.415390692625196,lgFu_test
6249,-0.070581074,-0.216641895451295,lgFu_test
6292,-0.823908726,-1.4016012658571704,lgFu_test
6464,-0.420216403,-0.24716444089767498,lgFu_test
6569,-0.058304752,0.042268810266167675,lgFu_test
6634,-1.522878745,-1.0819249213618056,lgFu_test
6643,-3.0,-1.137070347305755,lgFu_test
6726,-0.397940003,-0.8893311560358625,lgFu_test
7028,0.0,-0.20352469552934102,lgFu_test
7421,-0.616184634,-0.32585794620604447,lgFu_test
7714,-1.462180905,-0.9694025189987806,lgFu_test
7964,-0.694605633,-0.9617271902076681,lgFu_test
8223,-1.698970004,-1.2232952501257297,lgFu_test
8268,-2.90308726,-2.585887963382335,lgFu_test
8411,-0.586340928,-0.7110888012690173,lgFu_test
8461,-1.017633775,-1.1837962299238558,lgFu_test
8652,-1.725842151,-1.4430548392154838,lgFu_test
8784,-1.301899454,-0.9042854834248377,lgFu_test
9565,-0.698970004,-1.311643579675677,lgFu_test
9801,-1.522878745,-1.5803001907507275,lgFu_test
10391,-0.275724143,-0.5066801400557569,lgFu_test
10707,-1.15805269,-0.9362901224587358,lgFu_test
10783,-0.443697496,-0.6949376754895774,lgFu_test
10800,-2.57888987,-1.569865205045416,lgFu_test
12281,-1.282329497,-1.1535553489880626,lgFu_test
12560,-1.0,-0.47598875273363306,lgFu_test
12932,-2.170696227,-1.6279768355724489,lgFu_test
13263,-2.488116639,-1.2604076413535417,lgFu_test
13314,-0.920818754,-1.3465421340523855,lgFu_test
13342,-0.853871964,-0.41565391041255995,lgFu_test
13878,-0.337950837,-0.3817106405746972,lgFu_test
15387,-0.301029996,-0.39763525032754166,lgFu_test
16003,-1.719877104,-1.468492442318324,lgFu_test
16421,-1.993107788,-2.064416803433762,lgFu_test
17004,-1.565431096,-1.2514236283790134,lgFu_test
22419,-2.124938737,-1.7508888913937457,lgFu_test
26098,-2.259637311,-0.9034389857685824,lgFu_test
27447,-0.070581074,-0.23784220034445494,lgFu_test
29393,-2.425968732,-1.9637474589657948,lgFu_test
30479,-0.310831784,-0.6423334876522556,lgFu_test
30668,-0.397940003,-0.9741284164609579,lgFu_test
31072,-0.031517049,-0.48759115312397294,lgFu_test
31315,-1.575118363,-1.497250331068213,lgFu_test
31703,-0.602059991,-1.2502395556768044,lgFu_test
31729,-0.183758698,-0.8269072167607973,lgFu_test
32154,-1.165837953,-1.3554717152901,lgFu_test
33255,-0.838631998,-0.7277830002242598,lgFu_test
33613,-0.096910013,-0.2403437065946058,lgFu_test
35935,-2.602059991,-1.138025939086714,lgFu_test
37910,-1.045757491,-0.7983614181098251,lgFu_test
38103,-0.022276395,-0.16712274714340924,lgFu_test
38360,-1.598599459,-1.3591374678500834,lgFu_test
38479,-2.903089987,-2.2022423735120342,lgFu_test
38853,-0.070581074,-0.3500825732455296,lgFu_test
38945,-0.060480747,-0.38186714131982896,lgFu_test
39186,-0.698970004,-1.1605128870649604,lgFu_test
41049,-0.136677137,-0.41784372080377846,lgFu_test
41384,-3.0,-1.6731501930553083,lgFu_test
41385,-0.028260409,-0.28384309840268346,lgFu_test
41684,-1.301029996,-1.3370574118899414,lgFu_test
41781,-2.0,-1.669026382644712,lgFu_test
43234,-1.294136288,-1.3785093135662283,lgFu_test
44097,-0.11350928,-0.24716310306025593,lgFu_test
44187,-0.903089987,-0.844888212533379,lgFu_test
47528,-0.124938737,0.03977432779069269,lgFu_test
47965,-0.408935393,-0.23876414908143517,lgFu_test
51081,-0.124938737,-0.4206539958685198,lgFu_test
51556,-1.769551079,-2.4172347169533297,lgFu_test
53084,-0.065501549,-1.0068339684573067,lgFu_test
53276,-0.823908741,-0.9637760609270815,lgFu_test
54477,-0.657577319,-0.5653750557598843,lgFu_test
54740,-0.537724573,-0.4672108151297901,lgFu_test
54766,-0.259637307,-0.5311832138163294,lgFu_test
54841,-1.698970004,-1.2303829607571928,lgFu_test
58505,-0.017728767,-0.4937111919843144,lgFu_test
59708,-0.037788562,0.15348447962091866,lgFu_test
60063,-0.017728767,-0.5800726939823677,lgFu_test
60172,-0.017728767,-0.06799656328940787,lgFu_test
60404,-0.911863911,-1.7049582291446161,lgFu_test
60464,-0.213248578,-0.5668228068698239,lgFu_test
60648,-1.420216403,-1.5208686657559802,lgFu_test
60726,-2.805023443,-1.4508454397151551,lgFu_test
60753,-0.22184875,-1.2934953286374193,lgFu_test
60795,-2.0,-1.9419759409941586,lgFu_test
60815,-0.610833916,-0.37594740725028897,lgFu_test
60854,-2.734260541,-1.4948816229717516,lgFu_test
60855,-0.045757491,0.06647591863680717,lgFu_test
60857,-0.124938737,-0.7030130196851134,lgFu_test
61719,-2.137868621,-1.7336251833645806,lgFu_test
62459,-1.903089987,-2.0009868526259043,lgFu_test
65015,-0.37675071,-0.18627117435043916,lgFu_test
65820,-1.698970004,-1.8324697445303297,lgFu_test
65863,-2.0,-2.146041262021687,lgFu_test
65871,-1.718966633,-1.4647334710897602,lgFu_test
65906,-1.698970004,-1.4956407744364955,lgFu_test
65981,-1.698970004,-1.5834379507811953,lgFu_test
65999,-2.22184875,-2.0886163889843927,lgFu_test
67734,-2.872247808,-1.9788303758282872,lgFu_test
67818,-2.785175087,-2.088332678150519,lgFu_test
68740,-0.107905401,-0.041837650675746164,lgFu_test
68741,-1.522878745,-1.5488804516495525,lgFu_test
68770,-0.408935393,-0.8784579246237508,lgFu_test
69785,-2.819609297,-2.2026054129095463,lgFu_test
70837,-1.732828272,-1.6822019890635604,lgFu_test
71329,-0.417325893,-1.312745007596158,lgFu_test
71616,-0.37675071,-0.7011826175895766,lgFu_test
71733,-0.721246399,-1.0003822154092825,lgFu_test
71771,-2.0,-1.8565039732775463,lgFu_test
77999,-2.49148333,-1.6792616997840668,lgFu_test
79878,-2.286509457,-1.3360888212766742,lgFu_test
84029,-0.236572006,-0.5429500590583678,lgFu_test
86173,-2.15490196,-2.040448577236642,lgFu_test
86367,-2.647817482,-1.458125302719721,lgFu_test
89386,-2.124938737,-1.309847440201207,lgFu_test
91754,-2.903089987,-2.4292563574054613,lgFu_test
104838,-0.065501549,0.16464044965272734,lgFu_test
104865,-1.748445282,-1.9818493747,lgFu_test
105010,-1.215627614,-1.5043579010782708,lgFu_test
107994,-0.494850022,-1.191000983692061,lgFu_test
115237,-0.638272164,-0.5894046474757257,lgFu_test
119607,-1.65490196,-1.6378785988390374,lgFu_test
121892,-0.855425792,-1.1662983742268065,lgFu_test
122087,-2.056134662,-1.4426911304742138,lgFu_test
123610,-0.124938737,-0.816822639918403,lgFu_test
126941,-0.301029996,-0.7374659013959105,lgFu_test
129211,-2.0,-1.391700542290809,lgFu_test
149096,-0.161150909,-0.4268452085976314,lgFu_test
150610,-1.15490196,-0.303598160500916,lgFu_test
151171,-2.301029996,-2.2088283389591803,lgFu_test
151172,-0.345823458,-0.26719644176239205,lgFu_test
151174,-2.057991947,-1.475845985879795,lgFu_test
152946,-0.301029996,-0.5916865651240998,lgFu_test
155774,-0.013228266,-0.17350812517771938,lgFu_test
158781,-2.0,-1.75980288791426,lgFu_test
159324,-2.15490196,-2.0319971479874868,lgFu_test
175805,-1.22184875,-0.7988500632283665,lgFu_test
176879,-0.077447531,-1.516238625371659,lgFu_test
183797,-0.266000713,-0.07546785592041302,lgFu_test
208898,-3.045757491,-1.6598279110852974,lgFu_test
208908,-2.292513326,-1.7716592305165992,lgFu_test
213027,-0.293680578,-0.19476518732404266,lgFu_test
213032,-2.013228266,-1.7325717312155382,lgFu_test
213043,-1.15490196,-1.0539658763882513,lgFu_test
214356,-1.380211243,-0.8992052684519621,lgFu_test
216210,-0.276708554,-0.6624769280370768,lgFu_test
242973,-2.508638306,-1.1458775714519311,lgFu_test
248862,-0.10145764,-0.17531918337932023,lgFu_test
319260,-1.226213555,-1.1850152366125999,lgFu_test
354624,-0.27572413,-0.1759672771660342,lgFu_test
439739,-0.863279433,-0.8146272038410017,lgFu_test
441243,-1.698970004,-1.0311617028395954,lgFu_test
441314,-0.045757491,-0.20962641620777248,lgFu_test
443879,-1.431798276,-1.4654764263030482,lgFu_test
446156,-2.096910013,-1.379025586413164,lgFu_test
446598,-1.22184875,-0.3775029139631482,lgFu_test
449193,-2.301029996,-2.3803071949053574,lgFu_test
459877,-1.2644011,-0.9823146086792952,lgFu_test
461399,-0.292429824,-0.9194590432280475,lgFu_test
468595,-1.698970004,-1.6090590469698725,lgFu_test
619285,-1.886056648,-1.3665355129987624,lgFu_test
644809,-1.76700389,-1.3398209668164809,lgFu_test
646135,-0.996108834,-0.8117259023280684,lgFu_test
669092,-0.855425792,-1.0098920296828142,lgFu_test
752812,-2.22184875,-1.6549516008603364,lgFu_test
1246102,-0.249491605,-0.7581713996145167,lgFu_test
1374121,-1.679853714,-1.7152843950403749,lgFu_test
1536986,-3.0,-2.1827107968599053,lgFu_test
2106159,-2.48148606,-2.1669590166372363,lgFu_test
2723601,-0.094743951,-0.5485213354017909,lgFu_test
3000540,-0.552841969,-0.12567773543478034,lgFu_test
3022645,-1.721246399,-1.1267843962344501,lgFu_test
3317081,-1.240332155,-0.9660412336240964,lgFu_test
3504707,-0.397940009,-0.3571124052340302,lgFu_test
3794430,-2.0,-1.5117789349738955,lgFu_test
3829283,-2.37675071,-2.006539699537868,lgFu_test
4475886,-0.602059991,-0.9321301845090465,lgFu_test
4580358,-0.110698297,-0.4543582948890252,lgFu_test
4659180,-1.698970004,-1.4775457613371488,lgFu_test
4988454,-3.0,-1.746481248185917,lgFu_test
5280961,-1.615145733,-1.5953592518028306,lgFu_test
5281037,-1.657577319,-1.6340330297762256,lgFu_test
5281040,-2.397940009,-2.758742020389262,lgFu_test
5281708,-1.257274869,-1.7212132230206758,lgFu_test
5284371,-0.075720714,-0.18395380175341627,lgFu_test
5284596,-0.255707017,-0.08524758326997328,lgFu_test
5284603,-0.259637311,-0.12739913247614698,lgFu_test
5288826,-0.170696227,-0.07156076010125362,lgFu_test
5329334,-0.581698709,-0.6689445951133826,lgFu_test
5330524,-2.397940009,-2.40629411324933,lgFu_test
5330790,-0.721475035,-1.0155330095394313,lgFu_test
5361092,-0.698970004,-0.16509869216864873,lgFu_test
5362065,-0.455931956,-0.37321458255311724,lgFu_test
5362119,0.0,-0.40563021119827847,lgFu_test
5362440,-0.408935393,-1.1188646542704166,lgFu_test
5462501,-0.207608311,-0.548122467359467,lgFu_test
5479530,-1.301029996,-0.881017925696011,lgFu_test
5479537,-0.096910013,-0.012590654264033965,lgFu_test
5487888,-0.107905397,-0.22462551102938685,lgFu_test
5742673,-0.30980392,-0.17424900172179256,lgFu_test
5742832,-0.356547324,-0.14692627584370363,lgFu_test
6410758,-0.397940009,-0.7013450511289681,lgFu_test
6422843,-2.647817482,-1.9404290334275671,lgFu_test
6433110,-0.468521083,-0.8299623382011182,lgFu_test
6803597,-0.455931962,-0.29576767943829324,lgFu_test
6918554,-1.366531544,-1.1825114842927607,lgFu_test
7586151,-2.0,-1.308155220311778,lgFu_test
9800339,-0.388382889,-0.8124291149196556,lgFu_test
9804052,-0.107905397,-0.468162421481001,lgFu_test
9809656,-0.045757491,-0.05395371676456406,lgFu_test
9817917,-0.332080315,-0.8127721685206468,lgFu_test
9852981,-0.096910013,-0.9359276728244852,lgFu_test
9913233,-0.229147988,-0.7833323671054927,lgFu_test
9931954,-0.634699251,-1.0260124223863287,lgFu_test
9932689,-0.545612533,-1.041218946518621,lgFu_test
9974121,-0.455931959,-0.30279967429117777,lgFu_test
10024993,-0.002613616,-0.23832553689205513,lgFu_test
10046647,-1.059483515,-1.1409644566674024,lgFu_test
10073306,-1.0,-0.9320371615196437,lgFu_test
10092649,-0.450261269,-0.8038006609352557,lgFu_test
10126799,-1.552841969,-1.7309584186153395,lgFu_test
10231705,-1.105683937,-0.6269500856823046,lgFu_test
10268287,-2.0,-2.197617165266884,lgFu_test
10298858,-0.197910742,-1.1227128517229235,lgFu_test
10302451,-1.045757491,-1.6128670908801208,lgFu_test
10412910,-0.001740662,-0.815690486834944,lgFu_test
10432087,-0.001740662,-0.21740409648850034,lgFu_test
10456473,-0.350665141,-0.5651766374942802,lgFu_test
11189402,-1.815308569,-1.7473053217597885,lgFu_test
11225163,-1.318758763,-1.2236440743396961,lgFu_test
11236372,-0.958607315,-1.1884958061763131,lgFu_test
11289630,-1.15490196,-1.0324002205148095,lgFu_test
11302765,-0.769551079,-0.7020632295096695,lgFu_test
11319053,-1.387216143,-1.0390495161853637,lgFu_test
11403482,-2.124938737,-1.8251625925049761,lgFu_test
11486328,-2.301029996,-1.6014798905674557,lgFu_test
11517212,-1.48148606,-1.564248019964269,lgFu_test
11552706,-0.924818145,-1.3832917134195057,lgFu_test
11632704,-0.26760624,-0.7181532372830378,lgFu_test
11634725,-2.0,-1.9644329765399038,lgFu_test
11635365,-0.549750892,-1.3762961747389348,lgFu_test
11663809,-1.602059991,-1.3422326393832091,lgFu_test
11696868,-2.15490196,-1.937629010551139,lgFu_test
11710873,-0.602059991,-1.0694465760893046,lgFu_test
11784975,-1.999034768,-2.114013942020955,lgFu_test
11848948,-1.698970004,-1.415491658643199,lgFu_test
11992827,-0.707743929,-0.5541377992048593,lgFu_test
11993740,-0.075720714,-0.6670348596076802,lgFu_test
11995989,-1.568636236,-1.4700133499815067,lgFu_test
11996131,-1.148741651,-1.5684801298212954,lgFu_test
13559279,-2.30980392,-1.4836906853046061,lgFu_test
15015051,-1.0,-1.696758892776579,lgFu_test
15434242,-0.522878745,-0.17072815361552154,lgFu_test
15958282,-1.920818754,-1.3529199170243436,lgFu_test
15959138,-1.0,-1.2334958663676474,lgFu_test
15981895,-0.924818145,-0.7666325710684212,lgFu_test
15983809,-1.581698709,-1.3009753553111443,lgFu_test
16097523,-1.161150909,-1.4820260118368138,lgFu_test
16956771,-2.15490196,-1.54679866733194,lgFu_test
17756785,-0.25375513,-0.4981824201239732,lgFu_test
17963315,-0.729554092,-1.6194842376815146,lgFu_test
21177736,-1.920818754,-1.5450763333679618,lgFu_test
21638785,-0.37675071,-0.6460124597324193,lgFu_test
21874792,-2.0,-2.0893404429504856,lgFu_test
21946298,-2.045757491,-1.1655735990330787,lgFu_test
22137455,-0.596707855,-0.9553946860615496,lgFu_test
22341299,-1.728158393,-1.4907129036518325,lgFu_test
23519852,-2.698970004,-2.353644362361989,lgFu_test
23626282,-0.301029996,-0.7186003752053619,lgFu_test
24849206,-0.638272164,-1.1805640336097794,lgFu_test
24996322,-0.251811973,-0.9588771032888991,lgFu_test
25014511,-1.070581074,-1.3784362110965866,lgFu_test
25014684,-1.388276692,-1.476730551063706,lgFu_test
25026446,-1.167491087,-1.1113469914068714,lgFu_test
25068753,-0.283996656,-0.5300140791411004,lgFu_test
25115962,-0.408935393,-0.844407542068594,lgFu_test
25118127,-0.301029996,-0.21880782129028437,lgFu_test
25122581,-1.493494968,-1.0944767660668129,lgFu_test
25195162,-1.522878745,-1.4483532611707688,lgFu_test
25223022,-1.37675071,-1.7581979033897386,lgFu_test
25223221,-1.443697499,-1.86086393342932,lgFu_test
25223222,-1.408935393,-1.7114189788985126,lgFu_test
25223322,-1.148741651,-1.6631800115156272,lgFu_test
25223515,-1.494850022,-1.5718583052055666,lgFu_test
42606928,-0.4867824,-0.7507966390648063,lgFu_test
42609962,-1.494850022,-1.5941908694302351,lgFu_test
44126032,-1.245651664,-1.429671226289815,lgFu_test
44138030,-0.522878745,-0.7488816090016683,lgFu_test
44157038,-0.300162274,-1.9188395729295167,lgFu_test
44205639,-1.200659451,-1.2939825980263189,lgFu_test
44302042,-1.619788758,-1.6693868187279501,lgFu_test
44414728,-2.522878745,-2.1001145935614103,lgFu_test
44446421,-1.522878745,-1.3587007743967314,lgFu_test
44447915,-1.886056648,-1.6434319767627248,lgFu_test
44448812,-1.096910013,-0.8194344873596819,lgFu_test
44462758,-1.853871964,-0.8594738948326139,lgFu_test
44511871,-1.096910013,-0.9088075165786261,lgFu_test
44512349,-0.721246399,-0.8268155117912223,lgFu_test
44544853,-1.087246696,-1.3744908427642555,lgFu_test
44552684,-0.11407366,-0.966695862809029,lgFu_test
44570645,-1.13667714,-1.0688801706195237,lgFu_test
44571019,-1.494850022,-1.4486435993214914,lgFu_test
44571102,-1.744727495,-1.3879792722374884,lgFu_test
44571104,-1.337242168,-1.4109033477787807,lgFu_test
44571187,-1.2644011,-1.2717246021511635,lgFu_test
44571222,-0.697236292,-1.1782672405005632,lgFu_test
44571272,-0.853871964,-1.305346029818308,lgFu_test
44579068,-1.283996656,-1.0546772771148063,lgFu_test
44579070,-1.397940009,-1.1388254325168308,lgFu_test
44581547,-2.397940009,-1.5553274802961021,lgFu_test
44581574,-2.397940009,-1.290844283606362,lgFu_test
44816721,-1.292429824,-1.2786433502636407,lgFu_test
46180604,-0.30980392,-0.7098117904491724,lgFu_test
46206296,-1.571865206,-1.539050550613803,lgFu_test
46232598,-1.378823718,-1.8857672196830173,lgFu_test
46701790,-2.22184875,-1.3876788840040155,lgFu_test
46830777,-2.443697499,-1.9782758921795849,lgFu_test
46861584,-1.876148359,-2.0270584808410295,lgFu_test
46871497,-0.483068191,-0.8025739270485354,lgFu_test
46893367,-2.301029996,-2.0751824706344557,lgFu_test
49848898,-3.0,-2.492588683733862,lgFu_test
49858150,-0.886056648,-0.7772615130738357,lgFu_test
49858377,-1.311580178,-1.2459358286422304,lgFu_test
49865397,-3.0,-2.2637864246153883,lgFu_test
49865878,-0.008773924,-0.23563863854468328,lgFu_test
49865879,-0.096910013,-0.3759475798114809,lgFu_test
49871766,-2.0,-1.5798335173096683,lgFu_test
49872384,-1.070581074,-1.5298534279861526,lgFu_test
50996844,-2.004364805,-1.6084303899663834,lgFu_test
51003592,-1.416801226,-1.3269587748062535,lgFu_test
51003727,-1.15490196,-1.6922952761573764,lgFu_test
52920145,-1.698970004,-1.7680378112578525,lgFu_test
52938764,-0.337242168,-0.45691429940265355,lgFu_test
53237721,-0.468521083,-0.8676694825564665,lgFu_test
53307604,-2.045757491,-2.324139634846607,lgFu_test
53311215,-0.739928612,-0.8337969428769878,lgFu_test
53397745,-2.301029996,-1.1645621147704632,lgFu_test
53472469,-0.647817482,-1.365462034348825,lgFu_test
54085540,-0.886056648,-1.072363532264811,lgFu_test
54289283,-2.15490196,-2.5466783457675435,lgFu_test
54413479,-1.901359721,-1.4341643481630544,lgFu_test
54576289,-2.522878745,-2.3538133861510575,lgFu_test
54580312,-0.442492798,-0.8935570142507877,lgFu_test
54580765,-1.170053304,-1.3337955870396634,lgFu_test
54581822,-0.958607315,-0.5875557403051862,lgFu_test
54586192,-1.318758763,-1.5828536685859451,lgFu_test
54677470,-2.522878745,-1.3267903919425608,lgFu_test
54677514,-0.508638306,-0.8711697956073661,lgFu_test
54677593,-0.552841969,-0.46974422793278997,lgFu_test
54677623,-0.301029996,-0.6994528115868347,lgFu_test
54677971,-2.045757491,-1.1189398032354205,lgFu_test
54709839,-0.721246399,-0.7076253901069479,lgFu_test
54720507,-0.055517328,-0.8069710190265765,lgFu_test
54752118,-1.15490196,-1.8854489142219926,lgFu_test
54758482,-0.744727495,-1.1114915657909552,lgFu_test
56594647,-1.769551079,-2.0795197245089367,lgFu_test
56594648,-1.886056648,-1.7733264797419979,lgFu_test
56594785,-2.397940009,-2.401768789088295,lgFu_test
56595047,-1.48148606,-1.6431911303725306,lgFu_test
56643450,-0.512861625,-0.6071669629342681,lgFu_test
56662692,-1.474955193,-1.6489248196485244,lgFu_test
56670621,-2.113509275,-1.6586447435548588,lgFu_test
56673241,-1.2644011,-1.1365129371690967,lgFu_test
56682216,-0.014573526,-1.1434256402679184,lgFu_test
56835160,-1.568636236,-1.76527503757472,lgFu_test
57330203,-2.744727495,-1.3353705113486611,lgFu_test
57384006,-0.366531544,-0.41100720575006594,lgFu_test
57384040,-1.600326279,-1.3255448455844026,lgFu_test
57387775,-1.0,-1.6230061639451914,lgFu_test
57391458,-0.745935547,-1.4027648756053703,lgFu_test
57392303,-0.920818754,-1.1526049517547525,lgFu_test
57395991,-2.096910013,-1.5762141675681343,lgFu_test
57398473,-1.059483515,-0.8676087790918441,lgFu_test
57400138,-2.301029996,-1.5721860418928755,lgFu_test
57401170,-0.8569852,-1.0301703961030753,lgFu_test
57401205,-0.729554092,-1.1502073790771352,lgFu_test
57401217,-0.441291429,-0.5339102781115924,lgFu_test
57401272,-1.657577319,-1.8038516804090379,lgFu_test
57401937,-0.713319031,-0.7936069761220014,lgFu_test
57404290,-1.096367484,-1.2825204310514897,lgFu_test
57519532,-1.747146969,-1.6583379938393752,lgFu_test
57520598,-1.853871964,-1.3459695795591005,lgFu_test
57522815,-3.0,-2.383050801181471,lgFu_test
57523281,-2.0,-1.787661231026576,lgFu_test
57523311,-1.397940009,-1.5571801496092763,lgFu_test
57523375,-1.0,-1.0539999062807701,lgFu_test
57523406,-2.0,-1.364369933374546,lgFu_test
57992198,-1.455931956,-1.327231078773161,lgFu_test
58063225,-1.958607315,-1.5010073212962656,lgFu_test
58464429,-1.251811973,-1.2712452722904335,lgFu_test
58464441,-1.443697499,-1.4157715390812335,lgFu_test
58464487,-0.318758763,-0.5610412815928741,lgFu_test
58835114,-1.366531544,-1.2853788361253955,lgFu_test
59456096,-1.801377709,-1.4532290812445778,lgFu_test
59473233,-1.568636236,-1.5422029524891934,lgFu_test
60148507,-1.301029996,-2.1872968262922745,lgFu_test
60148508,-0.602059991,-1.0703757247534516,lgFu_test
60149678,-1.214670165,-1.0559085562926591,lgFu_test
60169980,-1.045757491,-0.39750520901446007,lgFu_test
60170339,-1.15490196,-0.7567082982276101,lgFu_test
60195902,-0.301029996,-0.43067432801596794,lgFu_test
60198589,-2.0,-1.6966586453529406,lgFu_test
66549904,-1.27572413,-1.0298720103715973,lgFu_test
66615628,-1.493494968,-1.464167509795568,lgFu_test
67436594,-0.876148359,-1.2722643779618568,lgFu_test
68277611,-1.22184875,-1.4985560469954848,lgFu_test
68804310,-0.311135432,-0.6068741267838835,lgFu_test
68924158,-3.0,-2.509600464406908,lgFu_test
70681611,-0.657577319,-1.057941806607165,lgFu_test
70682211,-1.581698709,-1.4129020497387368,lgFu_test
70683558,-0.920818754,-0.9544296273547812,lgFu_test
70684294,-2.698970004,-2.432980701232888,lgFu_test
70686472,-1.2644011,-0.9552694960575663,lgFu_test
70688263,-1.187086643,-1.1930131443503778,lgFu_test
70689444,-1.005243055,-1.2167422027198695,lgFu_test
70689446,-0.673459331,-0.7306015089605167,lgFu_test
70690050,-0.48148606,-1.000028039813368,lgFu_test
70690638,-1.795880017,-1.5702106230338846,lgFu_test
70812857,-1.853871964,-1.7414263535521826,lgFu_test
70903618,-1.876148359,-1.7541682040718347,lgFu_test
71279311,-1.397940009,-1.27953981124841,lgFu_test
71279543,-1.920818754,-1.33580254762238,lgFu_test
71451196,-2.15490196,-1.1682411617755322,lgFu_test
71454661,-0.447331784,-0.9302189505957692,lgFu_test
71454747,-1.886056648,-1.3305993959600617,lgFu_test
71457756,-2.0,-1.842160889358861,lgFu_test
71458923,-0.408935393,-0.699239497455757,lgFu_test
71461395,-2.0,-1.9053267413078354,lgFu_test
71462956,-0.522878745,-0.9647557887598954,lgFu_test
71463148,-2.086186148,-1.7071020442491442,lgFu_test
71517195,-1.552841969,-1.0630198415907581,lgFu_test
71520490,-2.251811973,-1.4826079059918158,lgFu_test
71679327,-1.119186408,-1.124192508463617,lgFu_test
71819426,-2.301029996,-1.6169449424942226,lgFu_test
72546263,-2.0,-2.0971137621194678,lgFu_test
72546736,-1.397940009,-1.4248260420961298,lgFu_test
72546992,-1.124938737,-1.2623708798316062,lgFu_test
72547501,-1.397940009,-1.4516990683670712,lgFu_test
72792631,-1.008773924,-0.9153561135917488,lgFu_test
73325016,-0.301029996,-0.515286016916329,lgFu_test
74369376,-1.493494968,-1.482677737915903,lgFu_test
75045440,-1.446116973,-1.2359612151784745,lgFu_test
75253234,-3.301029996,-2.4420244555398556,lgFu_test
76310149,-1.602059991,-1.8861024515170564,lgFu_test
76328604,-0.823908741,-1.0965104969059694,lgFu_test
76446078,-0.545612533,-0.6929466705976884,lgFu_test
77171613,-1.876148359,-1.8658585377073713,lgFu_test
77291204,-1.522878745,-1.4234973094279404,lgFu_test
86294748,-1.48148606,-1.1782160593166509,lgFu_test
86677265,-1.638272164,-1.54854200209006,lgFu_test
89698858,-1.657577319,-1.5320641339343066,lgFu_test
89699171,-2.096910013,-1.747578776408014,lgFu_test
89699260,-1.244125144,-1.1426235073884554,lgFu_test
90645250,-0.645891561,-0.8170819763774961,lgFu_test
90654395,-1.408935393,-0.9453666026655385,lgFu_test
91172081,-0.829444941,-1.170913482920964,lgFu_test
91668260,-2.301029996,-2.7384346207136328,lgFu_test
118707652,-2.22184875,-1.6112743069820488,lgFu_test
118707656,-1.494850022,-1.4446082936151854,lgFu_test
118709578,-1.48148606,-0.801747926875706,lgFu_test
118723134,-2.096910013,-2.1063493803045614,lgFu_test
118723136,-2.22184875,-1.7834128197733174,lgFu_test
118725727,-0.056505484,-0.46226502563006017,lgFu_test
118730351,-1.568636236,-1.168748109927243,lgFu_test
118732694,-0.619788758,-0.5391788995399024,lgFu_test
118732708,-0.677780705,-0.6488679099528888,lgFu_test
118732711,-0.585026652,-0.4981201197710999,lgFu_test
118732716,-0.585026652,-0.4238800379469231,lgFu_test
118737136,-1.22184875,-1.673367465995463,lgFu_test
118737808,-2.698970004,-2.815615735151202,lgFu_test
135398513,-0.102372909,-0.07626889551317881,lgFu_test
135398735,-0.764471553,-1.0012791094053788,lgFu_test
135398739,-0.022276395,-0.08535992374698949,lgFu_test
135398740,-0.00656377,-0.07096216551067067,lgFu_test
135398744,-1.373816243,-1.0751215472247981,lgFu_test
135398748,-0.045757491,-0.07632907480570852,lgFu_test
135400189,-1.301029996,-1.049639492158229,lgFu_test
135401907,-0.008773924,-0.4448465502192177,lgFu_test
135403648,-1.060480747,-0.45184346201789927,lgFu_test
135539077,-1.292429824,-1.2571061226747602,lgFu_test
136036546,-1.420216403,-1.552991169988819,lgFu_test
136087045,-1.244125144,-1.3621115988292702,lgFu_test
136229139,-1.151810883,-1.068490673855626,lgFu_test
136234640,-1.408935393,-1.601858260936914,lgFu_test
136234642,-1.744727495,-1.517383068225974,lgFu_test
146678787,-2.0,-1.557042197565694,lgFu_test
146679644,-0.002568834,-0.9540055726907339,lgFu_test
