PUBCHEM_CID,Actual,Predicted,Dataset
15,-1.504455662,-1.0945594599128494,lgFu_train
72,-0.101549075,-0.3053266377852675,lgFu_train
135,-0.188090026,-0.3860154615952324,lgFu_train
191,-0.161150909,-0.052123757868295165,lgFu_train
214,-1.096910018,-0.9034639971196443,lgFu_train
237,-0.987162775,-1.6482875958344378,lgFu_train
241,-0.337242168,-0.7743951804367012,lgFu_train
253,-0.09691001,-0.207559544947674,lgFu_train
288,-0.001087096,0.1268358665993333,lgFu_train
322,-0.458420762,-0.5047257397339596,lgFu_train
323,-0.716156253,-1.0185822439056602,lgFu_train
335,-0.420168459,-0.49107474908347426,lgFu_train
338,-0.931814138,-0.44309934306939125,lgFu_train
342,-0.440093375,-0.4384666508781773,lgFu_train
356,-0.986867724,-0.879299565832511,lgFu_train
370,-0.166215622,-0.36530655925024497,lgFu_train
401,-0.09691001,-0.10849232545337109,lgFu_train
444,-0.434752706,-0.5113935077334406,lgFu_train
460,-0.244887734,-0.2917257056485912,lgFu_train
564,-0.03621217,-0.03760402700937591,lgFu_train
568,-3.0,-2.067788378022364,lgFu_train
581,-0.769551079,-0.27215233103653264,lgFu_train
596,-0.041615157,-0.035976802059678015,lgFu_train
698,-1.393618635,-1.7881796399013263,lgFu_train
709,-0.570651515,-0.6236813429603645,lgFu_train
727,-1.568100731,-2.206883634550386,lgFu_train
815,-0.004364805,-0.1893010780434612,lgFu_train
836,-0.086627728,-0.2798799789802639,lgFu_train
838,-0.301029996,-0.1998667679873028,lgFu_train
861,-1.698970004,-0.9829866926842445,lgFu_train
904,-0.031517049,-0.3608674357525101,lgFu_train
931,-1.8069332,-1.560172320057681,lgFu_train
938,-0.210709505,-0.2604652626157754,lgFu_train
951,-0.301029996,-0.12616526413225645,lgFu_train
957,-0.189095719,-0.19400430391912526,lgFu_train
971,-0.001087096,-0.31186175143642747,lgFu_train
978,-0.11577123,-0.34709925416154247,lgFu_train
980,-0.810165983,-0.47873563953196624,lgFu_train
992,-1.527148513,-1.6642240494008327,lgFu_train
1027,-0.698970004,-1.2446808573449226,lgFu_train
1046,-0.045757491,-0.17978602309215513,lgFu_train
1054,-0.001087096,-0.17137328144559938,lgFu_train
1065,-0.789146639,-0.5755848603766269,lgFu_train
1072,-0.397940003,-0.7701584019109043,lgFu_train
1130,-1.096910013,-0.15926807556595676,lgFu_train
1134,-0.014573526,-0.0008951987948864863,lgFu_train
1140,-0.522878745,-0.7334357128107644,lgFu_train
1148,-0.698970004,-0.4421399224104411,lgFu_train
1183,-0.492144128,-0.36073546501662446,lgFu_train
1206,-0.070581072,-0.2893378797281167,lgFu_train
1207,-0.276708554,-0.7249936835825856,lgFu_train
1211,-0.241592809,-0.9962404691959339,lgFu_train
1234,-1.0,-0.8701325217006008,lgFu_train
1287,-1.055517318,-1.3844211175566044,lgFu_train
1480,-1.896196279,-1.4833401639766624,lgFu_train
1486,-1.38695141,-1.4130822290637104,lgFu_train
1489,-2.116007775,-1.2184154532948734,lgFu_train
1546,-0.0275066,-0.05449941924318248,lgFu_train
1615,-0.455931962,-0.4064562340877549,lgFu_train
1732,-1.140861703,-0.9973240430328699,lgFu_train
1744,-2.721246399,-2.2708119897903636,lgFu_train
1775,-1.0,-0.8765050064735737,lgFu_train
1923,-0.926645015,-0.6217705297113928,lgFu_train
1935,-0.346787486,-1.462660951300662,lgFu_train
1971,-0.301029996,-0.27280097259945246,lgFu_train
1973,-1.46470588,-1.441321117040142,lgFu_train
1981,-1.0,-1.5002310269536896,lgFu_train
1982,-0.061282438,-0.17492384581068784,lgFu_train
1983,-0.055517328,-0.31222570445516695,lgFu_train
1986,-1.221848753,-0.24318454963277766,lgFu_train
1988,-0.804515477,-0.9724689315761851,lgFu_train
1989,-0.602059991,-1.086236598248676,lgFu_train
1997,-0.698970004,-0.638472610153263,lgFu_train
2021,-0.022276397,-0.15607863407068365,lgFu_train
2078,-0.873462748,-0.9606296685909882,lgFu_train
2082,-0.931481269,-1.1100536196177961,lgFu_train
2083,-0.045757491,-0.03380985777485236,lgFu_train
2086,-0.318017926,-0.14585509725944729,lgFu_train
2087,-1.872963349,-1.5883954181136177,lgFu_train
2088,-0.677780716,-0.43921025562578747,lgFu_train
2092,-0.93930216,-0.9222125344078002,lgFu_train
2118,-0.698970004,-0.767015778929815,lgFu_train
2119,-0.657577319,-0.36198280891294743,lgFu_train
2123,-1.22184875,-1.1381681759054516,lgFu_train
2130,-0.48148606,-0.18162775596363073,lgFu_train
2132,-1.0,-0.5863785960105432,lgFu_train
2140,-0.010995384,-0.2241791646905026,lgFu_train
2142,-0.048176962,-0.12195373363361178,lgFu_train
2145,-0.201579567,-0.266763845928364,lgFu_train
2153,-0.387216143,-0.28266918514255746,lgFu_train
2157,-1.397940009,-1.515741753115849,lgFu_train
2159,-0.075720714,-0.2603872919354365,lgFu_train
2160,-1.200659451,-0.9336512968102171,lgFu_train
2162,-1.420216403,-0.3935367344834338,lgFu_train
2164,-0.346787486,-0.5150296060515556,lgFu_train
2170,-0.98029294,-1.3485359246838575,lgFu_train
2177,-1.0,-0.9492396074922048,lgFu_train
2187,-0.251811973,-0.5481782577616758,lgFu_train
2193,-0.758545929,-1.1404598561639763,lgFu_train
2196,-0.468521083,-0.4152594290435639,lgFu_train
2206,-0.045757491,-0.5179880265971188,lgFu_train
2215,-1.007961484,-0.8759777956880841,lgFu_train
2218,-1.301029987,-0.8187767069059858,lgFu_train
2226,-0.036212168,-0.20732668538598642,lgFu_train
2244,-0.522878745,-0.4964591796241179,lgFu_train
2247,-1.638272164,-1.6202244547456766,lgFu_train
2249,-0.283996656,-0.22761249606259384,lgFu_train
2250,-1.698970004,-1.9273248836474608,lgFu_train
2256,-0.915990045,-1.5751183451507371,lgFu_train
2262,-1.173925184,-0.9715661552307565,lgFu_train
2265,-0.489857301,-0.36113259523286667,lgFu_train
2267,-0.920818754,-1.387688677811506,lgFu_train
2271,-0.177178354,-0.3131604380360709,lgFu_train
2273,-1.397940009,-1.5850191890138206,lgFu_train
2282,-0.09691001,-0.2457369713271537,lgFu_train
2284,-0.154901963,-0.25964362733550994,lgFu_train
2307,-0.886056648,-1.045098180245415,lgFu_train
2308,-0.886056648,-1.1380572901337926,lgFu_train
2314,-0.704394786,-0.7367109402672046,lgFu_train
2319,-2.903089987,-2.975646564936751,lgFu_train
2328,-1.6821107,-0.6150748488917459,lgFu_train
2333,-2.0,-2.3983551306871886,lgFu_train
2336,-1.588211995,-2.270406580318986,lgFu_train
2337,-0.4710833,-0.41687843159607374,lgFu_train
2341,-0.886056648,-0.7485408728227528,lgFu_train
2366,-0.013228259,-0.11977517088094125,lgFu_train
2367,-1.019542108,-1.0608197575287204,lgFu_train
2368,-0.045757495,-0.2576440988156661,lgFu_train
2369,-0.301029996,-0.4696895527392489,lgFu_train
2372,-1.645153066,-1.1485132282508175,lgFu_train
2375,-1.441891698,-1.4852532439429045,lgFu_train
2377,-1.301029987,-0.9227154846391923,lgFu_train
2405,-0.148741651,-0.3513381254608777,lgFu_train
2431,-0.031517049,0.05579374443385991,lgFu_train
2443,-1.609182141,-1.2630842581344113,lgFu_train
2446,-0.221848746,-0.2501037141932424,lgFu_train
2451,-1.026872146,-0.9633893960956783,lgFu_train
2467,-0.397940009,-0.32322005059636133,lgFu_train
2468,-0.045757495,-0.09348797391957658,lgFu_train
2472,-1.273001271,-0.6463557130926919,lgFu_train
2477,-0.975584955,-0.5179853468517895,lgFu_train
2478,-0.170053304,0.055448514675583746,lgFu_train
2479,-0.130768277,-0.282948271462204,lgFu_train
2512,-0.229147999,-0.44058040136825677,lgFu_train
2518,-0.468521083,-0.516224428979223,lgFu_train
2519,-0.193820026,-0.3565767560100517,lgFu_train
2520,-1.0,-0.8652898724513658,lgFu_train
2524,-1.778151242,-1.7961467397699025,lgFu_train
2538,-1.732828272,-1.2957293857746135,lgFu_train
2540,-2.0,-2.306444556985742,lgFu_train
2554,-0.439986227,-0.6708567613871801,lgFu_train
2560,-0.275539839,-0.2094181481401538,lgFu_train
2561,-2.124938737,-1.4364353351736576,lgFu_train
2563,-0.193820029,-0.12604408906730447,lgFu_train
2566,-0.375382856,-0.8602926348150105,lgFu_train
2576,-0.376750715,-0.4374176418665785,lgFu_train
2578,-0.638272164,-0.3629389892639482,lgFu_train
2581,-2.0,-2.0901835071350376,lgFu_train
2583,-0.070581069,-0.24363634407168677,lgFu_train
2584,-0.142667499,-0.3739161067425918,lgFu_train
2609,-0.124938737,-0.2747446750101835,lgFu_train
2614,-0.596307666,-0.8121074133070598,lgFu_train
2616,-0.293851411,-0.4535358501506,lgFu_train
2624,-0.397940009,-0.5835095648905044,lgFu_train
2626,-0.719195919,-0.695773268253081,lgFu_train
2628,-0.738737131,-0.652687429831991,lgFu_train
2635,-0.221848742,-0.5276981796857759,lgFu_train
2638,-0.209363038,-0.31046492295715067,lgFu_train
2645,-0.148741657,-0.3607642164273106,lgFu_train
2646,-0.21944268,-0.23138374420356494,lgFu_train
2650,-0.089175568,-0.2917402608424153,lgFu_train
2654,-0.455931962,-0.3258476294088982,lgFu_train
2657,-1.259637311,-0.6034692544847401,lgFu_train
2659,-0.207608308,-0.30476998866156463,lgFu_train
2662,-1.74878644,-1.1213551447238543,lgFu_train
2663,-0.124938737,-0.3669885056844991,lgFu_train
2678,-1.15490196,-1.305420373758165,lgFu_train
2691,-0.376647318,-0.8290419967375098,lgFu_train
2717,-0.301029996,-0.20825289452443085,lgFu_train
2719,-0.332547047,-0.6772649285522603,lgFu_train
2720,-0.522878738,-0.5560392997930311,lgFu_train
2725,-0.424812155,-0.5265569851516853,lgFu_train
2726,-1.408935393,-1.4656256546421635,lgFu_train
2727,-1.522878745,-1.1483267243971171,lgFu_train
2728,-1.367542708,-1.3451488276545143,lgFu_train
2729,-2.0,-1.7792269902539988,lgFu_train
2730,-2.100621237,-2.3340445583496994,lgFu_train
2735,-0.455931956,-1.7453677179613758,lgFu_train
2747,-0.301029996,-0.8055639206531755,lgFu_train
2749,-1.346787486,-1.2035492071588776,lgFu_train
2751,-0.124938737,-0.36678204758708105,lgFu_train
2754,-1.425968732,-1.795438872896487,lgFu_train
2763,-1.301029987,-2.174016837545512,lgFu_train
2769,-1.698970004,-1.3648098215428155,lgFu_train
2771,-0.744727495,-0.7316114647023702,lgFu_train
2789,-0.778151251,-0.9215648810593599,lgFu_train
2797,-1.698970004,-1.8106278996122265,lgFu_train
2803,-0.15490196,-0.37437063592621,lgFu_train
2804,-0.301029996,-0.4511873068072443,lgFu_train
2809,-1.045757481,-1.350261940833875,lgFu_train
2811,-2.0,-1.5884216058972211,lgFu_train
2814,-1.301029987,-1.190133034162551,lgFu_train
2825,-0.193820028,-0.45557614133756325,lgFu_train
2833,-0.204860029,-0.8849338509410872,lgFu_train
2863,-1.301029987,-0.950398898008862,lgFu_train
2871,-2.903039612,-2.379900800723444,lgFu_train
2882,-0.494850028,-0.6694726194597421,lgFu_train
2895,-1.130292948,-1.0654196869159687,lgFu_train
2900,-0.201349355,-0.28541905075528035,lgFu_train
2913,-1.602059991,-1.1758321487037646,lgFu_train
2914,-1.233587153,-1.4230568115656335,lgFu_train
2943,-1.778272583,-1.1818491745932767,lgFu_train
2952,-0.958607315,-1.069925296056895,lgFu_train
2955,-0.602059991,-0.4909450152163078,lgFu_train
2958,-1.522878745,-0.969262028841645,lgFu_train
2966,-0.823908726,-0.3941914340425643,lgFu_train
2973,-0.045757491,-0.3011871506090771,lgFu_train
2982,-2.0,-2.4200394548432307,lgFu_train
2995,-0.787812396,-0.6216635709652303,lgFu_train
2997,-1.522878745,-1.519002837144776,lgFu_train
2999,-1.691791416,-1.41470379668898,lgFu_train
3007,-0.15442564,-0.3421275900062006,lgFu_train
3008,-0.27572413,-0.5746287239789032,lgFu_train
3009,-0.001087096,-0.05945738069961817,lgFu_train
3017,-1.685079944,-2.0140616111247143,lgFu_train
3026,-1.490679337,-1.1299997129040473,lgFu_train
3030,-0.827475879,-0.8599358977141672,lgFu_train
3031,-1.209691376,-1.0770315031250328,lgFu_train
3033,-2.301029996,-2.0570139770841482,lgFu_train
3037,-2.346787486,-2.1853304496411665,lgFu_train
3042,-2.0,-1.8517600724428966,lgFu_train
3048,-1.848703451,-2.1138703095110962,lgFu_train
3049,-0.455931956,-1.3120300886481393,lgFu_train
3052,-0.001087096,-0.07519912952849389,lgFu_train
3054,-2.330218385,-2.1329541702020025,lgFu_train
3059,-2.55478949,-1.631985763860137,lgFu_train
3061,-1.205279651,-0.765886311750895,lgFu_train
3066,-1.15490196,-1.0701767478066155,lgFu_train
3070,-2.0,-1.746189424898256,lgFu_train
3073,-0.012000143,-0.21221682975820225,lgFu_train
3082,-0.015854045,-0.16612342174176845,lgFu_train
3100,-0.815308569,-0.6448717616635289,lgFu_train
3102,-1.184222449,-1.7322995458660084,lgFu_train
3108,-1.0,-0.5906999012280217,lgFu_train
3114,-0.37161107,-0.4721174805795619,lgFu_train
3117,-0.301029996,-0.45302882470046724,lgFu_train
3120,-0.782671815,-0.5669965482297401,lgFu_train
3121,-0.924453039,-0.9163708182969147,lgFu_train
3143,-1.416423418,-1.1797016013308068,lgFu_train
3148,-0.522878738,-0.6856227693391406,lgFu_train
3150,-0.036212173,-0.24340872569086636,lgFu_train
3152,-0.989198642,-1.5024438936569278,lgFu_train
3154,-0.154901963,-0.3159260733651642,lgFu_train
3155,-0.823908726,-1.2890873195590429,lgFu_train
3158,-0.673459331,-0.8800760941015646,lgFu_train
3181,-1.522878745,-1.231789163923254,lgFu_train
3182,-0.22184875,-0.17371891180964577,lgFu_train
3191,-1.698970004,-2.150070915328869,lgFu_train
3198,-2.257274869,-2.0953276965944196,lgFu_train
3224,-2.903089987,-2.7414309106511636,lgFu_train
3225,-0.061980903,-0.2026912006345366,lgFu_train
3235,-1.002176919,-1.354413032701715,lgFu_train
3247,-1.234331445,-1.679183407787444,lgFu_train
3261,-1.15490196,-0.8539092635291721,lgFu_train
3278,-1.0,-1.0411688779791102,lgFu_train
3279,-0.459045191,-0.2601881307287068,lgFu_train
3281,-0.338818553,-0.3612099163768536,lgFu_train
3282,-0.301029996,-0.4001766086957172,lgFu_train
3285,-1.744727495,-1.899594821467439,lgFu_train
3286,-3.0,-2.6679045250143076,lgFu_train
3291,-0.001087096,-0.18176935754225224,lgFu_train
3293,-1.970858927,-1.8347177848485725,lgFu_train
3295,-0.958607315,-0.7849545095777697,lgFu_train
3304,-0.488116639,-1.2631911009951067,lgFu_train
3307,-1.15490196,-1.004669015606202,lgFu_train
3308,-2.0,-1.5962861072861292,lgFu_train
3312,-2.0,-1.912645412117979,lgFu_train
3314,-0.716334739,-0.5272773384532483,lgFu_train
3324,-0.070581069,-0.10116698860799057,lgFu_train
3331,-0.11350928,-0.3129561512662725,lgFu_train
3333,-2.0,-1.6287674645641383,lgFu_train
3335,-1.756961951,-1.8111651961198603,lgFu_train
3336,-1.618285999,-1.5749175251762304,lgFu_train
3339,-2.042153366,-2.305865406192712,lgFu_train
3341,-0.920818754,-0.5951556682436702,lgFu_train
3342,-2.187086643,-1.8990337516180062,lgFu_train
3345,-0.756961951,-0.5977816681333666,lgFu_train
3346,-2.903089987,-2.6396110445673004,lgFu_train
3348,-0.443513273,-1.1769278474397575,lgFu_train
3352,-2.903089987,-2.1831036574941605,lgFu_train
3360,-0.823908726,-1.4842855682171165,lgFu_train
3366,-0.015472687,-0.2073821227603493,lgFu_train
3367,-0.086627728,0.020753491047639995,lgFu_train
3371,-1.0,-1.8740936621788002,lgFu_train
3372,-1.539677499,-1.5113879093772056,lgFu_train
3378,-1.301029987,-1.8547353588909246,lgFu_train
3379,-0.301029996,-0.5852877963951155,lgFu_train
3380,-0.632023214,-0.7905096574422046,lgFu_train
3383,-0.721475035,-1.769755997887404,lgFu_train
3386,-1.177157896,-0.695282420035448,lgFu_train
3387,-2.0,-1.2101000645939104,lgFu_train
3393,-1.522878745,-1.0213313497410874,lgFu_train
3394,-2.0,-1.8043533586577503,lgFu_train
3397,-1.328496553,-1.3866800662191048,lgFu_train
3399,-1.348888667,-1.412916625757035,lgFu_train
3403,-2.196594427,-1.1976028400823147,lgFu_train
3404,-0.611721137,-0.6541080454281641,lgFu_train
3406,-0.001087096,-0.17971652467043803,lgFu_train
3410,-0.293439007,-0.7524405526041598,lgFu_train
3413,-0.795880017,-0.6387313296231284,lgFu_train
3415,-0.070581074,-0.20683476289137848,lgFu_train
3420,-1.301029987,-1.5803910940254011,lgFu_train
3440,-0.46470588,-1.1881061012002132,lgFu_train
3461,-0.002176919,-0.05469217012698321,lgFu_train
3463,-2.080575455,-2.0514261489809487,lgFu_train
3468,-1.858767067,-1.0409577006967243,lgFu_train
3473,-0.850780887,-0.7206857592009591,lgFu_train
3475,-1.045757491,-1.2053924600902404,lgFu_train
3476,-2.079181237,-1.7176276932969745,lgFu_train
3487,-0.301029996,-0.3202990351518858,lgFu_train
3488,-2.331270369,-2.290013262801753,lgFu_train
3494,-0.305394801,-0.1360405310116553,lgFu_train
3503,-2.0,-2.4967767278429385,lgFu_train
3510,-0.455931958,-0.606378164034414,lgFu_train
3518,-0.022276397,0.051419032667485626,lgFu_train
3589,-1.363231924,-1.8058784653207234,lgFu_train
3592,-0.001087096,-0.5341551721251454,lgFu_train
3606,-2.1123827,-2.177977086649455,lgFu_train
3608,-0.277091992,-0.2465407666178125,lgFu_train
3627,-1.217527376,-1.0756441084906396,lgFu_train
3637,-0.903089987,-0.4699184999358992,lgFu_train
3639,-0.22184875,-0.38504038773294497,lgFu_train
3647,-0.602059991,-0.4396253269983993,lgFu_train
3648,-0.056340637,-0.29971680693921476,lgFu_train
3649,-0.657577319,-0.5331223629356255,lgFu_train
3652,-0.257013164,-0.5783340944732784,lgFu_train
3653,-1.756961951,-1.7452504878281931,lgFu_train
3658,-1.087246696,-1.1052406047812549,lgFu_train
3672,-1.15490196,-1.0148171530274155,lgFu_train
3685,-1.193820026,-0.9876416925477184,lgFu_train
3686,-1.0,-1.2157133808390885,lgFu_train
3687,-0.001087096,-0.0018297661409029074,lgFu_train
3690,0.0,-0.10426302643267689,lgFu_train
3693,-0.09691001,-0.37480159840881194,lgFu_train
3696,-0.522878745,-0.6505004021061805,lgFu_train
3702,-0.654547728,-1.2252905115251258,lgFu_train
3715,-2.0,-1.8512324530335242,lgFu_train
3718,-2.0,-1.4041369348396027,lgFu_train
3734,-0.000543208,-0.1679000405429418,lgFu_train
3735,-0.677780716,-0.9650512435980599,lgFu_train
3736,-0.004364804,-0.23342702824158826,lgFu_train
3737,-0.008773924,-0.25762064950812913,lgFu_train
3746,-0.09691001,-0.18342995624955946,lgFu_train
3747,-2.27572413,-2.1100802192247956,lgFu_train
3750,-0.353046123,-0.6678207483862169,lgFu_train
3755,-0.022276395,-0.17240577354716957,lgFu_train
3778,-0.045757495,-0.9222179806082335,lgFu_train
3780,-0.121095399,-0.19092100082513574,lgFu_train
3783,-0.001087096,-0.5913173705120368,lgFu_train
3793,-2.664207931,-2.2519739516155983,lgFu_train
3817,-2.0,-1.8404773104075898,lgFu_train
3821,-0.169853759,-0.30257228419143345,lgFu_train
3826,-1.795880017,-1.0499933989432204,lgFu_train
3827,-0.698970004,-0.9093341713039353,lgFu_train
3877,-0.062983893,-0.04569797773612565,lgFu_train
3878,-0.350338985,-0.5993943437064527,lgFu_train
3889,-0.366531544,-0.7205391770074971,lgFu_train
3899,-2.0,-1.68365698551702,lgFu_train
3902,-0.397940009,-0.9170196408338305,lgFu_train
3913,-0.110698297,-0.7102540704610216,lgFu_train
3915,-0.346787489,-0.9247323415296121,lgFu_train
3918,-0.221848742,-0.42517050701995157,lgFu_train
3932,-2.397940009,-1.7988828798297494,lgFu_train
3938,-0.522878738,-0.5391621571753243,lgFu_train
3947,-2.0,-1.9051098309263264,lgFu_train
3948,-0.145086978,-0.29704900085212815,lgFu_train
3955,-1.328000466,-1.1561567879372474,lgFu_train
3956,-0.124938737,-0.3149155218536159,lgFu_train
3957,-1.702458332,-1.8921588180782276,lgFu_train
3981,-1.0,-0.7158077643098062,lgFu_train
4004,-1.132237975,-1.0315558028764735,lgFu_train
4011,-0.920818754,-0.6497770488339182,lgFu_train
4031,-0.602059991,-1.0593793403798186,lgFu_train
4037,-2.0,-2.1325703180519424,lgFu_train
4044,-2.0,-1.8160133309218,lgFu_train
4047,-0.455931962,-0.7677026838829781,lgFu_train
4053,-0.886056648,-0.5889667269235235,lgFu_train
4060,-0.221848742,-0.36855467082204235,lgFu_train
4064,-0.022276396,-0.05474771302243307,lgFu_train
4066,-1.0,-1.4882869154254859,lgFu_train
4075,-0.366531544,-0.2904743945545671,lgFu_train
4076,-0.070581069,-0.269854878892512,lgFu_train
4078,-1.11463878,-1.2143890884734954,lgFu_train
4080,-1.698970004,-2.0280495213618606,lgFu_train
4087,-0.259637311,-0.06666461355192235,lgFu_train
4091,0.0,-0.1428605974123716,lgFu_train
4095,-0.795880017,-0.7698108558744936,lgFu_train
4100,-0.346787491,-0.29574926425103365,lgFu_train
4101,-0.453457337,-0.31283722204808206,lgFu_train
4103,-0.323306394,-0.28650376772346975,lgFu_train
4109,-0.145086978,-0.2997669906187997,lgFu_train
4114,-1.036623047,-1.4204829028002703,lgFu_train
4115,-2.008773924,-2.6483260467885303,lgFu_train
4130,-1.605767273,-2.299312287054126,lgFu_train
4133,-0.970616222,-0.509675520797827,lgFu_train
4139,-0.420216403,-0.5909872465759826,lgFu_train
4140,-0.18708665,-0.4553644575679959,lgFu_train
4158,-0.122340757,-0.3358015213782867,lgFu_train
4162,-0.397940003,-0.24304058142447632,lgFu_train
4163,-0.468521083,-0.5012004983978968,lgFu_train
4168,-0.15490196,-0.21016438672290289,lgFu_train
4169,-0.750663017,-0.950895641170276,lgFu_train
4170,-1.301029996,-1.294682561914414,lgFu_train
4171,-0.055517328,-0.30770118938085345,lgFu_train
4173,-0.096910013,-0.09123229781965811,lgFu_train
4184,-0.978810701,-0.7545257396585019,lgFu_train
4189,-1.301029987,-2.013411880963792,lgFu_train
4192,-1.408935393,-1.0857046906843915,lgFu_train
4196,-2.280136336,-2.1575008585078885,lgFu_train
4205,-0.823908741,-0.6424358583569779,lgFu_train
4235,-0.113509275,-0.36340974615013455,lgFu_train
4236,-0.397940003,-0.5654326766430903,lgFu_train
4240,-2.638272164,-2.210668811308701,lgFu_train
4260,-0.130768277,-0.4215647697561942,lgFu_train
4271,-1.522878745,-1.0092168152281724,lgFu_train
4284,-0.447957823,-0.4778895563809283,lgFu_train
4409,-2.0,-1.6586205462094101,lgFu_train
4417,-1.0,-0.8137404117908166,lgFu_train
4419,-0.204989441,-0.3713348097764336,lgFu_train
4422,-0.191563947,-0.5029391858700484,lgFu_train
4428,-0.100544297,-0.3646785820988669,lgFu_train
4443,-1.572676214,-1.0430033268890273,lgFu_train
4449,-2.0,-1.3417364393595879,lgFu_train
4450,-0.568636236,-0.6894883294226767,lgFu_train
4451,-2.0,-2.2596533061401196,lgFu_train
4456,-0.030739442,-0.0419159645999432,lgFu_train
4460,-0.010995385,-0.3126525980713785,lgFu_train
4463,-0.397940009,-1.1082808191491422,lgFu_train
4474,-1.301029996,-0.749953940420251,lgFu_train
4475,-1.301029987,-0.7444817735289768,lgFu_train
4477,-2.109247462,-2.299261021392856,lgFu_train
4488,-1.0,-1.594751914319356,lgFu_train
4493,-0.777283529,-1.235776685047066,lgFu_train
4495,-1.560667306,-1.8490648038593447,lgFu_train
4497,-1.301029996,-1.0348354044934902,lgFu_train
4500,-0.316322701,-0.5799767758664872,lgFu_train
4510,-0.397940003,-0.2803678076486965,lgFu_train
4528,-0.397940009,-0.5633513408415365,lgFu_train
4536,-0.900319359,-1.2925626938255717,lgFu_train
4539,-0.064492734,-0.26916475989745786,lgFu_train
4542,-1.449429031,-1.3862141543183495,lgFu_train
4543,-0.920818754,-0.7822778609662361,lgFu_train
4552,-2.886056648,-2.1452860576491846,lgFu_train
4580,-3.0,-2.1178507816507235,lgFu_train
4595,-0.568636236,-0.6935033479420216,lgFu_train
4599,-2.0,-2.516783941961603,lgFu_train
4601,-0.096910013,-0.708608221631221,lgFu_train
4603,-0.236572006,-0.34462854201447685,lgFu_train
4605,-0.001087096,-0.1651762233547927,lgFu_train
4614,-2.935235613,-2.211800644437335,lgFu_train
4615,-1.045757481,-1.6174356324987547,lgFu_train
4616,-1.397940009,-1.5623852969450207,lgFu_train
4627,-0.031517049,-0.06157495990616858,lgFu_train
4632,-2.021363052,-1.6616140365758487,lgFu_train
4641,-2.0,-1.6063350125141156,lgFu_train
4649,-0.420216403,-0.27942843071636436,lgFu_train
4674,-0.065501546,-0.15744005645252448,lgFu_train
4675,-1.045757491,-1.0350592148065656,lgFu_train
4680,-1.13667714,-1.3284684035426246,lgFu_train
4684,-0.638272164,-0.7270535928933307,lgFu_train
4685,-1.639974911,-1.7587249674234147,lgFu_train
4723,-0.301029996,-0.2484732269081771,lgFu_train
4724,-1.301029987,-0.7462069920723389,lgFu_train
4727,-0.698970004,-0.17337761549492292,lgFu_train
4735,-0.522878738,-0.6750253816793136,lgFu_train
4736,-0.410795331,-0.3789320785797565,lgFu_train
4737,-0.346787486,-0.3674388946975862,lgFu_train
4740,-0.001087096,-0.11463711687593137,lgFu_train
4744,-1.301029987,-1.3150766733591162,lgFu_train
4745,-1.0,-0.607595242575466,lgFu_train
4748,-1.15490196,-1.4637961319693984,lgFu_train
4754,-0.206084489,-0.48856804867191306,lgFu_train
4759,-0.602059991,-0.45192926828223073,lgFu_train
4760,-1.522878745,-1.744498124156041,lgFu_train
4763,-0.305394801,-0.44935265642652034,lgFu_train
4764,-1.506401826,-1.8937037742057816,lgFu_train
4766,-0.95210857,-1.8835189636036882,lgFu_train
4781,-1.677780705,-1.6585138791491665,lgFu_train
4782,-0.309803916,-0.1798986592626806,lgFu_train
4793,-2.367542708,-2.363492200013561,lgFu_train
4794,-0.004364803,-0.1639744865700485,lgFu_train
4810,-0.031517051,-0.23576093833948167,lgFu_train
4811,-0.155522824,-0.321797495754216,lgFu_train
4819,-0.004364803,-0.18509408485153553,lgFu_train
4826,-0.221848742,-0.5581683707275437,lgFu_train
4829,-2.049816436,-2.008138175513481,lgFu_train
4835,-0.259637308,-0.39165194785427804,lgFu_train
4848,-0.084172168,-0.4896966052629613,lgFu_train
4849,-1.231608588,-1.418836358097411,lgFu_train
4853,-0.886056648,-0.7115708686988326,lgFu_train
4870,-0.823908726,-0.8021442189578427,lgFu_train
4872,-1.22184875,-1.2402937912128082,lgFu_train
4883,-0.154901963,-0.30282294468506327,lgFu_train
4884,-0.022276397,-0.09086767652698109,lgFu_train
4885,-0.070581069,-0.4515900036143896,lgFu_train
4889,-0.371761397,-0.7075605008543623,lgFu_train
4890,-1.522878745,-1.6663296454817507,lgFu_train
4891,-0.769551079,-0.599550192435843,lgFu_train
4893,-1.309894379,-1.1933576239223436,lgFu_train
4908,-0.546617055,-0.4909538320720465,lgFu_train
4909,-0.09691001,-0.31656920135201455,lgFu_train
4911,-0.886056648,-0.4891340102335595,lgFu_train
4913,-0.088842391,-0.09313338808329809,lgFu_train
4914,-0.026872146,-0.14370147692814955,lgFu_train
4917,-1.57921938,-1.625655527470116,lgFu_train
4920,-1.604978734,-1.2877371671112714,lgFu_train
4923,-0.823908726,-0.4569266005944385,lgFu_train
4926,-0.958607315,-1.090412522375938,lgFu_train
4927,-1.15490196,-1.2880306558206787,lgFu_train
4928,-1.804100348,-1.418485807063302,lgFu_train
4931,-0.462180905,-0.8123303285677846,lgFu_train
4932,-1.301029996,-1.2255959396071152,lgFu_train
4933,-1.432973634,-0.9068255826164172,lgFu_train
4936,-1.876148359,-2.0905885864595746,lgFu_train
4937,-1.426913626,-1.7618594842361952,lgFu_train
4942,-1.124938737,-1.054221866334441,lgFu_train
4944,-0.664224932,-0.6308574544747108,lgFu_train
4946,-1.0,-0.5994381000622496,lgFu_train
4947,-1.588380294,-1.0813503050498374,lgFu_train
4951,-0.823908726,-1.1999857017200053,lgFu_train
4991,0.0,-0.19095639396590663,lgFu_train
4993,-1.032442655,-0.8311735511351886,lgFu_train
4999,-1.301029987,-1.5429122802640542,lgFu_train
5005,-1.450851232,-0.9412892801983798,lgFu_train
5018,-1.096367484,-0.9097261729973183,lgFu_train
5021,-1.207608311,-1.0205904088640114,lgFu_train
5036,-1.562249437,-1.530298161166344,lgFu_train
5052,-2.222286703,-1.769584169708447,lgFu_train
5053,-2.903089987,-2.1662949233754922,lgFu_train
5054,-0.127964965,-0.20138159178072504,lgFu_train
5064,-0.004364804,0.05973672262868002,lgFu_train
5071,-0.221848742,-0.3633451550373603,lgFu_train
5073,-1.0,-0.9971944489109361,lgFu_train
5078,-0.065501547,-0.27909279325042974,lgFu_train
5090,-1.023603778,-1.211084277530956,lgFu_train
5092,-0.762456262,-1.0965212170379603,lgFu_train
5097,-1.142667504,-1.2035425270744822,lgFu_train
5102,-1.667830947,-2.027355795577985,lgFu_train
5106,-0.657577319,-0.41577131379128895,lgFu_train
5118,-0.960585881,-0.7620623005487664,lgFu_train
5143,-0.156144577,-0.5192243025672134,lgFu_train
5144,-1.747362981,-0.7099651303898266,lgFu_train
5152,-1.288869275,-0.8443342623069415,lgFu_train
5184,-0.045757491,-0.22450951288688553,lgFu_train
5203,-1.869368565,-1.4560459847715035,lgFu_train
5210,-1.301029987,-0.7319023887320086,lgFu_train
5224,-0.823908734,-0.369396975806019,lgFu_train
5245,-0.119186408,-0.1632170629053992,lgFu_train
5297,-0.194952476,-0.26983191064743384,lgFu_train
5304,-0.3400838,-0.2507706270824711,lgFu_train
5311,-0.537602006,-0.7522497078418167,lgFu_train
5314,-0.154901963,0.1588246885223065,lgFu_train
5316,-0.207608311,-0.2927817272313562,lgFu_train
5317,-0.301029996,-0.2074161119255245,lgFu_train
5320,-0.744727483,-0.28581990074040764,lgFu_train
5323,-1.301029987,-1.2254462727789543,lgFu_train
5324,-0.036212168,-0.07045152979580613,lgFu_train
5325,-0.823908726,-0.6687931139390892,lgFu_train
5327,-0.789146628,-1.1552352502955203,lgFu_train
5328,-1.187086643,-1.4598274390586297,lgFu_train
5330,-0.602059991,-0.7707030131919966,lgFu_train
5335,-1.765088987,-1.145562562932735,lgFu_train
5336,-0.301029996,-0.5346938592020759,lgFu_train
5338,-2.431798276,-1.168545690598136,lgFu_train
5340,-0.481486054,-0.5781487003536552,lgFu_train
5342,-1.769551079,-1.7644634451337406,lgFu_train
5345,-2.124938737,-1.8043391693858306,lgFu_train
5352,-1.15490196,-1.1869970086650568,lgFu_train
5355,-0.180456064,-0.3560396292191638,lgFu_train
5359,-2.0,-1.7601414467052061,lgFu_train
5366,-0.14976232,-0.35816328972562533,lgFu_train
5372,-1.397940009,-1.2655447432823776,lgFu_train
5376,-2.47820835,-2.114574029736783,lgFu_train
5378,-0.154901963,-0.31127849901756277,lgFu_train
5381,-2.301029996,-2.5233711291810597,lgFu_train
5383,-0.379305034,-0.7125617292219771,lgFu_train
5391,-1.619788758,-1.5781721741692754,lgFu_train
5394,-0.070581069,-0.046093723416037236,lgFu_train
5396,-2.42404283,-2.151905231902025,lgFu_train
5401,-1.0,-0.8749720120546636,lgFu_train
5402,-2.0,-1.5764359512007098,lgFu_train
5405,-1.698970004,-1.452860769832565,lgFu_train
5407,-0.823908741,-1.1520076145079976,lgFu_train
5411,-0.823908726,-0.4278651713925631,lgFu_train
5426,-0.383699568,-0.27376003796325155,lgFu_train
5429,-0.019996628,-0.20490992827866258,lgFu_train
5430,-0.858989447,-0.9127115867645088,lgFu_train
5452,-2.051964354,-1.8217726052222056,lgFu_train
5453,-0.045757493,-0.07673083855552967,lgFu_train
5468,-1.698970004,-1.9892188576389114,lgFu_train
5470,-1.397940009,-1.2855480017479894,lgFu_train
5471,-0.28539086,-0.12409259188296111,lgFu_train
5475,-0.286257522,-0.639532398687388,lgFu_train
5479,-0.055517328,-0.030389865107105056,lgFu_train
5480,-1.096910018,-1.0736215245083824,lgFu_train
5486,-0.317068892,-0.6393602998872969,lgFu_train
5496,-0.010995385,-0.2858414209200378,lgFu_train
5503,-1.22184875,-0.9360163811632799,lgFu_train
5505,-1.301029996,-0.9094370893794202,lgFu_train
5509,-2.338890353,-1.2735209097666964,lgFu_train
5514,-0.070581069,-0.20563841322309082,lgFu_train
5515,-0.155937227,-0.48009745037468365,lgFu_train
5516,-1.602059991,-2.1304451396278816,lgFu_train
5523,-0.087069761,-0.33354524294752613,lgFu_train
5525,-0.795880017,-0.8280651655840673,lgFu_train
5526,-0.013228259,0.02185212307769535,lgFu_train
5533,-1.096910013,-0.9002322048207911,lgFu_train
5538,-1.301029987,-1.6945908062657633,lgFu_train
5543,-2.903089987,-2.8242634979056565,lgFu_train
5546,-0.431993948,-0.5487275702954785,lgFu_train
5564,-2.469800302,-2.3300478062172276,lgFu_train
5567,-1.11463878,-1.188557695863837,lgFu_train
5568,-1.301029996,-1.4666439995608198,lgFu_train
5569,-2.424812155,-2.984499519453741,lgFu_train
5572,-0.431798276,-0.7226438839390157,lgFu_train
5574,-0.823908726,-1.1701658618881652,lgFu_train
5576,-0.033467187,-0.23175651583781062,lgFu_train
5578,-0.251811973,-0.5045377654509515,lgFu_train
5583,-1.346787486,-1.245181799659229,lgFu_train
5584,-1.301029996,-0.8055263419297943,lgFu_train
5588,-0.59508552,-0.7192115053518969,lgFu_train
5591,-2.775291647,-2.519157338588345,lgFu_train
5595,-0.522878738,-0.579396212748707,lgFu_train
5596,-0.488116639,-0.5098129738666182,lgFu_train
5625,-1.698970004,-1.5921665145213997,lgFu_train
5645,-1.522878745,-1.239690522751088,lgFu_train
5650,-2.01037761,-1.8562882331304698,lgFu_train
5656,-0.13667714,-0.33895624945640423,lgFu_train
5665,-0.001087096,-0.09930785285968495,lgFu_train
5666,-1.0,-0.49789374699970707,lgFu_train
5672,-0.161150909,-0.4299823334516321,lgFu_train
5673,-0.468521083,-0.4775285656730618,lgFu_train
5677,-0.065501546,-0.024324453844622337,lgFu_train
5685,-1.619788758,-1.404693386034025,lgFu_train
5694,-2.263280208,-2.2984042445443817,lgFu_train
5718,-0.013228259,-0.0061082579111799325,lgFu_train
5719,-0.397940009,-0.9447967116654478,lgFu_train
5724,-2.040958608,-1.7744361560756718,lgFu_train
5732,-1.124938737,-0.9088730218196266,lgFu_train
5733,-1.756961951,-1.3910994251655915,lgFu_train
5734,-0.221848742,-0.3372968266154884,lgFu_train
5736,-1.522878745,-1.7885770199072666,lgFu_train
5743,-0.638272164,-0.40960272450398666,lgFu_train
5749,-1.15490196,-0.5919740493145828,lgFu_train
5755,-0.698970004,-0.4568433419118179,lgFu_train
5757,-0.455931956,-0.7286631829673377,lgFu_train
5775,-0.337242164,-0.5093789500477558,lgFu_train
5794,-2.903089987,-1.6267353925991004,lgFu_train
5833,-1.0,-0.6850443245268116,lgFu_train
5838,-0.522878738,-0.2701102204541827,lgFu_train
5853,-0.15739076,-0.290080608192238,lgFu_train
5865,-0.59345982,-0.5320233624832831,lgFu_train
5904,-0.37161107,-0.33887058868036896,lgFu_train
5953,-1.0,-0.5500024236730084,lgFu_train
6001,-3.0,-2.462033855941363,lgFu_train
6009,-0.033858268,-0.6483806679566408,lgFu_train
6013,-1.698970004,-0.745780442752316,lgFu_train
6018,-0.823908726,-0.6783673885940444,lgFu_train
6051,-1.767006887,-1.2388202090731668,lgFu_train
6082,-0.070581074,-0.14204605019690436,lgFu_train
6093,-0.823908726,-0.2148063988747606,lgFu_train
6129,-0.160077414,-0.5419000690014305,lgFu_train
6196,-1.15490196,-1.0813249020171043,lgFu_train
6279,-1.0,-0.8956787355697096,lgFu_train
6294,-1.506597721,-2.458470252882993,lgFu_train
6336,-1.078932033,-1.0978173218291647,lgFu_train
6451,-2.73754891,-2.3793585631184104,lgFu_train
6468,-0.455931956,-0.590383414385232,lgFu_train
6473,-0.173925196,-0.20375711950077854,lgFu_train
6476,-0.001087096,-0.3023867367160423,lgFu_train
6505,-2.025949097,-1.2095693759793178,lgFu_train
6610,-1.779891912,-1.7333742432746633,lgFu_train
6619,-2.223298816,-2.4340663558287394,lgFu_train
6623,-1.112595114,-1.3476804305456629,lgFu_train
6626,-1.239577517,-1.3817851651097761,lgFu_train
6720,-2.903089987,-2.8232495681033436,lgFu_train
6734,-1.343623028,-1.8378766077376898,lgFu_train
6741,-0.657577319,-0.527291814443894,lgFu_train
6781,-0.721246399,-0.7071901656001051,lgFu_train
6795,-0.121860757,-0.22275327880159732,lgFu_train
6834,-0.552841969,-0.44514361948930836,lgFu_train
6838,-1.359706677,-1.208969230779129,lgFu_train
6839,-0.031517049,-0.3525826823865171,lgFu_train
6853,-1.804961519,-1.9716787597193273,lgFu_train
6869,-0.346787486,-0.4244329503465666,lgFu_train
6895,-1.805014157,-2.1673497500606427,lgFu_train
6896,-0.365418955,-0.39835169404313125,lgFu_train
6914,-1.820362048,-2.0376627342250933,lgFu_train
6917,-0.020907099,-0.16550668546739056,lgFu_train
6937,-1.578396073,-1.1725988187856131,lgFu_train
6950,-3.0,-2.6422690124465715,lgFu_train
7000,-0.343668947,-0.316381402687205,lgFu_train
7005,-1.166215625,-1.117689642628692,lgFu_train
7013,-2.659555885,-2.08929380351821,lgFu_train
7017,-1.389872382,-1.609180872114514,lgFu_train
7031,-2.018181393,-1.4672903118432874,lgFu_train
7047,-0.691194508,-0.6349921622673804,lgFu_train
7057,-0.959014084,-0.5748584226231085,lgFu_train
7059,-0.995678626,-0.7485603162096146,lgFu_train
7061,-1.367856647,-0.8525630333079335,lgFu_train
7095,-1.807712866,-1.9833550739710812,lgFu_train
7108,-2.366531544,-2.2585795539245916,lgFu_train
7111,-0.703957932,-0.5105396851484498,lgFu_train
7127,-0.84897672,-0.4591579712097984,lgFu_train
7175,-1.116946315,-0.7243343359649433,lgFu_train
7181,-1.522878745,-1.5760204508623623,lgFu_train
7184,-1.381199917,-0.8733445309795124,lgFu_train
7185,-3.0,-2.2925862557330756,lgFu_train
7204,-1.736873076,-1.1125715283062698,lgFu_train
7220,-0.542118103,-0.4957854113650788,lgFu_train
7242,-0.14691047,-0.338682043140351,lgFu_train
7247,-0.808018319,-0.9331520800864151,lgFu_train
7255,-0.838631998,-0.6077196421890265,lgFu_train
7263,-0.428291168,-0.3852227858661004,lgFu_train
7270,-3.0,-2.509859883382716,lgFu_train
7271,-1.897531991,-1.944952598594008,lgFu_train
7309,-1.342944147,-1.3851583034687047,lgFu_train
7311,-0.841637508,-1.354910773231442,lgFu_train
7393,-0.977942639,-0.8572929277193765,lgFu_train
7410,-0.4867824,-0.7123043238002638,lgFu_train
7416,-0.415233563,-0.5728592320871952,lgFu_train
7422,-1.1119382,-0.7816304996893318,lgFu_train
7430,-2.903089987,-2.203735524783178,lgFu_train
7447,-0.473742248,-0.3058158980030674,lgFu_train
7450,-1.907524987,-1.486128374961235,lgFu_train
7452,-0.407823243,-0.47108146086651315,lgFu_train
7453,-1.216095728,-1.05376128189315,lgFu_train
7456,-1.151429592,-0.4659352578483231,lgFu_train
7471,-1.259779467,-0.6830380677916577,lgFu_train
7473,-0.575304697,-0.7826373893426803,lgFu_train
7500,-0.775725986,-0.9864420476788937,lgFu_train
7501,-0.744534518,-0.5915697119414826,lgFu_train
7541,-2.903089987,-2.5076101069322982,lgFu_train
7542,-1.662923616,-1.655711104168326,lgFu_train
7560,-0.248720896,-0.43401422150677893,lgFu_train
7564,-0.843599273,-1.0881958071838957,lgFu_train
7567,-2.955068454,-1.4660909302782021,lgFu_train
7577,-0.583359493,-0.6017470508219043,lgFu_train
7579,-0.483547923,-0.6214947657843742,lgFu_train
7585,-2.008557496,-1.8981262444962677,lgFu_train
7594,-0.105446359,-0.6878183809379501,lgFu_train
7603,-0.849685929,-0.9512940983373833,lgFu_train
7641,-1.413254983,-2.0907879422306355,lgFu_train
7642,-1.505037681,-2.187967549031419,lgFu_train
7670,-0.669586227,-0.8270794706787706,lgFu_train
7694,-1.222573178,-1.175122049355037,lgFu_train
7768,-0.118615343,-0.16317098300573923,lgFu_train
7780,-0.716698771,-0.9137712079183054,lgFu_train
7784,-0.231211806,-0.8628941521229375,lgFu_train
7812,-0.578396073,-0.46977860268497756,lgFu_train
7813,-0.374687549,-0.33763103591994187,lgFu_train
7820,-2.48e-05,-0.14818833556450076,lgFu_train
7845,-0.298665198,-0.2775409014288235,lgFu_train
7934,-0.260427656,-0.3051628153966628,lgFu_train
8035,-0.031517051,-0.4476415266725785,lgFu_train
8041,0.0,-0.06383279576361434,lgFu_train
8058,-0.714240217,-0.43583145132946116,lgFu_train
8098,-0.08365714,-0.2919798494049553,lgFu_train
8117,-0.013228266,-0.03134525469230101,lgFu_train
8133,-0.079271589,0.010428243296581607,lgFu_train
8139,-1.43920966,-1.4444540373820736,lgFu_train
8141,-1.090016305,-1.1643065376878843,lgFu_train
8153,-1.438898616,-1.9573188560002255,lgFu_train
8189,-0.180456064,-0.04798300034711203,lgFu_train
8190,0.0,-0.1341074822013712,lgFu_train
8227,-2.903089987,-2.2987860739668546,lgFu_train
8249,-0.075720722,-0.17410771238767878,lgFu_train
8271,-0.301029996,-0.36527142778175575,lgFu_train
8280,-0.001087096,-0.2930656627868068,lgFu_train
8289,-2.544850479,-2.0585077469594655,lgFu_train
8295,-0.356547324,-0.6212909416480747,lgFu_train
8341,-1.515700161,-1.3852732141800923,lgFu_train
8346,-1.632699562,-1.7778695526356982,lgFu_train
8370,-2.0,-1.7411366204848628,lgFu_train
8413,-0.892440546,-0.7915428411557837,lgFu_train
8418,-1.598668021,-2.0886258576307295,lgFu_train
8425,-2.902525771,-2.0653902363700762,lgFu_train
8427,-2.041523725,-2.0446562360068095,lgFu_train
8434,-0.975735702,-0.5480511539616251,lgFu_train
8445,-0.393288611,-0.34357288525533597,lgFu_train
8449,-0.638272164,-1.6115665787259554,lgFu_train
8456,-1.037977707,-1.2471918946481722,lgFu_train
8468,-0.358030402,-0.4061369112246064,lgFu_train
8554,-0.182651609,-0.4258133058223571,lgFu_train
8560,-0.016787887,-0.7599500228728477,lgFu_train
8561,-1.006123085,-1.300172025028892,lgFu_train
8571,-1.450996738,-1.3589313476026115,lgFu_train
8572,-1.946921557,-1.5499697073377636,lgFu_train
8575,-0.68104446,-0.9010989915992655,lgFu_train
8635,-0.649751982,-0.3902528102899457,lgFu_train
8693,-0.062983893,-0.31430142292713403,lgFu_train
8698,-0.504455662,-0.8060460091161501,lgFu_train
8800,-0.341912272,-0.47813831432276677,lgFu_train
8814,-1.720675335,-1.5084362159573725,lgFu_train
8854,-0.074228238,-0.1952001067648721,lgFu_train
8944,-1.301029996,-0.6897618079301029,lgFu_train
9034,-0.585026652,-0.328876639245077,lgFu_train
9047,-0.59377061,-0.6720994340090786,lgFu_train
9076,-0.314258261,-0.5830508707134154,lgFu_train
9153,-1.975189,-2.273264330890992,lgFu_train
9154,-1.850997164,-2.1161462746832473,lgFu_train
9161,-1.952451302,-1.7079825981924868,lgFu_train
9331,-1.215858388,-0.6226931443910694,lgFu_train
9340,-1.235823868,-1.0605994185787488,lgFu_train
9395,-0.337242168,-0.6089288767497607,lgFu_train
9417,-1.0,-0.8391107921509616,lgFu_train
9502,-0.975293409,-0.7967853083801273,lgFu_train
9554,-2.392551571,-2.3606744351412434,lgFu_train
9555,-2.847711656,-2.7794333820996755,lgFu_train
9560,-0.171340103,-0.05868651270623434,lgFu_train
9651,-0.086186148,-0.34355591148389625,lgFu_train
9782,-0.443697499,-0.568065679164399,lgFu_train
10229,-2.264799852,-1.9028199577143075,lgFu_train
10298,-0.970616222,-0.942092617941817,lgFu_train
10303,-1.517126416,-1.6611900509212927,lgFu_train
10517,-0.698970004,-0.9885562037901974,lgFu_train
10518,-0.207608311,-0.34318684032781777,lgFu_train
10698,-0.962573502,-1.0178460595548577,lgFu_train
10788,-0.05016885,-0.1796502805797928,lgFu_train
11226,-0.698970004,-0.718487490782488,lgFu_train
11293,-0.628932138,-0.5766633293795672,lgFu_train
11335,-0.680729419,-0.7081391549213945,lgFu_train
11369,-1.047609599,-0.8325965038401693,lgFu_train
11442,-0.537534242,-0.8926250029010598,lgFu_train
11450,-0.935542011,-0.8601655564371044,lgFu_train
11485,-0.396855627,-0.6772370636963306,lgFu_train
11487,-2.488116639,-1.983833387120442,lgFu_train
11742,-1.63638802,-1.4760185219548994,lgFu_train
11761,-0.472370099,-0.7256142818360104,lgFu_train
11813,-0.882801645,-1.1175026750604626,lgFu_train
12059,-0.853871964,-0.7850145716281798,lgFu_train
12101,-0.59345982,-0.7448020746124662,lgFu_train
12454,-1.698970004,-1.678081475836057,lgFu_train
12512,-0.11768042,-0.2967434020893858,lgFu_train
12555,-0.079181248,-0.7835567079561326,lgFu_train
12668,-1.382664102,-1.4517826968282643,lgFu_train
12894,-0.522878738,-1.0056994550019263,lgFu_train
12901,-1.321509255,-1.4838849835899277,lgFu_train
12968,-2.903089987,-2.4106154971143,lgFu_train
13089,-3.0,-2.70204940510619,lgFu_train
13097,-0.995678626,-1.7391905795970806,lgFu_train
13283,-0.6465127,-0.839159104293202,lgFu_train
13387,-0.051587034,-0.18986643753425178,lgFu_train
13492,-0.920818754,-1.218840263121833,lgFu_train
13505,-0.809668302,-1.434019706728244,lgFu_train
13542,-0.584631077,-0.7561337487324645,lgFu_train
13709,-0.571194833,-0.6226371501302822,lgFu_train
13728,-0.521433504,-0.663318492837279,lgFu_train
13754,-0.488428554,-0.576997100218538,lgFu_train
13930,-1.971591689,-2.315572073196874,lgFu_train
14242,-0.155581863,-0.2030014510624118,lgFu_train
14337,-2.903089987,-2.461252678050162,lgFu_train
14403,-0.339134522,-1.6854628882569658,lgFu_train
14955,-0.187086647,-0.5753437983164311,lgFu_train
15004,-0.602059991,-0.661928568012043,lgFu_train
15278,-0.438898616,-1.214546539683653,lgFu_train
15330,-0.672641066,-0.8199258113434906,lgFu_train
15331,-0.027334408,0.005201169282038013,lgFu_train
15413,-0.043351421,-0.29553784968219565,lgFu_train
15415,-0.269217724,-0.37149212599663717,lgFu_train
15438,-0.023191663,-0.028121206893033202,lgFu_train
15488,-0.311580178,-1.3671581104411688,lgFu_train
15531,-0.301029996,-0.5862426169920957,lgFu_train
15553,-0.346003954,-1.054435911092062,lgFu_train
15600,-1.174119701,-1.449154349658113,lgFu_train
15629,-0.688246139,-0.5293141886960806,lgFu_train
15730,-3.0,-2.46540855418489,lgFu_train
15797,-3.0,-2.5792428414149624,lgFu_train
15965,-0.934607038,-1.0365745793661414,lgFu_train
16004,-2.903079894,-2.76951527346926,lgFu_train
16078,-1.522878745,-1.4608694594768104,lgFu_train
16181,-2.903089987,-2.3352920823280234,lgFu_train
16224,-0.249698388,-0.047588731420431275,lgFu_train
16231,-0.179530822,-0.14203880318535647,lgFu_train
16362,-1.301029987,-1.6803346568855253,lgFu_train
16562,-0.586444318,-0.6149812426262831,lgFu_train
16653,-1.010887751,-1.2561634848928303,lgFu_train
16720,-0.198405599,-0.3353509241723629,lgFu_train
16886,-0.000543208,0.0271809952432647,lgFu_train
16888,-1.821023053,-1.6872258247331102,lgFu_train
16945,-1.821511535,-1.6646037445436468,lgFu_train
16958,-3.0,-2.485716173902163,lgFu_train
17012,-1.301029987,-1.7210872856771053,lgFu_train
17016,-1.041914151,-1.0825291173670017,lgFu_train
17134,-1.22184875,-0.8525417581262678,lgFu_train
17142,-0.395773947,-0.2687888926424832,lgFu_train
17432,-2.903089987,-2.6494463611169934,lgFu_train
17520,-3.0,-1.7760274217014276,lgFu_train
17581,-0.238399255,-0.3735711192626838,lgFu_train
17739,-1.150580586,-1.3025512703147184,lgFu_train
17818,-0.218963061,-0.2526852453899191,lgFu_train
17925,-1.301029996,-1.623881778191638,lgFu_train
18020,-1.634512015,-1.1520990395000945,lgFu_train
18206,-0.28567024,0.04770922104551309,lgFu_train
18343,-0.214670165,-0.15306263964436675,lgFu_train
18381,-1.48148606,-1.5119326365815469,lgFu_train
18752,-0.341035157,-0.31059716758619854,lgFu_train
19191,-1.301029996,-2.085428294854972,lgFu_train
19395,-1.68613278,-2.026289079165519,lgFu_train
19539,-2.446116973,-1.8183172307222306,lgFu_train
19861,-0.045757495,-0.7381520375320191,lgFu_train
19988,-2.025949097,-1.5329415432929303,lgFu_train
20313,-0.698970004,-0.44900107838535763,lgFu_train
20352,-0.782516056,-0.8692533808732187,lgFu_train
20392,-0.42945706,-0.44750641514940476,lgFu_train
21262,-1.170053304,-0.859366674757334,lgFu_train
21307,-0.75488356,-1.2333197095817485,lgFu_train
21319,-1.26760624,-1.3551448330778655,lgFu_train
21772,-1.301029987,-1.0253969259360083,lgFu_train
21803,-2.903089987,-2.8077746400458246,lgFu_train
22401,-0.176460566,-0.4778216916834672,lgFu_train
22530,-0.017728771,-0.9028538580624903,lgFu_train
22563,-0.313363731,-0.5759768911561519,lgFu_train
23353,-0.046723663,-0.04338925041298815,lgFu_train
23480,-1.096910013,-0.6497497145262661,lgFu_train
23568,-0.905412422,-0.948163319575657,lgFu_train
24749,-0.154901963,-0.08470126536092815,lgFu_train
25215,-0.522878738,-0.9945736237214318,lgFu_train
25419,-0.193820029,-0.20720775194235802,lgFu_train
25429,-0.334166926,-0.397942452559548,lgFu_train
25654,-0.301029996,-0.2613665351813328,lgFu_train
25670,-1.514278574,-1.5943729128735802,lgFu_train
26177,-1.967421528,-1.6743380767504588,lgFu_train
26618,-2.0,-1.6905659038311407,lgFu_train
26709,-0.221848742,-0.8511189121306302,lgFu_train
26757,-0.823908741,-0.35914026863609383,lgFu_train
27189,-2.903089987,-1.6570550701995177,lgFu_train
27195,-1.124168865,-1.571698961851586,lgFu_train
27400,-1.045757481,-1.097187991354127,lgFu_train
27661,0.0,-0.1460372567682246,lgFu_train
27775,-0.602059991,-0.8969162887810058,lgFu_train
28061,-0.070581069,-0.06468540971579884,lgFu_train
28780,-2.902782615,-1.2303442696419598,lgFu_train
28871,-2.602059991,-2.434887608007676,lgFu_train
29732,-2.512861625,-2.4767179801992896,lgFu_train
30623,-0.003281884,-0.22531503272256595,lgFu_train
30692,-0.480172006,-0.6269840301239622,lgFu_train
30773,-0.49950692,-0.80620801271095,lgFu_train
30951,-2.0,-0.9357887850958827,lgFu_train
31070,-1.398483216,-1.0114772153740013,lgFu_train
31099,-0.052622326,-0.359643792190668,lgFu_train
31200,-2.903089987,-2.462560121230455,lgFu_train
31208,-1.235077015,-1.5085767458365724,lgFu_train
31236,-0.527801277,-0.38340667977661547,lgFu_train
31275,-0.026983044,-0.01521364783322664,lgFu_train
31307,-0.494850022,-0.2852426202854736,lgFu_train
31356,-2.153044675,-1.9538393038562585,lgFu_train
31357,-1.458358549,-1.6809356496801244,lgFu_train
31405,-1.709208817,-1.5061492925947002,lgFu_train
31423,-1.61704792,-2.11782193464322,lgFu_train
31553,-1.301029996,-1.3625341142338467,lgFu_train
31645,-0.788996551,-0.5916563802091099,lgFu_train
31657,-0.101039367,-0.3197381387448148,lgFu_train
31677,-2.903089987,-2.212329953299262,lgFu_train
31736,-1.453468842,-1.4313610271077768,lgFu_train
32184,-1.30980392,-1.3279991569352851,lgFu_train
32329,-0.677780705,-0.33283000853648315,lgFu_train
32490,-0.074388511,0.06998265277844956,lgFu_train
32518,-2.572045848,-2.1639232595530187,lgFu_train
32778,-1.15490196,-1.7040661476412151,lgFu_train
32872,-1.978810701,-2.113824516212432,lgFu_train
33259,-1.863279433,-1.662767182365088,lgFu_train
33360,-0.883132244,-0.9400511204198798,lgFu_train
33443,-1.336299075,-1.498869962266022,lgFu_train
33528,-1.549381298,-1.9000385967262303,lgFu_train
33584,-2.602059991,-1.973651358721954,lgFu_train
33624,-0.045757491,-0.3440971172113588,lgFu_train
33625,-0.800427645,-1.1824904414912807,lgFu_train
33671,-1.718966633,-1.5893096639549675,lgFu_train
33887,-2.0,-1.7717251632635882,lgFu_train
34192,-2.903086721,-2.531749339456524,lgFu_train
34312,-0.259637307,-0.7574597550850668,lgFu_train
34469,-2.903089987,-2.878317247997514,lgFu_train
34521,-0.307593765,-0.237908866453635,lgFu_train
34526,-2.099632871,-2.079714539144627,lgFu_train
34633,-0.920818754,-1.2572482572296364,lgFu_train
35370,-0.207608311,-0.039463438588147694,lgFu_train
35455,-1.301029987,-1.5248179381545315,lgFu_train
35510,-0.126737541,-0.2304060947664803,lgFu_train
35754,-1.940247306,-1.188265767471571,lgFu_train
36187,-3.0,-2.5992403367621124,lgFu_train
36242,-1.301899454,-1.0493967997741422,lgFu_train
36314,-1.602059991,-1.6336363401622973,lgFu_train
36324,-2.903084741,-2.310898074086447,lgFu_train
36339,-0.628932141,-0.5545138486615452,lgFu_train
36382,-2.158015195,-2.1683637575751202,lgFu_train
36400,-3.0,-2.7162235996172086,lgFu_train
36458,-0.058637664,-0.09970829477874911,lgFu_train
36462,-1.522878745,-1.391868789426814,lgFu_train
36565,-2.903089987,-2.7180482816128464,lgFu_train
36647,-3.0,-2.7565606830462928,lgFu_train
36679,-0.588380294,-0.48805769392717396,lgFu_train
37034,-3.0,-2.747361877701807,lgFu_train
37123,-1.511449283,-1.8115070645662088,lgFu_train
37175,-1.523946496,-1.4695571796247568,lgFu_train
37393,-0.455931956,-1.3974252389915915,lgFu_train
37497,-1.22184875,-0.48884371558097856,lgFu_train
37517,-2.903089987,-1.7822234646283523,lgFu_train
37632,-0.508638306,-0.6310815698883941,lgFu_train
38024,-3.0,-2.5960291238380204,lgFu_train
38207,-0.721246399,-0.6635894705172407,lgFu_train
38409,-2.0,-1.8338007195596402,lgFu_train
38854,-0.159266765,-0.4407411510320179,lgFu_train
39042,-1.301029987,-2.2239269464430267,lgFu_train
39223,-1.181125571,-1.3624503589651358,lgFu_train
39327,-0.914972385,-2.7136916984190718,lgFu_train
39385,-0.983593499,-0.9008210804183394,lgFu_train
39425,-0.070116435,-0.9587153110610507,lgFu_train
39676,-0.226314466,-0.797296950544175,lgFu_train
39941,-2.309894379,-2.286259691211855,lgFu_train
39965,-0.212896037,-0.3251988092922831,lgFu_train
39985,-2.903089987,-2.2832762981748846,lgFu_train
40087,-1.546745379,-1.584409085733823,lgFu_train
40326,-2.903086704,-2.690257961580574,lgFu_train
41317,-2.124938737,-2.093418336501557,lgFu_train
41368,-0.897446816,-0.9093065512000961,lgFu_train
41381,-2.903089987,-2.727496629576618,lgFu_train
41428,-1.662980247,-1.5848079083698703,lgFu_train
41693,-1.031517051,-0.7752680532284174,lgFu_train
41987,-1.0,-0.60912145505111,lgFu_train
42510,-1.397940009,-0.8076018575183898,lgFu_train
42586,-0.136225232,-0.3882100814274501,lgFu_train
42614,-0.359518563,-0.2877826426759082,lgFu_train
42616,-0.677780716,-0.49022872081866053,lgFu_train
42667,-1.756961951,-1.849355351615107,lgFu_train
42884,-0.823908741,-0.7623945583500148,lgFu_train
42981,-2.560667306,-1.958624729302766,lgFu_train
43079,-0.860729021,-2.043989712387856,lgFu_train
43085,-0.158015195,-0.3814629261737065,lgFu_train
43226,-1.426528853,-1.8139228737073827,lgFu_train
43260,-0.107849722,-0.1522895211040339,lgFu_train
43815,-1.15490196,-1.0183398848094585,lgFu_train
44073,-2.167491087,-2.422914581448361,lgFu_train
44093,-0.139661993,-0.21614600128735517,lgFu_train
44112,-0.455931962,-1.449763605629078,lgFu_train
47326,-2.191114133,-2.0716160800087255,lgFu_train
47576,-2.0,-1.6787732221172107,lgFu_train
47866,-0.028783391,-0.04366668649177685,lgFu_train
47898,-1.71813749,-2.108474422549105,lgFu_train
47938,-2.586557851,-2.236054307203604,lgFu_train
48041,-0.698970004,-1.1549748996924931,lgFu_train
49750,-1.954677021,-1.74826370508348,lgFu_train
50294,-0.698970004,-0.9891971051945411,lgFu_train
50367,-2.903089987,-2.1609063007092733,lgFu_train
50465,-1.037835151,-0.8617956827442022,lgFu_train
50896,-2.086716098,-2.143020165898629,lgFu_train
50897,-2.483791361,-2.2448263241854685,lgFu_train
51263,-1.096910013,-0.4570598787855941,lgFu_train
51605,-2.560667306,-1.8969994435187434,lgFu_train
52999,-1.062152079,-1.2337786276872942,lgFu_train
53232,-1.301029996,-0.9667347649028591,lgFu_train
54382,-2.903089987,-2.468660996571966,lgFu_train
54454,-1.301029996,-1.238515384815363,lgFu_train
54585,-2.0,-1.6400280260253093,lgFu_train
54687,-0.301029996,-0.45681281276220426,lgFu_train
54738,-0.035023976,-0.33073484335174286,lgFu_train
54739,-0.821371688,-0.9908349399600539,lgFu_train
54745,-2.903089987,-2.4253653775454946,lgFu_train
54778,-0.763060292,-0.9078275903810421,lgFu_train
54901,-2.903089987,-2.842406651210136,lgFu_train
54960,-2.238448011,-1.5454083408420054,lgFu_train
55185,-0.30980392,-0.9176578789281956,lgFu_train
55473,-0.017728767,-0.464595864611169,lgFu_train
55756,-0.301029996,-1.0830189154994303,lgFu_train
56339,-1.301029987,-0.9869070328075701,lgFu_train
57363,-1.0,-1.1187513873992982,lgFu_train
57469,-0.829444941,-0.7992943203517454,lgFu_train
59768,-0.346787486,-0.28462954115032385,lgFu_train
59823,-2.0,-1.6203909013342135,lgFu_train
60149,-2.124938737,-1.3389064203901582,lgFu_train
60490,-1.15490196,-0.8110884777468055,lgFu_train
60542,-2.124938737,-2.1385470440153886,lgFu_train
60613,-0.023191663,-0.003055876553181307,lgFu_train
60712,-3.0,-1.7688236558739896,lgFu_train
60719,-2.468521083,-1.690575118390178,lgFu_train
60820,-2.0,-1.6513401841150168,lgFu_train
60825,-0.113509275,-0.11956796873536042,lgFu_train
60831,-0.441779151,-0.28753157410466273,lgFu_train
60846,-1.301029996,-1.593722122310888,lgFu_train
60852,-0.823908741,-0.8387904986107906,lgFu_train
60858,-0.239703122,-0.7348715504692808,lgFu_train
60871,-0.017728767,0.04649478311233572,lgFu_train
60937,-1.0,-0.9634944731982585,lgFu_train
60939,-1.22184875,-1.1840538968839318,lgFu_train
61073,-2.198321941,-1.324607873942626,lgFu_train
61247,-0.09165977,-0.2905076391667916,lgFu_train
61799,-0.855425792,-0.35912995237393447,lgFu_train
62097,-0.14327111,-0.23715549694021537,lgFu_train
62210,-2.903089987,-2.9790564351676396,lgFu_train
62276,-2.903089987,-2.390736812538533,lgFu_train
62389,-0.860120914,-0.5143645390713234,lgFu_train
62485,-1.952725133,-2.131233465454982,lgFu_train
62867,-0.259637307,-0.9552558446646052,lgFu_train
63062,-1.815308569,-1.906539238429838,lgFu_train
64139,-2.698970004,-1.9453280473672234,lgFu_train
64929,-1.924453039,-2.2235125822562,lgFu_train
64987,-0.026641199,-0.01242671808280348,lgFu_train
65394,-2.0,-2.1312434158431737,lgFu_train
65450,-0.070581069,-0.48238267798056206,lgFu_train
65937,-1.619788758,-1.4640215983473845,lgFu_train
65952,-3.0,-2.4202200250167127,lgFu_train
66166,-1.739211711,-1.4886168603825327,lgFu_train
66461,-1.388985164,-1.685337793644837,lgFu_train
66494,-2.037157319,-2.0859215085511718,lgFu_train
67172,-1.583359493,-2.0690588814545023,lgFu_train
67174,-0.787812396,-1.442645769089696,lgFu_train
67542,-1.775703222,-1.968075109075427,lgFu_train
67815,-1.713723932,-1.8482768866086208,lgFu_train
67821,-3.0,-2.616979249555759,lgFu_train
68602,-1.22184875,-0.7246010603495266,lgFu_train
68778,-1.397940009,-0.7401803935922198,lgFu_train
68870,-1.301029987,-0.9903437423422659,lgFu_train
68916,-1.0,-0.8868849453493434,lgFu_train
68942,-2.602059991,-1.7768964746310283,lgFu_train
69861,-0.809668302,-0.7726072707114988,lgFu_train
71158,-0.013228259,-0.08383518795840693,lgFu_train
71249,-1.756961951,-1.3549404875968674,lgFu_train
71301,-1.698970004,-1.3992926018327236,lgFu_train
71453,-0.026872146,-0.5927010260452497,lgFu_train
71482,-0.257274869,-0.5665458845498195,lgFu_train
71651,-0.769551079,-0.5235316189289286,lgFu_train
71983,-1.096910013,-1.2830551205142857,lgFu_train
72054,-1.505275091,-1.4801473712698616,lgFu_train
72287,-1.468521083,-1.307359191441661,lgFu_train
72938,-0.443697493,-0.2647126742061414,lgFu_train
73282,-1.647663094,-1.4567835969185017,lgFu_train
73665,-1.662973582,-1.697139900048539,lgFu_train
73670,-2.903089987,-2.280815931944322,lgFu_train
73672,-1.227433829,-1.8473351711137154,lgFu_train
73675,-1.53387413,-1.4423927664670142,lgFu_train
73852,-1.707743929,-1.4450286637645213,lgFu_train
73864,-2.164309429,-1.8898510292808675,lgFu_train
74483,-2.4768243,-2.657531483281047,lgFu_train
75066,-1.576180908,-2.023820049475786,lgFu_train
75575,-1.387216143,-1.3995341221135635,lgFu_train
75576,-1.370590401,-1.3151136806910297,lgFu_train
75908,-0.866461092,-0.7388550858706183,lgFu_train
76302,-2.903089987,-2.523061375498738,lgFu_train
77222,-3.0,-2.8898558198412125,lgFu_train
77463,-1.416801226,-0.31921118596550013,lgFu_train
77991,-0.207608311,-0.357479579875816,lgFu_train
77992,-0.455931956,-0.4898867250709084,lgFu_train
78435,-1.474955193,-1.2165917828081407,lgFu_train
80277,-1.617268734,-2.033793999073552,lgFu_train
82146,-2.0,-2.3511782580991527,lgFu_train
83656,-2.058488567,-2.059642385639866,lgFu_train
83969,-0.522878738,-0.4191228541593986,lgFu_train
83975,-2.903089987,-2.0702241008698268,lgFu_train
84098,-1.794524963,-1.9529742770013236,lgFu_train
85026,-0.222573178,-0.7380397890265915,lgFu_train
86102,-1.180423987,-1.4426325815683843,lgFu_train
86132,-0.962204443,-1.2658716501596154,lgFu_train
86137,-0.342812793,-0.31438065677632976,lgFu_train
86138,-1.972650392,-1.9099356129892893,lgFu_train
86160,-2.228584029,-2.2159021581372915,lgFu_train
86211,-1.879426069,-1.5590878423679924,lgFu_train
86233,-0.861562039,-1.5299013641607828,lgFu_train
86296,-1.466138748,-1.667622918843919,lgFu_train
86298,-1.029749233,-1.3129949855063832,lgFu_train
86354,-2.903089987,-2.5399715717570954,lgFu_train
86369,-0.003247317,-0.5370630305737095,lgFu_train
86398,-2.488116639,-1.5426001029202097,lgFu_train
86400,-1.316301707,-1.5996624375806792,lgFu_train
86412,-1.634512015,-1.766554044130305,lgFu_train
86416,-0.482804102,-1.466824384564309,lgFu_train
86418,-0.182671451,-0.30264255471979457,lgFu_train
86429,-0.861448383,-1.7255216304146574,lgFu_train
86443,-1.216049994,-1.2969004213441202,lgFu_train
87250,-1.346787486,-1.563767564315633,lgFu_train
89594,-0.022276395,-0.074652437586011,lgFu_train
91276,-0.022276397,-0.3429119408716338,lgFu_train
91550,-0.008773924,-0.14659613014921247,lgFu_train
91605,-1.22184875,-2.2246110103398227,lgFu_train
91610,-2.0,-2.1605705564416517,lgFu_train
91649,-0.928117993,-0.6548538063494227,lgFu_train
91650,-1.758067707,-1.4026900537116769,lgFu_train
91655,-2.492144128,-2.69167147072994,lgFu_train
91699,-2.264002116,-1.3922831516172116,lgFu_train
91731,-2.488116639,-3.076134236887948,lgFu_train
91738,-1.715689611,-1.7913647214176547,lgFu_train
91739,-1.547717655,-1.6625547854383194,lgFu_train
91744,-0.635207384,-0.839511641092217,lgFu_train
91751,-2.903089987,-1.702825826462448,lgFu_train
91753,-2.756961951,-2.292883660009857,lgFu_train
91756,-1.783629532,-1.5212887155913413,lgFu_train
91757,-2.903089987,-2.8837839483534573,lgFu_train
91758,-0.337257273,-0.8002720115202601,lgFu_train
91759,-1.755859004,-1.2877811365346046,lgFu_train
91763,-2.034155732,-1.4137052681094777,lgFu_train
91770,-0.261645625,-0.42462297197520726,lgFu_train
91773,-1.477588366,-2.0119885280183976,lgFu_train
91776,-1.964903956,-2.3519140293031002,lgFu_train
91779,-0.20183432,-1.0189152323288908,lgFu_train
91781,-1.510493851,-1.5350377690073254,lgFu_train
92299,-0.644481507,-1.0777155966030727,lgFu_train
92425,-1.547518429,-1.3596940800520905,lgFu_train
92434,-0.48239673,-1.6333556083315395,lgFu_train
92873,-1.943095149,-1.9361349640504177,lgFu_train
93118,-1.850780887,-1.6494066884836511,lgFu_train
93162,-1.630784143,-1.718180161857428,lgFu_train
93379,-1.52614823,-1.5523172000412346,lgFu_train
93516,-2.903089987,-2.1316624744298025,lgFu_train
93541,-2.903089987,-2.592663178793142,lgFu_train
96088,-1.604217846,-1.5159174504451276,lgFu_train
104850,-2.301029996,-2.4003735243173914,lgFu_train
105031,-0.602059991,-0.8423397436766636,lgFu_train
107646,-0.081396053,-0.28407320246847256,lgFu_train
107688,-0.00877392,-0.03852995642015953,lgFu_train
107760,-2.337242168,-2.327404439048135,lgFu_train
107838,-1.0,-0.604456863910822,lgFu_train
107924,-3.0,-2.2167482710388384,lgFu_train
107996,-0.580044252,-0.6635738643159926,lgFu_train
108031,-2.301029996,-1.8367458644049524,lgFu_train
108051,-0.443697499,-0.5369968224567105,lgFu_train
108057,-0.070581069,-0.3692251738136594,lgFu_train
108143,-2.0,-2.1894713784167488,lgFu_train
108185,-2.30980392,-2.3942652664951654,lgFu_train
114709,-0.423083044,-0.5781298003990922,lgFu_train
115224,-0.542699314,-0.9037703021744119,lgFu_train
116545,-1.769551079,-1.8145197045673964,lgFu_train
122068,-0.853871964,-1.2720100482203063,lgFu_train
122116,-0.575343724,-1.5589783845962706,lgFu_train
122129,-0.397940009,-0.8178385363280046,lgFu_train
122252,-1.0,-1.1437739318393947,lgFu_train
122316,-1.045757491,-0.5498928574280384,lgFu_train
123606,-0.212303432,-0.3319292219554588,lgFu_train
123619,-1.092409514,-1.537906126110434,lgFu_train
123631,-1.049797464,-1.4348447030037874,lgFu_train
124072,-1.300162274,-1.5717644964449993,lgFu_train
124087,-0.802719442,-0.9350026060258748,lgFu_train
124431,-2.674895017,-2.0564696676732277,lgFu_train
125017,-0.154901963,-0.19845866185769154,lgFu_train
125098,-0.547656345,-0.5739239606500086,lgFu_train
125368,-1.652960769,-1.2806082351947536,lgFu_train
129497,-0.26744542,-0.4890186824939184,lgFu_train
129539,-2.468521083,-1.6257191007940537,lgFu_train
131182,-2.397940009,-1.0625900161215849,lgFu_train
132231,-2.168770306,-2.241801688626799,lgFu_train
132787,-1.581698709,-1.2612217266276027,lgFu_train
150716,-0.301029996,-1.1587181509830042,lgFu_train
151067,-1.096910013,-1.0805106571253924,lgFu_train
151075,-2.045757491,-0.7203418491340638,lgFu_train
151166,-1.698970004,-2.0647211226197566,lgFu_train
151170,-2.05581664,-1.6640717303124832,lgFu_train
153974,-2.903089987,-2.2922476200148365,lgFu_train
154059,-1.698970004,-1.0734907463667944,lgFu_train
155815,-0.907279355,-1.434332790981165,lgFu_train
156328,-1.41453927,-0.7741714022918774,lgFu_train
156391,-2.0,-1.4474057685765407,lgFu_train
156422,-2.0,-1.9791679392903285,lgFu_train
156850,-0.823908734,-1.0901285062658677,lgFu_train
157047,-1.482804102,-1.5928355831790466,lgFu_train
159303,-1.903089987,-1.6200294682763656,lgFu_train
161464,-0.208590084,-0.34532493498613476,lgFu_train
164087,-0.745935547,-0.6500054017547968,lgFu_train
170361,-0.096910013,-0.23596925893008228,lgFu_train
175967,-0.450842597,-0.5256104742164016,lgFu_train
176167,-2.769551079,-1.433260882817052,lgFu_train
176870,-1.266862839,-1.612277590114769,lgFu_train
177355,-2.050122296,-1.3166973706690646,lgFu_train
182336,-0.017728771,-0.18191160902905876,lgFu_train
182475,-0.657577319,-1.4033276645556347,lgFu_train
182951,-0.361510743,-1.7778300770737483,lgFu_train
183812,-1.254925208,-1.0906610206338554,lgFu_train
188653,-2.903089987,-1.8747532004932868,lgFu_train
204102,-1.022276395,-0.956982979036335,lgFu_train
213013,-1.499365643,-2.202301000114274,lgFu_train
213016,-2.142667504,-1.92572529063016,lgFu_train
213021,-0.241851693,-0.2802950412065292,lgFu_train
213023,-0.1837587,-0.9134641655040576,lgFu_train
213031,-1.240088011,-2.260488150707153,lgFu_train
214348,-2.0,-2.016528552841713,lgFu_train
215639,-0.863913903,-1.4935437424923874,lgFu_train
216235,-2.0,-2.2778994343121237,lgFu_train
216468,-1.698970004,-1.9055688505197825,lgFu_train
249098,-1.301029987,-1.2224410833924544,lgFu_train
254320,-0.795880017,-1.3249162105902967,lgFu_train
256278,-0.221848742,-0.9996394849262416,lgFu_train
262961,-2.0,-1.2925214521906354,lgFu_train
274115,-1.679853714,-1.8969922145759337,lgFu_train
274159,-1.145693958,-1.0907087233681287,lgFu_train
293810,-0.489857301,-0.3454985769968238,lgFu_train
300385,-1.512861625,-1.870590906590848,lgFu_train
319954,-0.795880017,-0.6978069285370926,lgFu_train
387447,-0.769551079,-0.6326783543236151,lgFu_train
394397,-1.301029996,-1.7904572946130852,lgFu_train
396646,-1.245651664,-1.422318167436384,lgFu_train
400633,-0.154901963,-0.3920978019393089,lgFu_train
411697,-0.091514981,-0.4027411072571032,lgFu_train
417452,-0.124938737,-0.4115599771642341,lgFu_train
429017,-0.522878745,-0.27259933816536575,lgFu_train
441140,-0.795880017,-0.9870162351389841,lgFu_train
441401,-0.161150909,-0.3618641376926155,lgFu_train
443031,-1.974694135,-1.5063296619847864,lgFu_train
443872,-0.301029996,-0.430146638843036,lgFu_train
446157,-1.420216403,-1.1384438663293335,lgFu_train
446220,-1.045757491,-0.439588546102142,lgFu_train
446541,-1.698970004,-1.6781195195062983,lgFu_train
446987,0.0,-0.16138925488512895,lgFu_train
447912,-2.356547324,-2.1648564215308292,lgFu_train
448014,-2.494850022,-1.4589504590836289,lgFu_train
448677,-0.823908741,-0.6610526131660788,lgFu_train
449035,-1.649751982,-1.5019813396223742,lgFu_train
449381,-0.013228266,-0.13156557708316804,lgFu_train
453069,-0.8467951,-0.7950670786270099,lgFu_train
455468,0.0,-0.9949351239245964,lgFu_train
456199,-0.301029996,-0.9239606891362585,lgFu_train
481709,-1.077793723,-1.074926211499279,lgFu_train
481711,-0.745935547,-0.7573142237529983,lgFu_train
484898,-1.266642212,-1.5868908231555028,lgFu_train
490476,-0.039053804,-0.16971313866360951,lgFu_train
500199,-0.301029996,-0.5235536984724893,lgFu_train
504312,-2.552841969,-2.1466318874728856,lgFu_train
504457,-2.853871964,-2.267997375351812,lgFu_train
506074,-0.770574152,-0.39692949100665526,lgFu_train
507868,-1.958607315,-1.4313273966614535,lgFu_train
510212,-2.552841969,-1.9891922165595357,lgFu_train
521308,-0.119186411,-0.3659251645747735,lgFu_train
521928,-0.93404701,-1.2147085621962652,lgFu_train
522636,-0.619788758,-0.44165207567109316,lgFu_train
541103,-1.0,-1.177630257497692,lgFu_train
541123,-0.602059991,-0.9186441374100717,lgFu_train
599772,-1.349692477,-1.3301757761182507,lgFu_train
610479,-2.124938737,-2.096667115991317,lgFu_train
616765,-0.814473427,-0.8814522220947206,lgFu_train
624590,-0.154281982,-0.7670811335504586,lgFu_train
633097,-0.698970004,-0.9105832663482392,lgFu_train
647120,-1.679853714,-1.9260650216142583,lgFu_train
649290,-1.378823718,-1.2889829243280757,lgFu_train
650148,-2.283996656,-2.362031676080556,lgFu_train
650703,-1.630784143,-1.0977695173896365,lgFu_train
652840,-1.493494968,-1.653336760674792,lgFu_train
653473,-2.455931956,-2.022086075892359,lgFu_train
656344,-2.744727495,-2.061095908949464,lgFu_train
656982,-0.067526235,-0.0005905491013449941,lgFu_train
657298,-0.744727495,-0.3100921580591793,lgFu_train
658856,-0.301029996,-0.10986750683488916,lgFu_train
665387,-1.954677021,-1.4591544811310178,lgFu_train
667490,-0.075074924,-0.14843411122116323,lgFu_train
667657,-0.469800302,-0.9777746138775946,lgFu_train
668390,-1.179798541,-0.9830413900040799,lgFu_train
688763,-1.142667504,-1.3540733667807312,lgFu_train
697993,-1.550856861,-1.5007045411233781,lgFu_train
707035,-0.397940009,-0.4090278353972723,lgFu_train
711223,-2.37675071,-1.4070557048685282,lgFu_train
731455,-1.407823243,-1.6454345839212363,lgFu_train
752807,-0.552686891,-0.7094858999383875,lgFu_train
757671,-1.886056648,-2.095545637439967,lgFu_train
768655,-2.13076828,-2.0895510381805327,lgFu_train
776740,-2.619788758,-1.9834038655809496,lgFu_train
789893,-1.619788758,-1.6758861233071842,lgFu_train
804228,-2.22184875,-1.7082478993891463,lgFu_train
806021,-3.15490196,-2.407431560701582,lgFu_train
807100,-1.397940009,-1.7009460455723593,lgFu_train
808844,-2.698970004,-2.149390840530712,lgFu_train
839099,-0.57446578,-1.0585907248500852,lgFu_train
840853,-0.1035289,-0.3191132362380933,lgFu_train
851157,-0.872571222,-0.5468568930062958,lgFu_train
853790,-0.281498311,-1.7527202293710997,lgFu_train
854749,-1.161150909,-1.5850993661615775,lgFu_train
856421,-1.53313238,-1.50681545136824,lgFu_train
864334,-2.013228266,-1.732076751428626,lgFu_train
881003,-2.214670165,-2.0742393589277723,lgFu_train
931186,-2.769551079,-2.161803010802532,lgFu_train
946898,-0.996108834,-0.5750474685419442,lgFu_train
965336,-1.571865206,-0.6640564869161515,lgFu_train
973122,-2.698970004,-2.1636501687140735,lgFu_train
979755,-1.571865206,-1.0453958741551175,lgFu_train
1012759,-1.657577319,-2.100998964585022,lgFu_train
1034421,-0.301029996,-1.3017998133508883,lgFu_train
1048267,-1.522878745,-1.630382422818761,lgFu_train
1067829,-1.640164518,-1.6530543521383374,lgFu_train
1088438,-0.300162274,-0.5378255372024847,lgFu_train
1150897,-0.898596649,-0.7869333819564869,lgFu_train
1153439,-2.022276395,-1.7514709990791857,lgFu_train
1226363,-2.113509275,-1.9075555350909592,lgFu_train
1252823,-0.697236292,-0.6551922513211819,lgFu_train
1470715,-0.650139918,-1.1476459602586333,lgFu_train
1470719,-1.397940009,-1.4834610456370085,lgFu_train
1470839,-0.469800302,-0.648027779866085,lgFu_train
1470848,-1.179798541,-1.0858967062060911,lgFu_train
1474141,-0.787279846,-0.6705977433984674,lgFu_train
1483671,-2.522878745,-2.03747742145004,lgFu_train
1548994,-1.301029996,-1.3515871397115162,lgFu_train
1549000,-0.982966661,-1.2427677603745346,lgFu_train
1712095,-0.920818754,-1.3360308844565956,lgFu_train
1987212,-0.996108834,-0.9099831824171608,lgFu_train
2072949,-1.032452024,-0.8564515186144294,lgFu_train
2086961,-0.228339041,-0.9431088667225458,lgFu_train
2129427,-1.416801226,-1.574261686348382,lgFu_train
2161807,-2.677780705,-2.4286922650046048,lgFu_train
2187415,-1.0,-1.4060241321917923,lgFu_train
2306530,-1.886056648,-1.3383402889003888,lgFu_train
2399901,-1.170053304,-1.4003722173011632,lgFu_train
2583694,-1.427128398,-1.4971223089612007,lgFu_train
2596914,-3.22184875,-1.7224065705097789,lgFu_train
2724385,-0.110698297,-0.2653951456086616,lgFu_train
2738343,-1.301029996,-1.95163720793715,lgFu_train
2741649,-1.0,-2.1970907564588815,lgFu_train
2747154,-1.301029996,-2.120628750452336,lgFu_train
2755911,-0.721246399,-0.6405401176030525,lgFu_train
2761171,-0.154901963,-0.2940520067303513,lgFu_train
2764068,-0.881074247,-1.793415347891645,lgFu_train
2766326,-0.337242168,-0.3766935425305033,lgFu_train
2766807,-1.8569852,-1.7728703958578997,lgFu_train
2795955,-1.0,-1.8626061430998935,lgFu_train
2804743,-1.301029996,-2.0854617941958464,lgFu_train
2804997,-2.698970004,-2.2745056555889454,lgFu_train
2807133,-1.0,-2.2293195710785447,lgFu_train
2824466,-2.853871964,-2.087884421270159,lgFu_train
2835211,-0.673459331,-0.5324733757735713,lgFu_train
2858699,-2.698970004,-1.847026334531605,lgFu_train
2864688,-0.978397284,-1.5668945087834234,lgFu_train
2880709,-2.0,-2.0066803030547304,lgFu_train
2933592,-2.455931956,-2.193318133297648,lgFu_train
2951910,-1.924453039,-2.0190932831344615,lgFu_train
2973198,-0.245193145,-0.2731235801978646,lgFu_train
3000226,-1.301029996,-0.7160126170249635,lgFu_train
3000715,-0.826328216,-0.5116084703098447,lgFu_train
3025811,-1.698970004,-1.4815440298747957,lgFu_train
3026856,-1.46470588,-1.3697021777429177,lgFu_train
3029409,-0.510322708,-0.929029804883547,lgFu_train
3032791,-0.36919,-0.17511910304978484,lgFu_train
3033226,-0.698970004,-0.7655218183554023,lgFu_train
3033626,-2.124938737,-1.2760339498757989,lgFu_train
3033637,-0.187086643,-0.20360692022388452,lgFu_train
3038517,-1.698970004,-2.039147566078671,lgFu_train
3081304,-2.170910757,-2.178520286024959,lgFu_train
3083546,-0.11407366,-1.118813142079891,lgFu_train
3115757,-2.795880017,-2.1830802005278027,lgFu_train
3117357,-1.292429824,-1.204634345435066,lgFu_train
3137736,-1.954677021,-2.147505781933676,lgFu_train
3146235,-1.301029996,-2.174987930888718,lgFu_train
3197630,-1.359518563,-1.4667348371237965,lgFu_train
3240858,-1.068542129,-1.3030169405574104,lgFu_train
3243871,-0.996108834,-1.5312841388941518,lgFu_train
3342298,-1.698970004,-1.6075316267730668,lgFu_train
3353638,-1.397940009,-1.3953800340517064,lgFu_train
3366298,-1.8569852,-1.2985576652412436,lgFu_train
3379829,-1.8569852,-1.6221058575868212,lgFu_train
3391107,-2.903089987,-2.385987165655478,lgFu_train
3430687,-1.455931956,-0.5149646250410773,lgFu_train
3473995,-0.960585881,-0.762728052928165,lgFu_train
3565209,-1.374173292,-1.405213386706164,lgFu_train
3572127,-1.023191663,-1.648321173901499,lgFu_train
3606392,-2.036212173,-1.8683734875524332,lgFu_train
3637030,-0.001740662,-0.5697862372040848,lgFu_train
3714053,-0.951558196,-1.538108060032174,lgFu_train
3715739,-0.249491605,-0.7876701918319584,lgFu_train
3717450,-0.425968731,-0.3100243546220943,lgFu_train
3763520,-0.960585881,-0.9745107413118032,lgFu_train
3787925,-1.397940009,-1.4701705866816028,lgFu_train
3814068,-1.610833916,-1.7096627772764552,lgFu_train
3831985,-1.105683937,-0.9110794613956159,lgFu_train
3854666,-2.568636236,-1.9534228622500975,lgFu_train
3874387,-0.048986459,-0.39227159352784424,lgFu_train
4014291,-1.11463878,-1.1840970997125242,lgFu_train
4092426,-1.000434512,-1.0534998833838958,lgFu_train
4101947,-1.659555885,-1.5778601243447936,lgFu_train
4104620,-1.924453039,-1.4213937368777998,lgFu_train
4104621,-1.368556231,-1.3152759713594242,lgFu_train
4113848,-1.150117548,-1.083100877840968,lgFu_train
4169159,-0.397940003,-0.7117953905997935,lgFu_train
4181867,-2.200659451,-2.1836896095589458,lgFu_train
4183806,-0.823908726,-1.2652878489320734,lgFu_train
4293406,-1.886056648,-1.3856303302952866,lgFu_train
4302940,-2.958607315,-2.3231625824921647,lgFu_train
4307629,-2.13076828,-1.8964114171560307,lgFu_train
4369359,-0.207608311,-0.27048411723842175,lgFu_train
4369524,-1.747146969,-1.681971704774076,lgFu_train
4400696,-0.443818153,-1.535970407598482,lgFu_train
4432690,-0.070581064,-0.39555062825149934,lgFu_train
4460698,-0.236572006,-0.532901375331403,lgFu_train
4460995,-1.0,-0.9339054810375904,lgFu_train
4474225,-2.0,-2.133422644117358,lgFu_train
4474936,-0.301029996,-0.6713684136795144,lgFu_train
4475098,-0.008773922,-0.007445594071300054,lgFu_train
4487900,-0.046562487,-0.27341706682435685,lgFu_train
4488114,-0.03621217,-0.36164625311370185,lgFu_train
4519532,-1.73754891,-1.555135429146975,lgFu_train
4560140,-2.903089987,-2.5094203459119706,lgFu_train
4611851,-1.217527376,-1.716358318826047,lgFu_train
4616292,-2.443697499,-1.7159618473033769,lgFu_train
4630261,-1.698970004,-0.7277412504640536,lgFu_train
4630412,-0.809668302,-1.024464556733937,lgFu_train
4636600,-2.721246399,-1.9886239643291597,lgFu_train
4659388,-1.823908741,-1.8823816026789602,lgFu_train
4659568,-1.698970004,-0.5789765715982814,lgFu_train
4659569,-2.055517328,-2.0457715242249206,lgFu_train
4687013,-0.47820835,-0.5371347130922742,lgFu_train
4687521,-1.22184875,-0.9092526158485874,lgFu_train
4751686,-1.8569852,-1.653057951065524,lgFu_train
4899465,-0.729554092,-0.5557098184537284,lgFu_train
4908365,-0.638272164,-0.5636709790471011,lgFu_train
4914117,-0.987162775,-0.8581487023094444,lgFu_train
4979942,-1.0,-1.6391257106874944,lgFu_train
5078908,-1.610833916,-1.5608334833436426,lgFu_train
5150939,-0.004364803,-0.18082878516716336,lgFu_train
5176753,-0.102686276,-0.05217718156217284,lgFu_train
5201447,-0.11268897,-0.6743458593750981,lgFu_train
5206924,-0.096910012,-0.2574754088424844,lgFu_train
5229712,-0.721246399,-0.6962625237364598,lgFu_train
5230270,-2.204119983,-0.9684089951717978,lgFu_train
5275444,-1.537602002,-0.9827588893896101,lgFu_train
5275766,-0.327902142,-0.7230772877809981,lgFu_train
5279171,-1.509108812,-1.6411519155721255,lgFu_train
5280053,-0.180456064,-0.2621311705629933,lgFu_train
5280373,-1.692503962,-1.6804999895563326,lgFu_train
5280980,-0.040958608,-0.11188513090489434,lgFu_train
5281004,-0.93930216,-0.8116705453955279,lgFu_train
5282337,-2.0,-2.3723063654465024,lgFu_train
5282339,-2.13076828,-2.2011499689957255,lgFu_train
5282443,-1.0,-0.7916636134787439,lgFu_train
5282539,-3.0,-2.5678247322640813,lgFu_train
5282542,-2.568636236,-2.17057441016072,lgFu_train
5282545,-0.443697499,-1.2819450973018853,lgFu_train
5284566,-0.455931956,-0.462535884836934,lgFu_train
5288320,-0.821023053,-0.6677199367981449,lgFu_train
5288494,-2.698970004,-2.370849777785132,lgFu_train
5309581,-1.349692477,-1.5798339616246064,lgFu_train
5310993,-0.00877392,-0.1302461904848145,lgFu_train
5311426,-1.823908741,-1.848550242121319,lgFu_train
5328120,-0.942714356,-0.7893502371946751,lgFu_train
5329328,-0.974694135,-0.7515378475188459,lgFu_train
5329329,-0.15864053,-0.48599994781021233,lgFu_train
5329330,-1.040958608,-0.7944245860614436,lgFu_train
5329331,-1.036212173,-0.7299065771694255,lgFu_train
5329332,-1.387216143,-0.6705655171075674,lgFu_train
5329333,-0.899629455,-0.686663166196231,lgFu_train
5329335,-0.462180905,-0.6721691177512636,lgFu_train
5329336,-1.060480747,-0.7808653342893745,lgFu_train
5330286,-0.642255675,-0.8575122409547915,lgFu_train
5362124,-1.48148606,-0.9149381165385394,lgFu_train
5362129,-0.568636236,-0.5490142151300237,lgFu_train
5385077,-0.886056648,-0.8562768616771989,lgFu_train
5388962,-0.346787486,-0.4518099564890658,lgFu_train
5392139,-1.826813732,-1.4440001112503886,lgFu_train
5466794,-1.22184875,-1.217303763165244,lgFu_train
5479529,-0.301029996,-0.2970292060337447,lgFu_train
5715869,-1.301029996,-1.9301944414978343,lgFu_train
5743186,-1.698970004,-2.0690577965542696,lgFu_train
6101856,-1.301029991,-1.7498618960615677,lgFu_train
6102792,-2.602059991,-1.957191534676583,lgFu_train
6328646,-0.537602002,-0.518076725657674,lgFu_train
6335986,-0.124938737,-0.24687286670934303,lgFu_train
6419807,-2.045757491,-1.4209206612113323,lgFu_train
6433102,-1.15490196,-1.568817182777821,lgFu_train
6436013,-0.567030709,-0.22006481329100414,lgFu_train
6450806,-3.0,-1.9651413033809644,lgFu_train
6450817,-2.156681866,-1.7128342193119177,lgFu_train
6451164,-2.0,-1.8735560832310876,lgFu_train
6478681,-0.036212173,-0.41485567079953073,lgFu_train
6478689,-0.173925197,-0.2841317185308661,lgFu_train
6479022,-0.031517051,-0.4260622152291282,lgFu_train
6479024,-0.060480747,-0.7337310883054039,lgFu_train
6540210,-2.22184875,-2.2044962265061425,lgFu_train
6619879,-1.493494968,-1.3208699047093213,lgFu_train
6850811,-0.031517049,-0.049585008104808335,lgFu_train
6914657,-2.15490196,-1.5809596613838997,lgFu_train
6915744,-1.301029996,-0.9470639571512891,lgFu_train
6916151,-1.829738285,-2.0090383556680704,lgFu_train
6918643,-1.167491087,-1.1250352766482505,lgFu_train
7386658,-0.552686891,-1.6970371736851178,lgFu_train
7483151,-1.045757491,-1.3139042969783552,lgFu_train
7594067,-0.456677099,-0.7083493057623611,lgFu_train
7687661,-0.744727495,-1.503187119692077,lgFu_train
7802604,-1.795880017,-1.835197284456009,lgFu_train
8068410,-1.698970004,-1.7199736851480565,lgFu_train
8097905,-2.0,-1.8251234617412329,lgFu_train
9551399,-0.754240644,-0.8826172342967563,lgFu_train
9794475,-0.455931956,-0.21216424025286096,lgFu_train
9795327,-0.332080315,-0.7520869732145653,lgFu_train
9799417,-2.0,-2.3583340791468625,lgFu_train
9808828,-1.896196279,-0.9877971895335854,lgFu_train
9811357,-2.180456064,-1.9876023137889516,lgFu_train
9818903,-1.522878745,-0.8117978376828665,lgFu_train
9819350,-1.899629455,-2.056816570725247,lgFu_train
9821945,-1.175795597,-0.8383681378701702,lgFu_train
9822241,-2.096910013,-2.340899651257023,lgFu_train
9826520,-1.8569852,-1.8906549159341668,lgFu_train
9827968,-1.823908741,-1.790810651757282,lgFu_train
9837038,-0.634699251,-0.40086446186669217,lgFu_train
9837769,-0.017728767,-0.043629122686911534,lgFu_train
9839360,-1.870739895,-1.3515759719056164,lgFu_train
9841240,-1.161150909,-1.6132972392434173,lgFu_train
9841364,-0.924818145,-1.5527816338238054,lgFu_train
9841667,-2.37675071,-1.9614254171409287,lgFu_train
9842188,-0.886056648,-0.4656838825111486,lgFu_train
9842742,-1.283996656,-1.3951062903007827,lgFu_train
9845817,-0.5172693,-0.636493447193929,lgFu_train
9846410,-0.124938737,-0.3628507234221558,lgFu_train
9853559,-0.202732459,-0.7237960833231571,lgFu_train
9853710,-2.045757491,-1.776664329769812,lgFu_train
9862076,-1.292429824,-1.1701161621406602,lgFu_train
9864647,-1.097132646,-0.8469486640688595,lgFu_train
9865365,-2.259637311,-1.861813972255458,lgFu_train
9865774,-0.455931956,-0.4041489293829897,lgFu_train
9866250,-0.838631998,-1.4350722804637914,lgFu_train
9866964,-0.48148606,-0.3550836957267186,lgFu_train
9867609,-0.356547324,-0.8143417361738835,lgFu_train
9869105,-1.216811309,-0.7905020661007379,lgFu_train
9870183,-0.217527376,-0.2579809564946578,lgFu_train
9870185,-1.698970004,-1.5609197733601834,lgFu_train
9870627,-2.522878745,-2.1727153403643316,lgFu_train
9877750,-0.365119859,-0.6198873851816371,lgFu_train
9881626,-0.744727495,-0.9721195239169602,lgFu_train
9882672,-0.420216403,-0.414089438837028,lgFu_train
9883333,-0.033858269,-0.320965982132463,lgFu_train
9884103,-1.245651664,-1.4989549620129767,lgFu_train
9885204,-2.621175491,-2.2393683811041525,lgFu_train
9885323,-2.795880017,-2.2155805517062532,lgFu_train
9885495,-0.657774771,-0.5724869836118371,lgFu_train
9886249,-0.872571222,-0.8231480812420005,lgFu_train
9889871,-0.113509275,-0.20678232008882072,lgFu_train
9890816,-0.522878745,-0.5326081233403728,lgFu_train
9890863,-0.538351432,-0.64450255440674,lgFu_train
9895868,-3.301029996,-2.6584275409109326,lgFu_train
9896267,-1.698970004,-2.3524189852166053,lgFu_train
9896918,-2.823908741,-2.3614654621969446,lgFu_train
9899945,-0.187086643,-1.1575574845542203,lgFu_train
9903497,-1.032452024,-1.605620987551363,lgFu_train
9905588,-1.958607315,-1.8225958618627847,lgFu_train
9906124,-1.826813732,-1.6909861812341935,lgFu_train
9906973,-1.680505921,-1.7601035643361502,lgFu_train
9907093,-1.274088368,-1.3317091418355185,lgFu_train
9908306,-1.571865206,-0.9089007195367391,lgFu_train
9908783,-1.866461092,-1.00407006153334,lgFu_train
9910169,-3.096910013,-1.7909315371790702,lgFu_train
9910790,-0.259637311,-0.22025642581734725,lgFu_train
9913085,-0.581864502,-1.8278142450036576,lgFu_train
9915041,-0.958607315,-1.3609501358745026,lgFu_train
9916282,-1.698970004,-1.3935126090463714,lgFu_train
9917021,-2.301029996,-1.582877479405764,lgFu_train
9917862,-2.0,-2.122985659844651,lgFu_train
9925334,-0.920818754,-1.2697973509816605,lgFu_train
9925908,-0.366531544,-0.2592457907150225,lgFu_train
9926615,-1.245651664,-0.6876552971403879,lgFu_train
9927727,-2.0,-2.137558268159677,lgFu_train
9929222,-1.22184875,-1.4763947160214188,lgFu_train
9930941,-1.640164518,-1.5396163737027717,lgFu_train
9931329,-0.996108834,-0.8195929121793767,lgFu_train
9932580,-2.522878745,-1.6445723512381474,lgFu_train
9936739,-2.903089987,-2.4504706462690393,lgFu_train
9939050,-0.634699251,-0.5556766058744881,lgFu_train
9944610,-0.259637311,-0.373984018578448,lgFu_train
9949821,-0.729554092,-0.8907501685864363,lgFu_train
9951932,-1.397940009,-1.2942063021879395,lgFu_train
9952109,-1.48148606,-0.6767133219080245,lgFu_train
9953906,-1.11463878,-0.9182907088157021,lgFu_train
9954607,-0.327902142,-0.21692197300479463,lgFu_train
9954899,-1.446116973,-1.570065576290527,lgFu_train
9955534,-0.065501549,-0.6841044758939758,lgFu_train
9955782,-1.630784143,-1.2931656224652681,lgFu_train
9955886,-2.488116639,-1.6610371969718092,lgFu_train
9956119,-1.728158393,-2.190473886930868,lgFu_train
9959269,-2.48148606,-1.7837560496308849,lgFu_train
9971942,-1.0,-0.8864009926459238,lgFu_train
9984136,-2.22184875,-1.8413735029676919,lgFu_train
10002122,0.0,0.05408282072588723,lgFu_train
10002440,0.0,0.021214961170503574,lgFu_train
10005242,-0.92382494,-1.3169844153858519,lgFu_train
10018576,-0.978397284,-0.8249081504765395,lgFu_train
10022229,-2.200659451,-1.682219848522171,lgFu_train
10023121,-1.718966633,-1.5489158373057283,lgFu_train
10023245,-2.091514981,-1.8209406782233712,lgFu_train
10024898,-0.000434512,-0.10535165350230252,lgFu_train
10026604,-0.004364805,-0.007269748337417035,lgFu_train
10046404,-2.397940009,-1.9937328776610495,lgFu_train
10047141,-1.896196279,-2.0003722631847958,lgFu_train
10047731,0.0,-0.14025634111064744,lgFu_train
10065020,-0.183660531,-0.4793714350735927,lgFu_train
10066327,-2.045757491,-1.8487431469874758,lgFu_train
10069991,-2.494850022,-2.3723225719633927,lgFu_train
10074190,-2.0,-1.4712595871929852,lgFu_train
10084648,-0.960585881,-0.7519593862027051,lgFu_train
10090208,-2.22184875,-2.124452839469785,lgFu_train
10094246,-0.002176919,-0.13916818352042692,lgFu_train
10094429,-0.002176919,-0.07153245649065904,lgFu_train
10095464,-0.000434512,0.11740014902094767,lgFu_train
10096162,-0.000869459,0.027250783925870554,lgFu_train
10096946,-0.007888512,-0.0384593546608549,lgFu_train
10097037,-0.010105436,-0.07776171716734803,lgFu_train
10097082,-0.762456262,-0.827841597738037,lgFu_train
10108847,-1.446116973,-1.435334293208233,lgFu_train
10109058,-0.476383581,-0.7239546594266713,lgFu_train
10112695,-3.0,-2.5225579798522997,lgFu_train
10113744,-0.744727495,-1.3540948659238374,lgFu_train
10115684,-2.004364805,-1.0085307718702587,lgFu_train
10131006,-1.15490196,-0.6784670861230981,lgFu_train
10134976,-2.388276692,-2.044711622031792,lgFu_train
10135509,-1.522878745,-1.7291026060426642,lgFu_train
10136016,-1.777283529,-1.6548223254263148,lgFu_train
10137016,-0.568636236,-1.227456787089347,lgFu_train
10139173,-1.142667504,-1.2746683278804678,lgFu_train
10140931,-1.600326279,-1.3617012100372619,lgFu_train
10141691,-1.301029996,-1.2633732377569435,lgFu_train
10155136,-1.924453039,-1.4455779138078513,lgFu_train
10160166,-1.847711656,-1.7779975908995538,lgFu_train
10161305,-1.382999659,-2.1336140785521076,lgFu_train
10167277,-2.327902142,-1.9788968735066768,lgFu_train
10171487,-1.954677021,-1.9751834955739789,lgFu_train
10171540,-0.705313376,-1.222536701035551,lgFu_train
10175096,-1.22184875,-0.9973026876838375,lgFu_train
10175126,-0.823908741,-1.0335055552162546,lgFu_train
10182400,-1.698970004,-1.269317790355674,lgFu_train
10183134,-0.958607315,-1.64529721524613,lgFu_train
10184774,-0.443818153,-0.8279956076207506,lgFu_train
10194504,-0.000869459,-0.2492222267960907,lgFu_train
10202422,-0.960585881,-0.6288984174144332,lgFu_train
10210815,-3.0,-2.3134262717797682,lgFu_train
10215932,-2.886056648,-2.3062281074902202,lgFu_train
10223158,-1.504455662,-1.5952475978502303,lgFu_train
10224207,-0.823908741,-0.7398595968899251,lgFu_train
10237369,-2.0,-1.9065629469680174,lgFu_train
10239342,-0.841637508,-0.9700263401168535,lgFu_train
10239608,-1.301029996,-1.0543852807641698,lgFu_train
10239769,-0.769551079,-1.0376815030941802,lgFu_train
10250606,-0.000869459,-0.2923548849705675,lgFu_train
10250607,-0.000869459,0.06532902875300953,lgFu_train
10273252,-2.065501549,-1.8677442142756155,lgFu_train
10275777,-0.096910013,-1.1539693410454435,lgFu_train
10278166,-2.537602002,-2.0531593761519007,lgFu_train
10278617,-0.420216403,-0.41672870670946766,lgFu_train
10279136,-1.22184875,-1.3852982286407254,lgFu_train
10282265,-1.321481621,-1.861384114705768,lgFu_train
10287138,-3.096910013,-2.5383263831197675,lgFu_train
10287292,-0.000434512,-0.3218514804300461,lgFu_train
10290834,-0.173925191,-0.2878277579237128,lgFu_train
10291931,-1.2644011,-1.4040694006972478,lgFu_train
10291948,-1.359518563,-1.2369675233707487,lgFu_train
10293231,-0.236646891,-0.5239212553516606,lgFu_train
10308710,-1.388276692,-1.1664398911662308,lgFu_train
10309114,-0.476383581,-0.39743777322380425,lgFu_train
10310138,-0.000869459,-0.34763129451837765,lgFu_train
10310524,-0.604149624,-0.47809870620109557,lgFu_train
10310632,-1.3400838,-1.081207028688117,lgFu_train
10311867,-1.301029996,-1.0893049300189002,lgFu_train
10316203,-0.920818754,-1.3598863677240924,lgFu_train
10326800,-0.924818145,-1.3246382901615683,lgFu_train
10332398,-1.3400838,-0.8464372709037452,lgFu_train
10337564,-2.301029996,-1.944346364513843,lgFu_train
10340798,-2.397940009,-1.9919843874382377,lgFu_train
10341154,-0.406381692,-1.0241719406882674,lgFu_train
10347529,-1.823908741,-2.031273578085953,lgFu_train
10348973,-0.537602002,-1.6304491560389625,lgFu_train
10364560,-0.596707855,-1.2557051014078822,lgFu_train
10367012,-1.698970004,-1.7611747686807615,lgFu_train
10368812,-1.337242168,-1.784902487432871,lgFu_train
10376960,-0.494850022,-0.46981805912733254,lgFu_train
10387417,-0.721475035,-1.4527161811596216,lgFu_train
10387489,-0.745935547,-1.2126516246016423,lgFu_train
10389239,-2.522878745,-1.6366311818178885,lgFu_train
10405318,-2.443697499,-2.4076212455468893,lgFu_train
10407275,-2.283996656,-2.023295840496039,lgFu_train
10407503,-2.366531544,-1.9270939301517775,lgFu_train
10409908,-1.368556231,-1.7258582844793446,lgFu_train
10410468,-0.002613616,-0.1480103268689454,lgFu_train
10411605,-1.096910013,-1.124496615388444,lgFu_train
10411907,-1.327902142,-1.4434624139830126,lgFu_train
10428273,-1.769551079,-1.7335570054262943,lgFu_train
10430450,-0.000869459,0.05091177309177024,lgFu_train
10433988,-0.002176919,-0.042774196860871604,lgFu_train
10452640,-0.000434512,0.005398120833271472,lgFu_train
10459564,-2.677780705,-1.5563915430819562,lgFu_train
10465965,-0.713319031,-0.5350973715240607,lgFu_train
10470886,-0.68131073,-0.8535903124893038,lgFu_train
10476254,-0.001740662,-0.04140395066416942,lgFu_train
10477093,-0.000434512,-0.05237808101841479,lgFu_train
10477191,-0.001740662,-0.014388578284143826,lgFu_train
10477292,-0.318758763,-0.49354750246378637,lgFu_train
10478142,-0.004803708,-0.14907485046674046,lgFu_train
10478515,-0.744727495,-0.6885775329229838,lgFu_train
10479502,-2.537602002,-1.8615845583111987,lgFu_train
10483360,-2.698970004,-2.1900168093041144,lgFu_train
10529121,-0.920818754,-0.8884628530795615,lgFu_train
10643071,-1.041436117,-1.5250643144988931,lgFu_train
10669349,-1.397940009,-0.9230762357533425,lgFu_train
10714850,-0.524328812,-0.7552892646847464,lgFu_train
10729608,-0.348334396,-1.116365495702085,lgFu_train
10742217,-0.585026652,-0.7040152880503571,lgFu_train
10809911,-0.431094585,-0.5370269184273299,lgFu_train
10833571,-0.821023053,-1.1143950572026446,lgFu_train
10861643,-0.284832642,-0.38746636865594647,lgFu_train
11027582,-2.128028356,-1.377993443771131,lgFu_train
11058021,-0.545612533,-1.1470837263546716,lgFu_train
11097730,-0.007298132,-0.9131838335882387,lgFu_train
11122429,-0.408935393,-0.668174520570159,lgFu_train
11134241,-1.301029996,-1.1459885799385718,lgFu_train
11139492,-0.455931956,-0.8719596520275411,lgFu_train
11149862,-0.933674075,-1.2085899640342852,lgFu_train
11152667,-0.585026652,-0.7070638849801317,lgFu_train
11154496,-1.982966661,-2.076568890640761,lgFu_train
11155871,-1.886056648,-1.619432677415267,lgFu_train
11159621,-0.996108834,-0.7666200210128717,lgFu_train
11185559,-1.207608311,-1.790354297514693,lgFu_train
11188322,-0.201073261,-0.7149741809922543,lgFu_train
11189693,-1.698970004,-1.541047096032438,lgFu_train
11189887,-0.823908741,-1.004905881279627,lgFu_train
11193842,-0.552686891,-0.7823603593750371,lgFu_train
11200189,-0.437707136,-0.9985455239097057,lgFu_train
11200344,-1.301029996,-1.2468827473529724,lgFu_train
11226207,-0.698970004,-1.1305657491967462,lgFu_train
11227406,-1.431798276,-1.3580028329029892,lgFu_train
11243969,-0.15490196,-0.20110744811026052,lgFu_train
11244984,-2.657577319,-1.9848111260653165,lgFu_train
11246973,-1.014124643,-1.365194474275742,lgFu_train
11248978,-0.8467951,-1.1997902760041723,lgFu_train
11258980,-1.913640169,-1.7984123333134563,lgFu_train
11271947,-2.22184875,-1.449426350908183,lgFu_train
11272103,-1.096910013,-1.1685602337245151,lgFu_train
11281300,-1.906578315,-2.0098479751545604,lgFu_train
11284707,-1.0,-1.0594705388896566,lgFu_train
11292789,-2.0,-1.9592472063232773,lgFu_train
11293438,-1.200659451,-1.0923937537764548,lgFu_train
11304743,-1.068542129,-1.0800818708108286,lgFu_train
11307532,-1.698970004,-1.5234332577298833,lgFu_train
11313946,-1.113509275,-0.8083377308720242,lgFu_train
11314287,-1.292429824,-2.1615815402361873,lgFu_train
11320069,-1.698970004,-1.2638100210097238,lgFu_train
11325699,-1.562249437,-1.7407880788403962,lgFu_train
11326126,-2.537602002,-1.869099528882342,lgFu_train
11328012,-1.886056648,-1.6681136006980941,lgFu_train
11328459,-0.823908741,-1.0544364293858053,lgFu_train
11329244,-1.508638306,-1.38317184252886,lgFu_train
11334232,-0.863279433,-0.4622330941326088,lgFu_train
11338777,-2.805023443,-1.6262570304225574,lgFu_train
11340230,-2.397940009,-2.048573813772628,lgFu_train
11340940,-0.236646891,-0.5644698498734856,lgFu_train
11351875,-2.0,-1.1283373466015123,lgFu_train
11361885,-1.301029996,-1.0844525139769383,lgFu_train
11372308,-1.847711656,-2.17972308125849,lgFu_train
11372756,-1.041436117,-1.0374165761536371,lgFu_train
11373432,-0.191789027,-0.6053561440815194,lgFu_train
11375301,-2.096910013,-1.8911869206306677,lgFu_train
11381416,-0.113509275,-0.3859829046753279,lgFu_train
11405875,-2.698970004,-2.1252687616758488,lgFu_train
11407074,-2.0,-1.6177981484231374,lgFu_train
11407637,-1.11463878,-1.3606574206355295,lgFu_train
11409499,-2.903089987,-1.1391438530183469,lgFu_train
11417954,-0.377785977,-1.0191923092834563,lgFu_train
11419598,-1.19280447,-0.9660235629990586,lgFu_train
11427975,-0.744727495,-1.2247894889053232,lgFu_train
11452690,-1.15490196,-1.2307888778613894,lgFu_train
11453391,-2.301029996,-2.1974942347679827,lgFu_train
11462174,-2.193820026,-1.878367859184555,lgFu_train
11462546,-2.075720714,-1.7554372654747987,lgFu_train
11463807,-1.53313238,-1.8754687251820743,lgFu_train
11485656,-2.0,-2.0440619477128052,lgFu_train
11488320,-1.173925197,-1.2883610855065735,lgFu_train
11488817,-0.316322701,-0.49723055991999193,lgFu_train
11495680,-1.301029996,-1.4647288190805385,lgFu_train
11500877,-1.8569852,-1.2700473032479944,lgFu_train
11502371,-0.745935547,-0.6482175986205396,lgFu_train
11503160,-1.823908741,-1.4598508470581362,lgFu_train
11503417,-1.244125144,-0.6705748903951341,lgFu_train
11505089,-2.27572413,-1.9549303063738797,lgFu_train
11505808,-1.568636236,-1.5674560999276619,lgFu_train
11509189,-1.397940009,-0.6922168729295991,lgFu_train
11510392,-2.301029996,-2.1919617990351483,lgFu_train
11510579,-2.15490196,-2.430311441129433,lgFu_train
11511776,-1.494850022,-1.7728240412155714,lgFu_train
11514705,-0.298432015,-2.048621129991602,lgFu_train
11516136,-0.096910013,-0.2640330361000262,lgFu_train
11517780,-2.173925197,-1.7436610363729932,lgFu_train
11518018,-1.795880017,-2.01846243954464,lgFu_train
11519784,-1.443697499,-1.41117956940579,lgFu_train
11526078,-1.823908741,-1.4975356845640109,lgFu_train
11531460,-1.050609993,-1.4942052889890802,lgFu_train
11531799,-1.301029996,-0.8407432106671404,lgFu_train
11538251,-0.443697499,-0.8162733784335894,lgFu_train
11546350,-2.004364805,-1.9334677620506326,lgFu_train
11546947,-0.804100348,-1.5798145573041307,lgFu_train
11547499,-0.568636236,-0.542675418461399,lgFu_train
11554040,-0.769551079,-1.0845320913077943,lgFu_train
11556911,-1.036684489,-0.9474324295949293,lgFu_train
11561674,-0.494850022,-0.7780920080290683,lgFu_train
11562302,-2.698970004,-2.2362535053417743,lgFu_train
11562549,-1.292429824,-1.2919970233398632,lgFu_train
11567957,-2.522878745,-2.153045465579254,lgFu_train
11568443,-1.995678626,-1.795985208739183,lgFu_train
11570626,-2.0,-2.0100540158878673,lgFu_train
11573765,-0.602059991,-0.6494825036540113,lgFu_train
11574877,-1.591760035,-1.742965356346735,lgFu_train
11576663,-2.045757491,-1.6597658154246133,lgFu_train
11578047,-1.397940009,-1.478082455208994,lgFu_train
11578126,-2.0,-1.8561118933997454,lgFu_train
11581936,-2.920818754,-2.2148929507448045,lgFu_train
11595037,-1.53313238,-1.9668968553615762,lgFu_train
11596881,-1.301029996,-1.382660497199778,lgFu_train
11597571,-1.105683937,-1.1626561748865043,lgFu_train
11597959,-0.173925197,-0.5988251893399085,lgFu_train
11603378,-0.619788758,-0.5452512384500341,lgFu_train
11603648,-0.823908741,-0.9992336387301929,lgFu_train
11607042,-2.397940009,-1.9349382099224322,lgFu_train
11610553,-2.698970004,-2.1709136592988987,lgFu_train
11611215,-1.427128398,-1.805416821027103,lgFu_train
11614352,-0.301029996,-0.5840660315730636,lgFu_train
11617559,-1.698970004,-1.2544860855073854,lgFu_train
11622909,-0.060480747,-0.20196730684941094,lgFu_train
11623092,-2.15490196,-2.0350335209555492,lgFu_train
11625340,-0.744727495,-0.5968690490391432,lgFu_train
11626927,-1.954677021,-1.7454700970632424,lgFu_train
11631866,-2.468521083,-1.9391612220886023,lgFu_train
11634645,-0.933674075,-1.4048745397627334,lgFu_train
11641563,-1.301029996,-1.5576442706344544,lgFu_train
11646514,-1.866461092,-1.6755178366825367,lgFu_train
11647025,-0.721246399,-0.8670391415930768,lgFu_train
11655069,-1.92733963,-1.910997570591017,lgFu_train
11656002,-2.200659451,-2.240576157784191,lgFu_train
11657311,-2.698970004,-2.3363099106924894,lgFu_train
11667741,-0.991399828,-1.4239079198634272,lgFu_train
11671467,-1.823908741,-1.9357773897282364,lgFu_train
11675054,-1.096910013,-0.7809147480003574,lgFu_train
11675388,-0.657577319,-0.7446845317615175,lgFu_train
11675688,-1.180456064,-1.9479723445837718,lgFu_train
11676720,-1.407823243,-1.6318265697417493,lgFu_train
11676786,-2.408935393,-1.8297178777388141,lgFu_train
11682247,-0.907279355,-1.774951477956595,lgFu_train
11682482,-1.76700389,-1.944696739954013,lgFu_train
11683125,-1.581698709,-1.5163934324647386,lgFu_train
11690372,-2.113509275,-2.0968142735238375,lgFu_train
11704625,-1.600326279,-1.5751496692251314,lgFu_train
11705608,-2.0,-1.3824779993911565,lgFu_train
11710694,-0.356547324,-0.9715841099003314,lgFu_train
11712583,-1.571865206,-1.2889797341984577,lgFu_train
11712662,-1.698970004,-1.4429131408544114,lgFu_train
11712898,-1.920818754,-1.7314612334342314,lgFu_train
11715767,-0.232473101,-0.4095372119930055,lgFu_train
11716665,-0.855425792,-1.360645814641026,lgFu_train
11718030,-2.568636236,-2.0359946459006064,lgFu_train
11723708,-1.381951903,-1.8020738747104994,lgFu_train
11739248,-1.397940009,-1.6759449436831608,lgFu_train
11742188,-1.193820026,-1.5721677973352473,lgFu_train
11751490,-2.22184875,-2.0685707102626196,lgFu_train
11751922,-1.301029996,-2.012488438131612,lgFu_train
11754770,-0.011441043,-0.05648227759273617,lgFu_train
11757187,-1.602059991,-1.706119875450414,lgFu_train
11779217,-1.0,-0.6522647052140507,lgFu_train
11785059,-0.996108834,-2.066255289287792,lgFu_train
11818138,-2.387216143,-1.9584433724243517,lgFu_train
11843159,-1.886056648,-1.7105365082091022,lgFu_train
11844351,-2.769551079,-2.1651573711921124,lgFu_train
11844916,-1.301899454,-1.7206901669297843,lgFu_train
11848206,-2.022276395,-1.7545839410851765,lgFu_train
11848679,-0.524328812,-0.9600702775614932,lgFu_train
11848949,-1.522878745,-1.3935360199244133,lgFu_train
11853814,-1.823908741,-1.95231168567185,lgFu_train
11857680,-1.259637311,-1.2631577205804285,lgFu_train
11957265,-1.571865206,-1.8278896407507,lgFu_train
11960529,-0.229147988,-0.20839610569098982,lgFu_train
11964036,-1.443697499,-1.4364806651795397,lgFu_train
11964344,-1.886056648,-1.6183493455075622,lgFu_train
11974019,-1.679853714,-1.4352599722766675,lgFu_train
11978451,-1.356547324,-1.89205850767169,lgFu_train
11983362,-0.510322708,-0.7079533011615068,lgFu_train
11989761,-1.096910013,-2.0155971517843985,lgFu_train
11995990,-1.602059991,-1.623222828436497,lgFu_train
11995991,-1.698970004,-1.5019664578478098,lgFu_train
11996130,-1.744727495,-1.7857328678644595,lgFu_train
11996132,-1.721246399,-1.767539237143748,lgFu_train
11996136,-1.568636236,-1.5226146399640568,lgFu_train
11996283,-1.677780705,-1.4932333262582274,lgFu_train
12000797,-0.301029996,-0.590114067383482,lgFu_train
12002012,-0.89279003,-0.6000112410008243,lgFu_train
12004316,-3.15490196,-2.5174240377553536,lgFu_train
12073809,-2.522878745,-2.1480648068999617,lgFu_train
12073810,-2.522878745,-2.1344763311192656,lgFu_train
12803450,-1.522878745,-1.3705786320907156,lgFu_train
12850146,-0.698970004,-0.6926711400101155,lgFu_train
12877832,-0.065501546,-0.2679066612084295,lgFu_train
12941612,-0.107905406,-0.3835592504692825,lgFu_train
12962084,-2.045757491,-1.638877973280072,lgFu_train
12983887,-0.046274232,-0.08802533749020292,lgFu_train
13035349,-0.09691001,-0.3522839533921235,lgFu_train
13044278,-0.301029996,-0.7161680143324307,lgFu_train
13135186,-1.054572448,-0.6989693388855528,lgFu_train
13175019,-0.113509275,-0.40637486283839735,lgFu_train
13217488,-0.327902142,-0.3500475044793959,lgFu_train
13728862,-0.408935393,-0.7372519762935792,lgFu_train
14445453,-1.0,-0.6816894825664629,lgFu_train
14475373,-1.638272164,-1.4464061648127562,lgFu_train
14545018,-1.19859629,-1.5651166897874687,lgFu_train
14748561,-2.301029996,-1.6727527323399403,lgFu_train
15219215,-1.630901706,-1.44642902883398,lgFu_train
15230353,-0.996108834,-1.2677552029230776,lgFu_train
15458385,-0.259637311,-0.19399361494817471,lgFu_train
15887336,-0.26520017,-0.5753967754169436,lgFu_train
15940799,-0.397940009,-0.44287645284501875,lgFu_train
15940800,-0.356547324,-0.35756832062033955,lgFu_train
15940801,-0.26760624,-0.255879122201512,lgFu_train
15941083,-0.200659451,-0.47037703018531657,lgFu_train
15941086,-0.124938737,-0.5091508734041663,lgFu_train
15941255,-0.27572413,-0.4715467984480829,lgFu_train
15947119,-1.096910013,-0.9068696999487641,lgFu_train
15949822,-2.301029996,-2.2254015676605157,lgFu_train
15950755,-0.086186148,-0.31843757130856215,lgFu_train
15953802,-1.330683119,-0.8002563218784456,lgFu_train
15958273,-2.0,-1.5070465113022773,lgFu_train
15958274,-1.677780705,-1.0651004870897023,lgFu_train
15958275,-1.769551079,-1.4365402515500734,lgFu_train
15958276,-0.777283529,-0.9270817822187163,lgFu_train
15958277,-1.356547324,-1.6406355084130786,lgFu_train
15958278,-1.769551079,-1.4392320401553391,lgFu_train
15958279,-1.744727495,-1.3928640591916617,lgFu_train
15958280,-1.657577319,-1.719578471091978,lgFu_train
15958281,-1.48148606,-1.702637613977134,lgFu_train
15959139,-1.0,-0.8509667231920232,lgFu_train
15959141,-1.0,-0.7756013459045352,lgFu_train
15959142,-1.0,-1.186834321216254,lgFu_train
15981237,-2.22184875,-2.1730479130608087,lgFu_train
15981891,-0.604149624,-0.5987585490020161,lgFu_train
15982018,-0.596707855,-0.7099063621886978,lgFu_train
15982019,-0.951558196,-0.5721835434533457,lgFu_train
15982149,-0.838033384,-0.7274516747113168,lgFu_train
15982150,-0.5172693,-0.6810947183060676,lgFu_train
15982151,-0.589222767,-0.7044294137447717,lgFu_train
15982407,-0.503485481,-0.5733108727775493,lgFu_train
15982534,-0.585026652,-0.6860186578786421,lgFu_train
15983301,-1.823908741,-1.3576959335778325,lgFu_train
15983430,-1.378823718,-0.6803475228735623,lgFu_train
15983549,-0.754240644,-0.764687087392582,lgFu_train
15983550,-0.951558196,-0.8389195858771755,lgFu_train
15983552,-1.023191663,-0.9166758633370313,lgFu_train
15983553,-0.770574152,-0.7592360908747476,lgFu_train
15983677,-1.142667504,-1.0451131156386786,lgFu_train
15983679,-0.642255675,-0.8065820838644483,lgFu_train
15983680,-1.679853714,-1.102271591287278,lgFu_train
15983810,-0.872571222,-0.6623777760114308,lgFu_train
15984101,-1.698970004,-1.6650524961680089,lgFu_train
15984937,-0.769551079,-0.9609107560831757,lgFu_train
15985912,-2.522878745,-2.3101101481356316,lgFu_train
15988711,-1.954677021,-1.672238602176679,lgFu_train
15991573,-1.886056648,-2.02275901489043,lgFu_train
16005753,-1.349692477,-1.6419696077169017,lgFu_train
16007367,-3.0,-2.3526807102713008,lgFu_train
16008685,-0.745935547,-0.9700116693106728,lgFu_train
16010689,-1.659669105,-2.067826248772473,lgFu_train
16015156,-1.3400838,-1.7210061670528227,lgFu_train
16036825,-2.102372909,-1.6730488224627933,lgFu_train
16038120,-1.484126156,-1.5551727297970768,lgFu_train
16040318,-1.920818754,-1.3213539250938338,lgFu_train
16041224,-1.086186148,-1.1403014507904063,lgFu_train
16041411,-1.065501549,-1.2870035574188294,lgFu_train
16041594,-1.008773924,-1.3383649196932381,lgFu_train
16045418,-1.455931956,-1.8013110356512396,lgFu_train
16048554,-1.005243055,-0.6563261413193449,lgFu_train
16049824,-1.397940009,-0.8658891316712517,lgFu_train
16059780,-0.602059991,-0.6210611645710351,lgFu_train
16066663,-2.37675071,-2.131551029948004,lgFu_train
16069302,-1.906578315,-1.990187856992521,lgFu_train
16086088,-1.420216403,-1.9919381487955248,lgFu_train
16086114,-1.301029996,-1.9079195796207595,lgFu_train
16086657,-2.0,-1.8857453035114933,lgFu_train
16102868,-2.0,-1.6665802838603816,lgFu_train
16109001,-1.107905397,-1.3088162586301533,lgFu_train
16118192,-1.494850022,-1.804027462403053,lgFu_train
16118193,-1.443697499,-1.6948437209687148,lgFu_train
16118324,-1.37675071,-1.918060902263739,lgFu_train
16118737,-1.48148606,-1.7184500320395375,lgFu_train
16124479,-0.026872146,-0.3744554945215393,lgFu_train
16126651,-1.46470588,-1.5271401481292366,lgFu_train
16202164,-2.0,-1.768023060802708,lgFu_train
16221816,-2.0,-2.2597641528116297,lgFu_train
16290686,-1.522878745,-1.2574414801544165,lgFu_train
16415729,-0.450261269,-0.6392008114289356,lgFu_train
16722832,-1.123782159,-1.0417307008707875,lgFu_train
16727102,-1.123782159,-0.9632157742574765,lgFu_train
16727103,-1.105683937,-0.8626079247680437,lgFu_train
16732433,-1.747146969,-2.2211046339934786,lgFu_train
16734800,-3.22184875,-2.6133870523820333,lgFu_train
16736529,-0.943095149,-0.7859238878374435,lgFu_train
16739244,-0.30980392,-0.9818040384406068,lgFu_train
16749353,-1.522878745,-1.9392140521588213,lgFu_train
16749996,-0.288192771,-0.8204722098744482,lgFu_train
16755780,-0.958607315,-1.074508328337413,lgFu_train
17583883,-2.180456064,-1.6578078955130215,lgFu_train
17754438,-0.795880017,-1.1245101126063015,lgFu_train
17754772,-1.274088368,-0.8630034697474476,lgFu_train
17755052,-1.15490196,-1.546126409113278,lgFu_train
17756786,-0.201814357,-0.25274508299824394,lgFu_train
17756939,-2.0,-1.9710570146581852,lgFu_train
17963196,-1.896196279,-1.5930890442294396,lgFu_train
17963201,-0.745935547,-1.6035113478468923,lgFu_train
17963208,-0.713319031,-1.5714613180751082,lgFu_train
17963227,-1.76700389,-1.7559022025743019,lgFu_train
17963258,-2.769551079,-1.6621156176253384,lgFu_train
17963332,-1.388276692,-1.5174639166347683,lgFu_train
17963334,-0.978397284,-1.5686762294871444,lgFu_train
17963363,-0.483068191,-1.5746934360992104,lgFu_train
17974226,-1.292429824,-1.3000247088304708,lgFu_train
18336924,-1.2644011,-1.2183738529304984,lgFu_train
18381542,-1.059483515,-1.2095188691546963,lgFu_train
18381562,-1.330683119,-1.0832633402887923,lgFu_train
18385573,-0.728158393,-1.4326675212779372,lgFu_train
18407230,-0.107905397,-0.9042320515601977,lgFu_train
18445520,-0.886056648,-1.299040104273162,lgFu_train
18449306,-0.924818145,-1.618797013781744,lgFu_train
18612709,-0.70333481,-1.0273099752331414,lgFu_train
18785796,-0.483068191,-0.6767320212785537,lgFu_train
18785851,-0.443818153,-0.6125573040685335,lgFu_train
19028691,-0.316322701,-0.31260422657719367,lgFu_train
19082200,-0.969400278,-1.0516307048372866,lgFu_train
19371515,-0.309360988,-0.3975313221109297,lgFu_train
19582717,-1.11463878,-1.0869336097940414,lgFu_train
20471564,-0.286509457,-0.3145996092374774,lgFu_train
20629114,-1.388276692,-1.300136342551761,lgFu_train
20793887,-2.397940009,-2.112549557342903,lgFu_train
20816892,-1.512861625,-1.7326454515892802,lgFu_train
20819668,-1.568636236,-1.3500482802483262,lgFu_train
21093784,-1.600326279,-1.9103670591046218,lgFu_train
21157547,-1.096367484,-0.7914156161285337,lgFu_train
21190508,-1.619788758,-1.7135075605968908,lgFu_train
21348140,-0.744727495,-0.7986752497406662,lgFu_train
21365956,-1.747146969,-1.0663070167810542,lgFu_train
21635104,-1.187086643,-0.9069225315645347,lgFu_train
21696352,-0.853871964,-1.129445337472831,lgFu_train
21717212,-1.886056648,-0.9323586729138924,lgFu_train
21867111,-2.0,-1.9517366575715727,lgFu_train
21881641,-0.397940009,-0.592113120042981,lgFu_train
21902176,-0.296708622,-0.5825503297555422,lgFu_train
21905905,-1.216096421,-1.3999156009300242,lgFu_train
21906847,0.0,-0.1792341307834091,lgFu_train
21906861,-0.000434512,-0.17186343627965617,lgFu_train
22041171,-2.301029996,-2.0023660263852974,lgFu_train
22049997,-1.189095719,-1.687138841237318,lgFu_train
22052039,-2.356547324,-2.209884612664445,lgFu_train
22170354,-1.251811973,-1.5793046892969842,lgFu_train
22263065,-1.179798541,-1.0558312643209784,lgFu_train
22263778,-1.688246139,-1.1824803501132513,lgFu_train
22273644,-1.552841969,-1.2795835888222553,lgFu_train
22287510,-0.406381692,-0.6235810422908146,lgFu_train
22291085,-1.431798276,-1.7409423143617109,lgFu_train
22313306,0.0,-0.3942920941058252,lgFu_train
22320083,-1.707743929,-1.6573957092375842,lgFu_train
22570509,-0.619788758,-0.7075774150615933,lgFu_train
22644568,-2.251811973,-1.8463651275714705,lgFu_train
22648920,-1.826813732,-1.9512429649813432,lgFu_train
22649035,-0.889747083,-1.4646141169299003,lgFu_train
22896913,-0.697236292,-0.4428508459753845,lgFu_train
22949130,-2.15490196,-2.0829750032229315,lgFu_train
23111123,-0.496209317,-0.4009114911664029,lgFu_train
23275090,-0.48148606,-1.0551365717985062,lgFu_train
23401859,-3.0,-2.5656489358419794,lgFu_train
23545473,-1.301029996,-1.045681196471224,lgFu_train
23583058,-2.698970004,-2.1261740393820867,lgFu_train
23624703,-0.48148606,-0.7769747646084394,lgFu_train
23626131,-0.508638306,-0.8684011840718554,lgFu_train
23626132,-0.602059991,-0.799177314027151,lgFu_train
23626283,-0.455931956,-0.7150471141435432,lgFu_train
23626923,-0.920818754,-0.8365609025971028,lgFu_train
23626924,-1.0,-0.8279812961889508,lgFu_train
23630085,-2.397940009,-2.337931859043331,lgFu_train
23630121,-2.698970004,-2.137750973981727,lgFu_train
23630122,-2.397940009,-2.179095748305566,lgFu_train
23630124,-1.924453039,-2.3603661725902736,lgFu_train
23630125,-2.698970004,-2.2058943136883835,lgFu_train
23630127,-2.397940009,-2.3249262613811776,lgFu_train
23630162,-2.455931956,-2.365295395672054,lgFu_train
23633343,-0.109020403,-0.48896062339458496,lgFu_train
23642165,-1.853871964,-1.5268106419077794,lgFu_train
23661672,-2.0,-2.0534932321297648,lgFu_train
23729877,-0.829444941,-0.4693678600601991,lgFu_train
24180125,-2.004364805,-1.6109467804343558,lgFu_train
24180585,-1.22184875,-0.9602368605114584,lgFu_train
24244526,-0.400335221,-0.35687310966081626,lgFu_train
24745335,-0.075720714,-0.2815322492152572,lgFu_train
24749711,-0.538351432,-0.5764337011102415,lgFu_train
24757938,-2.15490196,-2.212310132581048,lgFu_train
24757965,-1.22184875,-1.2133955414050392,lgFu_train
24757966,-0.337242168,-0.9470619867468656,lgFu_train
24758141,-0.37675071,-0.32029644918638,lgFu_train
24759089,-1.954677021,-1.6539823122131425,lgFu_train
24759558,-1.698970004,-1.4472198599505683,lgFu_train
24759663,-0.795880017,-1.0943946459641405,lgFu_train
24759665,-1.148741651,-1.3875272314473124,lgFu_train
24759666,-1.22184875,-1.2394430687137656,lgFu_train
24760653,-2.013228266,-1.35736201695518,lgFu_train
24765332,-1.15490196,-1.069664245763003,lgFu_train
24776307,-2.0,-1.7146032535024542,lgFu_train
24785538,-1.387216143,-1.4276872725531968,lgFu_train
24795070,-1.407823243,-1.178999941988879,lgFu_train
24800231,-1.698970004,-1.3702251865980017,lgFu_train
24810867,-0.508638306,-0.8419048337225409,lgFu_train
24823590,-1.721246399,-1.8154441070265026,lgFu_train
24825266,-1.161150909,-1.2706424324399181,lgFu_train
24857598,-0.770574152,-1.2441869330215494,lgFu_train
24857813,-0.468521083,-0.6384922858018917,lgFu_train
24864107,-2.0,-1.8104335609499314,lgFu_train
24865725,-1.522878745,-1.5309711944584037,lgFu_train
24866867,-0.332080315,-0.5039058117479529,lgFu_train
24870864,-0.16193839,-0.18055939578517233,lgFu_train
24871512,-0.538351432,-0.1927404473725099,lgFu_train
24877326,-1.170053304,-1.452258416066679,lgFu_train
24878044,-2.0,-2.0923949934442208,lgFu_train
24879232,-2.387216143,-1.8670487804431333,lgFu_train
24882716,-1.619788758,-1.6907856163353125,lgFu_train
24883012,-0.581864502,-1.6864037800545801,lgFu_train
24891645,-1.76700389,-1.9628134076826413,lgFu_train
24891647,-1.718966633,-1.6654952977780664,lgFu_train
24891699,-1.581698709,-1.5893723101836066,lgFu_train
24894017,-0.958607315,-1.1305400563329293,lgFu_train
24898133,-0.823908741,-0.890563417045506,lgFu_train
24900259,-0.585026652,-0.5270709962523297,lgFu_train
24906267,-0.978397284,-1.121102739459861,lgFu_train
24936155,-1.15490196,-1.5068169053958538,lgFu_train
24936215,-0.468521083,-0.5979014958690615,lgFu_train
24939268,-2.004364805,-2.1644725223176495,lgFu_train
24958200,-0.795880017,-0.47510027724469356,lgFu_train
24959177,-2.0,-1.778213013343757,lgFu_train
24961094,-1.504455662,-1.4020855852312968,lgFu_train
24963252,-1.522878745,-0.8083493462503267,lgFu_train
24963293,-0.600326279,-0.6216467531537433,lgFu_train
24964937,-2.22184875,-2.0896006275239074,lgFu_train
24965291,-1.823908741,-1.7236725381047204,lgFu_train
24965990,-2.0,-1.9870987396547872,lgFu_train
24968277,-1.193820026,-1.6489026142188472,lgFu_train
24985115,-0.299296283,-1.2066582953348175,lgFu_train
24986335,-1.581698709,-2.0360032913632304,lgFu_train
24988644,-0.107849722,-0.008332282672359683,lgFu_train
24993178,-0.301029996,-0.4542686102038371,lgFu_train
24994634,-0.091514981,-0.37821152718483436,lgFu_train
24996644,-0.37675071,-0.5983355377225265,lgFu_train
25001849,-1.017728767,-1.084468446418436,lgFu_train
25001850,-1.200659451,-1.2054668915483728,lgFu_train
25001851,-1.795880017,-1.300196595045683,lgFu_train
25003030,-0.602059991,-0.9138823053987922,lgFu_train
25006676,-1.397940009,-1.2237039299433954,lgFu_train
25008409,-0.745935547,-0.7726380821553215,lgFu_train
25008410,-1.069001136,-0.7805763170265866,lgFu_train
25008586,-0.611721137,-0.7741546074993776,lgFu_train
25008935,-0.689306688,-0.8541156635665922,lgFu_train
25014844,-1.014124643,-1.1064116298983486,lgFu_train
25015647,-0.22184875,-0.40073149083493914,lgFu_train
25015691,-1.254925208,-1.179194028748873,lgFu_train
25017033,-2.180456064,-1.7406938604278717,lgFu_train
25018003,-1.260038956,-1.2507894937617527,lgFu_train
25019940,-1.026872146,-0.9356259816797841,lgFu_train
25026044,-1.494850022,-1.451525797966788,lgFu_train
25026445,-2.397940009,-1.5594542088703482,lgFu_train
25030708,-1.27572413,-1.457966656304877,lgFu_train
25032869,-1.958607315,-1.6195855835556079,lgFu_train
25054452,-0.795880017,-1.0630301059019767,lgFu_train
25056080,-0.431798276,-0.9274175094486627,lgFu_train
25059320,-0.37675071,-0.9783402590448197,lgFu_train
25060093,-0.677780705,-1.4806573038211814,lgFu_train
25062766,-0.987162775,-1.1264037323934717,lgFu_train
25067404,-1.698970004,-2.218312154586429,lgFu_train
25070031,-0.251811973,-0.4502812324332968,lgFu_train
25070577,-0.420216403,-0.555875790663359,lgFu_train
25071004,-0.292429824,-0.44288607909612,lgFu_train
25071319,-0.251811973,-0.4462604352461585,lgFu_train
25071940,-0.229147988,-0.42104963201614387,lgFu_train
25093775,-0.735182177,-0.7211581079029376,lgFu_train
25094630,-0.823908741,-1.0110904769570763,lgFu_train
25094902,-1.236572006,-1.225807105195631,lgFu_train
25094903,-0.958607315,-1.0670109111687953,lgFu_train
25095678,-0.040958608,-0.0747284564427525,lgFu_train
25101945,-0.283996656,-0.46777875601176816,lgFu_train
25105690,-0.348334396,-0.881203428467465,lgFu_train
25114551,-1.283996656,-1.176401674102356,lgFu_train
25115964,-0.795880017,-0.7456112183185455,lgFu_train
25116186,-1.091514981,-1.0418748002575715,lgFu_train
25116191,-0.508638306,-0.6089414165231732,lgFu_train
25118125,-0.060480747,-0.10144058035031525,lgFu_train
25118477,-0.091514981,-0.22761131974235324,lgFu_train
25121505,-0.524328812,-1.3449846117479385,lgFu_train
25125014,-1.244125144,-1.322763299297136,lgFu_train
25128822,-0.657577319,-0.4585375200677886,lgFu_train
25128823,-0.142667504,-0.4160394140085436,lgFu_train
25128824,-0.408935393,-0.4304743607310955,lgFu_train
25129042,-0.769551079,-0.8104538291037194,lgFu_train
25129043,-1.091514981,-0.6747681218843318,lgFu_train
25129169,-0.387216143,-0.5585826934402227,lgFu_train
25129523,-0.292429824,-0.3588645751847541,lgFu_train
25130088,-0.552841969,-0.5596150594082906,lgFu_train
25130235,-0.187086643,-0.40319638698417337,lgFu_train
25130576,-0.031517051,-0.39515587117583584,lgFu_train
25133836,-0.301029996,-0.4380419503412004,lgFu_train
25134303,-3.045757491,-2.166339420752961,lgFu_train
25141776,-0.115204636,-0.10064534189228962,lgFu_train
25141777,-0.168770306,-0.08093724528830296,lgFu_train
25141896,-0.214670165,-0.17034673450919868,lgFu_train
25147644,-0.397940009,-0.8579456209811239,lgFu_train
25147692,-1.446116973,-1.3801350738400566,lgFu_train
25148271,-0.259637311,-0.30332972234276345,lgFu_train
25148347,-0.2069084,-0.5780368839174743,lgFu_train
25154847,-0.259637311,-0.3841440587436292,lgFu_train
25154848,-0.259637311,-0.39821477594618254,lgFu_train
25159060,-1.795880017,-1.764830436481514,lgFu_train
25159779,-1.698970004,-1.9269555050069014,lgFu_train
25166913,-1.040958608,-0.8434285334539185,lgFu_train
25169382,-0.787279846,-0.6144941591321339,lgFu_train
25171873,-0.5172693,-0.8519673655031462,lgFu_train
25171874,-0.762456262,-1.1542989643338848,lgFu_train
25172085,-0.838033384,-1.0558373133551644,lgFu_train
25172265,-1.008773924,-1.2675958921739339,lgFu_train
25180108,-0.119186408,-0.6071164520683208,lgFu_train
25181471,-1.657577319,-1.7729985377980382,lgFu_train
25181480,-2.698970004,-2.408391210275121,lgFu_train
25181481,-1.193820026,-1.6677366445361421,lgFu_train
25181502,-1.096910013,-1.6934641421283105,lgFu_train
25181771,-2.0,-1.6818524737593201,lgFu_train
25189891,-0.080921908,-0.25337093239711017,lgFu_train
25195461,-2.301029996,-2.13308538605716,lgFu_train
25196164,-0.795880017,-1.0647202822610793,lgFu_train
25196320,-1.484126156,-0.9149993110638279,lgFu_train
25197227,-1.436518915,-0.879753761307762,lgFu_train
25207583,-0.770574152,-1.2401680134577882,lgFu_train
25207689,-0.638272164,-0.7435476665112901,lgFu_train
25211910,-0.697236292,-1.7019585285299192,lgFu_train
25217563,-1.407823243,-1.9411262765290445,lgFu_train
25218397,-0.229147988,-0.5571856422302263,lgFu_train
25222038,-1.096910013,-1.4002540052504777,lgFu_train
25223021,-1.017728767,-1.8611769377155882,lgFu_train
25223122,-2.0,-1.8896375098362415,lgFu_train
25223126,-2.522878745,-1.9561043265796603,lgFu_train
25223323,-2.0,-1.8146043595747576,lgFu_train
25223419,-1.958607315,-1.732105580423443,lgFu_train
25223619,-2.0,-1.6908126079609376,lgFu_train
25223721,-1.721246399,-1.7547008798477197,lgFu_train
25223723,-1.443697499,-1.867003622352593,lgFu_train
25225622,-0.065501549,-0.22265941288713464,lgFu_train
25227436,-0.651695137,-0.5607005587751089,lgFu_train
25229646,-0.536107011,-0.5854991554507353,lgFu_train
25230181,-0.823908741,-0.7821433156735094,lgFu_train
25253556,-1.251811973,-1.7074213047323892,lgFu_train
25263223,-0.318758763,-0.4274725359106672,lgFu_train
25263944,-1.0,-0.7616342500120984,lgFu_train
26644345,-0.872571222,-2.192953747923844,lgFu_train
27656063,-1.698970004,-1.5657595608611574,lgFu_train
33657234,-2.698970004,-2.145766935897626,lgFu_train
35372055,-0.538351432,-0.887802853711084,lgFu_train
38032499,-2.096910013,-1.5478007504837124,lgFu_train
39779000,-0.524328812,-0.5578785902844855,lgFu_train
42618040,-1.679853714,-2.094932802117743,lgFu_train
42623223,-0.431094585,-0.40887701838836826,lgFu_train
42623385,-2.0,-1.7878580040014966,lgFu_train
42624149,-0.585026652,-0.34447705624250385,lgFu_train
42631007,-0.769551079,-0.4846354593412683,lgFu_train
42641863,-2.823908741,-2.4922694405129535,lgFu_train
42642654,-2.301029996,-1.1039079792970332,lgFu_train
42644786,-1.292429824,-1.193193234137458,lgFu_train
42645111,-1.48148606,-1.8596058560245339,lgFu_train
42645487,-1.455931956,-0.9124284404240033,lgFu_train
42883604,-1.659555885,-1.4308967646654147,lgFu_train
44123747,-0.568636236,-0.5065633243296273,lgFu_train
44125987,-0.960585881,-1.095465868817356,lgFu_train
44125988,-0.889747083,-1.0161244388744912,lgFu_train
44125989,-1.105683937,-1.3089578901294092,lgFu_train
44125990,-1.522878745,-1.1680414879944967,lgFu_train
44125991,-1.2644011,-1.5745735167667407,lgFu_train
44126023,-1.8569852,-2.1778764026862794,lgFu_train
44126528,-3.096910013,-2.726720619766228,lgFu_train
44135978,-1.045757491,-0.9564009287996768,lgFu_train
44135979,-1.0,-1.009339130256791,lgFu_train
44137226,-1.823908741,-1.067412592042161,lgFu_train
44137675,-1.096910013,-1.2995007961663405,lgFu_train
44138107,-3.045757491,-1.6965272288300952,lgFu_train
44142782,-0.677780705,-1.1291051542267188,lgFu_train
44156749,-1.30980392,-1.1369364775553,lgFu_train
44156750,-0.872895202,-0.8459969960818319,lgFu_train
44156964,-0.373659633,-0.7818008780762716,lgFu_train
44158492,-1.76700389,-2.0906442558713785,lgFu_train
44189740,-1.397940009,-1.3863205083322834,lgFu_train
44191096,-1.657577319,-1.496116776943653,lgFu_train
44199337,-0.744727495,-1.7028572854737571,lgFu_train
44202487,-2.0,-1.8874313643443106,lgFu_train
44205381,-2.0,-1.651948981189208,lgFu_train
44205420,-0.958607315,-1.4190013623299793,lgFu_train
44205421,-1.229147988,-1.1105107343419018,lgFu_train
44205422,-0.853871964,-1.5657058911808508,lgFu_train
44205637,-1.356547324,-1.319859582480863,lgFu_train
44205825,-1.397940009,-1.2560202011321007,lgFu_train
44207909,-0.552841969,-0.9405343184332459,lgFu_train
44208982,-1.397940009,-1.9581496994455239,lgFu_train
44211070,-0.863913903,-0.8003016268489279,lgFu_train
44215900,-1.161150909,-1.475511699201287,lgFu_train
44219451,-1.397940009,-1.5040343972816386,lgFu_train
44219912,-1.721246399,-1.4486503226146432,lgFu_train
44232443,-1.698970004,-1.4288397884692228,lgFu_train
44246713,-0.698970004,-0.5657681274072843,lgFu_train
44249821,-0.301029996,-0.5886240584281631,lgFu_train
44274398,-0.027334408,-0.05805312619435604,lgFu_train
44274399,-0.034328029,-0.21493810474789188,lgFu_train
44274413,-0.075204004,-0.12459678342379508,lgFu_train
44274423,-0.023191663,-0.0992359346032444,lgFu_train
44281580,-0.148741651,-0.24081879330029654,lgFu_train
44281581,-0.091514981,-0.6697931364431257,lgFu_train
44281595,-0.22184875,-0.5382388426224938,lgFu_train
44281805,-0.207608311,-0.34505892977288505,lgFu_train
44296532,-1.055517328,-1.0664293534438598,lgFu_train
44296580,-1.552841969,-1.4154747986649736,lgFu_train
44296824,-1.602059991,-1.6141297880104815,lgFu_train
44296901,-1.823908741,-1.7941103173347,lgFu_train
44302023,-2.522878745,-1.8591913853007422,lgFu_train
44302024,-1.619788758,-1.44920590047806,lgFu_train
44302096,-1.236572006,-1.596027443204862,lgFu_train
44302162,-2.15490196,-1.8326141082342042,lgFu_train
44302200,-1.455931956,-1.6610369330272,lgFu_train
44302339,-1.638272164,-1.4276346226760581,lgFu_train
44302357,-1.958607315,-1.9423801165885257,lgFu_train
44302410,-1.004364805,-1.4809598484276534,lgFu_train
44302416,-2.15490196,-2.1874472570332397,lgFu_train
44302429,-2.22184875,-1.6259548866411822,lgFu_train
44302627,-2.522878745,-2.0675446554032755,lgFu_train
44302661,-2.698970004,-2.339355511402988,lgFu_train
44302952,-2.22184875,-2.1186514436678303,lgFu_train
44324820,-2.301029996,-1.9472107668145724,lgFu_train
44329367,-2.292429824,-2.1630356852142434,lgFu_train
44336199,-1.077793723,-0.7934509615729117,lgFu_train
44338989,-1.005243055,-1.3531437338996866,lgFu_train
44348118,-1.698970004,-1.0623631580245927,lgFu_train
44366410,-0.251811973,-0.7192125909479812,lgFu_train
44370209,-0.68131073,-0.5855807554750825,lgFu_train
44384785,-0.770574152,-0.7233506239827843,lgFu_train
44384855,-1.292429824,-1.0682612216252068,lgFu_train
44392176,-0.483068191,-1.4605104804522555,lgFu_train
44393621,-0.657577319,-0.8392091168527223,lgFu_train
44393766,-1.301029996,-1.1859622750916545,lgFu_train
44395035,-2.0,-2.2572849251570988,lgFu_train
44395101,-2.15490196,-2.164652829190871,lgFu_train
44395109,-2.0,-1.9585041603179174,lgFu_train
44395166,-1.826813732,-1.6438334448462353,lgFu_train
44395257,-1.698970004,-1.7669640378604683,lgFu_train
44410987,-1.0,-0.8840053761850292,lgFu_train
44412343,-1.096367484,-1.3140547049082225,lgFu_train
44414678,-1.744727495,-1.801024162764386,lgFu_train
44414758,-2.397940009,-1.98495916805928,lgFu_train
44422668,-0.019542108,-0.04132319929019408,lgFu_train
44426760,-0.969400278,-1.3986177335250898,lgFu_train
44431186,-1.292429824,-1.871810725711981,lgFu_train
44431211,-0.920818754,-0.9233591641106296,lgFu_train
44434716,-0.510322708,-1.05096856632218,lgFu_train
44441607,-0.000434512,-1.1376362864027525,lgFu_train
44441608,-0.008330993,-0.3708013248634499,lgFu_train
44441609,-0.003488328,-0.43786411238549056,lgFu_train
44441617,-0.003488328,-0.5451842749039967,lgFu_train
44441623,-0.004803708,-0.34770635558483864,lgFu_train
44443835,-2.522878745,-1.9618144706248348,lgFu_train
44444387,-1.301029996,-1.5573979521271681,lgFu_train
44446422,-1.301029996,-1.2480138485164762,lgFu_train
44446423,-2.0,-1.8999529411110112,lgFu_train
44446450,-1.886056648,-1.3123674450260252,lgFu_train
44446821,-0.522878745,-0.6270140123019143,lgFu_train
44447929,-1.835647144,-1.5284432087705393,lgFu_train
44448230,-1.522878745,-1.3880322041297406,lgFu_train
44448299,-1.619788758,-0.8472887488623374,lgFu_train
44449086,-0.468521083,-0.7043093520827878,lgFu_train
44449880,-1.568636236,-1.4075895694010685,lgFu_train
44452662,-2.920818754,-2.322010355264907,lgFu_train
44455010,-1.769551079,-1.7331270954670337,lgFu_train
44455014,-1.920818754,-1.6927251262125134,lgFu_train
44455045,-1.958607315,-1.999572964133263,lgFu_train
44455234,-1.638272164,-1.364895631507017,lgFu_train
44455386,-2.045757491,-2.063107194262739,lgFu_train
44455404,-1.744727495,-1.8191692839100428,lgFu_train
44455559,-1.431798276,-1.0000586509433131,lgFu_train
44455561,-1.568636236,-1.4034028042608235,lgFu_train
44455591,-1.346787486,-1.5060760833710343,lgFu_train
44455592,-1.337242168,-1.399321180659852,lgFu_train
44455593,-1.356547324,-1.240935416912902,lgFu_train
44455623,-1.346787486,-1.7834944084007749,lgFu_train
44473100,-0.920818754,-0.5523215347716691,lgFu_train
44473151,-2.301029996,-2.1989377496193505,lgFu_train
44476261,-1.954677021,-1.7406670815040097,lgFu_train
44483269,-2.823908741,-2.2762665739251533,lgFu_train
44492448,-2.0,-1.4478711476327828,lgFu_train
44493436,-2.0,-1.793484054718261,lgFu_train
44493933,-2.0,-1.548431175905943,lgFu_train
44511091,-0.795880017,-1.0861861385259493,lgFu_train
44511934,-0.677780705,-0.8351725209060403,lgFu_train
44511935,-0.823908741,-0.8644140575222934,lgFu_train
44511938,-0.795880017,-0.9623881344262627,lgFu_train
44511967,-0.102372909,-0.6487072884613199,lgFu_train
44512001,-0.677780705,-0.9165834112580076,lgFu_train
44512058,-1.045757491,-0.9138985510210241,lgFu_train
44512090,-1.698970004,-0.8956727115083473,lgFu_train
44513473,-0.289036881,-0.13487181211197813,lgFu_train
44517589,-0.787279846,-0.9305920888893171,lgFu_train
44517635,-0.728158393,-1.195661990036789,lgFu_train
44517795,-2.522878745,-1.8158402709575694,lgFu_train
44517831,-1.721246399,-1.4490739404033313,lgFu_train
44520827,-1.8569852,-1.5220327640110887,lgFu_train
44520830,-2.13076828,-1.5270590893216507,lgFu_train
44525553,-0.764471553,-1.2366620087782438,lgFu_train
44525560,-1.0,-0.9227281799614323,lgFu_train
44538404,-0.337431033,-1.0100590022011668,lgFu_train
44540282,-1.023191663,-1.2093775930813881,lgFu_train
44544347,-1.446116973,-1.5487053629419214,lgFu_train
44544851,-1.321481621,-1.473402597034556,lgFu_train
44547414,-2.22184875,-1.998248925909579,lgFu_train
44555196,-1.032452024,-1.2787051409446955,lgFu_train
44555481,-0.769551079,-0.6928021118993825,lgFu_train
44555978,-2.0,-2.0413310574720294,lgFu_train
44562058,-2.397940009,-2.2279492976984887,lgFu_train
44562545,-3.045757491,-1.4841886554707096,lgFu_train
44570646,-1.853871964,-1.775617553969669,lgFu_train
44570689,-1.769551079,-1.1831616029329357,lgFu_train
44570804,-2.091514981,-1.395605001289258,lgFu_train
44570809,-1.30980392,-1.522494838470261,lgFu_train
44570810,-2.0,-1.7899876335439902,lgFu_train
44570811,-1.0,-1.3514913547942418,lgFu_train
44570857,-0.408935393,-1.2464437044895043,lgFu_train
44571020,-1.443697499,-1.4634243293228835,lgFu_train
44571021,-1.346787486,-1.4327888635639099,lgFu_train
44571022,-0.602059991,-0.9949395174225723,lgFu_train
44571098,-0.483068191,-1.0753851286740368,lgFu_train
44571103,-1.236572006,-1.4932437566451946,lgFu_train
44571105,-0.585026652,-0.8261197996722821,lgFu_train
44571106,-1.356547324,-1.4717626616560133,lgFu_train
44571145,-0.987162775,-1.1651557706761952,lgFu_train
44571146,-1.679853714,-1.3872243684384062,lgFu_train
44571147,-0.619788758,-0.8426228015901525,lgFu_train
44571176,-2.522878745,-1.6648260328031026,lgFu_train
44571188,-2.22184875,-1.401289013383766,lgFu_train
44571189,-1.378823718,-1.1964576918340541,lgFu_train
44571191,-1.721246399,-1.4817470281951919,lgFu_train
44571192,-1.823908741,-1.4730206441809461,lgFu_train
44571193,-1.721246399,-1.3697109949517625,lgFu_train
44571221,-0.353890478,-0.67722091463086,lgFu_train
44571223,-1.105683937,-1.0199397376344763,lgFu_train
44571224,-0.353890478,-0.6771752438808665,lgFu_train
44571225,-1.30980392,-1.3875825602023728,lgFu_train
44571226,-1.318758763,-1.3169589600085092,lgFu_train
44571227,-1.769551079,-1.5413652424972604,lgFu_train
44571228,-1.017728767,-1.09280176923353,lgFu_train
44571270,-0.795880017,-0.957188112088611,lgFu_train
44571271,-1.337242168,-1.1405366759124442,lgFu_train
44571305,-0.508638306,-1.0282617318519371,lgFu_train
44571306,-1.075720714,-1.4363085718391313,lgFu_train
44571307,-1.050609993,-1.0810032441772723,lgFu_train
44571308,-1.853871964,-1.1936334948573226,lgFu_train
44571336,-1.657577319,-1.1487856811466448,lgFu_train
44571337,-1.468521083,-1.4520098553844056,lgFu_train
44571338,-2.096910013,-1.487634149526892,lgFu_train
44571548,-1.070581074,-1.2784543205725925,lgFu_train
44571582,-1.096910013,-1.447939373870227,lgFu_train
44571915,-1.924453039,-2.1179906078315813,lgFu_train
44574108,-0.230622674,-0.11313219926567217,lgFu_train
44579014,-1.657577319,-1.6752977494674242,lgFu_train
44579069,-1.522878745,-1.1302131731666505,lgFu_train
44581573,-1.568636236,-1.5591939917286932,lgFu_train
44581788,-0.090979146,-0.4713509735080744,lgFu_train
44581857,-0.259637311,-0.4942690057985077,lgFu_train
44581858,-0.259637311,-0.7491769658899662,lgFu_train
44581859,-0.259637311,-1.029838968435051,lgFu_train
44590341,-2.48148606,-2.2297567391677946,lgFu_train
44599207,-3.0,-2.520760927170217,lgFu_train
44610687,-2.301029996,-2.2545491276621297,lgFu_train
44623998,-1.657577319,-2.320343406968007,lgFu_train
44626323,-2.004364805,-2.0986765301949637,lgFu_train
44631974,-1.431798276,-1.3051094720992193,lgFu_train
45102733,-2.096910013,-1.197032797487632,lgFu_train
45102767,-1.698970004,-1.6242414546611883,lgFu_train
45103523,-0.292429824,-0.5162002638274195,lgFu_train
45103680,-1.301029996,-1.5245011828478359,lgFu_train
45103681,-1.301029996,-1.7189845743728844,lgFu_train
45103723,-0.920818754,-0.502635621797475,lgFu_train
45109905,-1.698970004,-1.5675273705288688,lgFu_train
45267385,-2.853871964,-2.146842715720381,lgFu_train
45270144,-2.408935393,-1.9925548839955765,lgFu_train
45270841,-1.504455662,-1.622965357471458,lgFu_train
45271673,-1.886056648,-1.8126174887498356,lgFu_train
45275362,-1.920818754,-2.0724906282852205,lgFu_train
45279815,-2.522878745,-1.7671008282475305,lgFu_train
45375948,-0.259637311,-1.1530232003995875,lgFu_train
45381703,-0.886056648,-0.6652653158392813,lgFu_train
45381704,-1.026872146,-1.2736251714183582,lgFu_train
45482789,-2.0,-1.8498913560049426,lgFu_train
45486519,-0.614393726,-0.6477149421267095,lgFu_train
45487870,-1.602059991,-1.4128092693560304,lgFu_train
45889074,-1.30980392,-1.2829371637556461,lgFu_train
46174640,-0.000434512,-0.14802806434343724,lgFu_train
46182708,-3.0,-2.22990319845069,lgFu_train
46187843,-1.48148606,-1.9053892278755677,lgFu_train
46190695,-1.397940009,-1.646933930371606,lgFu_train
46191454,-0.337242168,-0.13906594107315354,lgFu_train
46198031,-1.388276692,-1.29181239119778,lgFu_train
46199584,-1.718966633,-1.5244688275150975,lgFu_train
46202081,-1.826813732,-1.4794469348753898,lgFu_train
46202743,-1.46470588,-1.4925119458193399,lgFu_train
46203864,-1.187086643,-2.029333983767703,lgFu_train
46206291,-1.53313238,-1.5044844955055505,lgFu_train
46206642,-1.3400838,-1.4571283603409546,lgFu_train
46206977,-1.330683119,-1.329363367720554,lgFu_train
46209133,-0.167491087,-0.4332999619721933,lgFu_train
46212866,-0.173925197,-0.17471462571722424,lgFu_train
46213054,-2.0,-2.1601270694591888,lgFu_train
46216675,-1.886056648,-1.6662437569116801,lgFu_train
46216676,-3.22184875,-2.773098182456428,lgFu_train
46222481,-2.004364805,-2.001197915906135,lgFu_train
46222701,-1.747146969,-1.8620573522953636,lgFu_train
46232366,-1.408935393,-1.7553942173532417,lgFu_train
46232367,-0.649751982,-1.3018505027118186,lgFu_train
46232368,-1.769551079,-1.5123339817144374,lgFu_train
46232900,-1.244125144,-1.3378131703464113,lgFu_train
46232952,-2.301029996,-1.6325289918619592,lgFu_train
46232953,-0.995678626,-1.4897264416859228,lgFu_train
46232991,-1.113509275,-1.4653078494546334,lgFu_train
46232994,-0.924453039,-1.3383036427283752,lgFu_train
46232995,-0.991399828,-1.438490035420108,lgFu_train
46233031,-2.045757491,-1.821270177472597,lgFu_train
46233061,-1.187086643,-1.6946073108624333,lgFu_train
46233063,-1.920818754,-1.7565042352454903,lgFu_train
46233064,-1.744727495,-1.68415433716297,lgFu_train
46233114,-1.301029996,-1.1533483809696716,lgFu_train
46233115,-1.397940009,-1.2182339195289906,lgFu_train
46233287,-0.508638306,-0.6876159060567364,lgFu_train
46233691,-1.397940009,-1.5550026689783727,lgFu_train
46398810,-1.068542129,-0.9237891125582013,lgFu_train
46700737,-2.096910013,-1.7494329467485952,lgFu_train
46830489,-1.76700389,-1.7966410084714353,lgFu_train
46835136,-1.050609993,-1.0250589108143544,lgFu_train
46836562,-2.22184875,-1.9938641515123479,lgFu_train
46836713,-1.508638306,-1.5403318973276534,lgFu_train
46836714,-1.443697499,-1.134215865672746,lgFu_train
46840946,-2.619788758,-2.132320207714292,lgFu_train
46841215,-1.698970004,-1.966420986040991,lgFu_train
46841216,-2.229147988,-2.345046603060128,lgFu_train
46841499,-1.795880017,-1.9580033849476892,lgFu_train
46841789,-2.468521083,-2.298026589841248,lgFu_train
46847337,-0.928117993,-0.8338702459142364,lgFu_train
46852212,-0.301029996,-0.252149969100098,lgFu_train
46853654,-0.337431033,-0.5339065655699914,lgFu_train
46853755,-2.397940009,-2.240419320156965,lgFu_train
46861530,-1.318758763,-1.8440070309469172,lgFu_train
46863661,-0.924818145,-0.6985376446600099,lgFu_train
46865097,-1.22184875,-1.2379590489000345,lgFu_train
46865311,-3.0,-2.4165113384159636,lgFu_train
46865592,-1.091514981,-1.0675616604985914,lgFu_train
46865762,-2.522878745,-2.3721185219714096,lgFu_train
46865874,-2.096910013,-2.1916214420308977,lgFu_train
46866074,-2.15490196,-2.14081685220654,lgFu_train
46866266,-2.397940009,-2.3246562863761744,lgFu_train
46866381,-2.045757491,-2.264837949833934,lgFu_train
46866382,-2.22184875,-2.219296065454513,lgFu_train
46866705,-1.055517328,-1.3827574212767333,lgFu_train
46869193,-1.568636236,-1.7555242100738235,lgFu_train
46869951,-2.22184875,-1.8146329381747304,lgFu_train
46871757,-1.721246399,-1.740608411840374,lgFu_train
46871825,-1.721246399,-1.7111819539652335,lgFu_train
46879802,-2.22184875,-2.2709918485768075,lgFu_train
46879860,-1.552841969,-2.2174034071780833,lgFu_train
46879894,-1.795880017,-2.1827327410956654,lgFu_train
46885171,-2.769551079,-2.1415292041731284,lgFu_train
46897844,-1.48148606,-1.6799046080896687,lgFu_train
46898088,-0.13667714,-0.3825086214419859,lgFu_train
46911015,-1.826813732,-1.6230346502523714,lgFu_train
46911124,-0.698970004,-1.4702384459886295,lgFu_train
46934289,-3.0,-2.199459373608059,lgFu_train
46934729,-0.013228266,-0.5532923162200335,lgFu_train
46934730,-0.005682847,-0.43326719772412703,lgFu_train
46942544,-1.552841969,-2.079222278509458,lgFu_train
46943323,-2.619788758,-2.028890467875847,lgFu_train
46945659,-0.455931956,-0.6557096157184761,lgFu_train
49765871,-2.698970004,-2.28848057922589,lgFu_train
49771641,-2.0,-2.0126887452680338,lgFu_train
49778730,-2.455931956,-2.2149921359923477,lgFu_train
49784002,-1.522878745,-1.5612234311033801,lgFu_train
49784894,-0.761953897,-0.6684914857932353,lgFu_train
49787489,-0.443818153,-0.34285916911521475,lgFu_train
49789564,-2.537602002,-2.4430456336571273,lgFu_train
49792792,-2.568636236,-2.3140729023939173,lgFu_train
49800096,-1.508638306,-1.4304827116913603,lgFu_train
49831162,-1.22184875,-1.486712327295282,lgFu_train
49831257,-0.166215625,-0.4326664966287307,lgFu_train
49835845,-0.958607315,-1.5406571542749257,lgFu_train
49835853,-1.301029996,-1.9286698864476182,lgFu_train
49837912,-0.301029996,-1.7235062333494822,lgFu_train
49840814,-1.408935393,-1.906482097683784,lgFu_train
49846142,-2.096910013,-2.051143525454987,lgFu_train
49846226,-2.15490196,-2.0272139419356314,lgFu_train
49847173,-1.823908741,-1.9200876417045933,lgFu_train
49847377,-1.397940009,-1.6421451076895055,lgFu_train
49847379,-1.657577319,-1.4793560527608502,lgFu_train
49848656,-2.301029996,-2.4989870443818134,lgFu_train
49848777,-2.698970004,-2.6588853396762913,lgFu_train
49848778,-2.698970004,-2.60964489697031,lgFu_train
49848895,-2.22184875,-1.6990389074685357,lgFu_train
49848897,-2.522878745,-1.7542338214802788,lgFu_train
49849002,-1.795880017,-1.6088616712516124,lgFu_train
49849008,-1.337242168,-1.6554800166614299,lgFu_train
49849912,-2.0,-1.9492520756843414,lgFu_train
49855496,-1.359518563,-1.3879456152526672,lgFu_train
49855886,-1.207608311,-1.3122042502009483,lgFu_train
49857571,-0.853871964,-1.2537885410537757,lgFu_train
49857811,-0.096910013,-0.3835822046169218,lgFu_train
49858346,-0.552841969,-0.9415231265108346,lgFu_train
49862986,-0.958607315,-0.93247416165359,lgFu_train
49863017,-1.522878745,-1.2473882560945162,lgFu_train
49863138,-3.0,-2.250335968898966,lgFu_train
49863173,-3.0,-2.247258723023248,lgFu_train
49863206,-3.0,-2.236799323409394,lgFu_train
49863207,-1.886056648,-2.062546161585,lgFu_train
49863241,-2.522878745,-2.2381876163100527,lgFu_train
49864459,-0.853871964,-1.6456361760744895,lgFu_train
49864483,-1.167491087,-1.4405709965968623,lgFu_train
49865399,-1.769551079,-1.8546543127802637,lgFu_train
49865400,-2.301029996,-2.3259067423806874,lgFu_train
49865401,-2.522878745,-2.0920462893301766,lgFu_train
49865822,-0.853871964,-0.8930617188908929,lgFu_train
49865875,-0.236572006,-0.303794894576673,lgFu_train
49865877,-0.408935393,-0.3368395881714662,lgFu_train
49865880,-0.301029996,-0.6293640628931065,lgFu_train
49865936,-0.431798276,-0.3842132362411796,lgFu_train
49865937,-0.443697499,-0.3695097710734314,lgFu_train
49869312,-1.189095719,-0.9109564790767805,lgFu_train
49869313,-1.301899454,-1.1771143943107334,lgFu_train
49871817,-2.065501549,-1.9405654977810722,lgFu_train
49872381,-1.568636236,-1.616623602406091,lgFu_train
49872483,-1.698970004,-1.7535947841602268,lgFu_train
50910523,-1.468521083,-1.7423505374493862,lgFu_train
50910542,-1.698970004,-1.6146418869239794,lgFu_train
50910548,-1.15490196,-1.6717196025667227,lgFu_train
50910549,-1.301029996,-1.5936774312946163,lgFu_train
50915132,-1.397940009,-1.2218037921872336,lgFu_train
50916528,-1.045757491,-1.1707850373910587,lgFu_train
50925404,-1.484126156,-1.2155104980487976,lgFu_train
50925541,-0.244125144,-0.9640381953638057,lgFu_train
50940507,-1.179798541,-0.9189657568252334,lgFu_train
50941212,-1.777283529,-2.0496829817666953,lgFu_train
50990921,-0.958607315,-0.7705861067256041,lgFu_train
50991056,-0.102372909,-0.45458530423600135,lgFu_train
50992246,-0.37161107,-0.49589751790107767,lgFu_train
50994593,-1.958607315,-1.5689249126687206,lgFu_train
50994597,-2.301029996,-1.05061581810336,lgFu_train
51001932,-0.619788758,-0.822420004611179,lgFu_train
51003505,-1.22184875,-1.4973709544532876,lgFu_train
51003683,-1.522878745,-2.1775223577951817,lgFu_train
51003693,-2.0,-1.8857392806175697,lgFu_train
51029603,-2.013228266,-1.6388570716987254,lgFu_train
51029604,-1.077793723,-0.7269471566142967,lgFu_train
51030711,-1.886056648,-1.7382595064192763,lgFu_train
51030897,-2.0,-1.7280639833444147,lgFu_train
51030898,-1.744727495,-1.6493751911228693,lgFu_train
51030901,-2.15490196,-1.7423159090037346,lgFu_train
51031020,-0.173925197,-0.2179555159539906,lgFu_train
51039927,-1.698970004,-1.22600593406591,lgFu_train
51040288,-1.311580178,-1.2853374131707602,lgFu_train
51049968,-1.161150909,-1.0320253418685368,lgFu_train
51346808,-1.408935393,-1.1694187302674814,lgFu_train
51355576,-1.657577319,-1.3013413509052176,lgFu_train
51357585,-1.387216143,-1.4602444633133225,lgFu_train
52330067,-0.177178354,-0.31053665382118295,lgFu_train
52913813,-0.721246399,-0.8494843202251585,lgFu_train
52918271,-0.752026734,-0.8444836397144793,lgFu_train
52918272,-0.591760035,-0.9065129308654774,lgFu_train
52918894,-0.958607315,-1.0600546273742248,lgFu_train
52919672,-1.698970004,-1.730068132149516,lgFu_train
52920146,-1.698970004,-1.7802858217676223,lgFu_train
52920147,-1.698970004,-1.8671432040313185,lgFu_train
52920150,-1.698970004,-1.7906324730741594,lgFu_train
52934180,-1.886056648,-1.3482138485738537,lgFu_train
52934274,-1.630784143,-1.7815247558863556,lgFu_train
52934829,-0.890198569,-0.9687613495326081,lgFu_train
52938668,-0.958607315,-0.7443270330547812,lgFu_train
52938669,-1.15490196,-1.2264906448902562,lgFu_train
52939517,-1.698970004,-1.5330072581728513,lgFu_train
52940465,-2.0,-1.7488400309010739,lgFu_train
52941857,-1.301029996,-1.391022199329494,lgFu_train
53232451,-1.27572413,-1.102943782441929,lgFu_train
53233899,-2.366531544,-2.2545209796057772,lgFu_train
53234870,-1.217527376,-1.595644954793245,lgFu_train
53235532,-1.008773924,-1.3282808331898546,lgFu_train
53236190,-0.301029996,-0.5891061526342694,lgFu_train
53236431,-0.732828272,-0.6670822198930334,lgFu_train
53236607,-1.698970004,-1.4462686320470433,lgFu_train
53236824,-1.698970004,-1.6462407691178353,lgFu_train
53237048,-0.657577319,-0.7914045460945173,lgFu_train
53237049,-0.568636236,-0.8521354774014044,lgFu_train
53237257,-0.853871964,-0.8028972374267087,lgFu_train
53237261,-0.387216143,-0.5030024697818587,lgFu_train
53237536,-1.022276395,-0.8635403695908985,lgFu_train
53237719,-0.744727495,-0.7623066979094263,lgFu_train
53237720,-0.638272164,-0.7234711371621988,lgFu_train
53237773,-1.060480747,-1.1834693411718242,lgFu_train
53238002,-1.180456064,-0.7882191498125066,lgFu_train
53238005,-0.978810701,-0.9403990390803085,lgFu_train
53242178,-0.301029996,-0.48219100694736383,lgFu_train
53244396,-1.214670165,-0.6745045358535021,lgFu_train
53245441,-1.301029996,-2.098455504200233,lgFu_train
53245590,-0.299296283,-1.5883051497108154,lgFu_train
53246020,-1.48148606,-1.4800150378075305,lgFu_train
53247212,-0.602059991,-0.7247643604916494,lgFu_train
53251322,-1.795880017,-1.8661176943529818,lgFu_train
53251476,-1.301029996,-1.3528383367326793,lgFu_train
53251628,-1.698970004,-1.2989723418831032,lgFu_train
53251631,-2.0,-1.7332303995391323,lgFu_train
53251632,-1.698970004,-1.4694392365646245,lgFu_train
53259031,-1.229147988,-1.4751189877031412,lgFu_train
53307432,-1.274088368,-1.2911114416904943,lgFu_train
53307606,-1.522878745,-1.2715267462351407,lgFu_train
53311070,-0.420216403,-0.770538340815066,lgFu_train
53311138,-0.665546249,-0.6582546772559683,lgFu_train
53311230,-0.619788758,-0.9434699752731063,lgFu_train
53311392,-0.591760035,-0.7428201644029536,lgFu_train
53311393,-0.8569852,-1.0670130676381,lgFu_train
53311484,-0.266802735,-0.5999357927221295,lgFu_train
53311562,-0.36552273,-0.7440707117327309,lgFu_train
53311566,-1.420216403,-1.4753126809573751,lgFu_train
53315082,-0.602059991,-0.5195054475726142,lgFu_train
53315818,-1.698970004,-1.6620564691653033,lgFu_train
53317503,-1.416801226,-1.7322791574388885,lgFu_train
53317735,-1.508638306,-1.6208068444055639,lgFu_train
53318615,-0.924818145,-1.0397167295046044,lgFu_train
53318852,-1.769551079,-1.4723844510801685,lgFu_train
53319416,-2.886056648,-2.2346365712952814,lgFu_train
53320167,-1.657577319,-1.7503789949852848,lgFu_train
53320168,-1.920818754,-1.6872586525097377,lgFu_train
53320169,-1.148741651,-1.2266572828649818,lgFu_train
53320219,-0.677780705,-0.6799701020631098,lgFu_train
53321481,-1.107905397,-1.4153890885094447,lgFu_train
53321535,-1.045757491,-1.1536221665577986,lgFu_train
53323475,-1.123782159,-1.7837089812438913,lgFu_train
53324991,-0.920818754,-0.7221736868121363,lgFu_train
53325491,-0.744727495,-0.9698484384198268,lgFu_train
53326696,-1.346787486,-1.5802353797543525,lgFu_train
53326697,-1.48148606,-1.6129845175980642,lgFu_train
53326698,-0.958607315,-1.2960691786299419,lgFu_train
53326699,-1.721246399,-1.4554575296129213,lgFu_train
53326866,-1.522878745,-1.270728671511618,lgFu_train
53327817,-0.958607315,-0.7790057038987717,lgFu_train
53341130,-1.795880017,-1.975444113118172,lgFu_train
53347902,-2.22184875,-2.0546832500732597,lgFu_train
53348188,-1.698970004,-1.5321812939614334,lgFu_train
53350233,-3.0,-2.5761168937634773,lgFu_train
53358901,-3.045757491,-2.2147051482963933,lgFu_train
53359023,-1.337242168,-1.6908264522970124,lgFu_train
53361128,-2.0,-1.6653697108420487,lgFu_train
53361524,-1.924453039,-2.0521683267201176,lgFu_train
53363442,-0.096910013,-0.4216893039675824,lgFu_train
53363480,-0.301029996,-0.8005918583083717,lgFu_train
53373573,-2.698970004,-2.226091716591368,lgFu_train
53378051,-0.853871964,-0.9611490279595974,lgFu_train
53378456,-0.689306688,-0.9415936604584759,lgFu_train
53379404,-2.0,-1.7412486352778156,lgFu_train
53380290,-0.37675071,-0.7247687181728069,lgFu_train
53380818,-0.286509457,-1.4992057863037003,lgFu_train
53382523,-1.585026652,-1.7120112099715066,lgFu_train
53382542,-1.958607315,-1.8068333873193692,lgFu_train
53384864,-0.01188716,-0.5934840900010258,lgFu_train
53387844,-0.276708554,-0.39432582111306475,lgFu_train
53389570,-1.853871964,-1.3655108956035487,lgFu_train
53389580,-0.617982957,-0.8765917161742061,lgFu_train
53393954,-0.920818754,-0.7128088163989997,lgFu_train
53394043,-0.397940006,-0.7120294202033043,lgFu_train
53394893,-0.709965389,-1.050520696548089,lgFu_train
53395436,-1.435331965,-1.7217341555074681,lgFu_train
53442201,-1.8569852,-1.4847156754132904,lgFu_train
53461729,-1.522878745,-1.3872848538224951,lgFu_train
53461774,-1.965237887,-1.9765801933270832,lgFu_train
53465297,-0.769551079,-1.1384556239821935,lgFu_train
53472153,-1.321481621,-0.9429499756855667,lgFu_train
53472374,-2.15490196,-1.7478971504085976,lgFu_train
53472377,-1.251811973,-1.4719208221370212,lgFu_train
53472426,-0.30980392,-0.6340638564895754,lgFu_train
53472427,-0.910094889,-1.277175172252706,lgFu_train
53472470,-1.657577319,-1.5799296991527618,lgFu_train
53472471,-1.026872146,-0.9407952065873793,lgFu_train
53472473,-0.37675071,-0.5316953823637358,lgFu_train
53472683,-0.431798276,-1.2215824505378816,lgFu_train
53475321,-1.571865206,-1.6544090691422801,lgFu_train
53477157,-2.301029996,-2.066696661020262,lgFu_train
53493001,-3.0,-2.1654346259778947,lgFu_train
53494972,-0.301899454,-1.4487100763935898,lgFu_train
53681538,-1.301029987,-1.6408420614947394,lgFu_train
54034211,-0.417286631,-0.5690140459068457,lgFu_train
54098558,-2.301029996,-2.504199608642109,lgFu_train
54237161,-0.7044329,-0.3303182462649477,lgFu_train
54276218,-0.288192772,-0.31913678507854293,lgFu_train
54334651,-0.311135432,-0.32636867240316453,lgFu_train
54546894,-0.772113295,-1.3920819461619298,lgFu_train
54576288,-2.698970004,-2.5686533855050007,lgFu_train
54576290,-2.15490196,-2.3399761868423843,lgFu_train
54576291,-2.301029996,-2.2903574861986495,lgFu_train
54576499,-2.0,-2.3639373851099243,lgFu_train
54576501,-1.886056648,-2.216048219037969,lgFu_train
54576503,-2.22184875,-2.1638330882888868,lgFu_train
54576721,-2.15490196,-2.1431963279598447,lgFu_train
54577781,-1.301029996,-1.34693400036712,lgFu_train
54577784,-2.22184875,-1.7253510989757812,lgFu_train
54581776,-1.378823718,-1.8227223460242263,lgFu_train
54581862,-0.795880017,-0.9235526211123731,lgFu_train
54583733,-1.630784143,-1.8217908805524883,lgFu_train
54585641,-1.53313238,-1.7568380127148981,lgFu_train
54585642,-1.311580178,-1.7012615177823907,lgFu_train
54585716,-1.301029996,-0.6315388858770946,lgFu_train
54586637,-1.600326279,-1.952480823644936,lgFu_train
54587655,-1.8569852,-1.7808748630430393,lgFu_train
54587659,-1.571865206,-1.826697550342114,lgFu_train
54587696,-0.301029996,-0.6116084467042128,lgFu_train
54590906,-1.19859629,-1.1081090658949293,lgFu_train
54669771,-1.508638306,-2.329899657074857,lgFu_train
54670732,-0.795880017,-0.9617449297001448,lgFu_train
54676228,-2.0,-1.3597728557184299,lgFu_train
54677472,-0.853871964,-0.6220335124448572,lgFu_train
54677473,-0.920818754,-0.8462246102624786,lgFu_train
54677477,-0.296708622,-0.6195506364079065,lgFu_train
54677537,-0.522878745,-0.7029941147690094,lgFu_train
54677551,-0.552841969,-0.44507955047609615,lgFu_train
54677580,-0.271646218,-0.5960805979352315,lgFu_train
54677595,-0.602059991,-0.6991834230951346,lgFu_train
54677617,-1.301029996,-1.1317451088974324,lgFu_train
54678486,-2.0,-1.9821592847471967,lgFu_train
54678776,-0.318758763,-0.5645074635091508,lgFu_train
54681772,-0.769551079,-0.6484500303925852,lgFu_train
54682240,-0.721246399,-0.466504195599493,lgFu_train
54682241,-0.657577319,-0.7039359311603803,lgFu_train
54682245,-0.886056648,-1.0826005227692403,lgFu_train
54682251,-0.431798276,-0.6904570248353802,lgFu_train
54698990,-0.055517328,-1.0887527707973874,lgFu_train
54709833,-0.522878745,-0.36001146072912804,lgFu_train
54716246,-0.721246399,-0.6750574389214911,lgFu_train
54726191,-2.045757491,-1.3397125543193353,lgFu_train
54733178,-2.0,-1.0579438933862475,lgFu_train
54733197,-1.657577319,-0.8183289216546276,lgFu_train
54733202,-0.677780705,-0.8448119122890828,lgFu_train
54735090,-1.15490196,-1.5030953148937987,lgFu_train
54735094,-1.22184875,-1.5085131689159692,lgFu_train
54735095,-1.522878745,-1.640671011726487,lgFu_train
54735096,-1.698970004,-1.8065734766731099,lgFu_train
54735097,-2.0,-1.8606225679214337,lgFu_train
54735098,-2.0,-1.7588471180373524,lgFu_train
54735099,-0.744727495,-0.8966895085062708,lgFu_train
54735101,-0.468521083,-0.769124551964433,lgFu_train
54752774,-1.22184875,-1.3866400303267756,lgFu_train
54752951,-1.387216143,-1.5378200304978338,lgFu_train
54753437,-0.366531544,-0.46696319347644505,lgFu_train
54769301,-1.366531544,-1.0878544685404672,lgFu_train
54769529,-0.744727495,-0.9158757697292641,lgFu_train
54769530,-0.602059991,-0.8457916816659142,lgFu_train
54769531,-0.958607315,-1.1935074258621892,lgFu_train
56587994,-1.698970004,-1.4842046264898352,lgFu_train
56589600,-2.0,-2.1943592104807284,lgFu_train
56592910,-2.0,-1.7873873384506982,lgFu_train
56593152,-0.853871964,-0.9764321024213846,lgFu_train
56593934,-0.468521083,-0.3942464000883413,lgFu_train
56594384,-1.537602002,-1.758034063881552,lgFu_train
56594517,-1.327902142,-1.4451895831630743,lgFu_train
56594649,-2.698970004,-2.3568210173243482,lgFu_train
56594650,-2.522878745,-2.3826786971784824,lgFu_train
56594781,-1.823908741,-1.500032080413367,lgFu_train
56594782,-2.522878745,-2.1879962004825373,lgFu_train
56594784,-2.301029996,-2.056767421767141,lgFu_train
56594904,-2.698970004,-2.1480551504352334,lgFu_train
56603823,-0.821023053,-1.0773006541762287,lgFu_train
56642133,-0.489857301,-1.4104286604686236,lgFu_train
56643412,-1.119186408,-0.8493551701256178,lgFu_train
56643478,-1.22184875,-0.9891914555898306,lgFu_train
56644424,-0.657774771,-0.8243956251316824,lgFu_train
56649677,-2.958607315,-2.122007064794335,lgFu_train
56659408,-1.552841969,-1.3349628246488754,lgFu_train
56662035,-2.22184875,-1.2508074034409897,lgFu_train
56662691,-1.217527376,-1.254630617555465,lgFu_train
56662793,-0.769551079,-1.2116812115026339,lgFu_train
56666341,-1.217527376,-1.2664976536317358,lgFu_train
56668190,-0.443818153,-0.5486189134738484,lgFu_train
56668950,-1.032452024,-0.8642494804308308,lgFu_train
56669554,-1.522878745,-1.793345110946443,lgFu_train
56673074,-0.745935547,-1.2465762173235613,lgFu_train
56673075,-1.8569852,-1.7504365446297658,lgFu_train
56676509,-1.356547324,-1.5558288577304356,lgFu_train
56677275,-1.301029996,-1.378681569673463,lgFu_train
56679719,-2.15490196,-1.939299841291864,lgFu_train
56682553,-2.301029996,-2.3899480972779674,lgFu_train
56683157,-2.15490196,-1.3832403002919302,lgFu_train
56688330,-0.193820026,-0.4741573172955992,lgFu_train
56834574,-0.942714356,-0.7201718749018206,lgFu_train
56834575,-0.394264106,-0.7056566325173509,lgFu_train
56834577,-0.559878397,-0.505326736672151,lgFu_train
56834578,-0.779107751,-0.5249240307134567,lgFu_train
56834579,-0.353890478,-0.6536737010781043,lgFu_train
56834944,-0.645891561,-1.1298160151080465,lgFu_train
56835088,-0.638272164,-0.6040592421867716,lgFu_train
56835090,-0.13076828,-0.326466936968093,lgFu_train
56835139,-2.522878745,-1.6736044145029536,lgFu_train
56835140,-2.301029996,-1.667873343221354,lgFu_train
56835159,-1.37675071,-1.512058416641575,lgFu_train
56840969,-0.081576461,-0.284782305177312,lgFu_train
56929216,-0.22184875,-0.2560309002589036,lgFu_train
56934550,-0.872895202,-1.3544224522858626,lgFu_train
56944164,-0.455931956,-0.779447229141025,lgFu_train
56946209,-0.744727495,-1.413440465215147,lgFu_train
56949326,-2.096910013,-1.8851462038872568,lgFu_train
56949966,-1.124938737,-1.4353777067086568,lgFu_train
56951368,-0.038104526,-0.25315056472859454,lgFu_train
56953730,-1.397940009,-0.2864265355448401,lgFu_train
56954305,-0.017728767,-0.32990968924437125,lgFu_train
56964577,-2.698970004,-1.6470865895743656,lgFu_train
56964907,-0.508638306,-1.1132680647321336,lgFu_train
56965901,-1.537602002,-2.389156577192523,lgFu_train
57325398,-1.420216403,-1.162080776909383,lgFu_train
57325589,-2.698970004,-1.8510111377571055,lgFu_train
57330141,-1.455931956,-1.5299504614490855,lgFu_train
57335019,-1.431798276,-1.4619189943893873,lgFu_train
57343797,0.0,-0.34425765426817967,lgFu_train
57345400,-2.22184875,-2.129704645194863,lgFu_train
57345538,-0.023191663,-0.4662138128626392,lgFu_train
57384005,-0.37675071,-0.47297129554980943,lgFu_train
57384039,-2.0,-1.4969024604400485,lgFu_train
57384257,-2.0,-1.8223799078124077,lgFu_train
57384510,-2.0,-1.7999810845949085,lgFu_train
57384535,-1.508638306,-1.5813491889122808,lgFu_train
57384536,-1.283996656,-1.4476818222692527,lgFu_train
57384537,-1.251811973,-1.4000772489571536,lgFu_train
57384750,-1.886056648,-1.574435321213667,lgFu_train
57385371,-1.679853714,-1.7914095885025199,lgFu_train
57385877,-0.697236292,-0.8684837643734716,lgFu_train
57387166,-1.416801226,-1.5578322883733555,lgFu_train
57390665,-0.15490196,-0.7215235200596718,lgFu_train
57390666,-1.356547324,-1.6016604972027162,lgFu_train
57390700,-0.898596649,-1.7858153544915942,lgFu_train
57390720,-0.714442691,-0.4485751103664224,lgFu_train
57390766,-2.522878745,-1.887921978605873,lgFu_train
57391102,-1.236572006,-0.4410582722958444,lgFu_train
57391205,-0.602059991,-0.8737081932385985,lgFu_train
57391459,-0.898596649,-1.1515784254213628,lgFu_train
57391636,-1.537602002,-1.1430976409939753,lgFu_train
57391773,-1.070581074,-0.5169450721551733,lgFu_train
57391774,-2.0,-1.5415705838779665,lgFu_train
57391775,-2.096910013,-1.5006568363985413,lgFu_train
57391796,-2.096910013,-2.0390307466789004,lgFu_train
57392462,-1.677780705,-1.7131435123256975,lgFu_train
57392505,-0.552686891,-1.0758499486847424,lgFu_train
57392515,-1.602059991,-1.5106215718175227,lgFu_train
57392520,-0.749579998,-0.5480798254934828,lgFu_train
57392521,-0.528708289,-0.4346942105406319,lgFu_train
57392872,-1.76700389,-1.9428314776369082,lgFu_train
57392963,-2.180456064,-2.3934936441228922,lgFu_train
57392964,-1.581698709,-1.5978277587461176,lgFu_train
57392969,-0.619788758,-0.7879756590669709,lgFu_train
57393503,-1.619788758,-1.408517614333049,lgFu_train
57394057,-0.853871964,-0.7983762431654938,lgFu_train
57394058,-1.22184875,-0.8380411402676228,lgFu_train
57394170,-2.522878745,-1.986009229173786,lgFu_train
57394213,-1.552841969,-1.6171132814266491,lgFu_train
57394233,-1.823908741,-1.6403998505894295,lgFu_train
57394609,-2.142667504,-2.364599720382591,lgFu_train
57394706,-2.886056648,-2.2560646105403404,lgFu_train
57394707,-1.568636236,-1.9387148969388572,lgFu_train
57394711,-0.387216143,-0.6749729209622702,lgFu_train
57394837,-1.640164518,-1.8110057736311655,lgFu_train
57395096,-1.698970004,-1.8909756865614589,lgFu_train
57395097,-1.619788758,-1.6627700768683176,lgFu_train
57395222,-1.251811973,-1.4780406354540292,lgFu_train
57395817,-1.15490196,-0.8516583155233768,lgFu_train
57395978,-0.510322708,-1.1608516254076384,lgFu_train
57395989,-1.508638306,-1.5202650507988473,lgFu_train
57395990,-1.721246399,-1.6639118983484353,lgFu_train
57396059,-1.958607315,-1.7361470681638491,lgFu_train
57396625,-1.512861625,-1.3457941551627304,lgFu_train
57396866,-1.638272164,-1.9548311500586881,lgFu_train
57397597,-3.0,-2.0005072789823677,lgFu_train
57397598,-1.301029996,-0.840043285035062,lgFu_train
57397744,-0.747146969,-0.9450637097187231,lgFu_train
57397745,-0.110138279,-0.4613570794496739,lgFu_train
57397746,-0.879426069,-1.5426780077888937,lgFu_train
57397779,-1.53313238,-2.088559430012455,lgFu_train
57397790,-2.096910013,-1.8606160601541664,lgFu_train
57397791,-1.795880017,-1.4424688977251714,lgFu_train
57397793,-1.853871964,-1.5039436695584427,lgFu_train
57397794,-2.397940009,-1.532717280468568,lgFu_train
57398166,-2.657577319,-2.162525219738246,lgFu_train
57398258,-1.954677021,-2.15899871658048,lgFu_train
57398392,-0.924818145,-0.9008994976459582,lgFu_train
57398710,-1.769551079,-1.4922172788902648,lgFu_train
57398751,-2.698970004,-1.6769056501936201,lgFu_train
57398771,-1.886056648,-1.9679286690836704,lgFu_train
57399404,-1.065501549,-1.4302950892805277,lgFu_train
57399406,-0.698970004,-0.7003620743335158,lgFu_train
57399407,-1.698970004,-1.5441712224015864,lgFu_train
57399408,-1.356547324,-1.5374317153275099,lgFu_train
57399796,-1.8569852,-2.1660559298385307,lgFu_train
57399910,-2.229147988,-1.9928874286548097,lgFu_train
57400038,-1.954677021,-1.7078800710714759,lgFu_train
57400294,-1.657577319,-1.8812517671889666,lgFu_train
57400384,-1.886056648,-1.4884023616269275,lgFu_train
57400424,-1.161150909,-1.4238317631677075,lgFu_train
57401151,-1.571865206,-1.6621239600906899,lgFu_train
57401204,-0.57446578,-1.4953439506047457,lgFu_train
57401218,-1.602059991,-1.6475179079320137,lgFu_train
57401219,-0.931814138,-1.0591640246613787,lgFu_train
57401273,-1.585026652,-1.5512915675554468,lgFu_train
57401681,-1.886056648,-2.1130216084169993,lgFu_train
57401682,-2.30980392,-2.1301730368388307,lgFu_train
57401683,-2.853871964,-2.378788127758151,lgFu_train
57401684,-2.086186148,-2.123686663807545,lgFu_train
57401865,-1.436518915,-1.3437890446098832,lgFu_train
57401867,-0.657774771,-0.875387689780804,lgFu_train
57401936,-0.5172693,-1.1518617422026194,lgFu_train
57402183,-2.698970004,-1.6382831646635252,lgFu_train
57402223,-0.375717904,-0.34990605423131166,lgFu_train
57402253,-1.744727495,-1.7737424952433951,lgFu_train
57402653,-1.455931956,-1.9741777870686232,lgFu_train
57402801,-0.958607315,-0.9039576849051556,lgFu_train
57402802,-0.958607315,-0.8078600564543633,lgFu_train
57402931,-0.970616222,-1.1826591657586987,lgFu_train
57402970,-0.886056648,-0.5146434292605238,lgFu_train
57403021,-1.455931956,-1.7448337052366443,lgFu_train
57403176,-1.455931956,-1.6223961072846778,lgFu_train
57403577,-0.996108834,-1.074499115432656,lgFu_train
57403670,-0.394264106,-0.9994657697990432,lgFu_train
57403853,-1.15490196,-1.5686648231163038,lgFu_train
57403940,-2.397940009,-1.611842803992471,lgFu_train
57403965,-0.045757491,-0.4216334819030323,lgFu_train
57403966,-2.045757491,-1.6021624436004918,lgFu_train
57404548,-1.966576245,-1.9096876876392752,lgFu_train
57405264,-1.327902142,-1.093319490799268,lgFu_train
57406911,-0.721475035,-1.2373303989367594,lgFu_train
57411983,-0.933674075,-1.1036498196939328,lgFu_train
57459022,-1.217527376,-1.197822165244265,lgFu_train
57459482,-1.327902142,-1.6308231618723454,lgFu_train
57459488,-2.0,-2.1094450101693685,lgFu_train
57459494,-2.0,-2.104844614110653,lgFu_train
57459497,-2.0,-2.099819610055418,lgFu_train
57470134,-0.634699251,-0.7151514864873575,lgFu_train
57479606,-0.476383581,-1.2622550024405197,lgFu_train
57484593,-1.446116973,-1.1021238260304715,lgFu_train
57504264,-1.3400838,-1.6765639619095438,lgFu_train
57504472,-0.855425792,-1.407890746028472,lgFu_train
57505195,-1.698970004,-1.605533384957389,lgFu_train
57505196,-1.698970004,-1.3882420375483673,lgFu_train
57505238,-1.698970004,-1.381994946072855,lgFu_train
57505239,-1.698970004,-1.708897894441078,lgFu_train
57505241,-1.698970004,-1.3108952801903082,lgFu_train
57505242,-1.698970004,-1.5995434466055527,lgFu_train
57505332,-1.698970004,-1.6029705856950993,lgFu_train
57521916,-2.698970004,-2.3575117626820647,lgFu_train
57522810,-2.301029996,-2.6730258491227197,lgFu_train
57522812,-2.522878745,-2.6672094580799417,lgFu_train
57522939,-2.698970004,-2.658482118082568,lgFu_train
57523282,-1.301029996,-1.388446726253867,lgFu_train
57523313,-2.0,-1.5500184616695076,lgFu_train
57523342,-2.0,-2.045657407389884,lgFu_train
57523343,-1.22184875,-1.3686639482680598,lgFu_train
57523372,-1.397940009,-1.580119107657084,lgFu_train
57523403,-1.301029996,-1.473707589022283,lgFu_train
57523404,-1.522878745,-1.2828150685853605,lgFu_train
57523405,-2.0,-1.870591553873595,lgFu_train
57523434,-0.15490196,-1.0711332360996122,lgFu_train
57656715,-1.301029996,-1.0307256068228772,lgFu_train
57942817,-1.494850022,-1.534394790060151,lgFu_train
57977652,-0.974694135,-0.8198172562746266,lgFu_train
57992036,-1.552841969,-1.3234073154729515,lgFu_train
57992122,-1.571865206,-1.1101621469562915,lgFu_train
57992140,-1.552841969,-0.6853588214202991,lgFu_train
58063117,-1.823908741,-1.5539431376547916,lgFu_train
58063334,-2.301029996,-0.9137756226037184,lgFu_train
58063487,-1.795880017,-1.162959462124626,lgFu_train
58348375,-1.301029996,-1.2267186336268643,lgFu_train
58379533,-0.995678626,-1.6291414901778452,lgFu_train
58398817,-0.291154362,-0.3841438066179638,lgFu_train
58439416,-2.301029996,-2.0461094502997064,lgFu_train
58457005,-1.552841969,-1.2950526858585838,lgFu_train
58457146,-2.0,-1.413674539539296,lgFu_train
58464413,-1.096910013,-1.1606781796567232,lgFu_train
58464414,-1.065501549,-1.1910045122614443,lgFu_train
58464432,-0.651695137,-0.7918551418411125,lgFu_train
58464439,-1.920818754,-1.7366920146906524,lgFu_train
58464474,-1.920818754,-1.7400546509075432,lgFu_train
58464480,-1.387216143,-1.557904921136982,lgFu_train
58464510,-1.022276395,-1.1574404900496142,lgFu_train
58464524,-1.161150909,-1.2941941404879955,lgFu_train
58464533,-0.519993057,-0.945020805342754,lgFu_train
58464537,-1.017728767,-1.1854554536928845,lgFu_train
58628171,-1.777283529,-2.118499827037436,lgFu_train
58751587,-0.673459331,-0.6821401304321177,lgFu_train
58834906,-1.366531544,-1.4068982630941962,lgFu_train
58834946,-0.958607315,-1.242438923737327,lgFu_train
58834953,-0.974694135,-0.8977875419011027,lgFu_train
58834969,-1.244125144,-1.398640746920909,lgFu_train
58835000,-1.259637311,-1.1330346632268165,lgFu_train
58835024,-1.173925197,-1.2797718905067705,lgFu_train
58835027,-1.259637311,-1.308614664491426,lgFu_train
58835113,-1.443697499,-1.324374522326896,lgFu_train
58835155,-1.283996656,-1.2563844534560722,lgFu_train
58835217,-1.619788758,-1.3083320918410397,lgFu_train
59179619,-1.301029996,-1.0826726668994033,lgFu_train
59208340,-0.443697499,-0.7504143726440013,lgFu_train
59208355,-1.086186148,-1.0263439666267038,lgFu_train
59239114,-1.698970004,-1.3458760915072097,lgFu_train
59239194,-1.522878745,-1.188880585431645,lgFu_train
59239356,-1.698970004,-1.3402402538035825,lgFu_train
59239369,-1.698970004,-1.3040151808442375,lgFu_train
59239456,-1.522878745,-1.4618502630098282,lgFu_train
59295938,-1.397940009,-1.4487226512080855,lgFu_train
59296066,-0.853871964,-1.052084748228822,lgFu_train
59296090,-0.958607315,-1.3606447832575317,lgFu_train
59296100,-1.397940009,-1.1970683894803216,lgFu_train
59296111,-1.698970004,-1.5343630706369342,lgFu_train
59406936,-2.15490196,-1.8392242643060042,lgFu_train
59456102,-2.180456064,-2.09599667120228,lgFu_train
59458061,-0.508638306,-0.27931139254004794,lgFu_train
59458228,-0.37675071,-0.5319356229828279,lgFu_train
59604787,-0.853871964,-1.1890113065853236,lgFu_train
59606138,-1.045757491,-0.6996173238064396,lgFu_train
59618273,-1.657577319,-1.879189123162078,lgFu_train
59618368,-1.602059991,-1.4921082438413387,lgFu_train
59618511,-1.167491087,-1.440954987622485,lgFu_train
59627005,-1.22184875,-1.0164768091083247,lgFu_train
59627683,-2.522878745,-1.9110764469448915,lgFu_train
59864749,-1.823908741,-1.9405534532931499,lgFu_train
60148981,-2.0,-2.002101942028017,lgFu_train
60149247,-1.236572006,-1.0055771740204715,lgFu_train
60150483,-2.301029996,-1.8994117297232471,lgFu_train
60150614,-2.15490196,-2.1613831594243953,lgFu_train
60168069,-1.065501549,-1.0936001841915666,lgFu_train
60168109,-0.537602002,-0.4518247394390961,lgFu_train
60168110,-0.657577319,-0.5490232238321026,lgFu_train
60168115,-0.585026652,-0.6148900439545589,lgFu_train
60168116,-0.318758763,-0.4591385479507209,lgFu_train
60168117,-0.494850022,-0.42041856049084037,lgFu_train
60170163,-0.698970004,-0.5664265058897788,lgFu_train
60170342,-0.455931956,-0.5223715229348708,lgFu_train
60197821,-1.823908741,-1.3113098301405959,lgFu_train
60197937,-1.468521083,-1.3248763035536102,lgFu_train
60198399,-1.602059991,-1.2981502865220031,lgFu_train
60198530,-2.22184875,-2.1976179017871953,lgFu_train
60201088,-1.349692477,-1.4684063965818868,lgFu_train
60201255,-1.493494968,-1.450151772385506,lgFu_train
60201256,-1.321481621,-1.2927171089469842,lgFu_train
60201257,-1.747146969,-1.4396751881101655,lgFu_train
60203901,-2.045757491,-2.058983003251198,lgFu_train
60204017,-0.301029996,-1.1920907604061093,lgFu_train
62705686,-1.11463878,-1.1565521841192146,lgFu_train
62705687,-0.642255675,-1.3401815845776686,lgFu_train
62705689,-0.342848498,-1.0928026163274878,lgFu_train
62705690,-0.443818153,-0.7436753647392897,lgFu_train
62705859,-0.829444941,-0.8922261991868331,lgFu_train
62705860,-1.050609993,-1.192092801997318,lgFu_train
62706106,-0.096910013,-0.38366435237956853,lgFu_train
62706107,-0.337242168,-0.6558958697464989,lgFu_train
62706108,-0.259637311,-0.40494857566623405,lgFu_train
62706109,-0.070581074,-0.3501178994667383,lgFu_train
62706110,-0.337242168,-0.468972378807691,lgFu_train
66549342,-1.431798276,-1.5056924927096746,lgFu_train
66549529,-1.431798276,-1.6858371255601439,lgFu_train
66551245,-2.161150909,-1.6574465856616727,lgFu_train
66553128,-2.0,-1.9378047102223193,lgFu_train
66553168,-1.568636236,-1.6336266932612888,lgFu_train
66557945,-1.070581074,-1.012925867376543,lgFu_train
66558213,-1.318758763,-0.7695729588431938,lgFu_train
66559115,-1.886056648,-1.3371169958144462,lgFu_train
66559116,-1.142667504,-1.4346936802309473,lgFu_train
66559118,-1.795880017,-1.345410455279673,lgFu_train
66609540,-1.920818754,-1.3474768062263607,lgFu_train
66610342,-2.22184875,-2.048538878900847,lgFu_train
66624461,-0.951558196,-1.2214967424950618,lgFu_train
66735960,-0.754240644,-1.3742838041227454,lgFu_train
66780180,-1.2644011,-1.226432020476154,lgFu_train
66838204,-0.762456262,-0.6928811227199713,lgFu_train
66850717,-2.22184875,-1.7974587074053225,lgFu_train
67083591,-2.677780705,-2.1750834164325576,lgFu_train
67083902,-2.214670165,-2.500436262553624,lgFu_train
67103709,-0.568636236,-0.771053089293122,lgFu_train
67103712,-1.22184875,-1.0816122701176822,lgFu_train
67103722,-0.568636236,-0.8880018117601947,lgFu_train
67103909,-0.853871964,-1.012967428569069,lgFu_train
67103974,-0.769551079,-0.6987020225114335,lgFu_train
67104025,-0.920818754,-0.6878998360526748,lgFu_train
67165188,-0.754240644,-0.9648384062179935,lgFu_train
67165238,-1.226213555,-1.326152685485795,lgFu_train
67165970,-1.349692477,-1.3357001437127312,lgFu_train
67166664,-0.863913903,-1.3221289628591526,lgFu_train
67192973,-0.769551079,-0.8378742263567748,lgFu_train
67246999,-0.958607315,-1.1740549186538995,lgFu_train
67374618,-1.292429824,-1.7247955797875716,lgFu_train
67375395,-1.283996656,-1.5457615190680591,lgFu_train
67379186,-1.292429824,-1.7646505297575485,lgFu_train
67379418,-2.0,-2.000411574525116,lgFu_train
67379447,-2.0,-1.791836876476904,lgFu_train
67432893,-2.0,-1.4856303257546615,lgFu_train
67432993,-1.455931956,-0.9631363030825649,lgFu_train
67433356,-1.045757491,-1.2330798715937437,lgFu_train
67437893,-0.673664139,-1.0596576162043727,lgFu_train
67437917,-0.913640169,-1.0713936436915397,lgFu_train
67439764,-1.031517051,-1.3942292373686305,lgFu_train
67460268,-1.070581074,-0.7637799735223035,lgFu_train
67460401,-0.869666232,-0.5577683436323534,lgFu_train
67463112,-1.823908741,-0.8660187969532458,lgFu_train
67463976,-2.15490196,-1.0013753967911112,lgFu_train
67496729,-0.795880017,-0.8762821682955405,lgFu_train
67960135,-1.19859629,-1.8101448532685056,lgFu_train
67979331,-0.855425792,-1.1730822859181962,lgFu_train
68008456,-1.853871964,-1.734499687154149,lgFu_train
68008606,-2.0,-1.6003944154103913,lgFu_train
68008713,-1.017728767,-1.656631138948867,lgFu_train
68011817,-1.698970004,-1.271434179212642,lgFu_train
68181883,-0.638272164,-1.4128534728530164,lgFu_train
68181896,-0.769551079,-1.5906638103538766,lgFu_train
68181954,-1.397940009,-0.9404233975979247,lgFu_train
68276725,-2.301029996,-1.6621213758331532,lgFu_train
68277248,-1.552841969,-1.9212434094889683,lgFu_train
68277492,-1.958607315,-1.58668021197523,lgFu_train
68277518,-0.913640169,-1.289146193991839,lgFu_train
68287006,-3.045757491,-2.131866001288146,lgFu_train
68290289,-1.013228266,-1.4263682540995979,lgFu_train
68290572,-1.443697499,-1.527716283864168,lgFu_train
68486699,-1.826813732,-1.619141450972951,lgFu_train
68488997,-1.446116973,-1.7548754494791667,lgFu_train
68489225,-1.747146969,-1.7725259464529004,lgFu_train
68490094,-1.797267055,-1.5779464058082042,lgFu_train
68517306,-1.552841969,-1.416638478344706,lgFu_train
68517356,-1.468521083,-1.6083594765447924,lgFu_train
68519747,-2.0,-1.9698413094190603,lgFu_train
68533570,-3.0,-2.5141790023349984,lgFu_train
68560980,-2.301029996,-1.5829857594817232,lgFu_train
68637051,-1.446116973,-1.4247473318460313,lgFu_train
68639684,-1.346787486,-1.6973115179095164,lgFu_train
68747277,-1.48148606,-1.9358014013151175,lgFu_train
68778068,-2.0,-2.0300765715640967,lgFu_train
68780878,-1.494850022,-1.5507971372409974,lgFu_train
68804289,-0.604149624,-1.2675418805019179,lgFu_train
68804512,-0.611721137,-0.9157360302219543,lgFu_train
68804537,-0.281498311,-0.8443253399758047,lgFu_train
68874427,-0.604149624,-1.0597161034883193,lgFu_train
68908007,-2.0,-1.7678052039903782,lgFu_train
68910242,-2.0,-1.5895403976901528,lgFu_train
68911088,-1.823908741,-1.4705733098816776,lgFu_train
68914580,-1.823908741,-1.575872040366917,lgFu_train
68931719,-0.503485481,-1.2533826354222417,lgFu_train
69003776,-1.698970004,-1.9459415272010576,lgFu_train
69093106,-2.0,-2.092984384455397,lgFu_train
69093344,-2.0,-2.103447765579655,lgFu_train
69093439,-2.0,-2.0899803686325065,lgFu_train
69093509,-2.0,-2.1526000704139046,lgFu_train
69093928,-2.0,-2.0541357607726995,lgFu_train
69167248,-0.568636236,-0.3348584526596694,lgFu_train
69173353,-1.311580178,-1.3119374972673523,lgFu_train
69190708,-1.068542129,-0.6854354610084827,lgFu_train
69262172,-0.745935547,-1.7543010233948326,lgFu_train
69272932,-1.943095149,-1.8761170509102874,lgFu_train
69274365,-1.484126156,-1.6685887933792591,lgFu_train
69347719,-0.524328812,-1.1129931627976377,lgFu_train
69621061,-1.659555885,-0.9915857043826792,lgFu_train
69676686,-2.494850022,-1.4961987256141347,lgFu_train
69826668,-1.455931956,-1.391457726009294,lgFu_train
69866278,-0.770574152,-1.0042311132573958,lgFu_train
69930037,-0.253910957,-0.46639262654937236,lgFu_train
70276605,-0.346787486,-0.5413867294947505,lgFu_train
70276990,-0.37675071,-0.6717496031019858,lgFu_train
70278898,-0.301029996,-0.4955897037860044,lgFu_train
70280758,-0.30980392,-0.4373753506813375,lgFu_train
70496411,-1.37675071,-1.4646878755381953,lgFu_train
70660712,-0.638272164,-0.7538928207645076,lgFu_train
70662627,-3.0,-2.308808648105823,lgFu_train
70680234,-1.747146969,-1.6177226311748918,lgFu_train
70681026,-0.951558196,-1.4028258708645591,lgFu_train
70681028,-1.416801226,-1.1532438529744782,lgFu_train
70681031,-1.886056648,-1.9594564213438401,lgFu_train
70681209,-2.0,-2.1199998381652216,lgFu_train
70681372,-1.698970004,-1.1810950309856816,lgFu_train
70681624,-0.688246139,-0.7190428873823177,lgFu_train
70681625,-1.148741651,-1.3114213208146046,lgFu_train
70682196,-1.251811973,-1.617130683190655,lgFu_train
70682212,-1.602059991,-1.5499416086823266,lgFu_train
70682213,-1.924453039,-1.4032414943608749,lgFu_train
70682494,-0.303643611,-0.4919402903208619,lgFu_train
70682502,-0.244125144,-0.2772431345947468,lgFu_train
70682601,-1.378823718,-1.6770001993614638,lgFu_train
70682602,-1.301899454,-1.4574658417285469,lgFu_train
70682603,-1.581698709,-2.0217364113475975,lgFu_train
70682777,-2.161150909,-1.8366403179798445,lgFu_train
70682976,-2.004364805,-1.8118510039234315,lgFu_train
70683152,-1.826813732,-1.357203227831666,lgFu_train
70683497,-0.853871964,-0.9476409111028568,lgFu_train
70683752,-0.841637508,-0.9014561764812605,lgFu_train
70683753,-1.187086643,-1.0124890517368024,lgFu_train
70684298,-1.022276395,-1.6659607413330706,lgFu_train
70684312,-1.600326279,-1.398740399312481,lgFu_train
70684313,-1.787812396,-1.5473910471349666,lgFu_train
70684314,-1.744727495,-1.3268036695798218,lgFu_train
70685233,-0.665747358,-1.3423610185872406,lgFu_train
70685575,-1.397940009,-1.042860826795887,lgFu_train
70685577,-1.0,-1.189346148722967,lgFu_train
70685868,-0.496617937,-1.1727853769898244,lgFu_train
70686373,-1.161150909,-1.4159458317801297,lgFu_train
70686471,-1.170053304,-0.921168785413467,lgFu_train
70686473,-1.718966633,-1.4402042577433496,lgFu_train
70686474,-1.173925197,-1.076663443046744,lgFu_train
70687384,-1.321481621,-1.0956264942448273,lgFu_train
70687387,-1.581698709,-1.768130103609058,lgFu_train
70687388,-2.657577319,-2.0508265512675896,lgFu_train
70687546,-2.0,-1.8335571758909672,lgFu_train
70687547,-2.0,-2.154497670445851,lgFu_train
70688017,-1.659555885,-1.5673359605352897,lgFu_train
70688019,-1.119186408,-0.7577253674198217,lgFu_train
70688020,-0.610833916,-0.8356992561886712,lgFu_train
70688021,-1.161150909,-0.8222858202433361,lgFu_train
70688022,-0.982966661,-0.7225597480413871,lgFu_train
70688545,-3.0,-2.7037183116374743,lgFu_train
70688555,-1.920818754,-1.8312744244321624,lgFu_train
70688556,-2.0,-1.946522686205038,lgFu_train
70688569,-1.679853714,-1.598193352628427,lgFu_train
70688570,-1.866461092,-1.5990647728622094,lgFu_train
70688913,-1.032452024,-1.3234533298724063,lgFu_train
70688922,-1.924453039,-2.456335267366012,lgFu_train
70689447,-1.53313238,-1.3267751837170492,lgFu_train
70689768,-0.15490196,-0.6010710935069192,lgFu_train
70689799,-0.920818754,-0.7814000797309529,lgFu_train
70690051,-0.494850022,-0.6032541099196816,lgFu_train
70690053,-0.677780705,-0.883897731134325,lgFu_train
70690054,-1.060480747,-1.2437714314851063,lgFu_train
70690618,-1.200659451,-1.9446731134506112,lgFu_train
70690634,-1.311580178,-0.7248239149488591,lgFu_train
70690636,-0.906578315,-1.2497105103833481,lgFu_train
70690637,-1.747146969,-1.4133990246226322,lgFu_train
70691008,-2.22184875,-1.9708990790545946,lgFu_train
70691486,-0.721475035,-0.8378563651036619,lgFu_train
70691849,-0.974694135,-0.7669013684371605,lgFu_train
70691913,-0.958607315,-0.9395813156845405,lgFu_train
70691914,-0.494850022,-0.7501643960385276,lgFu_train
70691939,-0.769551079,-0.9451106250929177,lgFu_train
70691981,-1.522878745,-1.6249642063754457,lgFu_train
70692198,-1.193820026,-0.9350040260306887,lgFu_train
70692199,-1.0,-0.7116956280723461,lgFu_train
70692435,-1.638272164,-1.8814168218129785,lgFu_train
70692446,-0.319664487,-0.8724284964722191,lgFu_train
70692760,-1.744727495,-1.9565477832243263,lgFu_train
70692773,-1.795880017,-1.3819582767332568,lgFu_train
70692774,-1.123782159,-1.525701368132222,lgFu_train
70692775,-1.721246399,-1.346806296542303,lgFu_train
70692915,-2.0,-1.9290625313598044,lgFu_train
70693142,-1.142667504,-1.291826905580372,lgFu_train
70693802,-2.0,-1.7928913682267882,lgFu_train
70693803,-2.0,-1.730858175357826,lgFu_train
70693804,-2.0,-1.7681931541162372,lgFu_train
70694038,-0.920818754,-1.4812251511743935,lgFu_train
70694039,-0.795880017,-0.7605259010743307,lgFu_train
70694040,-1.0,-0.7799754202385867,lgFu_train
70694041,-0.958607315,-0.7528318467020448,lgFu_train
70694042,-0.602059991,-0.6656123135766354,lgFu_train
70694788,-3.0,-2.4739815607541953,lgFu_train
70694789,-2.698970004,-2.531053317559036,lgFu_train
70694800,-1.958607315,-2.01039746031981,lgFu_train
70694801,-1.744727495,-1.947038567905614,lgFu_train
70694805,-0.450261269,-0.5585750827287331,lgFu_train
70694812,-1.301899454,-0.7346620488856973,lgFu_train
70694813,-1.747146969,-1.5617371103994144,lgFu_train
70695087,-0.494850022,-0.6172559119339439,lgFu_train
70695088,-0.337242168,-0.7560867705727022,lgFu_train
70695171,-0.455931956,-0.5161053100322317,lgFu_train
70695756,-1.571865206,-0.8226435217835639,lgFu_train
70695757,-0.642255675,-0.4853640060988857,lgFu_train
70695758,-0.872571222,-0.9608536857198086,lgFu_train
70695898,-1.378823718,-1.4914110729455394,lgFu_train
70696089,-1.301029996,-1.0403166328334006,lgFu_train
70696357,-1.301029996,-0.6639999695777774,lgFu_train
70696545,-0.305394801,-0.8294067495622105,lgFu_train
70696850,-2.0,-1.973062058551896,lgFu_train
70696862,-1.387216143,-1.3298374765380117,lgFu_train
70696863,-0.958607315,-0.9598427417019963,lgFu_train
70696864,-1.251811973,-0.9742830430654059,lgFu_train
70696865,-1.0,-0.8989636884970812,lgFu_train
70702000,-1.359518563,-1.4786012034147327,lgFu_train
70702001,-1.619788758,-1.61717763047591,lgFu_train
70702306,-0.987162775,-1.4673183916820833,lgFu_train
70791303,-0.960585881,-1.414011223531952,lgFu_train
70812854,-1.920818754,-2.0858873314206816,lgFu_train
71054529,-1.44288472,-1.2880803625334252,lgFu_train
71151588,-2.0,-1.658180763308835,lgFu_train
71259491,-1.522878745,-1.2515664166963527,lgFu_train
71279444,-2.522878745,-2.2548207444095416,lgFu_train
71279507,-1.187086643,-1.4256924217523532,lgFu_train
71279672,-2.15490196,-1.857094499891606,lgFu_train
71279693,-1.958607315,-1.4651640425388792,lgFu_train
71280008,-1.397940009,-1.793544927895735,lgFu_train
71280067,-2.0,-1.2427699829309533,lgFu_train
71280128,-0.920818754,-0.9252998534389064,lgFu_train
71280539,-2.15490196,-1.9448782759664716,lgFu_train
71287917,-2.096910013,-1.4590622934379935,lgFu_train
71288456,-2.522878745,-1.7748228012419172,lgFu_train
71300299,-0.942714356,-1.0801259620630612,lgFu_train
71301451,-0.638272164,-0.5938786386178434,lgFu_train
71419478,-0.769551079,-0.8747808016150698,lgFu_train
71449273,-0.407823243,-0.4937753295750973,lgFu_train
71449274,-0.534617149,-1.1421081161829056,lgFu_train
71449452,-1.004364805,-1.1283863872711786,lgFu_train
71449523,-3.096910013,-2.6556058309519113,lgFu_train
71449584,-2.22184875,-1.7409304969104167,lgFu_train
71449585,-1.571865206,-1.8453156256166197,lgFu_train
71450420,-0.399027104,-0.8223641468542541,lgFu_train
71450668,-1.2644011,-1.618728838256768,lgFu_train
71450704,-1.189095719,-1.0301410274340776,lgFu_train
71451078,-2.301029996,-2.0903709119635776,lgFu_train
71451084,-2.004364805,-1.7404031962956816,lgFu_train
71451085,-1.096367484,-1.452587663362812,lgFu_train
71451192,-1.468521083,-2.1201023446677407,lgFu_train
71451733,-0.408935393,-0.3255101410085252,lgFu_train
71452498,-2.004364805,-1.8777947951161806,lgFu_train
71453071,-0.769551079,-0.6742518190436921,lgFu_train
71453505,-1.756961951,-1.59968567660227,lgFu_train
71453559,-0.27572413,-0.3935742923776087,lgFu_train
71453560,-0.552841969,-0.4535435037264199,lgFu_train
71453987,-0.829738285,-0.7907798719409105,lgFu_train
71454287,-1.311580178,-1.657698359218944,lgFu_train
71454296,-1.15490196,-1.003167709192755,lgFu_train
71454660,-1.48148606,-0.9258452503884596,lgFu_train
71454678,-1.619788758,-1.6613462117180218,lgFu_train
71455276,-0.301029996,-0.2758584263253063,lgFu_train
71455277,-0.30980392,-0.5191042773027542,lgFu_train
71455278,-0.619788758,-0.6076943278432047,lgFu_train
71455780,-1.086186148,-0.8448512889337628,lgFu_train
71456042,-1.032452024,-1.6304047076616075,lgFu_train
71456394,-0.651695137,-0.7163000486997563,lgFu_train
71456404,-0.924818145,-1.8501915985337216,lgFu_train
71456413,-2.698970004,-2.0193646582880342,lgFu_train
71456725,-1.698970004,-1.6691134537582588,lgFu_train
71456899,-1.368556231,-1.2489114723157884,lgFu_train
71457010,-1.512861625,-1.5606497389221041,lgFu_train
71457189,-1.581698709,-1.7824592846184657,lgFu_train
71457272,-1.747146969,-1.418209276072484,lgFu_train
71457757,-2.0,-2.1284774029708746,lgFu_train
71458120,-2.0,-1.7775248347080885,lgFu_train
71458231,-0.370590401,-0.45137618479540165,lgFu_train
71458232,-0.2915791,-0.4144076382151877,lgFu_train
71458736,-0.040958608,-0.6110617654142866,lgFu_train
71458753,-1.032452024,-1.2464010818479538,lgFu_train
71458868,-1.649751982,-1.65704270041091,lgFu_train
71458869,-1.886056648,-1.425516174735708,lgFu_train
71458921,-0.337242168,-0.5022791193645441,lgFu_train
71458922,-0.602059991,-0.5599566311163627,lgFu_train
71459117,-1.954677021,-1.3546484238538463,lgFu_train
71459168,-2.698970004,-2.059724447227044,lgFu_train
71459762,-1.397940009,-1.4422566050038956,lgFu_train
71460090,-1.180456064,-1.2848619668752468,lgFu_train
71460091,-1.823908741,-1.888427429020379,lgFu_train
71460098,-2.301029996,-1.989957309851766,lgFu_train
71460547,-2.443697499,-2.0658130261428838,lgFu_train
71460731,-0.301029996,-0.34602854305871494,lgFu_train
71460733,-0.698970004,-0.888857251793645,lgFu_train
71461814,-0.400116928,-0.7314218067607527,lgFu_train
71461830,-1.484126156,-1.6032617754378473,lgFu_train
71462281,-1.059483515,-1.4936146489512785,lgFu_train
71462389,-1.301899454,-1.3162152309028146,lgFu_train
71462595,-1.659555885,-1.78649352648849,lgFu_train
71462891,-0.318758763,-0.6098108536600784,lgFu_train
71488864,-0.638272164,-1.7118786642469934,lgFu_train
71496458,-1.537602002,-1.29097996943208,lgFu_train
71496459,-1.408935393,-1.4895857004867996,lgFu_train
71496460,-1.124938737,-1.4447320962952526,lgFu_train
71515461,-1.853871964,-2.0249512866255737,lgFu_train
71517044,-0.456677099,-0.5065899479191203,lgFu_train
71517045,-0.855425792,-0.5668296570206859,lgFu_train
71517046,-1.283162277,-1.1677103532876665,lgFu_train
71517047,-0.960585881,-1.1853369310814026,lgFu_train
71517049,-1.217527376,-1.1313884446277536,lgFu_train
71517192,-1.014124643,-1.0326910067570652,lgFu_train
71517196,-0.634699251,-0.6338746486739989,lgFu_train
71517197,-0.745935547,-0.7276579755583,lgFu_train
71519496,-0.510322708,-0.6195511285942382,lgFu_train
71520373,-1.630784143,-1.632031078241992,lgFu_train
71520487,-2.30980392,-1.8911690181087633,lgFu_train
71520488,-0.924818145,-1.319786167759015,lgFu_train
71520489,-1.427128398,-1.8037477620137803,lgFu_train
71520491,-1.493494968,-1.6579401908128488,lgFu_train
71520575,-1.059483515,-1.3296727578534393,lgFu_train
71521225,-2.0,-2.097936475935569,lgFu_train
71522361,-2.045757491,-1.5969699493709055,lgFu_train
71526207,-1.552841969,-1.47869898988799,lgFu_train
71540073,-0.037630664,-0.5883629183069471,lgFu_train
71541373,-1.161150909,-1.4985092383056495,lgFu_train
71544705,-1.886056648,-1.4813039818829061,lgFu_train
71544706,-1.2644011,-1.3643404124707692,lgFu_train
71545856,-1.301899454,-1.3423256615967978,lgFu_train
71547862,-1.522878745,-1.1625261818851522,lgFu_train
71548930,-1.886056648,-1.8200127741547016,lgFu_train
71549486,-1.920818754,-2.1470493982835936,lgFu_train
71560819,-0.804100348,-0.847154077909175,lgFu_train
71560946,-1.187086643,-1.2859792625343562,lgFu_train
71561201,-1.408935393,-1.6694729457668267,lgFu_train
71562042,-0.855425792,-1.115437325142815,lgFu_train
71562045,-2.721246399,-2.2190862400797586,lgFu_train
71569947,-1.15490196,-0.7394825151298906,lgFu_train
71582799,-0.886056648,-0.7396380992758994,lgFu_train
71582941,-1.301899454,-1.1076426884789652,lgFu_train
71582942,-1.552841969,-1.703411729166268,lgFu_train
71583044,-2.22184875,-1.7406593786940185,lgFu_train
71584401,-2.698970004,-2.029211615655141,lgFu_train
71584402,-1.8569852,-2.0347275576643034,lgFu_train
71584542,-2.397940009,-2.08894445999523,lgFu_train
71584544,-1.954677021,-1.368267029374634,lgFu_train
71584661,-2.091514981,-1.6263430748714474,lgFu_train
71598549,-1.823908741,-1.8646369755889052,lgFu_train
71600846,-2.638272164,-2.4300224979193388,lgFu_train
71601111,-2.769551079,-2.2929626457868135,lgFu_train
71601807,-2.698970004,-2.100920200197244,lgFu_train
71622396,-2.0,-1.6175077358650807,lgFu_train
71626755,-1.017728767,-0.4968526267029203,lgFu_train
71626896,-0.812479279,-0.5753686434566204,lgFu_train
71663531,-1.301029996,-1.6438666127083572,lgFu_train
71663696,-1.37675071,-1.8822270253226705,lgFu_train
71678005,-0.958607315,-1.1720265456904904,lgFu_train
71680510,-1.431798276,-1.375069934006073,lgFu_train
71682929,-1.180456064,-1.384297690278405,lgFu_train
71712584,-1.455931956,-1.175045479710994,lgFu_train
71713018,-1.958607315,-1.8251252682206969,lgFu_train
71713766,-1.619788758,-1.6750515010797553,lgFu_train
71716733,-1.688246139,-1.6610539360423866,lgFu_train
71717496,-2.387216143,-2.291000665129145,lgFu_train
71717540,-2.091514981,-1.9153725601179545,lgFu_train
71720776,-1.032452024,-0.8866935968337664,lgFu_train
71722055,-2.22184875,-1.8657556176476526,lgFu_train
71727133,-1.37675071,-1.1409782986104353,lgFu_train
71728054,-1.0,-1.5308138943413576,lgFu_train
71737771,-1.431798276,-1.826964616547497,lgFu_train
71746611,-0.301029996,-0.4005164203470652,lgFu_train
71816193,-1.522878745,-1.5511787373172945,lgFu_train
71818875,-2.0,-2.185478880571072,lgFu_train
71818876,-2.045757491,-2.193982255461589,lgFu_train
71819015,-2.397940009,-2.3185150177802196,lgFu_train
71819152,-1.552841969,-1.0696311939287249,lgFu_train
72249131,-1.059483515,-1.522014651996254,lgFu_train
72249166,-1.189095719,-1.5712619298947106,lgFu_train
72381284,-0.996108834,-0.8320568775233227,lgFu_train
72543916,-1.823908741,-1.5819970795018448,lgFu_train
72543918,-1.585026652,-1.3459483251349238,lgFu_train
72545051,-0.568636236,-0.8793516074614575,lgFu_train
72545281,-2.15490196,-1.6968536183567287,lgFu_train
72545282,-2.0,-1.9243983974023053,lgFu_train
72545283,-2.301029996,-1.9671111609887133,lgFu_train
72545285,-1.397940009,-1.8348784897748056,lgFu_train
72545525,-1.522878745,-1.8039987848503807,lgFu_train
72545526,-1.070581074,-1.7081160535759485,lgFu_train
72545527,-0.920818754,-1.2282695197294824,lgFu_train
72545528,-1.22184875,-1.676696588519976,lgFu_train
72545529,-1.522878745,-1.4210648747643038,lgFu_train
72545530,-1.301029996,-1.421437248270009,lgFu_train
72545782,-1.397940009,-1.6334549209478988,lgFu_train
72545783,-1.22184875,-1.067272051658507,lgFu_train
72545784,-1.397940009,-1.80643319337745,lgFu_train
72545785,-0.744727495,-0.7794498508779911,lgFu_train
72545786,-2.22184875,-1.9089353653937942,lgFu_train
72545787,-2.522878745,-1.9041870055823524,lgFu_train
72546024,-0.744727495,-0.8695337189930219,lgFu_train
72546025,-1.522878745,-1.1737749807070752,lgFu_train
72546026,-1.301029996,-0.9098870254270315,lgFu_train
72546260,-0.823908741,-1.120013820794273,lgFu_train
72546261,-1.638272164,-1.8699747838128729,lgFu_train
72546262,-2.0,-2.0508720661546676,lgFu_train
72546493,-2.301029996,-2.195032453492243,lgFu_train
72546494,-1.455931956,-1.9497603325167279,lgFu_train
72546496,-1.397940009,-1.4352487198594228,lgFu_train
72546737,-1.301029996,-1.1008353123101116,lgFu_train
72546739,-0.958607315,-0.924011382135002,lgFu_train
72546991,-1.0,-0.8939926677649971,lgFu_train
72546993,-1.22184875,-1.4565646311487268,lgFu_train
72546994,-1.721246399,-1.589008188086237,lgFu_train
72546995,-1.619788758,-1.5426533674841418,lgFu_train
72547252,-1.744727495,-1.5306410352788984,lgFu_train
72547253,-2.397940009,-1.8848890183074394,lgFu_train
72547497,-0.698970004,-1.1035646423980783,lgFu_train
72547498,-1.0,-1.0441584728199418,lgFu_train
72547500,-1.397940009,-1.385725936560691,lgFu_train
72679312,-1.301029996,-0.38058891014096236,lgFu_train
72681820,-0.68131073,-0.8100321925035688,lgFu_train
72734611,-0.22184875,-0.592150297813657,lgFu_train
72735960,-1.677780705,-1.7485495309583334,lgFu_train
72736173,-1.337242168,-1.0619542519754148,lgFu_train
72737641,-1.853871964,-1.5575987475904434,lgFu_train
72737723,-1.920818754,-1.7309111784599887,lgFu_train
72762568,-0.489857301,-0.5050568436386265,lgFu_train
72779166,-0.221848742,-0.22226459975441817,lgFu_train
72785625,-0.872571222,-0.7812589167373468,lgFu_train
72792630,-2.0,-1.6422208850757045,lgFu_train
72792632,-1.301029996,-1.008075738944393,lgFu_train
72792633,-1.22184875,-1.0770854799603435,lgFu_train
72792692,-0.657577319,-0.7314435538753935,lgFu_train
72817803,-1.349692477,-1.3177250896898083,lgFu_train
72946092,-2.0,-2.067372028011154,lgFu_train
72987440,-2.27572413,-1.8154121726064025,lgFu_train
73046449,-1.22184875,-0.8903406530557071,lgFu_train
73095101,-1.096367484,-0.8019511638678926,lgFu_train
73155303,-2.958607315,-2.546924490271093,lgFu_train
73159892,-1.446116973,-1.6712576211478176,lgFu_train
73173678,-0.642255675,-0.31100837559610084,lgFu_train
73191664,-0.259637311,-0.567969514868871,lgFu_train
73227269,-2.173925197,-1.7933645428183207,lgFu_train
73347805,-1.387216143,-2.0459358278940485,lgFu_train
73349098,-1.22184875,-1.3857009821377422,lgFu_train
73350757,-0.289036881,-1.1268163430758305,lgFu_train
73350913,-1.744727495,-2.1246944281436733,lgFu_train
73353867,-2.22184875,-1.4562977300837356,lgFu_train
73443026,-1.958607315,-1.1323467182432332,lgFu_train
73458970,-0.552841969,-1.1258620828717056,lgFu_train
73671602,-2.522878745,-2.4684527461540755,lgFu_train
73683263,-0.989353821,-1.0379492519546905,lgFu_train
74081525,-0.754240644,-0.8646650634440358,lgFu_train
74083125,-2.522878745,-1.7385878545860038,lgFu_train
74387420,-0.556101359,-0.7807134898725487,lgFu_train
74387438,-1.954677021,-2.135010002458527,lgFu_train
74387487,-0.68131073,-0.8121104300154834,lgFu_train
74405853,-1.795880017,-1.298121022975981,lgFu_train
74422681,-1.378823718,-1.089496188965234,lgFu_train
74426336,-0.729554092,-0.786475938985449,lgFu_train
74983355,-1.15490196,-1.0022398490628759,lgFu_train
75059310,-0.589222767,-0.6761887269046931,lgFu_train
75059709,-0.821023053,-2.2429363154427566,lgFu_train
75081385,-1.649751982,-1.3858496827950664,lgFu_train
75081388,-1.630784143,-1.2202703461691826,lgFu_train
75081426,-1.924453039,-1.376655103882622,lgFu_train
75114427,-1.200659451,-1.152863012444295,lgFu_train
75114463,-1.283996656,-1.2099772490731409,lgFu_train
75225240,-0.889747083,-1.1402081822372643,lgFu_train
75632113,-0.095338542,-0.3613988709959046,lgFu_train
75969643,-1.359518563,-0.8693531007067291,lgFu_train
75972143,-0.596707855,-0.7976045630461656,lgFu_train
76008259,-2.387216143,-1.5899571101845391,lgFu_train
76044982,-0.119186408,-0.3032409729691411,lgFu_train
76309856,-1.22184875,-1.5589914781895213,lgFu_train
76310047,-2.15490196,-2.1079498228123503,lgFu_train
76310500,-0.677780705,-0.8349338031998894,lgFu_train
76310501,-1.698970004,-1.5120226414360167,lgFu_train
76310502,-0.853871964,-1.0170590468252927,lgFu_train
76314159,-0.602059991,-0.8372275021175165,lgFu_train
76314160,-1.0,-0.8590610357276477,lgFu_train
76314161,-1.15490196,-0.7129051751502133,lgFu_train
76314163,-1.15490196,-1.2486884957053093,lgFu_train
76317705,-2.698970004,-2.183809029065255,lgFu_train
76317726,-1.301029996,-0.999577136730861,lgFu_train
76317727,-1.22184875,-1.3793041976719254,lgFu_train
76321414,-2.698970004,-2.1113356064538635,lgFu_train
76321433,-0.698970004,-0.9313423401271491,lgFu_train
76321434,-0.37675071,-0.7048665864923189,lgFu_train
76321435,-0.585026652,-0.6881586172706362,lgFu_train
76325029,-0.744727495,-0.8340334716350516,lgFu_train
76325030,-1.15490196,-1.0908700971949608,lgFu_train
76325031,-1.301029996,-1.1363533809317747,lgFu_train
76325614,-0.292429824,-0.17080578352948123,lgFu_train
76328583,-2.522878745,-2.1594272821213982,lgFu_train
76328605,-1.0,-0.8407050752761139,lgFu_train
76328606,-1.096910013,-0.822854115985965,lgFu_train
76328607,-1.15490196,-0.7691179103681316,lgFu_train
76328608,-0.853871964,-0.705811690415796,lgFu_train
76328873,-0.638272164,-0.381040516838469,lgFu_train
76332283,-0.853871964,-0.9748582378764512,lgFu_train
76332284,-1.397940009,-0.9423648306440887,lgFu_train
76332285,-1.0,-0.8691996965832441,lgFu_train
76332286,-0.958607315,-0.9511824390889174,lgFu_train
76332483,-0.016373713,-0.22094666552885794,lgFu_train
76333400,-0.30980392,-0.6499051145488633,lgFu_train
76335927,-0.585026652,-0.8551474064026215,lgFu_train
76335928,-0.657577319,-0.9934715123594581,lgFu_train
76335929,-1.096910013,-0.9871802279355119,lgFu_train
76335930,-0.677780705,-0.9225093905390819,lgFu_train
76450046,-0.697236292,-0.676031751989678,lgFu_train
76471706,-1.795880017,-1.921459122064359,lgFu_train
76523041,-0.483068191,-0.42395117618895733,lgFu_train
76782327,-1.105683937,-1.1463114912651124,lgFu_train
77171539,-1.427128398,-1.36281613435917,lgFu_train
77171691,-1.388276692,-1.4115554435244564,lgFu_train
77171763,-1.436518915,-1.5264844199933014,lgFu_train
77542371,-2.823908741,-2.5888166362628837,lgFu_train
77543165,-2.823908741,-2.564873920417626,lgFu_train
77562917,-2.193820026,-1.5230650064267857,lgFu_train
78073694,-0.332080315,-0.6642933046181496,lgFu_train
78075630,-0.673459331,-1.0142965313632724,lgFu_train
78121259,-1.311580178,-1.596533536474348,lgFu_train
78210303,-1.773241454,-1.7491424825506474,lgFu_train
78357783,-1.443697499,-1.612023870846079,lgFu_train
86287525,-1.869666232,-2.288658147701997,lgFu_train
86298614,-2.096910013,-1.6295218360853496,lgFu_train
86298673,-0.301029996,-0.8465959770810747,lgFu_train
86677234,-1.568636236,-1.3779006554565105,lgFu_train
86677253,-1.124938737,-1.3911240806324643,lgFu_train
86677270,-1.050609993,-1.1993277608469228,lgFu_train
86690644,-1.22184875,-1.1435304314938415,lgFu_train
86705475,-0.987162775,-1.070654404159441,lgFu_train
86765163,-0.028260409,-0.3790514934067206,lgFu_train
87377617,-0.933674075,-1.0031498337457605,lgFu_train
87496344,-1.522878745,-1.8206183353101695,lgFu_train
89698941,-1.283996656,-1.713238691453093,lgFu_train
89699082,-1.366531544,-1.5576582712193223,lgFu_train
89699181,-1.26760624,-1.3574781918892826,lgFu_train
89699203,-1.508638306,-1.6734495799136797,lgFu_train
89699216,-0.886056648,-1.065606733428106,lgFu_train
89699240,-1.420216403,-1.7004446474070725,lgFu_train
89699295,-1.638272164,-1.8714798374821853,lgFu_train
89699316,-1.026872146,-1.517965392334434,lgFu_train
89699322,-0.853871964,-1.4356217645733145,lgFu_train
89699327,-1.537602002,-1.3754579524864883,lgFu_train
89699349,-0.886056648,-0.8179989005224663,lgFu_train
89699369,-1.823908741,-1.2479319930751531,lgFu_train
89793496,-0.853871964,-1.275863903216744,lgFu_train
89793516,-0.920818754,-0.983169570933068,lgFu_train
89795553,-0.698970004,-0.7401435124410431,lgFu_train
90467013,-1.301029996,-1.0640222458195292,lgFu_train
90467014,-0.522878745,-0.6625894672457735,lgFu_train
90467156,-0.522878745,-0.9636495206368302,lgFu_train
90467159,-0.769551079,-0.6743699530813622,lgFu_train
90467162,-0.522878745,-0.6381107050103813,lgFu_train
90644511,-0.27572413,-0.4389153411862816,lgFu_train
90644762,-2.0,-1.6882447240744292,lgFu_train
90644766,-0.928117993,-1.0924993709393718,lgFu_train
90644769,-2.0,-1.8814051206581317,lgFu_train
90644770,-1.585026652,-1.2480323866132694,lgFu_train
90644773,-0.630784143,-0.8012675847667967,lgFu_train
90645249,-1.522878745,-1.385596908524701,lgFu_train
90645251,-1.886056648,-1.4719907288829934,lgFu_train
90645252,-1.091514981,-1.1107831580227094,lgFu_train
90645256,-1.022276395,-1.3598349729308858,lgFu_train
90645521,-1.677780705,-1.7035000159814488,lgFu_train
90654375,-0.327902142,-0.3993207788935479,lgFu_train
90654376,-0.494850022,-0.4063222790946721,lgFu_train
90654377,-0.619788758,-0.4631379693799594,lgFu_train
90654378,-1.187086643,-0.6762899860846703,lgFu_train
90654379,-0.327902142,-0.31476133303198506,lgFu_train
90654380,-0.744727495,-0.5611850925341895,lgFu_train
90654381,-0.744727495,-0.4409095545125004,lgFu_train
90654387,-0.283996656,-0.41496111595665514,lgFu_train
90654388,-0.327902142,-0.4528730588169343,lgFu_train
90654389,-0.30980392,-0.3393027329902401,lgFu_train
90654392,-1.30980392,-1.0058178255408767,lgFu_train
90654394,-0.180456064,-0.43897656256626233,lgFu_train
90654396,-0.809668302,-0.540918585021981,lgFu_train
90654397,-0.15490196,-0.46283180914651434,lgFu_train
90654398,-0.37675071,-0.46960681823755496,lgFu_train
90654399,-0.292429824,-0.4967290436630294,lgFu_train
90654400,-0.207608311,-0.4668714438435547,lgFu_train
90654401,-0.397940009,-0.4833571291761073,lgFu_train
90654402,-0.698970004,-0.49014398924447866,lgFu_train
90654404,-0.292429824,-0.42895668786972363,lgFu_train
90654405,-0.769551079,-0.5020439986644643,lgFu_train
90654406,-0.30980392,-0.40591605460709274,lgFu_train
90654407,-0.318758763,-0.3854967184417823,lgFu_train
90654408,-0.468521083,-0.44832328668225413,lgFu_train
90654409,-0.327902142,-0.4159406049260716,lgFu_train
90654410,-0.327902142,-0.41280855752973317,lgFu_train
90654412,-0.318758763,-0.43465583259530993,lgFu_train
90665949,-1.387216143,-1.4508459497564883,lgFu_train
90665950,-1.148741651,-1.4287416546047358,lgFu_train
90666167,-1.096910013,-1.4430625469796314,lgFu_train
90668345,-0.764471553,-1.187031214206798,lgFu_train
90668346,-1.920818754,-1.5810049394280077,lgFu_train
90668347,-1.229147988,-1.391457891629697,lgFu_train
90668348,-1.397940009,-1.2004378031388736,lgFu_train
90668349,-0.739928612,-1.2878097524570362,lgFu_train
90668350,-0.68613278,-1.3747248148357658,lgFu_train
90680811,-1.37675071,-1.2610425532604241,lgFu_train
90684390,-2.0,-2.101478184985366,lgFu_train
90684391,-1.180456064,-1.3800966397554713,lgFu_train
90762292,-1.123782159,-1.3626243079831049,lgFu_train
91356670,-1.718966633,-1.6605945946669414,lgFu_train
91614131,-1.73754891,-1.711313165116274,lgFu_train
91754231,-1.522878745,-1.6515294380286443,lgFu_train
91799687,-0.213248578,-0.5456022219875176,lgFu_train
91826722,-0.872895202,-1.123824472056799,lgFu_train
91885438,-2.0,-1.9928468739506737,lgFu_train
91933841,-2.0,-2.1969994698252355,lgFu_train
91971978,-1.552841969,-1.635666297960311,lgFu_train
92239323,-1.0,-0.7747933445482083,lgFu_train
101884761,-1.602059991,-1.416159939775092,lgFu_train
101884762,-1.494850022,-1.5200991785815485,lgFu_train
101891769,-0.835647144,-0.774380507633419,lgFu_train
118030039,-1.744727495,-1.7905004612318218,lgFu_train
118706139,-2.096910013,-1.5934054113655223,lgFu_train
118706214,-1.096910013,-1.3230854176638789,lgFu_train
118706757,-1.0,-1.4099354280598464,lgFu_train
118707647,-1.744727495,-1.521908071771874,lgFu_train
118707648,-1.124938737,-1.5536403793196845,lgFu_train
118707649,-1.522878745,-1.4741768884822144,lgFu_train
118707650,-1.698970004,-2.0077105491992935,lgFu_train
118707651,-1.920818754,-1.735333935539875,lgFu_train
118707653,-2.0,-1.4837396384576529,lgFu_train
118707654,-1.327902142,-1.418788310517956,lgFu_train
118707655,-1.443697499,-1.7174284494561425,lgFu_train
118707657,-1.119186408,-1.3443461369159468,lgFu_train
118707658,-1.148741651,-1.3686532898274066,lgFu_train
118707659,-1.958607315,-1.8591419668161426,lgFu_train
118707660,-1.431798276,-1.4469096178428564,lgFu_train
118707661,-1.568636236,-1.4232428213195394,lgFu_train
118708873,-3.0,-2.4565415114936666,lgFu_train
118708881,-3.0,-2.15601051021122,lgFu_train
118708939,-2.698970004,-2.326729122815669,lgFu_train
118709092,-0.585026652,-0.7939466434863371,lgFu_train
118709579,-0.677780705,-0.6485864752958439,lgFu_train
118709582,-0.853871964,-0.6542605686001173,lgFu_train
118709583,-0.920818754,-0.6476476221874287,lgFu_train
118709784,-0.93930216,-0.865848340982151,lgFu_train
118709786,-0.73754891,-0.8404128642703077,lgFu_train
118709832,-0.560667306,-1.0234854638569981,lgFu_train
118709837,-0.521433504,-1.0557135022414033,lgFu_train
118709848,-1.292429824,-1.0722185975345278,lgFu_train
118710245,-1.468521083,-0.67154487631465,lgFu_train
118713119,-0.853871964,-1.2150879948009212,lgFu_train
118714107,-1.585026652,-1.057686344535758,lgFu_train
118715109,-0.292429824,-0.9425391466076368,lgFu_train
118716079,-0.167491087,-0.8165917610387988,lgFu_train
118719503,-1.886056648,-1.7693266581044802,lgFu_train
118722566,-1.086186148,-1.0276698854812547,lgFu_train
118722567,-1.292429824,-1.2595353754850678,lgFu_train
118722568,-1.017728767,-0.8769398503960775,lgFu_train
118722569,-1.37675071,-1.5731258952976555,lgFu_train
118722757,-2.0,-1.8809960246023176,lgFu_train
118722758,-2.0,-1.8571859028232942,lgFu_train
118722759,-2.0,-1.7953395269414865,lgFu_train
118723135,-2.522878745,-1.9976825693916767,lgFu_train
118723137,-1.958607315,-1.9924463258055367,lgFu_train
118723138,-1.657577319,-1.6031914020557307,lgFu_train
118724903,-2.096910013,-1.9105265966777671,lgFu_train
118725719,-0.019542108,-0.4300756979123691,lgFu_train
118725724,-0.013676223,-0.4249371490187117,lgFu_train
118725729,-0.002176919,-0.4484212165198238,lgFu_train
118729163,-0.468521083,-0.4281175034486721,lgFu_train
118730345,-0.616184634,-0.8816652360974933,lgFu_train
118730352,-1.568636236,-1.0266493846573201,lgFu_train
118730711,-0.823908741,-0.9767014961611586,lgFu_train
118732695,-0.853871964,-0.6743347079469622,lgFu_train
118732696,-0.795880017,-0.6197474387895008,lgFu_train
118732697,-0.585026652,-0.5206036722793539,lgFu_train
118732698,-0.48148606,-0.38899660705491107,lgFu_train
118732699,-0.214670165,-0.39440881458979293,lgFu_train
118732700,-0.638272164,-0.6562344798493548,lgFu_train
118732701,-0.602059991,-0.5528347350448124,lgFu_train
118732702,-0.397940009,-0.5017815890306923,lgFu_train
118732703,-0.585026652,-0.5465449588909469,lgFu_train
118732705,-0.420216403,-0.5248288300444167,lgFu_train
118732706,-0.853871964,-0.7323022999258167,lgFu_train
118732707,-0.744727495,-0.4633655826273245,lgFu_train
118732709,-0.552841969,-0.5838580296830775,lgFu_train
118732710,-1.096910013,-0.5034331615400733,lgFu_train
118732712,-0.346787486,-0.4642246171406392,lgFu_train
118732713,-0.366531544,-0.619709078843686,lgFu_train
118732714,-0.568636236,-0.6375387860981518,lgFu_train
118732715,-0.585026652,-0.5778899280378466,lgFu_train
118732717,-0.638272164,-0.5104283116259192,lgFu_train
118734875,-0.259637311,-0.3587238608563744,lgFu_train
118734876,-0.408935393,-0.38008715400671095,lgFu_train
118735390,-1.657577319,-1.2302193474204408,lgFu_train
118737138,-1.522878745,-1.2200371054591892,lgFu_train
118737793,-2.522878745,-2.118089576183216,lgFu_train
118737794,-3.0,-2.2753152434440995,lgFu_train
118737807,-2.301029996,-2.277171392326977,lgFu_train
118737848,-2.0,-2.077588879124873,lgFu_train
118737849,-2.0,-1.452250709570623,lgFu_train
118737850,-2.0,-1.9200457586817716,lgFu_train
118737851,-1.795880017,-1.7965147722850434,lgFu_train
118737852,-2.0,-1.9683520603309097,lgFu_train
118737853,-2.0,-2.0324060138575684,lgFu_train
118737854,-2.0,-2.179479773207735,lgFu_train
118737855,-1.537602002,-1.334745775624766,lgFu_train
118737856,-1.744727495,-1.4526775539904198,lgFu_train
118737857,-1.30980392,-1.3270653317536063,lgFu_train
118737858,-0.585026652,-1.1960635600733975,lgFu_train
118737859,-1.207608311,-1.327423954189482,lgFu_train
118737860,-1.420216403,-1.3712190441760572,lgFu_train
118737861,-0.420216403,-0.8184151394208735,lgFu_train
123481990,-1.226213555,-1.2236008219692096,lgFu_train
123778558,-1.571865206,-1.4211088886954304,lgFu_train
134828043,-0.585026652,-0.893631510238472,lgFu_train
135398495,-0.476383581,-0.7876194343111993,lgFu_train
135398519,-0.00656377,-0.11566874298115362,lgFu_train
135398737,-1.522878745,-1.361228589462579,lgFu_train
135398745,-1.062151119,-1.1614873198880626,lgFu_train
135398752,-0.002176919,-0.22134346743600494,lgFu_train
135400456,-1.924453039,-1.6984647179899732,lgFu_train
135414361,-2.397940009,-1.7810554445365046,lgFu_train
135418940,-1.619788758,-2.146125878917201,lgFu_train
135434911,-1.189095719,-1.204549771388294,lgFu_train
135441196,-2.0,-1.6837659242814034,lgFu_train
135446234,-1.522878745,-0.6682496206554825,lgFu_train
135446244,-0.301899454,-0.5605461888438519,lgFu_train
135446276,-0.296708622,-1.0095752464458496,lgFu_train
135446290,-0.186419011,-0.7143077170042605,lgFu_train
135448133,-1.270295376,-1.0225669022593527,lgFu_train
135450461,-1.15490196,-0.9455316050466346,lgFu_train
135455617,-1.170053304,-1.0989689587082725,lgFu_train
135456161,-0.075720714,-0.41126718091302605,lgFu_train
135480622,-1.321481621,-1.3514533836352747,lgFu_train
135483437,-0.08618615,-0.11790707538791342,lgFu_train
135512673,-0.801946669,-0.8357422516289155,lgFu_train
135513721,-1.2644011,-1.906135915632427,lgFu_train
135541381,-2.0,-1.7057074715534108,lgFu_train
135547119,-1.236572006,-1.9442042191104425,lgFu_train
135565424,-0.823908741,-0.40865879681139683,lgFu_train
135566371,-1.698970004,-1.5499145096297333,lgFu_train
135566935,-1.244125144,-1.578146898102483,lgFu_train
135605572,-0.060480747,-0.07647025986892975,lgFu_train
135724997,-1.436518915,-0.8395282719931532,lgFu_train
135761774,-1.301029991,-1.7273454863464461,lgFu_train
135771894,-1.124938737,-0.6300287251331504,lgFu_train
135779792,-2.0,-1.8098617458175654,lgFu_train
135869565,-1.958607315,-1.6873309203622535,lgFu_train
135873861,-0.638272164,-0.6206130461311721,lgFu_train
135934887,-1.48148606,-1.397178595905779,lgFu_train
135934888,-0.958607315,-0.8813463477426084,lgFu_train
135949122,-1.958607315,-1.28589842435033,lgFu_train
135950129,-2.698970004,-2.1239874459518697,lgFu_train
135960729,-1.823908741,-1.349057208658724,lgFu_train
135985898,-2.22184875,-1.39661544037485,lgFu_train
135999136,-1.920818754,-1.2011000966281968,lgFu_train
136002656,-2.823908741,-1.8944700866524582,lgFu_train
136034774,-2.251811973,-2.299795615128385,lgFu_train
136069669,-1.397940009,-0.7096952084826843,lgFu_train
136087052,-1.244125144,-1.6071860014035368,lgFu_train
136189879,-1.292429824,-0.6824249830153944,lgFu_train
136193032,-0.042871802,-0.5899146694954002,lgFu_train
136205833,-1.568636236,-1.3360978344902075,lgFu_train
136216653,-1.388276692,-1.220219943321597,lgFu_train
136216668,-1.427128398,-1.1923747638120203,lgFu_train
136227360,-0.57446578,-1.056871085185011,lgFu_train
136229137,-1.493494968,-1.5109370566055251,lgFu_train
136229138,-1.679853714,-1.6164493513420601,lgFu_train
136229142,-1.397940009,-1.5748044507146852,lgFu_train
136229143,-1.886056648,-1.5441476886416343,lgFu_train
136229147,-2.602059991,-1.884967401960588,lgFu_train
136234639,-2.0,-1.7996279614022566,lgFu_train
136234641,-2.0,-1.6144327574532065,lgFu_train
136234643,-1.721246399,-1.7177779156577397,lgFu_train
136234644,-1.568636236,-1.701315192228832,lgFu_train
136234645,-2.0,-1.595869586313656,lgFu_train
136234646,-2.0,-1.4603650466033122,lgFu_train
136234647,-1.366531544,-1.287089861456954,lgFu_train
136234648,-0.742321425,-1.1495202691596538,lgFu_train
136235504,-0.898596649,-0.8641477891347483,lgFu_train
136244545,-0.913640169,-1.3137971159528388,lgFu_train
136260791,-0.455931956,-0.688654928082853,lgFu_train
136662663,-1.142667504,-0.8666272634560883,lgFu_train
136961620,-0.508638306,-0.7117842929848354,lgFu_train
139595999,-0.207608311,-0.2797840557801283,lgFu_train
141042209,-1.698970004,-1.3284268332679547,lgFu_train
145852589,-1.924453039,-1.4432109776028443,lgFu_train
146677457,-0.579494166,-0.6971085169875126,lgFu_train
146677670,-0.560667308,-0.5062015807597317,lgFu_train
146677708,-1.952076454,-1.649710333480296,lgFu_train
146678163,-0.369008689,-0.5657691791963316,lgFu_train
146678316,-2.472799902,-1.6851433683686015,lgFu_train
146678318,-0.736736061,-0.9196310942769905,lgFu_train
146679188,-0.050609995,-0.3017345491441381,lgFu_train
146679283,-0.212303432,-0.842035702499942,lgFu_train
165367714,-2.0,-2.04128648400184,lgFu_train
168313356,-1.068542129,-1.4245610236091781,lgFu_train
158,-0.568636236,-0.8528548147088486,lgFu_test
471,-2.602059991,-1.3445563217180116,lgFu_test
681,-0.045757495,-0.17967535208059549,lgFu_test
896,-0.302770657,-0.6312526777335812,lgFu_test
991,-2.903089987,-2.2648528472237333,lgFu_test
996,-0.145664764,-0.3364691735701006,lgFu_test
1345,-1.792177551,-2.1977538741767884,lgFu_test
1493,-1.56501616,-0.5937527143271407,lgFu_test
1593,-0.698970004,-1.8390259001686993,lgFu_test
1676,-0.37135275,-0.09758569562593318,lgFu_test
1805,-0.004364803,0.0039801938794332865,lgFu_test
1978,-0.13076828,-0.34266891960961826,lgFu_test
2099,-0.638272164,-0.8435828090533681,lgFu_test
2141,-0.017728771,-0.23801039101242147,lgFu_test
2154,-0.124938737,-0.7123730702985367,lgFu_test
2165,-1.0,-1.4264654570739477,lgFu_test
2179,-1.572676214,-2.296074562774405,lgFu_test
2268,-0.670683749,-1.8504948227024345,lgFu_test
2269,-0.084424303,-0.5026273205523968,lgFu_test
2294,-0.045757495,-0.16250507707365228,lgFu_test
2315,-1.22184875,-0.9798833000274924,lgFu_test
2344,-1.301029996,-1.0971938270575374,lgFu_test
2351,-2.124938737,-1.1096016537401003,lgFu_test
2381,-1.013228266,-0.6919884691998818,lgFu_test
2441,-0.408935393,-0.770664156240279,lgFu_test
2471,-0.853871964,-1.7936701330926343,lgFu_test
2474,-1.301029996,-0.7415608222692401,lgFu_test
2528,0.0,-0.2917765354004541,lgFu_test
2541,-2.602059991,-2.257396229410765,lgFu_test
2585,-1.698970004,-1.848704670222412,lgFu_test
2612,-0.610833913,-0.3001157548550584,lgFu_test
2655,-0.143673977,-0.28887483061058933,lgFu_test
2684,-0.070581069,-0.017520847302544357,lgFu_test
2708,-0.472370099,-1.9210157048163896,lgFu_test
2710,-0.886056648,-1.169261674694676,lgFu_test
2732,-0.602059991,-0.6828862674270272,lgFu_test
2733,-0.073143291,-1.2088064436768116,lgFu_test
2756,-0.096910013,-0.31691676142016934,lgFu_test
2762,-0.443697493,-0.8788371381446468,lgFu_test
2764,-0.15490196,-0.25976795889644,lgFu_test
2783,-0.301029996,-0.282305106884416,lgFu_test
2801,-1.522878745,-0.9054254154106286,lgFu_test
2802,-0.823908741,-1.5600889758902696,lgFu_test
2806,-1.782715548,-1.6174726257619356,lgFu_test
2879,-0.486928866,-0.44687454399011234,lgFu_test
2907,-0.096910013,-0.07365875244223499,lgFu_test
2942,-0.005096556,-0.06640228915577205,lgFu_test
3016,-1.455931956,-1.4548854195535537,lgFu_test
3019,-1.22184875,-0.5715565681725081,lgFu_test
3103,-2.0,-0.7217158481409834,lgFu_test
3111,-0.397940003,-0.5076230466972109,lgFu_test
3118,-2.902803447,-1.7411340205068364,lgFu_test
3151,-1.091514981,-1.045301683645232,lgFu_test
3157,-1.607889538,-1.380028438588082,lgFu_test
3168,-1.301029987,-1.1147528249488525,lgFu_test
3229,-0.187086643,-0.234669008353389,lgFu_test
3249,-2.301029996,-1.6718679220287411,lgFu_test
3289,-1.03349924,-1.8812693056778431,lgFu_test
3306,-0.113509275,-0.09504899078554326,lgFu_test
3325,-0.083546051,-0.23033214022491527,lgFu_test
3343,-0.275724137,-0.4920638919949072,lgFu_test
3347,-2.951541884,-2.3101978138762416,lgFu_test
3356,-0.250509954,-1.2700311865826066,lgFu_test
3357,-0.13667714,-0.3287588663559733,lgFu_test
3365,-0.053056729,-0.12831338092012579,lgFu_test
3373,-0.301029996,-0.43475366697252477,lgFu_test
3446,-0.013228266,-0.011091812706708469,lgFu_test
3478,-1.823908741,-1.2253336829930714,lgFu_test
3519,-0.494850022,-0.551780550055217,lgFu_test
3559,-0.612610174,-1.1561807230637313,lgFu_test
3657,0.0,-0.13222268647058255,lgFu_test
3676,-0.522878745,-0.26152876710286016,lgFu_test
3730,-0.005096556,-0.33564771706346036,lgFu_test
3749,-1.0,-2.011104563862742,lgFu_test
3767,-0.022276395,-0.10254788581487487,lgFu_test
3779,-0.214138307,-0.09599266746180912,lgFu_test
3822,-1.259637311,-1.1455258450842825,lgFu_test
3825,-2.0,-1.7318449147472912,lgFu_test
3869,-0.301029996,-0.423537339861705,lgFu_test
3883,-1.739430958,-1.7636372800597764,lgFu_test
3958,-0.823908741,-1.7597928402493201,lgFu_test
3961,-1.853871964,-1.9430014940535594,lgFu_test
3965,-1.397940009,-1.013395584797006,lgFu_test
4030,-1.124938737,-1.5649144121780396,lgFu_test
4041,-2.124938737,-1.3871567748202125,lgFu_test
4046,-1.650804724,-0.9408707288599526,lgFu_test
4054,-0.259637307,-0.3235644813492157,lgFu_test
4058,-0.37675071,-0.33510634030041847,lgFu_test
4062,-0.576754126,-0.5458585039608611,lgFu_test
4174,-0.051489231,-0.7607592867212082,lgFu_test
4178,-0.346787486,-0.5828367801229344,lgFu_test
4197,-0.522878745,-0.7601015219901379,lgFu_test
4212,-0.660051938,-0.5528312810226769,lgFu_test
4264,-1.397940009,-0.8627452269530308,lgFu_test
4342,-0.045757491,-0.20611524416248864,lgFu_test
4411,-0.53387413,-0.20749526215523714,lgFu_test
4440,-0.124938737,-0.3432663321062706,lgFu_test
4485,-1.301029996,-0.5165338934432739,lgFu_test
4499,-2.0,-1.0162901161879994,lgFu_test
4506,-0.886056648,-1.0662895242959076,lgFu_test
4509,-0.41595161,-0.13635902546163492,lgFu_test
4583,-0.167491087,-0.3891164207503742,lgFu_test
4594,-1.301029996,-1.4433735428933205,lgFu_test
4631,-0.576754126,-0.4535669249600553,lgFu_test
4634,-1.453567191,-0.8994294288703686,lgFu_test
4679,-1.698970004,-1.6071467171873242,lgFu_test
4739,-0.013228259,0.03953493234165023,lgFu_test
4746,-1.403437701,-2.023329686442719,lgFu_test
4790,-1.889312012,-1.5909945835429484,lgFu_test
4828,-0.22184875,-0.4700461012529752,lgFu_test
4831,-0.154901963,-0.23917306381555484,lgFu_test
4836,-0.11350928,-0.18121503385096735,lgFu_test
4906,-0.145693958,-0.3657954767812425,lgFu_test
4919,-0.301029996,-0.5321522637850726,lgFu_test
4929,-2.903089987,-2.0501971042022538,lgFu_test
4943,-1.677780705,-1.459666006986823,lgFu_test
4976,-1.096910018,-0.815151718852084,lgFu_test
5002,-0.769551079,-1.3188758152907094,lgFu_test
5029,-1.431798276,-1.4204576977173675,lgFu_test
5035,-1.88941029,-2.024167687406803,lgFu_test
5070,-1.470029056,-1.2052429274819145,lgFu_test
5074,-2.0,-1.8675582614594297,lgFu_test
5076,-1.789146635,-1.666839090453249,lgFu_test
5095,-0.221848742,-0.3640421752050795,lgFu_test
5125,-1.171225208,-2.8546736340859225,lgFu_test
5155,-0.00290499,-0.0302453222537045,lgFu_test
5193,-0.301029996,-0.19412713520406677,lgFu_test
5215,-0.346787486,-0.4733107303650685,lgFu_test
5216,-0.547574867,-1.0270135308303179,lgFu_test
5253,-0.000434512,0.0742043398803822,lgFu_test
5291,-1.072119311,-1.5954225011970626,lgFu_test
5329,-0.638272164,-0.87165045389679,lgFu_test
5339,-2.259637311,-2.0336782021053157,lgFu_test
5344,-1.102372909,-1.2614006783275278,lgFu_test
5358,-0.083546051,-0.28709163368090074,lgFu_test
5379,-0.096910013,-0.44976245284729327,lgFu_test
5403,-0.13076828,-0.027127908455948452,lgFu_test
5467,-0.001087096,-0.1536953000150707,lgFu_test
5472,-1.425968732,-1.4776204185653403,lgFu_test
5487,-0.15490196,-0.8822431535203378,lgFu_test
5504,-0.11350928,-0.2707521229033547,lgFu_test
5556,-1.0,-0.9927332770147541,lgFu_test
5566,-2.108226859,-1.6238230433272385,lgFu_test
5717,-2.0,-2.289293647920717,lgFu_test
5735,-0.698970004,-0.4558067578770472,lgFu_test
5754,-1.0,-0.48075553812143396,lgFu_test
5954,-1.950468952,-2.1959439074847333,lgFu_test
5959,-0.358525889,-0.5975478427795419,lgFu_test
6249,-0.070581074,-0.30048560889484804,lgFu_test
6292,-0.823908726,-1.3380845445614165,lgFu_test
6464,-0.420216403,-0.16088283362245964,lgFu_test
6569,-0.058304752,-0.4725513749426115,lgFu_test
6634,-1.522878745,-1.3170523902792441,lgFu_test
6643,-3.0,-1.1003182526083324,lgFu_test
6726,-0.397940003,-0.9006072927138311,lgFu_test
7028,0.0,-0.39712248777463194,lgFu_test
7421,-0.616184634,-0.45340673040860485,lgFu_test
7714,-1.462180905,-1.27376076038936,lgFu_test
7964,-0.694605633,-1.1709622406402387,lgFu_test
8223,-1.698970004,-1.1491821001813622,lgFu_test
8268,-2.90308726,-2.5438427053054697,lgFu_test
8411,-0.586340928,-0.8209720568355993,lgFu_test
8461,-1.017633775,-1.029373924969018,lgFu_test
8652,-1.725842151,-1.7960042674973076,lgFu_test
8784,-1.301899454,-0.5614849998267065,lgFu_test
9565,-0.698970004,-0.7239510729145194,lgFu_test
9801,-1.522878745,-1.6469294464463606,lgFu_test
10391,-0.275724143,-0.42365451423189265,lgFu_test
10707,-1.15805269,-0.39427191365603304,lgFu_test
10783,-0.443697496,-0.9602123816331963,lgFu_test
10800,-2.57888987,-1.38786698244426,lgFu_test
12281,-1.282329497,-0.755930691414848,lgFu_test
12560,-1.0,-0.8551142794215221,lgFu_test
12932,-2.170696227,-2.109450947400375,lgFu_test
13263,-2.488116639,-1.9261535348775132,lgFu_test
13314,-0.920818754,-1.740691785282668,lgFu_test
13342,-0.853871964,-0.4288474549824635,lgFu_test
13878,-0.337950837,-0.3199236685917169,lgFu_test
15387,-0.301029996,-0.35053715451451123,lgFu_test
16003,-1.719877104,-2.497200794484355,lgFu_test
16421,-1.993107788,-2.6260009998536784,lgFu_test
17004,-1.565431096,-1.1666637334484402,lgFu_test
22419,-2.124938737,-1.4516744948475166,lgFu_test
26098,-2.259637311,-0.5832168987668714,lgFu_test
27447,-0.070581074,-0.38789191689925795,lgFu_test
29393,-2.425968732,-2.4639981320193813,lgFu_test
30479,-0.310831784,-0.633128320749334,lgFu_test
30668,-0.397940003,-0.8707101335650581,lgFu_test
31072,-0.031517049,-0.23042929910355744,lgFu_test
31315,-1.575118363,-1.7600253064406581,lgFu_test
31703,-0.602059991,-0.8485442544340019,lgFu_test
31729,-0.183758698,-0.42720947335241855,lgFu_test
32154,-1.165837953,-1.7556638963935818,lgFu_test
33255,-0.838631998,-0.5901043158133431,lgFu_test
33613,-0.096910013,-0.20276303683993924,lgFu_test
35935,-2.602059991,-1.5540126219424264,lgFu_test
37910,-1.045757491,-0.8135254019748117,lgFu_test
38103,-0.022276395,-0.38716485462405703,lgFu_test
38360,-1.598599459,-1.4299508801867185,lgFu_test
38479,-2.903089987,-2.727665216063431,lgFu_test
38853,-0.070581074,-0.1734254459655341,lgFu_test
38945,-0.060480747,-0.43022542051890367,lgFu_test
39186,-0.698970004,-0.9794247096303761,lgFu_test
41049,-0.136677137,-0.10430628966033284,lgFu_test
41384,-3.0,-1.6796578167706369,lgFu_test
41385,-0.028260409,-0.21488713217510183,lgFu_test
41684,-1.301029996,-1.8411211102206333,lgFu_test
41781,-2.0,-1.3657292993967762,lgFu_test
43234,-1.294136288,-2.006405906999517,lgFu_test
44097,-0.11350928,-0.20840722353834554,lgFu_test
44187,-0.903089987,-1.0240098837476916,lgFu_test
47528,-0.124938737,-0.08167521448943701,lgFu_test
47965,-0.408935393,-0.3337654707751872,lgFu_test
51081,-0.124938737,-0.2884903202422402,lgFu_test
51556,-1.769551079,-2.292434555112407,lgFu_test
53084,-0.065501549,-0.3227675488052842,lgFu_test
53276,-0.823908741,-1.2344655267623637,lgFu_test
54477,-0.657577319,-0.42876486213879966,lgFu_test
54740,-0.537724573,-0.43681080495135494,lgFu_test
54766,-0.259637307,-0.33901531923782285,lgFu_test
54841,-1.698970004,-0.5874592333533932,lgFu_test
58505,-0.017728767,-0.041172101838052796,lgFu_test
59708,-0.037788562,-0.1060166612148214,lgFu_test
60063,-0.017728767,-0.4449399459567576,lgFu_test
60172,-0.017728767,0.009327116977883021,lgFu_test
60404,-0.911863911,-1.7986490780034667,lgFu_test
60464,-0.213248578,-0.22146493940007644,lgFu_test
60648,-1.420216403,-1.6332925371158236,lgFu_test
60726,-2.805023443,-1.3596746325928826,lgFu_test
60753,-0.22184875,-0.3357213956459461,lgFu_test
60795,-2.0,-1.4135558554253684,lgFu_test
60815,-0.610833916,-0.33499357477504144,lgFu_test
60854,-2.734260541,-1.5932378827556297,lgFu_test
60855,-0.045757491,-0.21014967511693647,lgFu_test
60857,-0.124938737,-0.33868997622584196,lgFu_test
61719,-2.137868621,-2.324367965587448,lgFu_test
62459,-1.903089987,-1.76251716345672,lgFu_test
65015,-0.37675071,-0.31091400473783215,lgFu_test
65820,-1.698970004,-1.923737589120159,lgFu_test
65863,-2.0,-2.0466393211246903,lgFu_test
65871,-1.718966633,-1.7126270780258286,lgFu_test
65906,-1.698970004,-1.8836647592324063,lgFu_test
65981,-1.698970004,-1.723453382603977,lgFu_test
65999,-2.22184875,-2.338019212626313,lgFu_test
67734,-2.872247808,-2.23831340070676,lgFu_test
67818,-2.785175087,-2.1179291394023387,lgFu_test
68740,-0.107905401,-0.22371063992438237,lgFu_test
68741,-1.522878745,-1.2577518736228614,lgFu_test
68770,-0.408935393,-0.7599277267476362,lgFu_test
69785,-2.819609297,-2.7320556833592553,lgFu_test
70837,-1.732828272,-1.7495837291773673,lgFu_test
71329,-0.417325893,-0.639374011076991,lgFu_test
71616,-0.37675071,-0.3987120634646827,lgFu_test
71733,-0.721246399,-0.43558876704747534,lgFu_test
71771,-2.0,-1.50641435515034,lgFu_test
77999,-2.49148333,-1.8273854082816763,lgFu_test
79878,-2.286509457,-1.4676396193525725,lgFu_test
84029,-0.236572006,-0.8942461901254883,lgFu_test
86173,-2.15490196,-2.2458944110508963,lgFu_test
86367,-2.647817482,-1.7714000232509115,lgFu_test
89386,-2.124938737,-1.2798014595085572,lgFu_test
91754,-2.903089987,-2.786866196812049,lgFu_test
104838,-0.065501549,-0.34652974011536214,lgFu_test
104865,-1.748445282,-2.168970527717086,lgFu_test
105010,-1.215627614,-2.1549059289464143,lgFu_test
107994,-0.494850022,-1.1487412906886858,lgFu_test
115237,-0.638272164,-0.8184548116638375,lgFu_test
119607,-1.65490196,-1.723977300543292,lgFu_test
121892,-0.855425792,-1.5038124530436303,lgFu_test
122087,-2.056134662,-1.7510380944500024,lgFu_test
123610,-0.124938737,-0.7691964777482275,lgFu_test
126941,-0.301029996,-0.8816461825968077,lgFu_test
129211,-2.0,-0.5886048526638435,lgFu_test
149096,-0.161150909,-0.3783765703690577,lgFu_test
150610,-1.15490196,-0.693202261281191,lgFu_test
151171,-2.301029996,-1.9730930677819445,lgFu_test
151172,-0.345823458,-0.331450257028165,lgFu_test
151174,-2.057991947,-1.9819588248232027,lgFu_test
152946,-0.301029996,-0.5415596575008721,lgFu_test
155774,-0.013228266,-0.36058302107973655,lgFu_test
158781,-2.0,-1.3814842939659548,lgFu_test
159324,-2.15490196,-1.9006111055571087,lgFu_test
175805,-1.22184875,-0.687702236981591,lgFu_test
176879,-0.077447531,-1.7705688931951236,lgFu_test
183797,-0.266000713,-0.47895833397102794,lgFu_test
208898,-3.045757491,-1.437007658198346,lgFu_test
208908,-2.292513326,-1.7131093965147755,lgFu_test
213027,-0.293680578,-0.4046743810964159,lgFu_test
213032,-2.013228266,-2.1765634190919725,lgFu_test
213043,-1.15490196,-0.9800810628803405,lgFu_test
214356,-1.380211243,-0.2841721771263601,lgFu_test
216210,-0.276708554,-0.899603609785964,lgFu_test
242973,-2.508638306,-1.4740501661558023,lgFu_test
248862,-0.10145764,-0.01086710743687229,lgFu_test
319260,-1.226213555,-1.257949396070828,lgFu_test
354624,-0.27572413,-0.06696598810192353,lgFu_test
439739,-0.863279433,-0.9778740283237939,lgFu_test
441243,-1.698970004,-1.5231226634654063,lgFu_test
441314,-0.045757491,0.0031911616959874774,lgFu_test
443879,-1.431798276,-0.7305729729147467,lgFu_test
446156,-2.096910013,-1.2071207315560795,lgFu_test
446598,-1.22184875,-0.40760533709737584,lgFu_test
449193,-2.301029996,-2.1140335492666233,lgFu_test
459877,-1.2644011,-1.5052852490190363,lgFu_test
461399,-0.292429824,-0.6262466406859409,lgFu_test
468595,-1.698970004,-1.640319202293215,lgFu_test
619285,-1.886056648,-0.9674065342142896,lgFu_test
644809,-1.76700389,-0.8481373882916748,lgFu_test
646135,-0.996108834,-1.177276448182613,lgFu_test
669092,-0.855425792,-0.5954344455699826,lgFu_test
752812,-2.22184875,-1.5078644997016923,lgFu_test
1246102,-0.249491605,-0.8184485879208139,lgFu_test
1374121,-1.679853714,-1.8042539232583443,lgFu_test
1536986,-3.0,-2.480241224714037,lgFu_test
2106159,-2.48148606,-2.199427267711399,lgFu_test
2723601,-0.094743951,-0.07656995536967359,lgFu_test
3000540,-0.552841969,-0.4608335348771733,lgFu_test
3022645,-1.721246399,-1.1017971775503081,lgFu_test
3317081,-1.240332155,-2.1576835172130133,lgFu_test
3504707,-0.397940009,-0.27225708005556504,lgFu_test
3794430,-2.0,-1.199374783565202,lgFu_test
3829283,-2.37675071,-1.8597643531409234,lgFu_test
4475886,-0.602059991,-1.0851636562338358,lgFu_test
4580358,-0.110698297,-0.6548705195899008,lgFu_test
4659180,-1.698970004,-1.6388412492525293,lgFu_test
4988454,-3.0,-1.819742645187134,lgFu_test
5280961,-1.615145733,-1.5834006500383633,lgFu_test
5281037,-1.657577319,-1.8828523697963058,lgFu_test
5281040,-2.397940009,-2.016553750375339,lgFu_test
5281708,-1.257274869,-1.6216664149465814,lgFu_test
5284371,-0.075720714,-0.47569889304010193,lgFu_test
5284596,-0.255707017,-0.29203893505402695,lgFu_test
5284603,-0.259637311,-0.3544802256028515,lgFu_test
5288826,-0.170696227,-0.3594932681655627,lgFu_test
5329334,-0.581698709,-0.6599893881567058,lgFu_test
5330524,-2.397940009,-2.42910940036373,lgFu_test
5330790,-0.721475035,-0.8313788478814953,lgFu_test
5361092,-0.698970004,-0.6824319839582381,lgFu_test
5362065,-0.455931956,-0.271664484780075,lgFu_test
5362119,0.0,-0.537760697004142,lgFu_test
5362440,-0.408935393,-1.560897038789083,lgFu_test
5462501,-0.207608311,-0.669268925360803,lgFu_test
5479530,-1.301029996,-0.5408784643695203,lgFu_test
5479537,-0.096910013,-0.10872140186064269,lgFu_test
5487888,-0.107905397,-0.3040475562663981,lgFu_test
5742673,-0.30980392,-0.30419916765512145,lgFu_test
5742832,-0.356547324,-0.22119316763985683,lgFu_test
6410758,-0.397940009,-0.5370842324899349,lgFu_test
6422843,-2.647817482,-1.553645026481125,lgFu_test
6433110,-0.468521083,-0.8039225316832971,lgFu_test
6803597,-0.455931962,-0.22041553452960594,lgFu_test
6918554,-1.366531544,-1.2612173528355097,lgFu_test
7586151,-2.0,-1.50349128651706,lgFu_test
9800339,-0.388382889,-0.8868943952051218,lgFu_test
9804052,-0.107905397,-0.6455491711159681,lgFu_test
9809656,-0.045757491,-0.6361229848780734,lgFu_test
9817917,-0.332080315,-0.7296156482320583,lgFu_test
9852981,-0.096910013,-0.9928193654849287,lgFu_test
9913233,-0.229147988,-0.4851428371129016,lgFu_test
9931954,-0.634699251,-0.8671297130405701,lgFu_test
9932689,-0.545612533,-1.0935867000782917,lgFu_test
9974121,-0.455931959,-0.35338435689658465,lgFu_test
10024993,-0.002613616,-0.2088632181752618,lgFu_test
10046647,-1.059483515,-1.048344536683229,lgFu_test
10073306,-1.0,-1.2162689421899715,lgFu_test
10092649,-0.450261269,-0.6219709422637033,lgFu_test
10126799,-1.552841969,-2.005506255600559,lgFu_test
10231705,-1.105683937,-0.6759523700398314,lgFu_test
10268287,-2.0,-2.13323311733837,lgFu_test
10298858,-0.197910742,-1.3072211045458924,lgFu_test
10302451,-1.045757491,-1.4697742911747842,lgFu_test
10412910,-0.001740662,-0.0669876035575938,lgFu_test
10432087,-0.001740662,-0.047942366674353525,lgFu_test
10456473,-0.350665141,-0.7903017718396302,lgFu_test
11189402,-1.815308569,-1.8442326300148297,lgFu_test
11225163,-1.318758763,-1.371706851959175,lgFu_test
11236372,-0.958607315,-1.2662691142632843,lgFu_test
11289630,-1.15490196,-0.8508622241653047,lgFu_test
11302765,-0.769551079,-0.4398076262196828,lgFu_test
11319053,-1.387216143,-1.31067620664235,lgFu_test
11403482,-2.124938737,-1.851004783022754,lgFu_test
11486328,-2.301029996,-2.0033120016832155,lgFu_test
11517212,-1.48148606,-0.8597092849771181,lgFu_test
11552706,-0.924818145,-2.0541351839253803,lgFu_test
11632704,-0.26760624,-0.7185031885338454,lgFu_test
11634725,-2.0,-1.9562141153254073,lgFu_test
11635365,-0.549750892,-1.1254555612354846,lgFu_test
11663809,-1.602059991,-0.9788362363929448,lgFu_test
11696868,-2.15490196,-1.939675893474431,lgFu_test
11710873,-0.602059991,-0.6464021815793267,lgFu_test
11784975,-1.999034768,-1.9420807145212244,lgFu_test
11848948,-1.698970004,-1.4185197270799812,lgFu_test
11992827,-0.707743929,-0.6305607964699416,lgFu_test
11993740,-0.075720714,-0.5638039597873344,lgFu_test
11995989,-1.568636236,-1.5087429671121544,lgFu_test
11996131,-1.148741651,-1.6124122543122617,lgFu_test
13559279,-2.30980392,-1.833642125603719,lgFu_test
15015051,-1.0,-2.0983560545783346,lgFu_test
15434242,-0.522878745,-0.16205362400973516,lgFu_test
15958282,-1.920818754,-1.6384807265879118,lgFu_test
15959138,-1.0,-1.0003645151287937,lgFu_test
15981895,-0.924818145,-0.7966898576479973,lgFu_test
15983809,-1.581698709,-0.9169527967020762,lgFu_test
16097523,-1.161150909,-1.410841973374316,lgFu_test
16956771,-2.15490196,-1.5659733713121566,lgFu_test
17756785,-0.25375513,-0.311662978064719,lgFu_test
17963315,-0.729554092,-1.5163361274476008,lgFu_test
21177736,-1.920818754,-2.0680378261025814,lgFu_test
21638785,-0.37675071,-0.5199787718194956,lgFu_test
21874792,-2.0,-2.3776998225574895,lgFu_test
21946298,-2.045757491,-2.1561345569424395,lgFu_test
22137455,-0.596707855,-0.8067812265004084,lgFu_test
22341299,-1.728158393,-1.54099771076521,lgFu_test
23519852,-2.698970004,-2.1368344573944684,lgFu_test
23626282,-0.301029996,-0.5510676816056899,lgFu_test
24849206,-0.638272164,-1.584540482976152,lgFu_test
24996322,-0.251811973,-0.7856784761946722,lgFu_test
25014511,-1.070581074,-1.235680230031149,lgFu_test
25014684,-1.388276692,-1.2178526209164369,lgFu_test
25026446,-1.167491087,-1.2255866233742894,lgFu_test
25068753,-0.283996656,-0.5210290052261236,lgFu_test
25115962,-0.408935393,-0.6424611368700248,lgFu_test
25118127,-0.301029996,-0.04233329623644518,lgFu_test
25122581,-1.493494968,-2.027342229113999,lgFu_test
25195162,-1.522878745,-1.4189536450427318,lgFu_test
25223022,-1.37675071,-1.839256037215714,lgFu_test
25223221,-1.443697499,-1.8253900792539717,lgFu_test
25223222,-1.408935393,-1.7624977472166063,lgFu_test
25223322,-1.148741651,-1.7505027550186296,lgFu_test
25223515,-1.494850022,-1.8300589783583057,lgFu_test
42606928,-0.4867824,-0.7362706047500757,lgFu_test
42609962,-1.494850022,-1.5816314017444135,lgFu_test
44126032,-1.245651664,-1.1522653433696957,lgFu_test
44138030,-0.522878745,-0.6319697919636086,lgFu_test
44157038,-0.300162274,-1.8044659416190516,lgFu_test
44205639,-1.200659451,-1.2259918182741794,lgFu_test
44302042,-1.619788758,-1.807129660424551,lgFu_test
44414728,-2.522878745,-1.8771229074682296,lgFu_test
44446421,-1.522878745,-0.9589528372642033,lgFu_test
44447915,-1.886056648,-1.652401724712763,lgFu_test
44448812,-1.096910013,-1.1781364926839601,lgFu_test
44462758,-1.853871964,-0.5947533298725792,lgFu_test
44511871,-1.096910013,-0.7946796460773186,lgFu_test
44512349,-0.721246399,-0.7643553270342522,lgFu_test
44544853,-1.087246696,-1.19919220374459,lgFu_test
44552684,-0.11407366,-0.8178692955121832,lgFu_test
44570645,-1.13667714,-1.1392005115221102,lgFu_test
44571019,-1.494850022,-1.4348472937561252,lgFu_test
44571102,-1.744727495,-1.489684248338976,lgFu_test
44571104,-1.337242168,-1.486003408203947,lgFu_test
44571187,-1.2644011,-1.1650384292818026,lgFu_test
44571222,-0.697236292,-1.019383796875005,lgFu_test
44571272,-0.853871964,-1.1674379262005814,lgFu_test
44579068,-1.283996656,-0.7824947932884928,lgFu_test
44579070,-1.397940009,-1.4808735181496042,lgFu_test
44581547,-2.397940009,-1.4644856033442228,lgFu_test
44581574,-2.397940009,-1.4966633902120718,lgFu_test
44816721,-1.292429824,-1.5257963728415749,lgFu_test
46180604,-0.30980392,-0.7513315499794438,lgFu_test
46206296,-1.571865206,-1.5687425340883014,lgFu_test
46232598,-1.378823718,-2.2965820574247866,lgFu_test
46701790,-2.22184875,-1.1675006636145049,lgFu_test
46830777,-2.443697499,-2.2681828563402453,lgFu_test
46861584,-1.876148359,-1.787513761393663,lgFu_test
46871497,-0.483068191,-0.5150363137142393,lgFu_test
46893367,-2.301029996,-2.218776737901827,lgFu_test
49848898,-3.0,-2.545719595666414,lgFu_test
49858150,-0.886056648,-0.7953736138486378,lgFu_test
49858377,-1.311580178,-1.4665427590996005,lgFu_test
49865397,-3.0,-2.258460836262188,lgFu_test
49865878,-0.008773924,-0.36724865725950423,lgFu_test
49865879,-0.096910013,-0.42455139951794024,lgFu_test
49871766,-2.0,-1.7375238319672495,lgFu_test
49872384,-1.070581074,-1.756576757139258,lgFu_test
50996844,-2.004364805,-1.7557581315618136,lgFu_test
51003592,-1.416801226,-1.2751668619287346,lgFu_test
51003727,-1.15490196,-1.6577270195951634,lgFu_test
52920145,-1.698970004,-1.6163458068235443,lgFu_test
52938764,-0.337242168,-0.13185031485402826,lgFu_test
53237721,-0.468521083,-0.7404854319071325,lgFu_test
53307604,-2.045757491,-2.1166048888266946,lgFu_test
53311215,-0.739928612,-0.9766298782837001,lgFu_test
53397745,-2.301029996,-1.137314341987235,lgFu_test
53472469,-0.647817482,-1.4455622431992337,lgFu_test
54085540,-0.886056648,-1.3399793871686838,lgFu_test
54289283,-2.15490196,-2.657069280350062,lgFu_test
54413479,-1.901359721,-1.4019411113677738,lgFu_test
54576289,-2.522878745,-2.632779774481361,lgFu_test
54580312,-0.442492798,-0.933141805837765,lgFu_test
54580765,-1.170053304,-1.5693278665419006,lgFu_test
54581822,-0.958607315,-0.6311632559925421,lgFu_test
54586192,-1.318758763,-1.371458147380156,lgFu_test
54677470,-2.522878745,-1.611692613736888,lgFu_test
54677514,-0.508638306,-0.690161597664199,lgFu_test
54677593,-0.552841969,-0.6196248563141891,lgFu_test
54677623,-0.301029996,-0.622743841193624,lgFu_test
54677971,-2.045757491,-1.2890113003244876,lgFu_test
54709839,-0.721246399,-0.8388303451620921,lgFu_test
54720507,-0.055517328,-1.1882513354036557,lgFu_test
54752118,-1.15490196,-1.6565540664118958,lgFu_test
54758482,-0.744727495,-0.9571860459967219,lgFu_test
56594647,-1.769551079,-2.1429512072476253,lgFu_test
56594648,-1.886056648,-2.071644988413783,lgFu_test
56594785,-2.397940009,-2.0202501359700946,lgFu_test
56595047,-1.48148606,-1.8281970009182833,lgFu_test
56643450,-0.512861625,-0.7279485581728022,lgFu_test
56662692,-1.474955193,-1.6955938826338677,lgFu_test
56670621,-2.113509275,-2.165579862262378,lgFu_test
56673241,-1.2644011,-1.1451867884434412,lgFu_test
56682216,-0.014573526,-1.2980449784843495,lgFu_test
56835160,-1.568636236,-1.5295745315512883,lgFu_test
57330203,-2.744727495,-1.4743251276338203,lgFu_test
57384006,-0.366531544,-0.5405674605004052,lgFu_test
57384040,-1.600326279,-1.5413567799212011,lgFu_test
57387775,-1.0,-1.495487685507582,lgFu_test
57391458,-0.745935547,-1.5189685411392326,lgFu_test
57392303,-0.920818754,-0.8808693952647606,lgFu_test
57395991,-2.096910013,-1.683147289038402,lgFu_test
57398473,-1.059483515,-1.2096427210071365,lgFu_test
57400138,-2.301029996,-1.3241410632968456,lgFu_test
57401170,-0.8569852,-0.775907242339092,lgFu_test
57401205,-0.729554092,-1.4292586766976025,lgFu_test
57401217,-0.441291429,-0.30468187501656924,lgFu_test
57401272,-1.657577319,-1.802730953037068,lgFu_test
57401937,-0.713319031,-1.2815471720097542,lgFu_test
57404290,-1.096367484,-1.6430644464661057,lgFu_test
57519532,-1.747146969,-1.3611667073775022,lgFu_test
57520598,-1.853871964,-1.5975857288598145,lgFu_test
57522815,-3.0,-2.48448414355307,lgFu_test
57523281,-2.0,-1.7150841703256259,lgFu_test
57523311,-1.397940009,-1.6076225076801463,lgFu_test
57523375,-1.0,-1.4508767512639207,lgFu_test
57523406,-2.0,-1.4917717240976462,lgFu_test
57992198,-1.455931956,-0.9080514016164289,lgFu_test
58063225,-1.958607315,-1.277391476789844,lgFu_test
58464429,-1.251811973,-1.3878219783494876,lgFu_test
58464441,-1.443697499,-1.4548138768006218,lgFu_test
58464487,-0.318758763,-0.5867590610214604,lgFu_test
58835114,-1.366531544,-1.332155930477291,lgFu_test
59456096,-1.801377709,-1.9940746549570807,lgFu_test
59473233,-1.568636236,-1.5619256686704999,lgFu_test
60148507,-1.301029996,-1.7329314330403822,lgFu_test
60148508,-0.602059991,-0.8543400623349883,lgFu_test
60149678,-1.214670165,-1.195488954883187,lgFu_test
60169980,-1.045757491,-0.5193420936213151,lgFu_test
60170339,-1.15490196,-0.9076936978245975,lgFu_test
60195902,-0.301029996,-0.32060140176861407,lgFu_test
60198589,-2.0,-1.8757665878673004,lgFu_test
66549904,-1.27572413,-1.312947214569197,lgFu_test
66615628,-1.493494968,-1.2178338580699135,lgFu_test
67436594,-0.876148359,-1.3510073921281927,lgFu_test
68277611,-1.22184875,-1.6183368262691398,lgFu_test
68804310,-0.311135432,-0.7863772875939108,lgFu_test
68924158,-3.0,-2.608127019862202,lgFu_test
70681611,-0.657577319,-0.7646532619869094,lgFu_test
70682211,-1.581698709,-1.585072392569572,lgFu_test
70683558,-0.920818754,-1.208002258555907,lgFu_test
70684294,-2.698970004,-2.585176245994563,lgFu_test
70686472,-1.2644011,-0.8075259382824835,lgFu_test
70688263,-1.187086643,-1.0638985929083575,lgFu_test
70689444,-1.005243055,-0.9093068001800364,lgFu_test
70689446,-0.673459331,-0.8591807017681986,lgFu_test
70690050,-0.48148606,-0.7460406210436529,lgFu_test
70690638,-1.795880017,-1.5719990075303494,lgFu_test
70812857,-1.853871964,-1.9243832347025072,lgFu_test
70903618,-1.876148359,-2.185556153235992,lgFu_test
71279311,-1.397940009,-1.002571151735952,lgFu_test
71279543,-1.920818754,-1.764579531716327,lgFu_test
71451196,-2.15490196,-1.9846040512705632,lgFu_test
71454661,-0.447331784,-1.007121908080481,lgFu_test
71454747,-1.886056648,-2.1054216978120674,lgFu_test
71457756,-2.0,-2.0808935038325203,lgFu_test
71458923,-0.408935393,-0.5376680531354961,lgFu_test
71461395,-2.0,-2.0914602682921926,lgFu_test
71462956,-0.522878745,-0.8975486450096074,lgFu_test
71463148,-2.086186148,-1.8347060514661282,lgFu_test
71517195,-1.552841969,-0.8521455572506949,lgFu_test
71520490,-2.251811973,-1.7612272118024617,lgFu_test
71679327,-1.119186408,-1.5989037429043502,lgFu_test
71819426,-2.301029996,-1.279088940040659,lgFu_test
72546263,-2.0,-2.177067667814688,lgFu_test
72546736,-1.397940009,-1.2717988220620275,lgFu_test
72546992,-1.124938737,-1.0280749315484394,lgFu_test
72547501,-1.397940009,-1.1592193356471179,lgFu_test
72792631,-1.008773924,-0.8863780165949384,lgFu_test
73325016,-0.301029996,-0.31773000793838413,lgFu_test
74369376,-1.493494968,-1.6568127921563311,lgFu_test
75045440,-1.446116973,-1.4863056103129788,lgFu_test
75253234,-3.301029996,-2.5067518607326233,lgFu_test
76310149,-1.602059991,-1.7930593373352877,lgFu_test
76328604,-0.823908741,-0.56711893265207,lgFu_test
76446078,-0.545612533,-0.48198515620154153,lgFu_test
77171613,-1.876148359,-1.7462224744557786,lgFu_test
77291204,-1.522878745,-1.4685785717643243,lgFu_test
86294748,-1.48148606,-1.1107387442676735,lgFu_test
86677265,-1.638272164,-1.485323183432644,lgFu_test
89698858,-1.657577319,-1.5199369160942988,lgFu_test
89699171,-2.096910013,-1.7401575487378864,lgFu_test
89699260,-1.244125144,-1.4106825551400626,lgFu_test
90645250,-0.645891561,-1.0566600349097306,lgFu_test
90654395,-1.408935393,-1.0650925957653754,lgFu_test
91172081,-0.829444941,-1.761001470345632,lgFu_test
91668260,-2.301029996,-2.4484514317670154,lgFu_test
118707652,-2.22184875,-1.5217971480956556,lgFu_test
118707656,-1.494850022,-1.441555636608591,lgFu_test
118709578,-1.48148606,-0.5257881337957958,lgFu_test
118723134,-2.096910013,-2.2062113135758032,lgFu_test
118723136,-2.22184875,-1.7133523723516597,lgFu_test
118725727,-0.056505484,-0.3259884849527627,lgFu_test
118730351,-1.568636236,-0.9997119779200125,lgFu_test
118732694,-0.619788758,-0.5193442929398875,lgFu_test
118732708,-0.677780705,-0.5569115656581172,lgFu_test
118732711,-0.585026652,-0.484714519091025,lgFu_test
118732716,-0.585026652,-0.6273041295618454,lgFu_test
118737136,-1.22184875,-1.5840882329535835,lgFu_test
118737808,-2.698970004,-2.324328671731479,lgFu_test
135398513,-0.102372909,0.0732274843501195,lgFu_test
135398735,-0.764471553,-0.5375573782335193,lgFu_test
135398739,-0.022276395,0.09540848325170927,lgFu_test
135398740,-0.00656377,0.03390073925977954,lgFu_test
135398744,-1.373816243,-0.9409404990901442,lgFu_test
135398748,-0.045757491,-0.06197350759548969,lgFu_test
135400189,-1.301029996,-0.672879851977056,lgFu_test
135401907,-0.008773924,-0.10628038210526411,lgFu_test
135403648,-1.060480747,-1.0196265997458014,lgFu_test
135539077,-1.292429824,-1.8035132789104038,lgFu_test
136036546,-1.420216403,-1.7189659429526505,lgFu_test
136087045,-1.244125144,-1.1870741949476524,lgFu_test
136229139,-1.151810883,-1.425217880567347,lgFu_test
136234640,-1.408935393,-1.461109640731332,lgFu_test
136234642,-1.744727495,-1.5341104703554718,lgFu_test
146678787,-2.0,-2.0593611086393153,lgFu_test
146679644,-0.002568834,-0.222039811099102,lgFu_test
